Number of layers: 3
Layer sizes: 784 64 10 

Weights for layer 1:
-0.179785 -0.397137 0.132420 -0.015473 -0.113498 -0.535203 0.899594 -0.980956 -0.408551 -0.525132 0.841853 -0.768426 0.964660 0.936338 0.874996 0.399396 0.100986 0.283853 0.535508 0.390484 0.963927 -0.075045 0.707511 -0.767022 0.426740 -0.634083 -0.505905 -0.248390 -0.385601 -0.564135 0.795770 0.082003 -0.391034 -0.579333 0.157994 0.377300 0.580920 -0.080233 -0.548387 -0.981628 0.408002 -0.762200 0.947020 0.640553 -0.154027 0.124485 0.345622 -0.711478 0.311686 0.673757 -0.668935 -0.985900 -0.657521 0.196570 -0.797784 -0.773370 -0.206397 -0.121982 0.150609 -0.890011 -0.163366 -0.967284 -0.254738 0.419294 
-0.179113 0.770013 -0.813410 0.967895 -0.939268 -0.118381 0.893063 0.119236 0.611560 0.765313 -0.018891 0.594531 -0.904172 0.195166 -0.796258 -0.090426 -0.357036 0.752678 -0.092624 -0.247108 -0.995239 -0.269814 0.570971 0.617908 0.909238 -0.680044 -0.509751 0.001068 0.714896 0.900143 -0.831538 -0.520005 -0.571032 -0.768670 0.976684 0.981445 0.150731 -0.623707 -0.353862 -0.445601 -0.996521 0.153539 0.155675 0.959410 -0.382855 0.939879 0.574999 -0.613880 -0.775750 -0.367718 -0.571215 -0.386944 -0.568224 0.583056 -0.857784 0.920835 -0.269082 0.319193 0.130711 -0.928220 0.808100 -0.139317 -0.902890 -0.331156 
-0.281106 -0.552049 0.098849 -0.794610 -0.011933 0.492233 -0.054109 -0.880673 0.697562 0.561266 0.494552 -0.836726 -0.374859 0.212683 -0.602832 -0.595874 0.497482 -0.512864 -0.127415 -0.836543 -0.583117 0.874691 -0.942747 0.212195 0.528855 0.565661 -0.497909 0.531602 -0.012116 0.799799 -0.624500 -0.046785 0.288919 -0.874813 -0.063448 -0.009980 0.022553 -0.619861 -0.160375 -0.828120 -0.880123 0.209571 0.834162 0.196997 0.647816 -0.070040 0.420881 0.212256 -0.783135 -0.446089 0.028108 0.535508 -0.933836 0.787286 0.269570 -0.868892 -0.114597 0.811762 -0.152867 0.152501 -0.561632 0.665151 -0.339702 -0.137242 
-0.950499 -0.968688 0.685476 -0.752129 -0.983764 0.253517 -0.812922 0.632618 0.009491 0.382244 -0.176611 0.613697 -0.474715 0.070894 0.209082 0.621448 -0.550523 0.131932 -0.502487 -0.577074 -0.202002 0.565416 0.545396 0.879330 0.695791 0.872494 0.221046 -0.731132 -0.343852 0.466964 -0.579272 -0.510117 0.224036 0.996765 -0.646046 0.454085 -0.956114 -0.611744 -0.339213 0.984313 -0.582568 -0.574633 0.923826 0.529099 0.410627 0.676870 -0.862789 0.005219 -0.425275 0.583117 0.695364 -0.917844 0.343364 0.516282 -0.536851 -0.779168 0.167333 -0.374737 0.491440 0.777886 0.450301 -0.722037 -0.061373 -0.510666 
0.347942 -0.085360 -0.237159 0.646107 -0.507187 -0.877377 0.745537 0.272439 -0.292337 0.747795 0.409223 -0.378582 0.768975 -0.148167 -0.606677 0.299600 0.284341 -0.668447 0.848628 0.332072 0.745720 -0.990539 0.414167 0.482467 -0.179846 -0.989990 -0.661550 -0.861202 0.942320 0.233619 0.308084 -0.921628 0.269387 -0.259499 0.545457 0.424177 -0.937437 -0.142308 -0.261391 -0.895199 -0.443709 0.820551 -0.633900 -0.868526 -0.621815 -0.237587 0.977905 0.003204 0.582873 -0.135716 -0.003082 -0.446028 0.361003 0.477157 0.601917 -0.446699 -0.513230 0.029206 0.254860 0.373699 -0.433638 0.531419 -0.564013 0.036836 
-0.850887 -0.507614 -0.852535 -0.049165 -0.234535 0.056673 -0.249977 0.651967 -0.047823 -0.822626 -0.306681 -0.137608 0.328654 0.637623 -0.296121 0.177038 -0.212867 0.730583 0.992309 0.691702 -0.142308 -0.586108 -0.957518 -0.115024 -0.687796 0.747856 -0.454207 0.067049 0.069002 -0.568224 0.041475 0.706961 0.460311 -0.749077 -0.172704 0.951170 0.926206 0.245460 -0.297952 0.646718 0.196509 0.414594 0.102390 0.179907 -0.976806 0.768853 -0.803217 0.444624 -0.473495 -0.457808 -0.500717 -0.748466 -0.783319 0.376873 0.564684 -0.508347 -0.246010 0.293191 0.328959 -0.634205 -0.490768 0.257424 0.656362 -0.006500 
-0.011567 0.159215 -0.344279 0.712821 -0.818110 -0.987548 0.329630 -0.615467 -0.096835 0.190710 0.117222 0.012299 0.177160 0.510117 0.894711 0.992004 -0.257057 0.973510 -0.005097 0.302530 -0.268410 -0.014313 -0.190588 0.950072 -0.417951 0.855403 0.534532 0.979492 0.258827 0.393536 -0.375225 -0.636219 -0.168249 0.422712 0.516037 0.085849 0.482406 -0.991394 0.179968 -0.276711 0.998352 -0.773064 0.074129 0.850215 -0.181677 0.278054 0.047945 0.567736 0.690847 0.761223 -0.231239 0.475814 0.008209 0.922483 -0.769585 -0.600696 -0.121006 -0.313334 0.905148 -0.820063 0.001740 -0.712088 -0.896481 0.847652 
0.400922 -0.690481 -0.896054 -0.517136 0.089755 0.947264 -0.386944 -0.916623 -0.279214 -0.692923 -0.877865 -0.253090 -0.712943 0.551500 -0.280435 0.482772 0.937071 -0.295267 0.922971 -0.034639 -0.035005 -0.068148 -0.906308 0.541063 0.039827 -0.897824 0.995972 -0.198218 -0.265481 0.450911 -0.938108 -0.962706 0.419050 -0.849788 0.927915 0.879025 0.578845 -0.395795 0.801325 -0.552171 0.621876 -0.722709 -0.777276 -0.681936 -0.763787 -0.127903 0.785089 0.610706 -0.639027 -0.334086 0.371868 0.527451 0.833064 -0.178991 -0.522019 0.639515 -0.227943 0.479293 -0.825373 0.241920 -0.233680 -0.544908 -0.718436 -0.912473 
0.921751 -0.662099 0.308634 -0.188147 -0.163305 -0.182104 -0.270608 -0.638050 0.565294 -0.953795 -0.850337 -0.257973 -0.368938 0.843806 -0.067537 -0.612415 -0.845515 -0.431013 -0.157323 -0.519028 -0.844295 -0.540513 0.274331 0.521287 -0.904294 0.257912 0.621509 -0.540208 -0.281289 -0.064180 -0.643178 0.715690 -0.742851 0.328166 0.379437 -0.618580 -0.936888 0.489242 0.194861 -0.066378 0.727287 -0.414899 0.489547 0.759453 -0.250526 0.133030 -0.337809 -0.188086 -0.177892 -0.599170 -0.125034 -0.292703 0.788995 -0.220557 -0.813654 -0.424543 0.343303 -0.059542 -0.670949 -0.022492 0.525803 -0.409101 0.694327 0.201514 
-0.913938 -0.361064 -0.913877 0.250404 0.770318 0.581530 -0.192480 0.833369 0.596728 0.927671 -0.358867 -0.326579 0.181860 0.468917 0.287271 -0.555284 -0.819452 0.210730 -0.179357 -0.349773 0.901303 -0.224464 -0.269814 -0.246132 0.159825 0.091891 0.102634 -0.120640 0.434065 0.180517 0.513352 0.387249 0.381512 -0.149144 -0.813044 0.643849 0.783013 -0.879330 -0.010346 0.293985 -0.025239 0.169958 -0.183996 -0.650136 0.830927 0.642933 -0.066805 0.409650 -0.640736 0.110508 -0.155614 -0.683950 -0.026399 0.504929 -0.765618 -0.429426 -0.497116 0.339763 0.559740 0.812433 -0.997314 -0.472640 -0.154332 0.677786 
-0.570971 0.607105 0.252846 0.349406 0.238319 -0.804865 -0.023774 -0.889157 0.975280 -0.529283 -0.962035 0.216956 0.911985 -0.491012 0.537950 -0.607410 0.800287 0.274453 0.923215 0.273782 -0.200598 -0.912839 0.840205 0.102268 -0.357646 -0.626209 -0.869381 -0.013825 -0.896786 -0.483200 -0.464583 -0.959777 0.827021 0.613025 0.667043 0.717093 -0.413984 -0.044282 0.814570 0.642079 0.024445 0.051241 0.143529 0.265358 0.953001 -0.016266 -0.148045 -0.357891 0.257851 0.939451 0.846675 -0.345378 -0.515427 0.704398 -0.498947 0.988098 0.160924 0.946715 -0.941954 0.172521 0.919797 0.096530 0.239479 0.004608 
-0.514145 -0.363140 -0.374798 0.659597 0.588366 0.615772 -0.635487 0.807917 -0.138951 0.195166 0.781610 -0.951720 0.794183 -0.953978 -0.561693 0.969359 0.798883 -0.595264 0.216712 0.152501 -0.552355 0.601306 -0.016816 0.429670 0.953551 -0.126804 0.397076 -0.293985 -0.051119 -0.723136 0.426984 0.663076 0.628956 0.509079 -0.864193 0.651906 0.319987 0.451277 0.298502 0.091281 -0.463546 -0.751396 -0.586535 -0.318461 -0.411542 -0.262490 0.672475 -0.252297 -0.197241 0.032197 0.448103 0.023774 -0.580370 0.084933 0.865169 -0.808832 0.227638 0.030793 0.015412 0.483627 0.999634 -0.869564 0.379742 0.670400 
-0.208844 -0.877194 0.019582 0.734946 -0.831904 0.797315 0.101249 -0.464843 0.414573 -0.379953 -0.688169 0.836480 -0.199508 -0.837956 0.742363 0.913327 0.961486 0.246132 -0.231243 -0.912842 0.443254 0.515199 0.538126 0.600155 0.504214 0.359478 -0.406711 -0.035240 0.193663 -0.207388 0.192090 0.244577 0.822382 0.433637 -0.090055 0.499785 0.832104 -0.934677 -0.929740 0.754936 0.171869 0.781612 0.572153 0.774977 -0.790069 0.486314 0.648046 -0.032777 0.279342 0.533316 -0.784905 0.724173 0.876335 -0.646546 -0.794366 0.542635 0.618606 0.861690 -0.376733 -0.828682 0.963320 -0.538614 -0.229713 0.163290 
-0.119597 0.459517 -0.747853 -0.876405 0.325175 0.699381 -0.684714 -0.091935 0.795709 -0.734792 0.071543 -0.737238 0.903792 0.939187 -0.796136 0.962767 0.073214 0.443098 0.644856 -0.121492 0.384143 0.044234 0.883952 -0.523634 -0.295968 0.602283 -0.589207 0.687998 0.060645 0.396250 0.834512 -0.227501 -0.557422 0.281106 -0.694316 -0.689201 -0.029728 -0.745855 0.759418 -0.253884 0.590093 0.669773 -0.443040 -0.279339 -0.709511 -0.187809 -0.966970 0.536983 0.972840 0.587279 0.714165 -0.943359 -0.047681 0.217022 -0.598559 0.406207 -0.760478 -0.291230 -0.926919 0.661644 -0.465251 0.921202 0.915097 0.970893 
0.290872 0.041475 0.140139 -0.634938 -0.592761 0.290139 -0.864254 -0.451553 0.163793 -0.348552 -0.493133 -0.972638 0.079411 0.459334 0.576952 -0.144078 -0.080660 0.640187 0.907422 0.327382 -0.129612 -0.570504 0.399457 0.918813 0.959921 -0.628956 -0.459260 0.801534 0.771665 -0.580370 -0.642566 0.232643 -0.475388 0.946165 0.639576 -0.866365 -0.416486 -0.528661 -0.006193 -0.821711 0.448221 -0.067554 -0.707731 -0.307581 0.302031 0.297130 0.082981 0.685743 0.168012 -0.661367 -0.488388 -0.678030 -0.254592 -0.617022 -0.668508 -0.852718 0.981227 -0.158351 0.556131 0.380230 0.442553 0.340983 -0.681997 0.582888 
0.554552 -0.736808 0.499307 0.027863 0.762017 0.509201 0.691397 -0.943967 0.680288 0.296365 -0.948484 -0.232031 0.296659 0.804559 -0.384686 -0.668874 -0.715079 0.481979 -0.371074 -0.765556 0.496078 -0.176289 -0.536363 -0.204991 -0.313269 0.435469 0.674498 0.231596 0.549201 0.194861 -0.234046 -0.382855 -0.896298 0.323222 0.227821 -0.977357 0.517441 -0.820614 0.402346 0.164708 0.411237 0.589345 -0.253882 0.869501 -0.282681 -0.476911 -0.950743 0.666195 -0.849963 0.931944 -0.826106 0.821100 0.353128 0.558088 -0.125401 0.125889 -0.215978 -0.470137 -0.736376 0.752861 0.400128 -0.445845 -0.517014 -0.512227 
-0.792230 0.519272 -0.854060 0.655751 -0.262978 -0.679617 0.111057 0.049532 -0.495163 -0.279824 -0.850032 0.175329 -0.471053 0.056856 0.072970 0.126743 -0.044832 0.612903 0.873592 0.400616 0.860225 -0.544115 -0.544542 -0.033296 0.293069 0.564867 0.503769 -0.096591 0.616993 -0.946043 -0.936644 0.912900 -0.785089 -0.693106 -0.613025 -0.972839 0.620533 0.833125 0.614917 0.818598 0.137425 -0.340007 -0.150487 0.426191 0.009491 0.072298 0.186804 -0.288736 0.204566 0.511704 0.267434 -0.145482 0.873165 0.449324 0.909787 -0.293435 0.546312 0.042879 -0.612598 -0.794733 -0.866207 -0.607776 0.913938 -0.827876 
-0.214148 -0.795831 -0.103244 -0.200476 0.680105 -0.319193 0.523728 -0.857845 0.797662 -0.557543 -0.756401 -0.074740 0.749321 -0.701651 0.703787 -0.019074 0.715201 0.677602 -0.292398 0.626637 0.560472 -0.467147 0.753716 0.297098 0.188818 -0.471114 -0.280190 -0.256996 -0.802789 -0.671010 -0.746269 0.108005 -0.106418 -0.208350 0.433454 0.197913 0.740410 -0.110508 0.259926 0.253273 0.286843 -0.836177 -0.456282 0.538255 0.651051 -0.473434 0.749443 0.059114 0.616443 0.222449 0.358623 -0.276772 -0.596912 0.763787 -0.684194 -0.747490 -0.821894 -0.349712 0.118686 0.163427 -0.633778 -0.312784 0.114658 0.125095 
0.823786 -0.287515 -0.432051 -0.990051 0.938780 -0.452498 0.058321 -0.052828 -0.281228 -0.017243 -0.226173 -0.306558 -0.069796 0.611011 -0.738334 -0.368023 -0.649831 -0.679434 0.197485 -0.286782 0.194555 0.261574 0.737358 0.649525 -0.215735 0.097079 0.014130 0.676077 -0.487533 -0.648000 -0.659108 0.190832 0.174657 0.672109 0.683645 0.585742 0.724784 0.805719 -0.033723 0.581957 0.519761 0.120518 -0.229713 0.381573 0.114597 0.468123 0.991089 0.947996 0.670827 -0.791253 0.013764 0.727958 -0.959349 0.208472 0.971801 -0.872860 0.589770 -0.378338 -0.351115 -0.947081 0.820063 -0.728874 0.589221 -0.165075 
-0.143223 -0.561327 -0.023896 0.837886 0.860714 -0.122532 -0.156346 -0.922117 0.428449 0.860652 0.182104 -0.844234 0.044465 -0.923154 0.500595 0.818232 0.645253 0.186316 -0.590442 0.461226 -0.639943 0.849055 -0.214759 -0.112827 0.489547 0.038972 0.078036 0.628468 -0.214515 0.454939 -0.671255 -0.850337 0.093417 -0.157323 0.453841 -0.758660 -0.578784 -0.961364 -0.637135 0.918027 -0.503769 0.549425 0.470626 0.131870 -0.127293 0.478866 0.165624 0.616199 -0.347087 -0.384930 0.799432 0.169408 -0.116428 0.490463 0.756401 0.693716 0.691275 0.226417 -0.830683 0.299661 0.217933 -0.023896 0.841365 0.789850 
-0.579943 0.777337 -0.062410 0.833979 -0.206458 0.627735 0.008759 0.147618 0.086825 0.595569 0.909787 0.988098 -0.935362 0.778069 0.174352 0.277932 0.385662 -0.080599 -0.589648 0.671377 0.654714 -0.497665 -0.723685 -0.126621 0.714835 0.123997 -0.397076 0.525987 -0.761162 0.969909 0.221229 -0.027253 0.684927 0.198035 -0.939451 0.215613 0.677480 -0.954588 -0.921323 -0.625294 0.876522 -0.529771 0.585986 0.965026 0.398175 0.140904 0.527085 0.301981 -0.152196 0.586047 -0.718131 0.348430 -0.970641 0.316813 0.548692 0.315409 0.392804 0.734184 0.871578 -0.670644 -0.717582 0.634083 0.375103 0.478195 
-0.951353 -0.877132 -0.731315 -0.450972 0.085055 0.755303 -0.317484 -0.230384 0.854060 0.707144 -0.601794 0.865963 -0.036470 0.796442 -0.963134 -0.250649 -0.643605 0.164342 -0.733879 -0.855525 -0.323954 -0.571520 -0.410443 -0.528550 -0.129795 0.121799 -0.719718 0.294290 0.095248 0.228858 0.022248 0.648427 -0.015534 -0.367473 0.820246 0.559313 -0.658925 0.283059 0.742607 -0.934751 -0.679312 0.902402 0.057894 -0.943419 -0.836482 -0.963866 -0.670766 0.243629 0.540757 0.266152 -0.972350 0.565844 0.575793 -0.605518 -0.772454 -0.644398 -0.395489 -0.585620 -0.053133 0.567797 0.736381 -0.922971 -0.305643 -0.611805 
-0.722159 0.870052 0.786004 0.533982 -0.917234 0.217200 0.993774 -0.442915 -0.109775 -0.285257 0.088900 -0.534715 0.713675 -0.785882 0.842219 -0.029206 -0.657277 -0.434309 -0.956542 -0.318705 -0.978149 0.834529 0.103793 0.544603 0.365886 0.801874 0.801508 0.859310 -0.422651 0.563952 -0.264321 0.164892 -0.972961 -0.959166 -0.950804 0.323160 -0.740226 -0.791437 0.983459 0.103061 0.488937 -0.134556 -0.172277 -0.417402 0.641591 -0.253212 0.826106 -0.320597 0.016816 -0.200171 0.603137 -0.877682 -0.379620 0.430586 0.671865 0.177587 -0.763359 -0.463363 0.586718 -0.559252 0.302286 0.137181 0.302957 -0.991760 
-0.357280 -0.586840 0.305765 0.339457 -0.865596 -0.029450 -0.928587 0.123447 -0.644398 -0.861934 0.423261 0.461898 0.287698 -0.886837 0.344096 0.680532 -0.870174 -0.232093 -0.191382 -0.917356 0.289773 0.927427 -0.802118 -0.043855 -0.388043 -0.066317 0.857906 0.146702 -0.092196 -0.692984 -0.634571 0.510544 -0.152013 0.317484 0.063875 0.557970 -0.718741 -0.721000 -0.569872 -0.398724 -0.958556 0.378948 -0.163121 0.718741 0.304788 -0.145238 0.271523 0.847713 -0.438765 -0.668264 -0.425459 -0.681265 0.260903 -0.867916 -0.239479 0.144566 -0.800714 -0.629566 -0.017487 0.374065 0.702933 -0.353679 0.704886 -0.173498 
0.678457 -0.853145 0.644459 0.516282 -0.412397 -0.027680 0.044465 -0.918149 0.410260 -0.503403 0.842647 0.531480 0.658315 0.575610 -0.703543 0.616871 0.502853 -0.584399 -0.371990 -0.850642 0.077364 -0.085726 0.250832 -0.430647 0.018647 0.286905 -0.859127 -0.917661 0.309244 0.790338 -0.084567 0.673574 -0.517747 0.356975 -0.819330 -0.685537 -0.746879 0.951415 0.711722 -0.326762 0.638356 -0.537645 -0.973205 -0.359233 0.625965 -0.057833 -0.080599 0.986633 -0.540880 0.006378 0.508591 -0.544176 -0.405011 0.206030 0.372417 -0.380169 0.402631 0.185400 0.325663 0.793512 -0.339213 0.436689 0.403974 -0.668691 
-0.079806 -0.534288 -0.381512 -0.384747 0.790094 -0.820490 -0.958312 -0.954283 -0.785638 0.309854 0.788446 -0.650136 0.798151 0.683462 0.453291 -0.481979 0.246925 0.153294 -0.431867 0.682119 -0.017670 -0.997925 -0.358562 0.247597 0.996155 -0.369060 0.341960 -0.408063 -0.995727 0.345744 -0.610401 0.642262 -0.034761 -0.946287 0.716056 -0.356426 0.023041 -0.317301 0.456954 -0.567797 -0.060274 -0.864742 -0.661122 0.524461 -0.922361 -0.409040 -0.976379 0.334574 0.995605 -0.031770 0.971435 0.834468 -0.279702 -0.640553 -0.613453 -0.033235 0.756767 0.250954 0.807550 -0.875301 -0.101291 0.340251 -0.095859 0.010956 
-0.096957 0.764153 0.044221 -0.812922 0.089328 -0.450728 0.192114 -0.371807 0.928159 0.097385 0.702078 -0.407208 0.679922 -0.481307 -0.431562 0.122349 0.147130 0.625477 -0.304666 -0.518296 0.602405 0.397931 0.748772 -0.145970 0.954527 0.735405 0.152501 0.601367 -0.784295 0.305399 0.791864 -0.595141 0.331889 -0.697562 -0.013642 -0.404035 -0.561327 -0.069918 -0.705252 0.991577 0.605884 0.417280 -0.285501 0.545640 0.132664 -0.616871 -0.161840 0.129856 0.455916 0.361858 -0.470443 -0.244728 -0.265542 -0.700552 0.681753 -0.451521 -0.828120 0.836665 -0.380474 0.793695 -0.860714 0.188940 0.709403 -0.646352 
0.162267 0.436750 -0.261879 -0.217322 -0.166845 0.038545 0.624622 -0.557360 -0.288308 0.378643 0.024995 0.936155 -0.723807 0.163427 -0.604175 0.168065 0.988769 0.476730 -0.923948 0.348979 -0.464888 -0.691275 -0.048433 -0.748100 -0.696097 -0.630299 -0.736137 0.036287 -0.833979 0.001190 0.126011 0.949767 0.617481 0.997620 -0.692068 0.222449 0.347636 -0.849544 0.854122 -0.535569 -0.703177 -0.672231 0.095065 -0.119968 -0.736564 0.900937 -0.383160 0.610645 -0.874935 -0.668203 -0.250587 -0.480880 -0.264809 -0.267067 -0.863094 -0.271584 -0.441816 0.212073 -0.046846 0.226112 0.105136 -0.185095 -0.676504 -0.152196 
-0.767022 0.878109 -0.483383 0.952818 -0.630787 0.604358 0.468062 0.102329 0.725150 -0.326762 -0.801447 0.055635 0.559740 0.699637 -0.310648 0.393536 0.556871 0.351543 -0.223365 -0.915403 -0.621815 -0.058321 0.628834 0.304727 0.454634 0.303568 -0.632496 0.822565 0.078036 -0.234718 0.396100 0.265175 -0.142979 -0.966308 -0.002655 -0.426252 0.597644 -0.199072 -0.236122 0.964232 -0.327189 0.886410 -0.578051 -0.296487 0.942869 0.726127 0.613697 -0.984741 -0.711600 0.022614 0.197363 0.426862 0.820124 -0.632984 0.631031 0.869869 0.825800 -0.353374 -0.000275 0.847713 0.518967 0.050142 -0.749565 0.981628 
0.650319 -0.517441 -0.804010 -0.751946 -0.954955 0.203711 0.851375 0.220557 0.128697 -0.499252 -0.335795 0.627003 -0.496872 0.209387 -0.797113 0.536973 -0.363384 -0.105564 0.863582 0.489547 -0.270730 -0.496384 -0.840571 -0.124485 -0.183386 -0.693655 -0.845149 0.885983 0.174352 0.929685 -0.394147 -0.660634 0.085910 -0.694754 0.370891 0.700797 -0.963744 -0.661550 -0.347087 0.604175 0.394024 -0.887448 -0.363323 0.191748 0.643422 0.440901 0.082492 -0.417951 0.230995 0.578784 0.439802 -0.220923 -0.913205 -0.091281 0.042879 0.335917 0.884823 -0.590014 0.950682 -0.915708 -0.896664 0.726676 0.994140 -0.756706 
0.949461 0.644887 -0.407208 0.219459 0.208472 0.793695 -0.096530 -0.589526 -0.917539 0.380596 -0.136631 -0.673940 0.079073 0.774651 -0.309549 -0.663381 0.013276 -0.250038 0.403180 0.364422 -0.813959 0.201819 0.922361 -0.172277 -0.199805 -0.852351 0.317240 -0.847774 0.677541 -0.173620 0.759392 -0.839351 0.339091 0.706900 -0.254982 -0.345805 -0.488693 0.220191 -0.849727 0.497543 -0.879513 -0.974059 -0.319437 0.520615 0.837886 0.627247 0.277200 -0.450789 0.237953 0.144871 -0.956847 -0.123264 -0.366985 0.065035 -0.748589 0.490036 0.645497 0.771722 0.997375 0.361736 -0.418989 0.676565 0.058443 0.121250 
-0.334513 -0.240577 0.523362 0.417646 -0.793023 -0.668691 0.753288 0.285562 -0.253273 -0.167638 -0.762688 -0.171361 -0.739860 -0.522507 -0.094211 0.530869 0.471908 -0.437300 -0.538133 -0.489975 -0.653859 -0.756951 0.296365 -0.975463 -0.184484 -0.402997 -0.453902 -0.452803 -0.189673 -0.212622 -0.139500 -0.282632 0.651845 -0.867000 0.436079 -0.515183 0.870357 -0.096957 -0.115268 -0.242409 0.512497 0.646046 -0.504929 0.865841 0.998779 0.867183 0.451765 -0.844905 0.594470 0.865352 -0.426130 0.020539 0.556383 -0.457015 -0.864376 0.695425 0.017853 0.001129 -0.668752 -0.894345 0.674612 -0.268288 0.947325 0.103732 
-0.666372 -0.779229 0.804071 -0.606616 -0.611621 -0.226356 -0.470443 0.458962 -0.718557 0.375591 0.227638 0.810480 -0.980956 0.400067 -0.397015 0.857967 0.797662 -0.022919 0.106186 -0.272847 0.807245 0.834527 0.660451 -0.670675 0.272622 -0.576037 0.532945 0.996643 0.795404 -0.855220 -0.086947 -0.002335 0.059175 -0.521714 -0.239479 0.243446 0.960936 0.844111 0.485214 0.497665 0.230080 0.992309 0.021516 0.403241 -0.401166 -0.257302 0.860041 -0.362100 -0.414289 -0.115207 0.598315 0.511338 0.954588 -0.950317 -0.425642 -0.684683 -0.087798 0.367979 0.143772 0.741997 0.106784 0.724357 -0.835444 0.679008 
-0.510910 0.423566 0.251350 -0.302469 -0.899838 -0.922404 -0.638541 0.544006 -0.153037 -0.470318 0.274971 -0.052656 0.327676 0.624195 -0.464216 0.056139 -0.224342 0.637745 -0.597267 -0.183634 -0.832924 0.183197 0.393535 -0.394668 0.583697 0.398053 -0.031048 -0.573717 -0.144688 -0.769402 0.921086 -0.010058 0.596484 -0.362897 0.034761 0.980895 0.630908 0.500351 0.580676 -0.169042 0.933658 0.084262 -0.798639 -0.691519 0.110752 0.835994 0.755917 -0.763734 0.496898 -0.652272 -0.317118 0.649767 0.924268 0.291640 -0.553514 -0.286971 0.239259 0.141689 0.626267 -0.303493 0.600207 -0.513596 -0.786332 0.335053 
0.665576 -0.237892 -0.328772 0.881394 -0.309487 -0.869073 0.369841 0.122976 0.603798 -0.188375 -0.235285 -0.085232 -0.921892 0.232032 -0.541824 0.864200 -0.808832 0.189010 -0.500530 -0.431184 -0.974014 -0.513269 0.874071 -0.278845 -0.774334 -0.711295 -0.454838 -0.238051 0.213260 0.375853 -0.111534 0.682431 -0.701346 0.504134 0.575243 -0.252168 -0.272257 -0.671043 0.799982 -0.129131 0.286840 0.941612 -0.023954 0.757633 -0.991000 0.728933 0.393650 -0.709915 -0.381746 0.398783 -0.606061 0.732191 -0.453258 -0.049352 0.631162 0.249377 -0.063026 0.594757 0.970045 -0.553840 -0.123623 0.854364 0.550499 0.566352 
0.400400 0.631162 0.890319 -0.503678 -0.492520 -1.018113 -0.304337 -0.155870 -0.287666 0.742960 0.159984 0.388893 0.351629 0.305516 0.123998 -0.978462 -0.170631 0.275248 -0.643920 -0.204373 -0.044266 -0.040627 0.476741 0.534746 -0.453961 -0.134428 -0.046575 -0.064744 0.089104 -0.087699 0.818712 0.065472 0.201077 -0.026266 -0.301800 -0.404803 -0.902469 0.790907 0.772430 -0.269398 0.946100 -0.416318 0.286904 0.931336 -0.237050 -0.996476 -0.974404 -0.076699 0.228816 -0.817727 -0.702018 0.059928 0.948136 -0.226948 0.006992 0.291702 0.891056 -0.006862 0.367347 0.352336 0.659567 0.655483 -0.255119 -0.142949 
-0.798717 -0.574792 0.744060 -0.910819 -0.102042 0.692993 -0.526425 -0.628157 0.339197 0.843521 0.104053 0.041582 0.238314 0.925104 -0.715359 -0.733731 -0.523596 -0.459023 0.927838 0.316693 0.556053 -0.178526 0.592922 -0.106748 -0.241578 0.898243 0.890105 0.872445 0.706052 0.170183 0.712392 -0.875137 0.338584 0.936409 0.720266 0.577639 0.593730 -0.648315 -0.869824 -0.476549 0.568287 -0.969965 -0.924174 0.990685 0.844356 0.241878 0.908476 0.214603 0.608402 0.843156 -0.038532 0.947931 0.230407 0.468060 -0.547448 0.204867 -0.059841 -0.397666 -0.992313 -0.244156 0.676374 -0.270393 0.355282 -0.309210 
0.669986 -0.461646 -0.968404 0.209870 -0.790393 -0.964571 0.829144 -0.748048 0.639916 -0.363466 0.861106 0.552674 -0.487608 -0.824595 -0.301330 -0.670663 0.915239 -0.370025 -0.555512 -0.104989 0.511196 0.249755 -0.412915 0.694574 -0.443721 0.155914 -0.963325 0.474587 0.300823 0.484535 -0.418669 -0.149625 -0.253235 -0.710189 -0.042326 -0.250715 -0.943457 0.427728 -0.505287 0.362772 -0.182942 -0.699784 0.284490 -0.871935 -0.271294 0.026043 -0.705376 0.597165 0.042621 -0.474570 0.950730 0.685632 -0.532649 -0.267292 -0.152381 -0.651779 -0.877987 -0.302405 0.085054 0.224721 0.636693 -0.125682 0.801011 0.551867 
-0.707566 -0.638703 0.541321 0.425580 0.790837 -0.020164 -0.096865 -0.912852 -0.234144 -0.371643 0.820252 0.606829 0.172035 -0.860597 -0.883906 -0.044991 -0.067912 -0.810717 1.022862 0.331209 0.256744 -0.518731 0.851615 0.809366 -0.701954 0.392341 0.087010 -0.302815 0.079051 -0.803626 0.431824 -0.767738 -0.539491 -0.062250 0.727002 -0.849367 0.363355 0.511992 0.484939 0.361728 0.360425 -0.587862 0.854793 0.511924 0.892081 0.933413 0.473912 0.400321 0.826849 0.373857 0.831991 -0.428608 -0.236391 0.227030 -0.926559 0.086082 -0.724136 -0.442841 -0.202945 -0.849427 0.240688 -0.021044 0.566190 -0.024921 
0.616586 0.300878 -0.906205 0.274933 0.983539 0.541815 -0.230615 -0.502749 -0.130494 0.371413 -0.517209 -0.142079 -0.802725 -0.103443 0.301697 0.881330 -0.692915 -0.130696 0.679705 0.467538 -0.512487 0.717862 0.750726 -0.827860 0.436225 -0.636733 0.729186 0.446458 0.256534 -0.378193 -0.727646 -0.607164 -0.484843 0.764561 -0.655549 -0.180259 -0.623441 -0.932445 -0.285739 0.633649 0.809513 -0.595609 0.735591 -0.672398 -0.191811 0.557333 -0.272099 -0.309231 0.259041 -0.467145 -0.831983 0.857041 -0.776323 -0.301213 0.009373 -0.203295 0.290585 -0.566248 -0.694507 0.959554 0.151098 -0.137698 0.205704 0.356508 
-0.831143 0.743787 -0.398291 -0.684141 -0.855018 0.635510 0.558471 0.122318 0.141432 0.349613 -0.704145 -1.019466 0.569916 -0.471741 1.010901 0.845190 0.829183 0.305887 0.370547 0.079593 -1.088704 0.139816 0.671357 -0.529156 -0.807803 -0.055951 0.679424 -0.355861 0.076454 0.109385 -0.929160 1.107730 0.945680 0.649079 -0.873515 -0.177247 -0.235884 0.526947 -0.092443 -0.725345 0.909511 0.293038 0.854984 0.736780 0.952945 -0.527129 -0.925522 -0.205400 0.603715 0.146226 0.529164 -1.094441 0.912774 0.828548 0.520029 0.816567 -0.841294 0.602264 0.827117 -0.958549 0.320135 0.290239 -0.805459 -0.782524 
0.491684 0.079405 -0.203340 0.072973 -0.376829 -0.651176 -0.524849 -0.382003 0.700440 -0.902956 -0.300822 -0.296670 -0.703597 -0.879638 -0.040026 -0.404550 -0.698671 0.131345 -0.780673 -0.000706 0.050811 -0.949125 -0.999651 0.449010 0.966938 -0.173831 0.598382 -0.757656 -0.248510 -0.016549 -0.149981 0.226438 -0.212879 -0.463771 0.389722 0.212921 0.558650 0.344649 0.630269 -0.562440 -0.729740 0.027986 -0.861852 0.896160 -0.240388 -0.738902 -0.059862 0.810235 -0.868992 0.360509 0.490923 -0.877915 -0.994699 -0.510250 -0.504216 0.501937 -0.355102 -0.671296 -0.432304 -0.133266 -0.558866 -0.858176 0.043010 -0.899498 
-0.884650 0.704169 0.497834 0.156790 -0.251398 0.534585 0.614901 -0.445627 0.750262 -0.867790 -0.852450 0.691196 -0.644584 0.722014 0.930849 -0.143425 0.483331 0.002232 -0.696059 -0.015323 -0.483184 -0.391848 -0.886768 0.257181 0.265151 -0.224214 0.182263 0.223346 0.485504 -0.433524 0.615881 0.051913 -0.936645 0.284670 0.451127 -0.980055 -0.343490 -1.008215 0.473247 -0.780331 -0.435836 -0.319651 0.523104 -1.050869 0.744217 0.479682 0.567536 -0.062735 0.136071 -0.684567 -0.396323 -0.331860 0.546391 0.308140 0.889868 -0.748820 0.768747 0.735438 -0.279830 0.832018 -0.929523 -0.742775 0.259261 -0.529936 
0.577045 -0.013654 -0.452302 0.025294 -0.110950 -0.945493 -0.910221 0.463040 0.437091 -0.029970 -0.957858 -0.428016 -0.303539 -0.567056 0.684530 -0.630795 -0.831150 -0.427487 -0.160660 0.834371 0.749728 0.872049 -0.646151 -0.173438 0.751494 -0.415960 0.111759 0.428467 0.539626 0.199932 -0.664666 0.550805 0.815494 0.790721 -0.379213 -0.685052 -0.223797 -0.097036 -0.872435 -0.284052 0.439270 -0.616529 -1.001227 -0.760599 -0.628074 0.755573 0.268916 -0.132851 0.974597 -0.789657 -0.552028 -0.170131 -0.370695 0.768032 -0.518030 0.403866 0.522304 -0.636071 0.453486 0.423872 -0.190800 0.480739 0.347442 0.775921 
-0.587372 0.358156 -0.289623 -0.672022 -0.610159 -1.052039 -0.961067 0.054303 0.897302 0.123574 -0.161313 0.992488 0.244700 -0.537686 0.967162 0.861894 -0.856792 -0.509832 0.732643 0.396776 0.272157 -0.801287 -0.895103 0.883650 0.571088 -0.078833 0.087045 0.565607 -0.825118 0.222630 -0.974840 0.575753 0.057388 -0.074650 -0.793120 -0.808015 0.715788 -0.446530 -0.828402 -0.948837 -0.471165 0.100331 -0.460128 0.883400 0.119033 0.720381 -0.566640 -0.356850 -0.053926 -0.833143 0.576557 -0.054490 -0.669859 -0.411462 -0.968606 0.322522 -0.327438 0.559502 -0.114456 -0.012510 -0.318826 -0.307422 -0.189450 0.547292 
-0.842769 -0.725723 0.807409 0.531423 0.577957 -0.722380 -0.406111 0.849973 0.338885 -0.860503 -0.988993 0.669895 0.008118 -0.291433 0.533581 0.113778 -0.811581 -0.619326 1.001592 -0.601826 0.069295 -0.225414 0.831350 0.036095 -0.919967 0.671390 0.887824 -0.983823 0.474173 0.939129 -0.119855 0.199368 0.966425 -0.385866 -0.426229 -0.332467 -0.605520 -0.488794 0.251657 0.341016 -0.428142 -0.438532 -0.002904 -0.096325 0.417456 -0.202066 0.960646 -0.831913 0.047996 -0.837621 0.562782 -0.682210 -0.228799 0.839037 0.641784 0.397794 0.189710 0.266958 -0.656021 -0.045684 -0.708259 0.548102 -0.846108 -0.701572 
0.346139 -0.966635 -0.311626 -0.798835 0.816850 -0.118897 0.878775 0.573483 -0.105579 -0.488634 0.982799 -0.683794 -1.015849 0.313865 -0.864845 -0.177476 -0.904326 -0.105764 0.802307 -0.318303 0.544417 0.792775 -0.104641 -0.587835 0.782672 0.578122 0.104293 0.446785 -0.236537 0.705280 0.744104 0.380527 0.393062 0.752006 -0.004632 0.748215 -0.273476 0.068220 -0.991216 -0.304428 0.162596 -0.968265 -0.660560 -0.433660 0.790400 0.679667 -0.694829 -0.074141 -0.209319 0.486187 -0.029481 0.247720 0.069297 -0.924499 0.128410 0.950983 0.972297 -0.136696 0.958379 -0.217017 0.312221 0.000578 -0.119262 0.435199 
0.514454 -0.959312 0.187416 -0.107024 0.457926 -0.268578 0.031009 -0.143196 -0.297509 0.763205 -0.811657 0.581132 0.111864 0.376810 -0.479710 -0.265115 -0.351359 0.677914 -0.807359 0.055828 -0.756424 -0.540371 0.567527 -0.075692 -0.876035 -0.582548 0.426066 0.809839 -0.742003 0.851756 -0.459694 -0.847646 0.443066 -0.772331 0.790116 -0.470890 0.504492 0.724565 -0.933437 0.229334 -0.010430 0.616894 -0.484263 0.075793 0.707917 0.928400 -0.309104 0.165779 0.515063 -0.666252 0.365304 0.034651 0.295252 -0.166919 0.353279 -0.620203 -0.065138 -0.354878 -0.081761 -0.104230 -0.487770 -0.091727 0.493536 0.479220 
0.197434 -0.296489 -0.901951 0.219067 0.841200 0.816830 -0.834255 0.214849 0.957850 -0.570069 0.067116 -0.862782 -0.620684 -0.027223 -0.551761 0.593210 0.629023 0.375684 0.221937 0.228466 0.805635 0.029296 0.306500 -0.647201 0.409876 -0.055265 -0.424457 -0.955421 0.154240 -0.292739 -0.642454 -0.535410 0.146254 -0.065993 -0.721218 0.072522 -0.433856 -0.045043 -0.980127 0.055628 0.718529 -0.764559 -0.545200 0.577983 0.576931 -0.867687 0.344167 -0.914048 0.446430 0.792480 0.315441 0.982934 -0.432836 -0.033339 -0.804773 0.045688 -0.075316 0.859539 0.420693 -0.293269 0.646434 -0.963036 0.497272 0.940055 
0.929868 0.414568 0.244466 0.782002 0.320542 0.037762 -0.593702 0.316950 -0.233668 -0.979249 -0.933469 0.658831 -0.179686 0.173183 -0.306822 0.135227 0.821839 0.632912 1.013454 -0.859235 0.825298 -0.344081 -0.524331 0.603396 0.116397 -0.072770 0.237608 -0.932646 0.689047 0.604801 0.196212 -0.843917 -0.450994 0.766736 -0.219333 -0.654950 -0.202082 -0.787544 0.510219 0.287636 0.974826 0.924253 -0.859242 -0.717087 -0.026285 0.868025 0.551561 1.006336 0.868548 -0.993044 -0.602773 0.392116 -0.033775 -0.840472 -0.465970 0.299057 0.931254 -0.207048 -0.346616 -0.333595 0.494284 -0.749268 0.395786 0.294129 
-0.751766 -0.404196 0.437881 0.966767 0.242636 -0.596782 0.904237 -0.264583 -0.648123 0.051659 0.639452 -0.178188 -0.701719 -0.924216 -0.013616 -0.900862 0.020242 0.092925 -0.435886 0.646878 -0.099608 0.571057 -0.541462 -0.515563 0.654918 0.140476 0.096831 -0.207981 0.089035 -0.125642 -0.979630 -0.565043 -0.338084 0.618648 -0.388653 -0.522799 -0.995060 0.949998 0.333183 -0.961303 0.418234 0.681041 -0.530474 -0.656932 -0.674683 0.712386 0.630974 1.043896 0.042451 -0.876179 0.168234 0.561753 0.608458 0.090807 -0.752801 0.505009 -0.152822 -0.277659 -0.189402 -0.821034 0.609962 -0.593407 -0.306987 0.041007 
0.686148 0.608814 -0.509165 -0.765171 0.952306 -0.094090 0.777947 -0.898174 -0.143662 0.047166 0.207012 0.306505 0.845336 -0.243075 -0.920408 -0.776634 -0.998474 0.400554 0.920252 -0.521891 -0.365095 -0.043938 0.634118 0.795680 -0.581241 0.352336 -0.149329 -0.828119 0.571534 0.848913 -0.109104 0.233080 0.547044 -0.613612 -0.912839 -0.484781 0.075239 0.632434 -0.111789 -0.577868 -0.256216 0.528433 0.377077 0.927039 0.074543 0.250953 -0.274458 -0.640848 -0.726161 -0.715384 0.190757 0.792986 -0.389673 0.481422 -0.786065 0.026013 0.584161 0.909909 0.083818 0.669536 -0.220110 -0.701518 0.893001 0.653678 
-0.220801 -0.141881 0.220557 -0.591174 -0.202612 -0.569323 -0.843623 0.034822 0.435041 -0.478378 0.219398 0.795465 0.433576 0.298379 0.732414 -0.753838 -0.447005 0.200537 -0.782647 -0.700919 0.624928 0.031037 0.371868 0.541978 0.843928 -0.667592 -0.809442 0.124485 -0.640675 -0.139500 -0.206397 0.523240 -0.769219 -0.031465 -0.475509 -0.502182 0.809442 0.713919 -0.120090 -0.448836 0.606800 -0.499924 0.834346 -0.793817 0.715567 0.065767 0.121555 -0.588916 0.842586 0.634999 0.035493 -0.613453 0.018403 -0.960875 -0.686636 -0.773614 0.044588 0.624500 0.663503 -0.435163 -0.257973 -0.242714 -0.500534 -0.377361 
0.062593 0.739372 0.444746 -0.055269 -0.873592 0.945494 -0.831538 -0.858394 -0.752373 -0.003082 0.116550 0.947264 -0.989441 -0.217872 -0.301004 0.905637 0.459822 -0.862667 -0.502487 0.999329 0.465194 0.000641 -0.945311 -0.468917 0.325968 0.850276 0.807855 0.572985 0.675222 0.241066 0.729911 0.293130 -0.252358 0.251198 -0.760308 0.474776 0.073153 0.651296 -0.055330 0.539171 -0.341105 -0.391522 0.777459 0.384320 0.721671 -0.261086 -0.909787 -0.646779 0.034028 -0.680532 -0.731986 -0.356487 -0.053865 -0.527207 0.424360 -0.529771 0.145482 -0.862789 0.741264 0.295938 -0.782098 0.634449 0.016511 -0.560595 
0.071566 -0.352886 0.980102 0.375469 0.286782 0.419660 0.943175 0.039033 -0.545763 -0.006623 0.340983 -0.554491 0.563952 0.290139 -0.266762 0.940062 -0.492843 -0.144444 -0.175878 0.388165 -0.245216 0.075106 0.063509 -0.379620 0.273293 -0.324686 0.393963 -0.556871 -0.258278 0.322672 -0.296426 0.528855 -0.867489 -0.867367 -0.450789 0.496933 -0.282998 0.901486 0.711417 0.499252 0.560106 -0.127171 -0.856563 -0.378338 0.565355 -0.147618 0.878597 0.414594 -0.866390 0.482589 0.455306 -0.135411 0.497116 0.489853 0.425825 -0.879269 -0.208228 -0.282998 0.508591 0.286599 -0.069185 0.753594 -0.052156 -0.408856 
-0.658803 -0.024079 -0.357097 -0.748283 -0.374004 0.810236 -0.390790 -0.659780 -0.784967 -0.969543 0.333964 -0.033967 0.066195 0.904599 -0.410871 -0.912229 -0.519700 -0.000275 -0.736442 0.266579 0.091525 -0.538499 -0.222755 -0.326945 0.096042 -0.422834 0.640309 0.660756 0.781671 -0.562609 0.718619 -0.781304 -0.579272 0.507431 0.769524 0.615040 0.588549 0.921628 -0.191015 0.544847 -0.029511 0.312540 -0.126133 -0.905759 -0.280679 -0.011811 0.740532 0.833308 -0.573412 0.268899 -0.836421 -0.649464 -0.230995 -0.202734 0.196570 -0.458663 0.893612 0.633351 -0.843257 -0.037446 0.603381 -0.053133 -0.202490 0.566210 
0.406720 0.120273 -0.750359 0.124363 0.491806 0.074190 -0.704398 0.658559 -0.309915 -0.372234 0.537034 -0.815485 -0.509995 -0.292703 -0.979492 0.087130 0.164342 0.214331 -0.117649 0.435347 0.072970 0.366802 -0.425153 -0.447615 0.204382 -0.674612 -0.761773 -0.848445 -0.982482 -0.082736 0.778863 -0.649098 -0.352702 -0.729972 0.216895 0.879940 0.535508 -0.831355 -0.133580 0.789239 -0.449751 -0.052705 -0.090060 -0.022309 0.656240 0.728385 0.929868 -0.152257 -0.801996 -0.177099 -0.040620 0.402264 0.859493 0.102206 -0.384381 -0.904721 0.361064 -0.844234 0.877377 0.749687 0.958312 -0.953734 -0.930662 -0.147252 
0.803278 -0.525254 -0.383221 -0.455855 -0.768181 -0.831416 -0.868770 0.607227 -0.960387 -0.695242 0.391522 0.776910 -0.191870 -0.219581 0.781426 -0.323771 0.344462 0.143895 0.746818 -0.304910 -0.703177 -0.001923 -0.164892 0.121677 0.008515 0.689505 0.879330 0.841365 0.672170 -0.905759 -0.111728 0.913877 -0.152440 -0.685049 0.207801 0.342265 0.405560 -0.900266 0.512497 0.345561 -0.040437 0.796503 -0.806818 0.447859 0.848689 -0.345012 0.700613 -0.303812 -0.267006 -0.710868 0.409040 0.320353 -0.133885 -0.888424 -0.438154 -0.854244 0.104343 -0.446150 0.861690 -0.926389 -0.281838 -0.116123 0.267312 -0.060884 
-0.934141 0.433821 -0.439375 -0.938154 -0.806272 0.050508 -0.754997 0.799576 0.423811 0.581103 0.338907 -0.581286 0.993164 -0.793994 0.625538 0.593616 -0.194311 0.432966 -0.076700 -0.153234 0.360698 0.562365 -0.062956 -0.755791 -0.081454 0.438948 -0.745293 0.655934 0.968017 -0.699576 -0.949278 0.895767 -0.943541 -0.463179 0.058626 -0.946998 0.046230 -0.828241 0.376202 -0.672781 0.858651 -0.120273 0.665029 -0.319620 0.769341 -0.649953 0.306650 -0.383098 -0.683186 -0.187841 -0.921032 -0.594287 -0.113376 -0.467513 -0.085788 0.056170 -0.966329 -0.902951 -0.698844 0.360260 0.605701 -0.708304 0.895322 0.313578 
0.729911 0.397056 0.896661 -0.773328 0.725211 -0.325040 0.767072 -0.152475 0.002979 0.976119 -0.178948 0.786004 0.015026 -0.934008 -0.692134 0.577319 -0.666636 0.726085 0.479160 -0.308483 0.860102 -0.736411 0.257830 -0.216681 -0.655331 0.343689 -0.942141 0.521853 0.127842 -0.132115 0.271333 -0.715141 -0.690664 -0.169895 0.085849 0.062715 0.304962 0.841914 -0.913572 0.847507 0.907419 -0.784983 0.266763 -0.148697 -0.109105 -0.604419 -0.999088 -0.151874 -0.765522 -0.461114 -0.464453 0.958690 -0.981492 -0.928902 -0.448522 -0.810220 -0.940677 0.055024 -0.614115 -0.964783 0.343514 -0.898228 -0.542751 -0.534399 
0.330423 -0.254240 0.443128 -0.405801 -0.824212 0.002425 -0.179169 -0.637908 0.937323 -0.992960 -0.722680 -0.456890 0.853056 -0.557379 0.579793 0.366623 0.712374 -0.332189 0.476410 -0.974064 -0.602456 0.312428 0.176880 -0.397801 0.697835 -0.827744 -0.024821 -0.603816 -0.625723 -0.907278 0.550179 -0.920342 -0.358653 -0.911109 -0.394213 -0.576841 -0.974091 0.567191 -0.727959 -0.980408 -0.231027 -0.174043 0.939951 0.139974 0.685844 0.373632 -0.959533 -0.371312 -0.228738 -0.392474 0.345391 -0.718790 0.359802 0.436408 0.352308 0.909773 -0.908836 -0.302854 -0.689294 0.513625 0.652403 0.147110 -0.543144 0.907457 
-0.597524 -0.115821 0.016416 0.710231 0.887735 -0.009166 -0.459930 -0.030802 -0.614298 0.200520 0.149798 -0.602413 0.472446 -0.582313 -0.802967 -0.302678 0.728129 0.902654 0.990503 0.659940 -0.430735 0.923471 0.081584 -0.435769 -0.606321 0.694996 0.696577 -0.887983 0.936807 0.408116 -0.104411 0.244025 0.087375 -0.791059 0.934935 0.183960 -0.931325 -0.195654 0.562056 0.956968 0.095983 -0.274021 0.625880 0.711810 0.627239 -0.133707 -0.321934 -0.802134 0.212598 0.167269 -0.925297 -0.326864 0.004392 -0.667295 -0.803399 0.576187 -0.958125 0.293128 0.266516 -0.747852 0.260279 0.258320 -0.603428 -0.947841 
0.480831 -0.800584 0.426597 0.134786 -0.786456 -0.436503 0.054913 -0.740679 0.514173 -0.933245 0.825552 0.997232 0.794587 -0.926596 0.915610 -0.689300 -0.833473 -0.925010 0.120341 0.377159 -0.061075 -0.736537 -0.656635 -0.460987 -0.009570 -0.318600 0.857639 0.683760 0.054695 0.056566 -0.690365 -0.201365 -0.317158 -0.916571 -0.610462 0.408308 0.271229 -0.976988 -0.415148 0.772628 -0.438674 -0.078382 0.266718 0.751146 0.188267 0.455131 -0.830859 -0.117952 0.847654 0.362086 0.289661 0.428205 -0.967701 0.442769 -0.037323 0.545552 -0.131538 -0.885923 0.450901 0.675905 0.883054 0.267978 0.761941 -0.531624 
-0.976070 -0.901695 -0.526888 0.430603 0.504247 -0.395011 0.492860 -0.207076 0.491155 -0.870757 0.684890 0.010656 0.703400 -0.509492 0.484942 0.951189 0.812090 -0.172514 1.001964 -1.069551 0.029493 0.516104 0.334791 0.391299 -0.323525 -0.099246 -0.670754 0.021397 0.886474 -0.644698 0.802191 -0.293020 0.462733 0.587400 -0.713806 -0.868455 -0.526978 -0.322600 -0.023286 -0.420009 0.824420 0.471199 -0.186993 0.457303 0.832815 -0.285588 0.750480 -0.085542 0.954116 0.340398 -0.444634 0.849205 -0.430980 -0.523100 -0.472972 0.223475 -0.495964 0.479936 -0.969273 -0.735671 -0.762542 0.040266 0.018376 0.703715 
-0.273869 -0.031639 0.020303 -0.839040 0.082313 0.374658 0.963003 -0.661738 0.408049 0.910968 0.462355 -0.873613 0.601278 0.786549 -0.358510 -0.663944 -0.554094 -0.198709 -0.502901 0.260211 0.723222 -0.970014 0.429842 0.120936 0.788479 -0.017787 -0.356345 -0.098651 0.759509 0.665293 -0.550917 0.916051 -0.532843 0.572813 -0.061669 0.395408 0.548148 0.214835 0.365311 -0.507480 -0.466191 0.376546 0.187819 0.949644 -0.963095 0.299879 0.760226 0.285639 0.824705 -0.789430 -0.563957 -0.755111 0.736277 -0.784336 -0.220979 -0.076250 0.673801 -0.407241 0.220392 0.248889 -0.905431 0.353630 0.817156 0.018613 
-0.009798 -0.797488 -0.169193 0.817941 0.269537 0.556442 0.616432 0.436346 0.486817 -0.097509 -0.463973 0.047025 -0.762665 0.068247 -0.844167 0.149567 -0.172655 0.602057 0.746706 -0.831908 -0.529310 -0.110463 0.020390 -0.494648 0.957578 -0.185558 0.562524 0.284999 -0.116214 -0.616708 -0.878405 -0.608259 0.724429 -1.037407 -0.335151 -0.768212 0.425541 0.073434 0.378955 -0.376648 0.348922 -0.350279 -0.637787 0.431717 0.311537 -0.204475 0.394582 -0.528477 -0.287472 -0.867134 -0.501689 0.893428 0.535422 -0.635945 -0.384729 -1.024230 -0.537298 0.737169 -0.774960 0.212024 -0.818424 -0.914983 -0.456186 0.079640 
0.340970 -0.837112 -0.264124 0.978732 0.562058 0.104819 -0.383444 0.668706 -0.073507 0.634344 0.137955 -0.570691 0.365536 -0.717525 0.803940 0.260305 -0.192387 -1.004063 0.816179 -0.674776 0.736647 -0.719098 0.485523 0.263845 0.809414 0.439018 -0.336874 0.597494 -0.755290 -0.278739 0.830002 0.377043 -0.738596 -1.032338 -0.190808 -0.206239 0.914372 -0.314811 0.615051 0.085725 0.863777 -0.664304 0.277857 0.078623 -0.932124 0.481002 -0.042228 0.676553 -0.088917 -0.663071 0.305565 0.019827 0.108321 0.447915 0.817229 -0.180697 0.750468 -0.949314 0.098653 0.471908 -1.201708 1.029038 -0.324259 0.410685 
0.575938 -0.858159 -0.368571 0.315984 -0.797645 0.080603 -0.850018 0.640562 0.818348 0.639433 -0.212604 0.955646 -0.946703 -0.461031 -0.707668 -0.641570 0.144520 0.538764 0.826056 -0.727934 0.029872 0.606607 0.249279 1.283169 1.388559 -0.687923 -0.416475 0.224195 -0.699258 -0.840683 0.706941 -0.067235 -0.882378 0.109782 0.637998 -0.878395 0.599853 0.509990 0.739196 -0.003743 -0.162925 -0.672028 0.826581 0.054632 0.812156 0.157296 0.528926 0.061634 0.738405 -0.122957 -0.573405 0.086069 -0.276260 0.311929 0.349501 -0.182591 0.239654 1.038169 0.189479 -0.462165 -0.936525 0.062353 -0.093541 -0.694932 
-1.043588 -0.136496 0.198612 0.136906 -0.447463 0.361037 -0.872457 -0.096488 0.483539 0.535852 -1.328133 -0.704825 -0.748383 1.022100 0.456963 0.211571 0.577395 -0.183001 0.633060 -0.707628 0.641872 0.231251 0.661772 -0.246279 0.937631 -0.870192 0.088467 0.024839 -0.772644 -0.063697 -0.582333 0.481910 -0.679316 -0.731097 -0.533876 1.069142 -0.533844 -0.904589 -0.532088 -0.321225 -1.184227 0.863774 -0.044014 -0.410508 0.000641 -0.393991 0.427881 0.638747 0.503210 -0.046780 -0.518080 -0.594164 0.239328 -0.163812 0.238145 -0.711916 1.209800 -0.150665 -0.214872 0.908679 0.042456 0.940475 -0.408645 0.412989 
-0.925486 0.704698 -0.498452 1.321665 0.031765 0.049553 0.773564 -0.673373 0.936588 -0.296351 -1.067537 0.116846 0.072209 0.718035 -1.030749 0.472354 -0.063748 0.614971 -0.733893 0.197055 -0.474367 0.917109 0.015104 -0.887461 0.686320 0.062628 0.306709 0.290536 -0.729893 -0.611356 -0.610511 0.584222 -0.245187 0.450541 0.625278 0.697832 0.746536 0.783912 0.174764 -0.031799 0.656235 -0.091025 -0.320898 1.056485 0.112787 0.234785 0.767500 0.697447 0.085759 -0.416179 -0.063746 -0.689535 -0.205068 0.328128 1.169043 -0.323423 1.574930 -0.266051 -0.065495 0.510836 0.257100 -0.635829 -0.749870 0.158752 
-0.507617 -0.334273 0.038154 1.019604 -0.267650 -0.870776 0.223800 0.424792 -0.835366 0.681727 0.575487 0.047087 -0.390093 0.611465 0.590526 0.901377 0.009551 -0.455068 -0.495624 -0.463023 -0.630084 0.448939 -0.322278 -0.494137 0.157807 0.362299 -0.517424 0.011725 0.745114 -0.106820 -0.275122 0.364410 -0.413260 0.503610 -0.588732 0.451889 -0.244256 0.223272 -0.172071 0.685051 -1.101226 -0.689597 0.834358 1.236306 -0.242938 0.411559 0.077903 0.329353 0.654067 0.037139 -0.614936 -0.135833 -0.426708 -1.264973 0.901517 -0.938602 1.802492 0.016103 0.812742 0.703301 -0.830587 0.627995 0.340209 -0.052649 
-0.227938 0.366853 -0.292255 -0.246397 -0.858931 0.409037 1.005558 -0.419548 -0.283738 -0.919220 0.752123 0.966541 0.560111 -0.366892 0.198459 -0.731604 -0.435548 0.156592 -0.080037 0.218701 -0.568879 -1.163890 0.217392 0.347883 -0.271615 0.448814 0.377514 1.195649 -0.509147 0.883368 -0.135454 1.066908 -1.216261 -0.568125 -0.024278 1.137782 -0.551215 0.898999 -0.073915 -0.693570 0.448351 -0.873877 -0.731398 0.265885 0.228585 -0.102253 -0.319388 0.942586 -1.083396 -0.600433 -0.474097 0.487180 -0.240114 -1.009570 0.447684 -0.783570 -0.275202 -1.492100 -0.135204 -0.643002 -0.624195 0.190257 -0.609088 0.449306 
0.343620 -0.780856 -0.647265 -0.635171 -0.192237 -0.162980 0.742973 0.555234 -0.627970 -0.704691 0.213007 -0.714407 -0.923997 -1.097094 -0.603578 0.260731 0.424183 -0.946368 0.498984 0.019896 -1.207842 0.232587 0.917624 0.443380 -0.059978 0.383873 0.447189 0.106237 -0.799136 0.374209 -0.681987 0.625497 -1.037258 0.016235 0.127830 0.735675 -0.227542 0.840190 0.802999 0.127749 0.677797 0.498622 0.258757 -0.411557 0.010240 -0.374165 -0.065271 -0.080852 -0.729712 -1.048108 0.858063 -0.424440 -0.813993 -0.517517 -0.228390 0.269630 0.703754 -0.403735 0.613360 -0.184781 -1.098173 1.038506 -0.062693 -0.662463 
0.857707 -0.359442 -1.050088 0.429645 -0.259327 0.596716 0.256804 0.027602 0.460891 0.850922 0.527967 0.563936 0.169739 0.590206 0.927147 -0.262878 -0.647021 0.175675 0.269720 -0.526379 -0.755118 -0.439181 0.183184 -0.551249 0.255275 0.189195 -1.127890 0.745049 -0.164049 -0.210177 -0.253032 1.522799 -0.087859 0.196306 0.116401 0.289672 -0.536774 -0.090267 0.176635 0.116222 -0.012560 -0.550408 -0.410829 -0.830028 0.510285 0.734368 -0.308487 -0.584543 0.992529 0.723670 0.816275 0.251684 0.102173 -0.124637 -0.432610 -0.275894 0.578298 0.730764 0.688429 0.660750 0.253870 0.742994 0.584785 0.826657 
-0.170207 -0.066495 -0.859288 0.164868 0.472358 0.278973 0.228495 -0.517011 0.226590 0.443645 0.107772 -0.285704 -0.566540 0.784629 0.617995 0.378203 0.132336 0.225047 -0.616727 -1.412314 -0.982561 -0.802818 -0.766413 1.170249 -0.175469 0.883006 -0.905868 0.332167 0.642661 -0.441615 0.211195 0.512384 0.241743 -1.034869 0.839450 -0.202844 0.594869 0.344873 0.859061 -0.689291 0.239795 0.955283 0.094728 0.626941 0.197035 -0.341224 1.097979 0.890872 -0.055863 -0.171726 -0.043406 0.912819 -0.288736 -1.103231 -0.180055 -0.139536 0.273050 -0.516637 0.488650 -0.725931 -0.679965 0.259569 0.593458 0.012290 
0.712144 -0.479090 -0.079098 -0.376064 0.378339 -0.118484 -0.134146 -0.474611 0.688188 -0.626876 0.291179 0.526089 0.199958 0.902962 -0.785948 -0.153410 -0.451358 -0.179373 -1.120309 0.290825 -0.146147 0.380711 0.538541 -0.330125 -0.749833 -0.178387 -0.150163 0.935099 -0.268657 -0.959108 0.729542 -0.149412 0.144471 0.090883 0.671356 0.566408 0.075190 -0.132775 0.478429 0.852001 0.680755 -1.019278 -0.318637 -0.167454 0.743142 0.232130 -0.517582 0.356741 -0.363119 0.438041 0.004561 0.856601 -0.072625 0.535256 -0.317397 0.080353 -0.480125 -0.291088 1.097466 0.063657 -1.180268 -0.269999 0.623527 -0.023531 
0.023787 0.824316 -0.225802 0.055214 0.704469 -0.406183 0.929151 -0.031207 1.124047 0.199815 -0.580251 -0.271152 0.288044 0.792233 0.477739 0.878389 -0.673188 0.706208 -0.845100 0.385654 0.367925 -0.818768 -0.471871 -0.701768 1.125171 0.006764 0.735203 -0.648308 0.759411 0.490103 0.650678 0.118864 0.462073 0.521311 -0.897575 0.472072 -0.322522 0.604537 -0.039446 0.862923 0.438216 0.651589 -0.400307 -0.260654 0.631878 -0.334835 -0.627302 -0.752503 -1.056997 -0.307097 -0.500739 0.376872 -0.072947 -0.672516 0.762159 0.578260 -0.658317 0.954362 0.300845 0.495999 -1.269427 -0.276698 0.173620 -0.051127 
-0.615090 -0.746618 0.797841 0.067656 -0.059369 0.250629 0.821216 -0.713143 -0.419006 0.577683 -0.973739 0.746809 0.782294 -0.509327 -0.822108 -0.710450 0.301828 0.304675 0.913860 -0.317884 0.004351 0.798183 0.597385 0.938405 0.915461 -0.715649 0.480630 -0.602916 -0.411229 -0.674177 -0.431664 -0.326579 -0.497912 0.074346 0.407969 0.517157 0.013180 0.210801 0.389759 0.448968 0.120063 -0.088892 -0.456672 0.809149 -0.783357 0.656381 0.050392 -0.203102 0.757093 -0.244781 -0.021041 0.791793 -0.233420 -1.070440 -0.168695 0.849913 -0.274050 -0.526079 -0.289646 -1.018267 -0.510398 0.051195 -0.277936 0.552860 
-0.647700 -0.844581 -0.228603 -0.634579 -0.613314 -0.201124 -0.432223 -0.826560 -0.855688 -1.015528 -0.478520 0.286865 -0.398164 -0.893591 -0.979249 -0.193763 0.214661 -0.763358 0.286859 -0.117953 -0.601253 -0.515958 -0.813107 0.441267 -0.913789 0.390162 0.748380 0.096837 -0.536807 -0.155502 0.518231 -0.463916 0.228637 -0.309342 -0.064972 0.742666 -1.003050 -0.912584 0.737727 -0.273176 -0.603068 -0.223644 0.499885 0.193419 -1.066519 -0.054027 -0.236952 -0.691363 -0.695725 -0.230538 0.002377 0.392103 0.540785 0.095331 0.806596 -0.745652 -0.528581 0.522893 -0.556643 0.931526 -1.212063 -0.460197 0.771543 -0.728908 
-0.572279 -0.066817 0.457453 0.061476 -0.661982 -0.654754 0.217957 0.209308 0.152180 0.881134 0.383727 0.111330 -0.312619 0.835600 0.769272 0.156891 -0.054470 -0.982453 0.323346 0.112009 0.181442 0.512446 -0.475347 0.540836 0.970786 -1.002325 0.242774 -0.765808 0.667346 -0.605911 -0.345317 -0.420947 0.722339 -0.734412 -0.090417 0.299546 -0.299533 0.667616 0.518950 -0.190427 1.003463 0.280884 0.376732 0.028101 -0.614505 -0.765543 -0.345147 -0.284610 -0.158559 -0.127296 -0.857180 0.508424 0.437191 0.521717 0.662454 -0.848971 0.502413 0.379772 0.650749 0.804413 -0.576509 0.108708 -0.167753 0.488310 
0.140902 0.017243 -0.360880 0.008594 -0.856247 0.684281 -0.969732 -0.054303 -0.213281 0.797593 0.071317 0.854357 -0.958389 0.764799 0.185117 -0.925000 -0.755077 0.280541 -0.836336 -0.385978 0.985639 -0.067254 -1.002188 -0.796454 0.961708 -0.076457 0.706498 -0.060040 0.395686 0.251389 -0.042294 0.794859 0.019393 -0.297248 -0.266278 -0.672461 -0.295511 -0.537357 0.316982 0.808277 0.688170 0.455957 0.170084 -0.528867 0.929710 -0.909770 -0.112786 0.465675 0.647091 -0.787263 -0.040739 -0.622780 0.501786 0.883027 -0.689186 0.906065 -0.279665 0.303842 -0.470421 0.000980 -0.948385 0.558690 0.408716 -0.273588 
-0.971496 0.792591 -0.821277 -0.209485 -0.834773 0.829828 -0.883175 -0.984246 0.168872 0.249582 -0.011142 0.162074 0.620816 -0.062350 0.024079 0.305215 0.886517 0.729118 -0.141442 -0.708075 -0.690676 -0.848434 0.040819 -0.696825 0.473335 0.956008 0.833616 0.124524 0.886858 -0.228676 -0.585307 -0.842694 0.134919 0.884457 -0.297146 0.751486 0.047655 0.918755 -0.214876 -0.162328 -0.946606 0.309039 -0.198681 0.758019 -0.954312 -0.899851 -0.223963 -0.196324 -0.938590 -0.065403 0.022957 0.327860 0.796236 0.951895 -0.419412 -0.134282 -0.897799 0.576464 -0.734079 0.944062 0.364154 0.720751 -0.994995 -0.510788 
0.626026 0.622120 -0.110202 0.892209 0.749138 -0.254677 0.578173 -0.952269 0.436689 -0.229530 0.586535 0.728202 0.408185 0.431013 0.039949 0.582263 0.643910 -0.994140 0.442366 -0.923887 -0.187231 0.285806 0.027985 0.687796 -0.061068 0.824519 0.257729 0.668081 -0.631397 0.287515 -0.977294 -0.319620 0.100436 -0.288858 -0.882809 0.632496 0.541490 -0.515549 -0.456709 -0.988891 -0.248207 0.865719 0.210425 -0.966063 0.239540 -0.152806 -0.407880 0.930052 -0.630726 -0.820307 -0.098239 -0.338359 0.446516 -0.630116 -0.649281 0.400311 -0.460189 0.462813 0.051119 -0.931211 -0.895627 -0.578051 -0.874996 -0.737541 
0.468612 0.919614 -0.415937 -0.138340 0.246254 0.349651 0.540330 0.648244 0.737236 0.875912 -0.687918 0.238380 -0.621143 -0.672475 0.986877 -0.355571 -0.688955 0.755425 0.003143 -0.221778 0.116001 0.460189 -0.684866 0.207678 0.797601 -0.693655 -0.298502 -0.519211 0.060579 -0.866451 0.781121 0.327738 -0.046236 0.078036 0.298624 0.054720 -0.061861 0.616871 -0.758354 -0.558092 -0.555895 0.147191 -0.646962 0.457137 -0.020844 0.913633 0.599719 0.099155 0.848506 -0.905210 -0.838984 0.682241 -0.447920 -0.136204 -0.500351 -0.125950 0.919675 0.232643 -0.923521 0.800897 0.046236 0.495102 -0.727287 -0.469100 
-0.908567 0.079562 -0.918394 0.249367 -0.995727 0.624317 -0.867855 -0.562365 0.236366 0.088351 0.607166 -0.631581 -0.494430 0.709403 0.618641 0.230140 0.673513 0.622303 0.602527 -0.807550 0.798334 -0.049593 -0.704520 -0.273843 -0.573901 -0.818537 0.856319 -0.511399 0.182897 0.641713 -0.305887 0.089328 0.729850 0.879696 0.566515 -0.954405 0.144566 0.773064 -0.490829 -0.756706 -0.209815 -0.829524 0.160863 0.213050 0.736015 0.881344 -0.955870 0.535936 -0.209571 0.824580 0.367168 -0.309610 -0.789422 -0.847957 -0.093783 0.653066 0.149510 -0.844600 0.533616 -0.434065 0.904721 0.771233 0.952025 -0.217322 
0.029633 -0.503586 0.198950 0.606128 -0.629017 -0.473678 -0.517380 0.029328 -0.905637 0.927427 -0.087008 -0.205847 -0.239174 -0.341594 -0.310770 0.077548 -0.483688 0.251015 -0.693045 0.119724 -0.542650 -0.036531 0.347942 0.106418 -0.765191 0.219337 0.413495 0.617359 -0.041780 0.143834 -0.234352 0.953490 0.463973 0.010468 0.237281 0.655873 0.008393 -0.589953 -0.025178 -0.471419 -0.549791 -0.044771 0.575182 0.477584 -0.017182 -0.667776 0.179357 0.478561 -0.519578 0.513413 -0.913511 -0.013153 -0.480331 0.941710 -0.550707 0.100436 -0.860469 -0.499313 -0.386212 -0.210242 0.402570 0.082369 0.666738 0.506272 
-0.181616 -0.435163 -0.247149 0.482624 0.693952 -0.987347 -0.275229 0.036504 0.471422 -0.087382 -0.328901 0.193507 0.117406 0.253022 -0.047517 -0.075045 -0.375288 0.286116 0.182883 0.364120 0.710845 0.706413 -0.148581 -0.810719 0.632375 -0.803810 0.064547 -0.207398 0.605050 -0.027811 -0.025369 -0.091416 0.197812 0.392843 0.635264 0.936517 -0.622741 0.985048 -0.730028 0.411115 0.083583 -0.479235 -0.468717 0.409848 0.192297 0.848399 0.240924 -0.838242 0.197903 -0.694082 -0.114444 -0.127537 -0.423017 -0.060245 0.033029 0.580100 0.800126 0.520358 0.513635 0.898044 0.262472 -0.739421 -0.079134 -0.810297 
-0.007172 -0.306181 -0.449125 0.429362 -0.679252 0.032449 0.984427 0.069134 0.529298 0.563318 -0.676100 0.236310 -0.459792 -0.418831 0.164870 -0.488866 -0.215874 0.371726 0.300876 0.718109 0.084218 -0.632701 0.174786 -0.099451 -0.966002 -0.136074 0.504381 0.957962 0.357490 -0.540824 0.407967 0.946768 -0.051783 -0.155463 0.055073 0.938016 -0.904757 0.959329 -0.983449 -0.996144 0.354128 -0.127028 0.986649 0.231477 0.838570 -0.987897 0.531451 0.837725 -0.757367 -0.646504 0.330050 0.646615 -0.520158 -0.149322 0.466864 -0.549940 -0.957461 0.536019 0.406993 -0.683944 -0.788943 0.142165 -0.781074 0.326090 
-0.911926 0.209186 0.427630 0.076067 0.599473 0.561783 -0.595548 -0.250534 0.424632 -0.600733 -0.692335 0.596228 0.022070 -0.329372 0.025326 -0.420335 -0.220974 -0.846484 -0.286211 0.981533 0.256529 0.181352 0.668374 0.053388 0.851050 -1.000190 -0.683247 1.017385 0.463925 0.896396 -0.009145 -0.923176 0.805533 -0.678560 -0.168866 0.744107 -0.995466 -0.153543 -0.151225 -0.583844 -0.080837 -0.033584 -0.113391 -0.919051 0.389976 0.386560 -0.729012 0.799189 0.888429 -0.244228 0.988158 0.612737 0.326539 -0.613376 0.688159 -0.935336 0.773690 0.820987 -0.476077 0.465306 0.960466 -0.442580 0.059461 -0.589157 
0.640501 0.604311 0.277054 -0.201865 0.876976 -0.472599 0.072191 -0.326738 0.318582 -0.068312 -0.944934 0.968183 0.508002 -0.269080 0.392593 -0.129368 0.389902 0.398001 -0.455724 -0.028092 0.817355 0.384755 -0.130071 0.554617 -0.473598 0.382794 -0.752942 -0.121355 -0.828730 -0.380068 0.778931 0.225086 0.718550 0.667334 0.276886 -0.655418 0.016876 0.948093 -0.595344 0.769916 -0.562306 0.030830 0.146317 -0.839234 0.307561 0.578699 -0.267693 -0.895804 0.406405 0.710202 -0.579641 -0.930874 0.200116 0.232886 -0.474225 0.786314 -0.013975 -0.502009 1.012888 0.799326 0.193427 -0.655797 0.947584 0.951982 
-0.819150 -0.760167 -0.272821 -0.773367 -0.512761 0.797989 -0.885738 -0.586341 -0.608030 0.661623 -1.113808 0.016085 -1.091044 -0.257240 -1.008258 -0.899603 -0.594200 0.494934 -0.128919 -0.535818 0.277486 0.082581 1.004238 -0.703451 -0.316075 0.778563 0.090102 0.531468 -0.379149 0.118468 -0.211436 -0.582066 0.729205 0.756501 0.708814 0.789882 -0.134002 0.879363 0.285876 -0.820115 0.571691 0.955500 0.700204 -0.335941 -0.899394 0.177389 0.163004 -0.663284 0.083284 -0.655391 0.191501 0.238851 0.180029 -1.010788 0.940079 -0.977597 -0.257389 -0.006101 -0.907664 -0.291274 0.795123 0.312799 -0.720441 0.430327 
0.191793 -0.585360 0.708790 1.002633 0.726022 -0.728770 -0.325126 -0.389731 -0.210319 -0.943528 0.437009 -0.648477 0.166079 0.766879 0.499802 -0.960914 -0.445004 -0.794977 -0.175428 0.206494 0.305895 0.353539 0.504552 0.857871 0.155650 -0.058107 0.817544 0.819601 0.067448 -0.662217 0.843954 0.535582 0.956260 -0.259965 -0.571274 0.229728 -0.585265 0.962716 0.143685 -0.231356 0.009692 0.601708 -0.394071 0.698262 0.221851 0.707397 -0.195321 -0.722839 -0.814539 -0.224665 0.916529 -0.413477 0.380828 -0.128205 -0.237286 -0.927932 -0.523241 0.561378 0.905817 -0.343209 -0.661581 0.266416 -0.145278 0.308746 
0.306102 -0.398169 0.060524 0.669582 0.094791 -0.768960 -0.150534 0.051237 0.477780 -0.136788 0.061427 -0.217457 0.553691 -1.230745 0.655436 0.437310 0.742810 -0.908612 1.322546 0.081255 -0.503103 -0.308413 -0.308947 -0.430592 -0.347087 0.423863 0.757751 -0.557998 -0.361325 -0.029428 -0.847360 0.586986 0.388646 0.019178 -0.244192 -0.526975 0.717429 -0.264861 -0.327617 0.617467 -0.634278 0.262074 -0.266163 -0.409829 0.326054 0.913656 0.872239 0.573362 0.064766 -0.822339 0.268489 -0.631976 -0.477986 1.281824 -0.123150 -0.691419 0.308939 0.705325 0.674046 0.282358 -0.302012 0.118901 0.011408 -0.006156 
-0.984496 -0.703952 -0.534339 0.628825 -0.063932 -0.466470 -1.160421 -0.814639 -0.261722 0.345713 -0.893706 1.057492 -1.089444 -0.704187 0.064230 0.864715 -0.172874 -0.182584 1.409078 0.107747 -0.697576 -0.554456 0.885592 0.340456 -0.128777 0.129988 0.604832 -1.544855 0.713016 -0.580089 0.777520 0.048856 -0.962494 -0.197472 0.019750 -0.185576 0.701611 0.617114 0.454226 0.834168 -0.868284 0.161471 0.839062 0.233662 0.633147 0.358764 0.777082 1.519802 0.044210 -0.215131 -0.807100 0.689225 -1.519552 0.244636 0.284137 -0.905714 0.363080 0.229525 -0.389377 -0.418738 0.147595 -0.393223 -0.115485 0.245243 
0.716904 0.905447 0.007100 0.546409 -0.508975 -0.068703 -1.326498 0.547100 -1.311920 -0.827177 0.569008 -0.468585 -0.746112 0.089341 -1.096137 -0.773210 0.408570 0.116090 -0.616541 0.273660 0.809750 -0.659341 -0.309725 0.450916 0.878308 0.094991 -0.291171 -0.795704 0.246221 -0.037078 0.473307 -0.800154 -0.084556 0.071911 -0.554274 -0.509664 1.020777 0.140657 0.996850 0.595301 -0.751349 0.700875 -0.002063 -0.080694 -0.729567 -0.640940 -0.259859 0.503045 -0.970070 0.425010 -1.015280 -0.021381 0.241730 0.267280 0.582459 -1.145554 0.443098 0.234720 -0.159977 1.093203 1.019525 -0.532568 -0.505982 0.137415 
-0.725578 -0.598099 -0.805739 1.188042 0.968896 -0.192417 -1.187628 0.863757 -0.429481 -0.254492 -1.016513 1.149006 0.286819 0.635084 -0.129461 -0.837521 -0.849648 -0.196545 -0.025228 -0.062982 -0.611598 -1.041212 0.330964 1.374824 -0.038605 -0.296895 -1.018466 -0.943585 0.780313 0.814792 0.068938 0.044200 -1.013385 -1.714128 0.222412 1.180073 0.032488 -0.450879 1.112586 1.213620 0.171418 0.176219 -0.580733 1.133656 0.754197 -0.473264 1.016657 0.412024 -1.282347 -0.363062 -1.002909 0.580589 0.515169 1.096908 -0.346055 -0.051719 -0.021035 -0.162174 0.456819 1.150377 0.408741 0.065107 -0.682494 0.177435 
-0.999890 -0.446834 0.092350 -0.055909 0.492561 -1.310098 -1.225331 -0.303060 -2.113096 -1.162391 -0.720037 0.211421 -0.228464 0.156667 -1.218432 -0.204870 -0.132681 -0.905162 -0.074000 0.339911 -0.289593 0.854553 0.011465 -1.024265 -0.238169 -1.437702 0.380686 -0.854820 -0.786114 -0.284807 -1.809500 0.661062 -0.567859 -1.538072 0.300777 0.483370 -0.137485 -0.654374 -0.546072 0.430164 -0.060117 -0.334290 -0.257941 0.810082 0.872363 -0.231877 0.353044 0.625693 -0.636394 0.483827 -0.232797 -1.463964 0.239339 0.960549 -0.009185 -1.081195 0.222365 -0.128761 0.099614 -0.564290 0.586402 -0.113625 0.767091 0.272167 
-0.567581 -0.872027 0.299199 0.987909 1.807773 -0.244529 0.331317 -0.330274 0.247555 -0.266426 -0.169044 0.987680 -0.781525 0.392153 0.013963 0.545681 -0.545618 -0.097176 -0.770733 -0.203785 -0.060821 -0.516163 -0.735545 -1.063983 0.182947 -0.107828 -1.442816 -1.766173 -0.153626 -1.210370 -1.452409 0.829206 -1.186435 -0.320660 -0.509655 -0.348485 -0.174763 -0.656783 1.541518 1.437524 -1.199924 1.100375 1.152731 1.044020 0.475112 -0.739546 -1.192295 1.514391 0.061143 -1.079339 0.735515 -0.326846 -0.219882 -0.313438 0.159203 1.049436 1.892312 0.336877 -0.242522 0.389835 -0.390873 0.546593 0.212769 0.816367 
-0.676605 -0.184479 0.985230 -0.264978 1.405013 -0.821580 -0.260874 0.533429 0.305564 -1.272648 -0.627427 -0.129198 -1.424749 1.204134 -0.503451 0.004861 0.018952 -0.115318 -0.149693 0.235960 -0.276823 0.961866 -0.389187 0.759295 0.836059 0.190081 -0.608308 -1.180145 0.323680 -1.694514 -0.546760 0.770687 -1.299389 0.118651 -1.110005 0.516674 0.358674 -0.364668 0.063259 0.156586 0.915121 -0.563579 0.377852 1.005535 0.545549 0.766578 -0.191808 -0.525840 -0.820040 0.268435 0.672913 0.197484 -1.292860 0.775011 1.266556 0.574416 0.710758 0.558576 -0.119610 -0.966788 0.528354 1.031366 -0.714892 -0.815949 
-0.518492 -0.738316 -0.677335 0.553056 0.560049 -0.085797 -0.730838 0.737326 -0.776159 -0.194230 0.011094 0.915118 -1.184085 -0.825123 -0.045138 0.094915 0.284437 1.437040 0.402804 0.371676 -0.581340 0.342655 -0.765551 -0.064674 0.761320 -0.453397 -0.227113 0.120417 -1.373779 0.125031 0.401688 2.095078 -2.655107 -1.510855 -0.867096 1.364844 -0.085529 0.514932 0.115905 -0.165143 0.591845 0.676782 0.719545 1.009529 -1.193199 0.022732 0.680759 -0.176010 -1.101128 0.581454 -0.695808 -0.284003 0.329588 1.233964 0.670623 0.184811 0.418813 0.383794 0.480184 0.395564 -0.556591 -0.982747 0.397211 -0.323334 
-0.580800 -0.031457 0.427255 0.009193 0.248137 -0.873685 -0.245458 0.057952 -0.351543 -0.643385 0.883659 -0.175865 0.043610 -0.327649 -0.831462 -0.652552 -0.448512 0.678718 -0.011603 0.618007 0.265180 -1.202471 -0.025172 0.582990 0.531526 0.142760 0.110410 -1.100168 -0.244053 -0.192909 0.432022 1.188271 -1.853528 0.118354 -0.165819 -0.144143 -1.246188 -0.089906 1.006484 0.865505 1.379769 0.447089 -0.438717 0.209801 0.379821 -0.212831 1.516375 0.388371 0.341065 -0.963404 0.662475 -0.577754 0.241323 1.052268 0.830083 -0.958363 1.423593 0.399976 0.662412 -0.577036 1.096027 -0.491467 -0.853704 0.505429 
0.383064 -0.764001 0.278791 -1.220757 -0.451450 0.194114 -0.710349 -1.002769 -0.252963 -0.738357 0.043225 0.400789 -1.023560 1.115399 -0.402850 0.149074 -1.353868 -0.064836 -0.933421 -0.429517 -0.133578 -0.670450 -0.246792 -0.247851 -0.612081 1.106332 0.110608 -0.297614 0.159425 0.774621 0.186441 -0.127037 -1.175334 0.809533 0.117438 -0.429165 0.263746 0.475718 0.760763 0.263273 -0.271597 -0.184212 -0.458698 0.440829 -0.409310 -1.061871 0.666930 0.647979 0.818410 -0.253682 0.660868 -0.718618 0.250892 0.997393 -0.150229 0.267826 -0.338490 0.572324 -0.299926 -1.008988 -0.881790 0.563546 0.039534 1.349752 
0.824386 -1.037009 -0.377018 -0.142935 -0.309173 -0.415317 -1.080725 -1.334970 -0.134161 -0.347564 -1.074691 -0.480502 -0.871273 -0.981015 -0.590771 0.128174 -0.021174 -0.173887 -0.424998 -0.546624 -0.455788 -0.196307 -0.079824 -0.104821 0.417405 -0.549387 -1.221322 0.760551 -0.634881 0.955743 -0.202736 1.054389 -0.985094 1.199332 1.786077 -0.118154 -1.426910 1.064490 0.582013 0.209291 -0.469564 0.378456 -0.466493 0.904014 -0.051506 0.346353 -0.510359 -0.342131 1.037435 -0.195338 -0.151853 -0.484878 -0.414530 -0.621720 0.094038 -1.465601 -0.349282 -0.380803 -0.015794 0.118982 1.250822 0.922889 0.459858 -0.328781 
-0.248563 -0.532936 0.871713 -0.048220 0.585542 -0.567916 -0.201424 -1.502443 0.627122 -0.535678 -0.648239 -0.185023 -0.032984 -0.532541 -0.635687 -0.359406 0.054706 -0.005995 0.390716 -1.300559 -0.634363 0.006350 -0.772829 -0.599855 0.459562 0.036002 -0.355029 1.218613 -0.834994 -0.255554 1.179707 1.762614 0.727234 0.003918 0.541517 0.470937 -0.107834 -0.617663 0.500934 -0.427418 -0.160289 0.103708 0.691356 0.271087 -0.122862 0.086482 -0.318114 -0.280802 0.083798 -0.496966 -0.392838 -0.699866 0.587791 -0.176763 0.102212 -0.529259 0.457414 -0.085085 0.287180 -0.319596 -0.085980 0.387889 -0.985955 0.019388 
0.311817 1.165087 0.171165 -1.315060 -0.567247 -0.250026 -0.219305 0.005508 -0.518418 -0.206055 1.088197 -0.646949 -0.465834 -0.301808 -0.856857 -0.168161 0.143963 0.511763 -0.432570 -1.278756 -0.656697 -0.429461 0.722954 -0.120614 0.628513 -0.769473 -1.351613 -0.667768 0.656101 0.060891 -0.197804 0.609925 -0.663801 1.014802 0.750019 -0.749940 0.018021 0.222178 -0.105143 0.499616 0.330238 -0.392343 0.193959 1.356610 0.015412 0.657713 -0.281548 -0.849326 0.132802 -0.013409 0.624749 -0.753368 -0.206378 -0.477715 0.187773 0.850422 -0.683869 0.419850 -0.034710 0.552532 0.608178 -1.055775 -0.838996 0.267383 
0.027588 0.382985 0.729003 0.351490 0.951066 0.082849 -0.749732 -0.419040 -0.522889 0.218909 -0.878377 -0.300617 0.650147 -0.844162 -0.756892 0.091220 -0.562579 0.485745 0.562689 0.007533 -0.924275 -0.441381 -1.155259 -0.877911 0.543626 -0.845310 -0.281471 -0.144979 0.351635 -0.912556 -0.020273 1.154170 -0.140229 0.251123 0.697187 0.393449 -0.637895 0.259070 -0.171354 0.277567 0.480574 -0.029964 0.534250 0.678296 0.479980 -0.871620 -0.015333 -0.514376 0.419447 -0.713524 0.463648 0.525273 -0.313294 -0.327450 -0.640813 -0.159643 -0.641548 -0.663617 -0.268914 -0.714951 -0.613806 -0.207569 -0.578054 0.963835 
-0.795758 0.205136 0.421568 0.256386 0.229391 0.319715 0.910801 0.725076 1.127920 -0.847377 0.564100 -0.400204 -0.607804 0.105416 -0.367860 0.901672 -0.430042 -0.405012 0.922906 -1.277443 -0.693658 0.426746 -0.775244 0.093603 -0.235938 0.367519 0.515500 0.393761 -0.528851 -0.781222 0.208484 -1.057371 0.790346 -0.911496 -0.096771 0.732397 -0.914891 0.305137 -0.239767 0.913036 0.952422 -0.359020 0.414716 0.851774 -0.540718 0.209628 0.199397 -0.783754 -0.454779 0.470762 -0.166045 -0.543773 -0.540669 -0.673816 0.995471 -0.791039 -0.208768 0.542373 -0.779137 -0.514912 -1.792270 -0.841609 -0.699319 -0.628896 
-0.361827 0.172252 0.730033 -0.679544 -0.103281 -0.906338 -0.633682 0.292807 0.301253 0.167495 0.773896 0.634261 0.564793 -0.862379 -0.920325 0.262498 -0.537425 0.168492 -0.268365 -0.263383 -0.299737 -0.678996 -0.334422 -0.176420 0.200638 0.594508 -0.235869 1.117863 -0.025769 -0.323349 0.700929 -0.868917 -0.009577 0.822141 0.001216 -0.303561 -0.046868 0.107324 -1.091610 -0.485717 0.457863 0.373282 -0.551323 0.659882 -0.023251 -0.443775 -0.262904 0.542877 -1.164607 -0.247152 0.167707 -0.757782 0.555433 -0.092381 -0.065909 0.327218 0.648248 0.445157 -0.592275 -0.444635 -0.843964 0.842017 -0.714542 0.061982 
-0.479799 0.422144 0.451411 -0.945545 -0.634240 0.482965 -0.311970 -0.309010 0.472611 -0.243963 0.181728 -0.566693 0.232728 0.779389 -0.690816 0.875009 -0.855739 0.337692 -0.786689 0.577926 0.833448 0.601118 -0.066973 0.275595 0.215792 0.874600 -0.583886 -0.604230 -0.751685 0.694010 0.357762 0.244690 -0.551269 0.337650 -0.768141 -0.525400 0.042390 -0.051480 -0.347319 0.195807 0.533130 -0.873944 0.647990 -0.774391 0.937549 -0.235992 0.918902 0.887083 0.521057 0.333068 0.021625 0.184340 0.749591 0.389910 0.171087 -0.592095 -0.708846 -0.027281 0.667865 0.856711 -0.760100 -0.231854 0.871199 0.376493 
0.567965 0.369129 -0.452072 -0.099051 0.657631 -0.397999 0.681073 -0.539187 -0.226655 -0.182278 0.151935 -0.262872 -0.621305 -0.102938 -0.836057 0.466888 -0.747982 -0.323043 0.390171 0.278580 0.228284 -0.641306 0.373343 0.312043 -0.891722 0.808767 0.135553 1.009659 -0.620565 -0.314377 -0.795394 0.008333 0.940541 -0.288832 -0.019041 -0.851803 -0.163169 -0.766613 -0.299077 0.083382 -0.132882 -0.070364 0.080991 0.405489 -0.192314 0.428078 0.808900 0.423246 -0.163218 0.529016 0.985662 -0.362380 0.017367 0.541357 0.611019 -0.094417 -0.726539 -0.681300 0.125764 -0.180632 -0.650393 -0.645552 0.617916 0.910702 
-0.683527 0.431543 0.522770 -0.512741 -0.773153 0.217961 0.845275 -0.613122 -0.372117 0.176210 -0.811496 0.178152 -0.037385 0.699807 0.238486 -0.201083 -0.692860 0.826167 -0.699885 0.266538 0.526237 -0.220069 0.391335 -0.193762 -0.285509 0.943532 -0.514565 -0.977804 -0.147076 0.942613 0.503522 -0.383603 1.003407 -0.224402 0.467430 0.744247 -0.335851 0.428880 -0.505550 -0.721598 -0.055690 0.138570 0.666113 -0.436249 0.906754 0.118342 -0.272919 0.462300 0.898505 -0.796810 -0.381027 -0.103549 -0.667352 0.682597 -0.787305 0.135875 0.139507 -0.175862 -0.002778 -0.109594 0.482157 0.948400 -0.009065 -0.882388 
-0.705496 0.017853 -0.688406 0.362468 -0.556139 -0.593066 -0.832087 0.116550 0.028108 0.664907 0.709525 0.503098 0.964293 0.182470 -0.661122 0.588122 0.230873 -0.506272 -0.955382 -0.366131 -0.641591 -0.945189 0.315165 -0.394147 -0.841548 -0.692740 0.197546 -0.753655 0.752861 -0.160192 0.063631 -0.973205 -0.033479 0.459456 -0.354656 -0.708426 0.146336 0.986145 0.902158 0.905637 -0.532212 -0.418317 0.282754 0.718680 -0.207129 0.427168 0.944517 -0.841792 -0.859371 0.559740 -0.508286 0.264138 0.834468 0.682546 0.796197 -0.523484 -0.613636 -0.240150 -0.537767 -0.509018 0.183630 0.209571 -0.500839 -0.508103 
-0.962889 -0.494186 0.762505 0.077731 0.656728 -0.995239 -0.272256 -0.810419 0.113926 -0.194983 -0.841060 -0.642811 0.356304 0.455794 0.233558 -0.427351 -0.165807 0.325419 -0.312784 0.106174 -0.695914 -0.557604 -0.459212 -0.424116 -0.130222 0.621815 -0.028352 0.583728 -0.675954 0.688711 0.891842 -0.769768 0.854671 0.612537 0.796258 0.820978 -0.825312 -0.636097 0.442305 -0.923460 0.142735 -0.693899 -0.075350 -0.840449 0.932310 -0.065157 0.706534 -0.170202 0.815790 -0.222327 -0.829340 -0.958739 -0.376507 -0.733390 -0.747307 0.293069 -0.058870 0.395489 0.718375 0.046541 0.108249 -0.025117 0.648366 -0.478500 
0.079562 0.297647 0.692435 -0.816156 -0.787469 0.026887 -0.344401 -0.763176 0.042940 -0.881344 -0.021271 0.428938 -0.888791 0.593310 -0.323649 0.490829 0.902341 0.965819 0.294228 0.513291 -0.039033 0.149754 0.447981 0.579638 -0.754510 0.645924 -0.492477 0.963866 -0.217322 0.828485 0.987975 0.208106 -0.314920 0.141759 0.209387 0.391644 -0.405134 -0.980590 -0.210059 0.903378 0.615895 -0.661183 -0.467511 -0.969054 -0.204016 0.222633 0.268654 0.679126 -0.776788 -0.998413 0.222266 -0.471419 -0.202490 0.148961 -0.544847 -0.050142 -0.259560 0.000458 0.956969 -0.017365 0.906613 0.072115 -0.057649 -0.305338 
0.956965 0.787896 -0.080149 -0.768303 0.459038 0.430221 -0.905636 -0.128645 0.975246 -0.874769 -0.389996 0.401224 -0.798146 0.663960 -0.578723 0.080845 -0.779498 0.059497 0.932022 0.667688 -0.005104 -0.616200 0.415457 0.403190 -0.308952 0.172271 0.496688 -0.687566 -0.663212 0.591546 -0.729615 0.949137 -0.484124 0.036811 -0.771693 0.054282 -0.745534 0.409752 -0.417199 0.499278 0.544930 0.699339 0.026773 -0.548257 0.856691 -0.127929 -0.177637 0.932300 0.628918 -0.623904 -0.787103 0.026948 0.454147 0.036987 -0.631226 0.812055 -0.305424 -0.216197 0.386937 0.725212 0.301281 -0.666849 0.885189 -0.500290 
-0.794057 0.371358 0.271394 0.775518 0.743335 -0.823214 -0.872220 -0.290878 -0.931285 -0.657031 -0.507547 0.928223 -0.396153 -0.226739 0.217705 0.081805 -0.425888 -0.748894 0.666841 -0.658079 0.812132 0.346740 -0.191986 0.121483 0.627064 0.906108 -0.371031 -0.445624 0.245845 -0.689154 -0.028558 -0.552609 0.326321 -0.067853 0.096192 0.857907 -1.007052 0.999637 -0.568039 0.977456 0.597469 -0.596425 -0.587802 0.755666 -0.427723 0.466442 0.794192 0.864092 0.369535 -0.954415 -0.292918 -0.163175 -0.307246 0.636420 -0.365984 0.237062 -0.288408 0.187919 0.146761 0.702549 -0.974022 -0.405710 -0.019387 -0.569575 
-0.602809 -0.630832 0.595628 -0.521507 -0.563442 0.215953 -0.040488 0.353879 -0.536117 0.244017 0.068506 0.701683 0.277404 0.002907 -0.261879 -0.794825 -0.255446 -0.812565 -0.437545 0.378715 -0.804800 -0.715831 0.048888 -0.557537 0.418005 -0.343552 0.455002 0.618317 -0.241596 -0.746533 -0.106765 0.682546 -0.711916 0.934237 0.193749 0.925259 0.705514 -0.777397 0.019125 0.444059 0.428379 0.382954 0.643114 -0.007407 0.362717 0.552990 -0.699608 -0.206575 0.647946 -0.877489 0.254061 -0.756661 0.611095 0.650133 0.337003 0.555308 0.712386 0.338851 0.497211 -0.659900 0.687390 -0.305205 0.726049 0.956384 
0.813762 -0.708267 0.653500 -0.272222 1.061125 0.403751 0.639927 0.409259 0.383949 -0.777299 0.886923 -0.573949 -0.009846 0.417378 -1.141239 -0.815844 0.527880 -0.258174 0.691384 0.526035 0.993172 -0.609129 -0.320060 -0.706990 0.561698 0.210442 -0.402333 0.507895 0.223613 -0.232067 -0.788527 0.531052 0.242810 0.777245 -0.186129 -0.847475 -0.767906 0.683030 0.942755 0.018031 0.784527 -0.228747 -0.546924 -0.598777 0.903731 -0.299759 0.624731 -0.294372 0.660250 -0.275649 0.395772 -0.419640 -0.708434 -0.152973 0.373808 -0.897183 0.755276 0.533669 0.530945 -0.957530 0.194931 -0.566930 -0.359828 0.684549 
0.418502 0.516635 -0.770085 0.736160 0.505468 -0.194082 -0.799440 -0.451449 0.936899 -1.085518 0.203964 -0.295838 -0.948695 -0.954152 -0.682216 0.803914 -0.289907 1.208100 0.107192 -0.265396 0.525786 0.738560 -0.158763 -0.600610 -0.219941 -0.711169 -0.637164 -0.068157 0.419896 -0.632299 0.683584 0.116540 0.227212 0.775096 0.284417 -0.478085 0.300885 -0.474247 0.694783 -0.014628 -0.898672 0.701788 -1.017823 0.102107 -0.580861 0.637159 1.086122 -0.109628 -0.990499 0.124957 0.766777 -0.997299 0.844618 0.868597 -0.553516 0.429588 0.754700 0.065891 0.497334 -0.638594 -0.574979 -0.302387 0.159134 -0.273129 
-0.538741 0.240306 0.137145 -0.133050 0.538907 -0.951522 -1.098454 0.245851 -0.811397 -0.802198 -0.955079 -0.885102 0.292970 -1.280651 -0.256515 -0.070140 0.097687 1.372915 1.112417 0.820410 0.353343 0.518386 0.945915 0.707536 0.650811 0.506932 0.052548 0.955732 0.997866 -1.131886 0.536289 -0.712173 -0.604631 0.214331 -0.158467 -0.693903 0.953178 -0.392478 -0.853228 1.196397 0.185888 -1.265742 -0.574353 0.277490 -0.606167 0.783896 -0.352411 0.707565 -1.083817 0.179375 -0.930584 -0.926516 -0.868863 -0.277387 0.468572 -0.217302 0.565435 -0.772900 -0.308561 0.509633 0.874337 0.404710 0.863848 -1.148231 
0.541657 -0.755029 0.619452 0.350603 0.355916 -0.994081 0.134538 0.125238 0.296493 0.036179 -1.999256 0.809330 -0.180282 -0.188594 -0.054513 -0.850734 -0.637065 0.544281 -0.606502 1.028051 0.699617 -0.699961 0.151819 -0.732020 0.091784 -1.255761 -0.590103 -0.001126 0.579550 -1.104217 -0.502990 -1.062343 0.729491 0.173084 -0.088694 0.353063 1.288858 0.902007 0.935693 -0.049511 -0.303327 -0.544169 1.341758 1.510474 -0.117616 0.975092 0.929028 -0.221347 -0.178203 -0.249233 -0.592475 -0.107661 -0.674530 1.025717 -0.210508 -0.635492 0.476054 -0.629479 0.251763 0.339361 0.072903 -0.178327 -0.585820 -0.037884 
-1.064093 0.744140 -0.353916 0.286063 -0.100182 -0.762912 -0.208203 0.109660 -1.654974 0.083123 -0.340577 0.303382 0.329740 -0.080332 -1.558778 0.125551 0.207275 0.525482 0.343780 -0.013929 -0.092647 0.014091 0.109133 0.237645 -0.767851 -0.400204 0.370925 -0.729485 0.059841 -0.569016 0.223705 -0.142503 0.227332 -1.481147 0.662238 -0.169974 1.733713 -0.498825 -0.959189 0.841790 -0.049101 -0.984027 0.599008 0.841817 -0.463022 0.601768 0.357322 0.974413 -1.168816 0.297261 -0.526768 -1.310798 0.073723 1.444125 -0.511727 -1.060341 1.219668 0.521641 -1.092669 0.650079 -0.506672 0.630864 -0.184460 0.993296 
0.397978 -1.174929 0.205988 -0.047388 -0.264562 -1.133234 0.115580 -0.091935 -1.558578 0.229677 -0.745971 -0.464951 0.137010 -1.731552 -0.530262 -0.435724 0.688245 0.220103 -0.513441 1.624337 0.827549 -1.310385 0.518964 0.896697 -0.962685 -1.812665 -0.533735 -1.711225 0.275561 0.833000 0.996247 0.664148 -0.951533 -1.461017 -0.529256 0.192649 2.293743 1.352495 -0.776627 0.537368 -1.006067 -0.347061 0.301288 0.416641 -0.545082 -0.287821 -0.232615 1.161678 0.455033 -1.165154 0.271443 -0.008274 0.242033 0.851613 -0.014084 0.379698 1.539197 0.181422 0.562293 1.427198 -0.227901 -0.667712 0.025865 -0.666723 
1.422129 -0.552777 0.457413 1.930703 0.881643 -1.035060 -0.990653 -0.210422 -1.225240 -0.805027 0.278303 0.623898 0.190827 -0.776213 -1.723154 -0.716266 -0.657798 -0.191595 0.870380 1.001607 1.118524 -2.227085 1.072340 1.436527 -0.022190 -1.538759 0.606472 -0.892787 -0.553090 -0.852276 -0.643113 -1.429922 -1.143526 0.245003 -1.457108 -0.334806 1.396616 0.302784 0.408757 0.193877 0.313531 0.017905 0.236243 0.612889 0.337003 -0.941630 -0.470175 0.357196 -0.430551 -0.060059 -0.644426 -0.584814 -0.658608 0.471235 -0.354206 -0.240785 0.467025 0.235136 -0.379551 0.646775 1.231716 -1.102023 0.442238 -0.255449 
-0.645444 0.275418 -0.597885 0.849510 0.463206 -1.503642 -1.295727 1.469832 -2.048451 0.054206 0.272361 0.736785 -0.000625 -0.616880 -0.412585 0.554434 -0.635011 0.077491 1.175250 1.459858 0.941682 -1.322365 1.419676 -0.674820 -0.622494 -0.612324 -1.461121 -1.735637 -1.061011 -0.930500 -0.942211 -0.910140 -1.046821 0.494856 -0.574839 -0.653639 1.252318 -0.511205 0.802558 0.208241 0.332427 0.512302 -0.475055 0.037788 -1.014093 0.525401 -0.300859 1.127487 0.228426 -1.233952 -0.976271 0.587527 -0.767135 1.377556 -0.766976 0.818951 1.625748 0.080272 -0.284847 -0.513492 -0.704593 -0.568561 0.722206 -0.147887 
-0.484499 -0.344703 -1.197038 1.063903 -0.794729 -0.820300 -0.805682 0.028296 -0.037265 -0.348690 0.476764 -1.642819 -1.425226 0.413203 -1.300237 -0.029719 -0.581304 -1.794276 1.127718 1.432611 0.377695 -0.434108 -0.560208 -1.445181 -0.521263 -0.660281 -0.922972 0.211025 -0.714545 -2.047601 -1.160526 -0.543100 -0.764185 0.594701 -1.166969 -0.270552 1.767904 -0.578062 0.257405 0.682962 0.082449 0.482342 0.185299 0.610838 -0.554044 -0.610411 -0.726578 0.233802 -0.885329 -0.643937 -1.115097 -1.357974 -0.456541 0.831080 1.044545 1.808066 1.337557 -0.707403 -0.484492 0.560526 0.600253 0.407988 -0.893470 0.047600 
0.075638 -0.899180 -0.294514 1.454530 0.358315 -0.704160 -0.215781 0.041257 -0.428972 -0.936427 0.436461 -0.054732 -2.017418 -0.053971 -0.215083 -1.412424 -2.115346 -0.486070 2.661187 0.868043 -1.138915 -1.597747 -0.890431 -0.460015 -0.947130 1.015918 0.349227 -1.123825 0.204142 -1.308774 -0.995887 0.635049 -2.446142 -0.727373 -0.374315 0.966565 -0.548632 -0.562120 0.748005 0.031437 0.839903 1.270126 1.033663 0.022201 -0.496392 1.086180 -0.447410 0.483591 0.326295 -1.037919 -0.471866 -1.498723 -0.913871 0.106399 0.513692 1.152597 -0.036509 -1.015181 -0.246677 0.079681 -0.258920 -0.987207 -0.958842 0.005596 
0.025239 -1.113426 -0.313171 -1.336483 0.727261 -0.821896 -1.275064 0.228487 -0.664222 0.498552 -0.639105 0.433624 -1.186404 -1.069816 0.182989 -0.838585 -0.845172 1.090035 2.491952 1.027963 -2.395705 -1.639781 -0.521086 -0.363755 -0.878039 0.555191 -0.842060 0.128140 -0.503636 -0.214946 -0.842557 1.422061 -0.045137 0.596607 0.151420 -0.295042 -0.567753 0.918374 0.963774 -0.387519 -0.355453 -0.369858 -0.109964 0.593739 -0.185352 0.093372 -1.133801 0.765112 -0.190059 -0.557601 0.015067 0.635872 -1.028584 0.460549 -0.251848 1.448930 -0.124951 -0.511476 0.302970 0.174486 0.620755 -0.346980 -1.034599 1.520664 
-1.190568 0.943308 -0.145507 -1.840305 -1.236440 -1.113455 0.266222 0.670798 -1.034134 0.026303 0.321322 0.281930 -1.043767 -0.445760 -0.368809 -0.074196 0.867904 -0.394406 0.882965 -0.046041 -3.450972 -0.743862 -0.554007 0.110735 -0.610127 -1.969083 0.311731 -0.288076 0.999501 -0.146670 -0.328406 0.940730 -0.766964 0.480716 0.104185 -0.097113 -1.150128 0.393309 1.461778 -0.047012 0.391567 -0.270920 0.308384 0.322258 -0.285538 -0.555613 0.720881 0.565136 -1.303852 -0.135993 -0.399373 0.930504 -2.375814 0.660827 0.011284 1.242062 1.610610 0.251568 -0.276276 -0.440204 -0.822650 -0.947975 -0.899268 0.635177 
-0.244562 0.481036 -0.155278 -1.969210 0.024626 -0.872006 -1.673533 1.369044 0.608739 -1.356448 -0.765052 1.049901 -0.768642 -1.266777 -0.079276 0.252636 0.343127 -1.088992 -0.259596 -0.926138 -1.455123 -0.731542 0.613260 -1.428785 -0.418787 -2.110490 0.599612 0.140062 0.147796 -0.059062 0.432132 0.712650 -0.583970 0.070259 0.550847 0.529686 -0.642171 0.324025 0.364141 0.186369 -1.510489 -0.729336 0.615764 0.380097 -0.438904 -0.759333 0.366858 0.427324 0.804984 -0.849853 -0.251212 -0.357479 -0.579279 0.053159 -1.136440 -0.866617 0.440250 -0.549384 0.490932 -0.749058 0.557018 0.281684 -0.721884 1.450155 
-0.438569 -0.379680 -0.811987 -2.016826 0.134247 -0.034223 -1.255474 0.100983 -1.020893 -1.723111 0.097832 0.771069 -0.673869 -1.404401 -0.862039 -0.652731 1.294764 -0.708481 -0.434098 0.516761 -1.985994 -1.196940 -0.917647 -1.740807 0.164251 -1.610896 0.702226 0.230689 -1.680874 1.029126 -0.293012 2.076969 -1.217893 0.194673 -0.042930 0.355907 0.097170 -0.260007 1.635922 -0.390276 -0.007616 0.245253 -0.839607 -0.427424 -0.097614 -0.078130 0.883982 -0.226199 0.783705 -0.262051 0.797158 0.953321 -0.185827 0.025905 0.066315 0.533746 1.286090 0.465870 1.411249 -1.049186 -0.369458 0.793178 -0.885889 0.932131 
0.320080 0.438950 -1.108327 -1.156903 -0.099374 0.721901 -1.025278 -0.009020 -0.598757 -1.152178 -0.072296 0.461163 -0.991739 -0.666592 -0.742840 0.098286 0.452151 -0.068012 -0.626778 1.578319 -0.596329 -0.223408 -0.807679 -0.069092 0.534166 -0.830665 -0.697246 0.958550 -1.736973 -0.059727 1.963712 1.411138 -0.421850 0.680096 0.688305 0.518386 0.137942 0.161123 0.107370 -0.361001 0.556238 -0.881010 0.313937 1.458572 0.195666 -1.237710 0.322240 -1.437589 0.454697 -0.178194 0.426754 0.406889 0.438845 -0.261352 0.040665 1.288013 -0.041813 1.391811 0.656290 -1.288891 -0.060926 -1.103185 -0.611173 -1.049129 
-0.849421 1.095150 -1.038496 -0.586696 -0.031604 0.257010 0.627345 -0.995927 0.684318 -1.739125 -0.244436 -0.159185 -1.585428 -0.759567 0.332893 -0.470083 0.163390 -0.779392 0.243268 0.271118 -0.836514 0.351320 0.134495 -1.282935 0.767380 -0.728456 -0.264016 0.669944 -0.417434 -0.196082 1.394151 0.209719 0.308421 -0.347340 0.929317 0.983876 -0.320489 0.805148 0.463253 0.224827 0.921988 -0.824827 0.849232 -0.529386 -0.407440 -1.119947 -0.060664 -0.046919 1.273258 0.739608 -0.863274 0.605386 -0.499370 0.491921 0.495022 -0.068831 0.010545 0.394040 -0.448375 -0.096864 0.591611 -0.445048 -0.745227 0.534909 
-1.343895 0.663074 -0.470760 0.344849 0.766943 1.396811 -0.596768 0.014285 -0.172449 0.527603 0.706548 -1.172116 -0.420083 0.210237 -0.862777 0.986541 -0.720219 0.278931 -0.088997 -1.162122 -0.301837 -0.822980 0.363060 -0.133682 2.291784 -0.485748 -0.204252 0.673941 -0.999394 -1.081465 1.592122 0.421741 -0.977492 0.335912 0.214988 0.081607 -0.301813 -0.064722 -0.834667 0.956313 -0.433156 -0.699101 -0.658105 0.706274 -0.098509 -0.934568 -1.060916 0.330196 -0.111226 0.375803 0.800400 0.647987 0.588545 -0.156761 0.058648 0.712431 -0.201617 -0.290190 -0.291759 -0.890043 -0.354198 -0.728782 -0.692123 0.056379 
1.198507 -0.174307 0.094779 -1.131322 1.076293 0.572940 -0.215185 -0.580676 0.899924 -0.022645 -0.310370 0.606155 0.493513 0.560257 -0.828455 1.334712 -0.532018 1.144134 -0.749566 -0.526507 -0.874536 0.308257 1.222520 -0.936768 0.007746 0.634168 -0.337324 1.148822 -0.943193 0.780798 1.685806 0.818222 0.114111 -0.509046 1.059705 -0.228094 -1.674389 -0.384583 -0.056616 -0.248384 -1.276523 -0.313823 -0.721799 0.310942 0.132275 0.170439 -0.896524 -0.898590 1.246280 -0.153845 -0.451083 0.621085 1.290010 0.187600 -0.682922 -0.199656 0.190494 0.751374 0.829384 -0.565089 -1.888864 -1.211866 1.199569 -0.956581 
-0.485402 -0.196119 0.157524 -0.017413 0.979405 0.822629 -0.963701 0.116586 2.059346 0.002437 -0.712970 0.430552 -0.695552 -0.641503 -0.260014 0.496798 -0.149150 -0.659180 -1.030856 -1.077158 -0.093471 -0.547974 0.609194 -0.750888 0.936254 0.466799 0.311382 1.571525 -0.260549 0.700682 0.688744 -0.015415 0.694391 0.561262 0.330713 -0.066600 0.130526 -0.070892 -0.999444 -0.533208 0.195338 -0.926328 -1.119846 -0.102842 -0.276413 -0.030587 -0.239612 0.244524 0.803858 -0.055720 -0.897508 -0.193695 -0.272104 -0.494711 0.448605 0.495224 0.082289 0.074365 0.230014 -0.481436 -0.407984 -0.287665 1.197104 -0.099650 
-0.171126 -0.455962 -1.322900 -0.792464 0.316013 0.184890 -0.152498 0.229997 -0.284568 0.460449 0.451075 -0.833734 -0.211953 0.821014 0.132480 -0.369021 -0.613789 -0.534415 -0.967313 -0.592016 -0.043491 0.817997 0.721736 0.364000 0.194064 1.376810 -1.104690 1.080028 -0.577106 0.128440 0.424062 -0.383675 -0.224642 0.647190 0.794647 0.475401 -1.356037 1.041066 -0.388456 0.508188 0.238764 -0.594999 -0.069915 -0.901342 0.748168 0.852423 -1.000722 -0.792151 0.651790 -0.918592 0.058975 0.582248 0.605341 0.862032 -0.607968 -0.403536 -0.512111 0.532237 -0.171109 0.904350 1.268493 -0.901131 0.720692 0.143879 
0.434614 0.171697 -0.698165 -1.008761 -0.617763 0.172038 -0.712314 -0.599092 -0.333398 -0.270936 0.408348 0.421286 -1.003667 0.362379 1.065981 0.163447 -0.726102 0.601765 0.788291 0.775948 0.985186 -0.734063 -0.347355 -0.708835 -0.001044 0.872647 0.379403 -0.029374 -0.058112 0.762902 -0.104247 -0.437789 -0.301200 -0.432052 -0.475874 0.385547 -0.946735 0.366794 -0.657225 0.019139 -0.179247 -1.029720 -0.522724 0.066879 0.733667 0.458140 -0.012490 -0.047297 0.148587 -0.284964 -0.068208 0.327790 -0.632621 -0.860117 -0.778184 0.318204 0.413734 0.066373 -0.940428 -0.332502 -0.347748 -0.980391 0.617250 0.421643 
-0.107191 -0.153399 0.611281 0.803039 -0.542073 0.859418 -0.534332 -0.071793 0.774734 0.070835 -0.101375 0.579852 0.902597 -0.204380 0.198897 -0.630532 -0.766334 -0.068907 0.168469 0.805635 -0.354867 -0.720065 0.872154 -0.274267 -0.680596 0.573562 -0.216228 -0.728240 0.943401 -0.971607 -0.108068 -0.931649 -0.545370 0.206011 -0.714239 -0.448103 0.801649 0.490839 0.370797 0.047132 0.820755 0.433521 0.269254 -0.127495 0.308890 -0.602342 -0.960028 -0.380555 -0.453340 -0.888958 -0.645223 -0.682485 0.904513 -0.800046 -0.256141 -0.919230 -0.589298 0.552677 0.097516 -0.469472 -0.434677 0.023137 0.295552 -0.094514 
-0.431989 0.018859 0.556360 -0.524147 0.963754 0.728476 -0.757274 0.469688 0.863430 -0.866957 0.276283 -0.491346 0.555224 0.216058 0.393577 0.672049 -0.010220 0.960314 0.158367 0.562876 -0.431051 -0.006577 0.555860 0.617561 0.942621 0.246883 -0.121753 0.718430 0.626943 0.281676 0.366534 0.066009 -0.816649 0.417007 0.507134 -0.927588 0.957274 0.778872 0.464578 -0.314931 -0.211394 -0.633596 0.412949 0.661961 0.911886 -0.738783 -0.473734 0.765545 0.053251 -0.708396 -0.096313 0.846277 -0.631607 -0.996690 -0.163804 -0.901186 0.055266 -0.034927 0.064927 0.795199 0.697254 -0.149168 0.226836 -0.800714 
-0.006134 -0.850887 0.042207 0.359478 -0.801019 -0.034394 0.832453 0.664541 -0.927244 -0.472152 -0.057466 -0.099033 -0.207801 -0.303385 -0.384686 0.864620 -0.603504 0.073702 0.886410 -0.073702 -0.659536 -0.407086 0.060762 -0.148350 -0.714713 0.396344 0.334330 -0.813105 0.191076 0.808161 0.122044 -0.476241 -0.228370 -0.781304 0.656117 0.955931 -0.624012 -0.308634 0.415693 -0.961058 0.357768 -0.895932 0.951476 -0.432722 0.995056 0.639027 -0.333048 0.479415 0.023957 -0.567797 0.119968 -0.795099 -0.151830 -0.804132 -0.594958 0.765374 -0.514084 -0.373943 -0.818354 0.941465 0.318827 -0.592700 -0.091586 -0.180822 
0.702933 0.628468 0.847346 0.027558 0.506455 -0.579821 -0.599963 0.979736 -0.364727 0.628529 0.338603 -0.568896 -0.390667 -0.664968 0.492904 -0.334025 0.252419 -0.961791 -0.541612 -0.374126 0.557543 -0.692984 -0.114902 0.291421 -0.209326 0.719230 -0.088595 0.630909 -0.104526 -0.101962 -0.694754 -0.572192 -0.739067 0.458846 -0.125889 0.299478 0.915036 0.677969 -0.292154 -0.780328 -0.793390 -0.302774 -0.184668 0.858089 0.038118 -0.923826 0.718558 -0.952147 0.711417 -0.496261 -0.433760 -0.304422 0.449629 -0.516587 -0.670644 -0.555956 -0.342936 -0.196753 0.641163 0.402387 0.980163 0.603137 -0.155797 0.254494 
0.231921 0.853023 -0.192282 0.059236 0.239222 -0.947097 -0.924017 -0.946614 -0.314483 0.968271 -0.094411 0.777527 -0.003475 -0.785404 0.777326 -0.188859 0.343387 0.503064 -0.079407 -0.516188 -0.172724 -0.655538 -0.619527 -0.210713 0.854917 0.071239 0.299944 -0.035864 0.942514 -0.092066 0.857689 0.766937 0.715334 -0.970358 -0.466010 -0.842715 -0.570287 0.195921 -0.952801 0.341453 -0.001949 0.165357 -0.052663 -0.329663 0.512662 -0.827676 0.924863 -0.297046 0.396303 0.772673 0.811010 0.618837 0.268233 0.572877 -0.499618 -0.501652 -0.532497 -0.242239 0.636272 0.591775 0.471146 0.259772 -0.461836 -0.007134 
0.129426 -0.783235 0.762656 -1.017800 0.756111 -0.163396 0.952998 -0.519102 -0.614754 0.034230 0.092674 -0.378459 -0.077439 0.340852 -0.776605 -0.972991 0.451151 0.136867 -0.700527 0.331537 0.761125 0.892394 0.897144 -0.773737 -0.164172 0.211770 0.175250 -0.901931 -0.442862 0.118271 0.778148 -0.469023 0.198773 0.799259 -0.050493 0.576973 -0.263973 -0.259304 0.047375 -0.461076 -0.610991 0.493486 -0.704240 0.211951 -0.123713 0.496090 -0.439950 0.677809 0.337700 -0.611200 -0.582314 -0.729053 -0.586035 0.193333 0.766050 0.278935 0.817127 -0.160384 0.320488 -0.062723 -0.403459 0.209105 -0.504452 -0.456889 
0.945516 -0.017457 0.577277 0.718656 -0.592169 -0.254799 -0.778936 -0.072431 -0.141909 0.259064 -0.462109 0.512001 -0.648670 -0.947019 -0.543954 -0.082835 0.321494 0.657125 -0.307363 0.054816 0.128031 0.192330 -0.089933 0.565881 -0.931986 -0.125695 -0.911670 -1.099770 1.030901 -1.116641 0.179112 0.680030 0.818151 0.673935 0.420407 0.729802 -0.096653 -0.530371 -0.602147 0.925191 -0.687021 -0.392424 0.823625 -0.389862 0.491666 -0.402455 0.830258 -0.553288 0.754065 0.464314 -0.061899 -0.057977 1.001374 1.057830 -0.919039 0.056130 0.391965 -0.872155 0.043620 -0.083018 -0.234734 -0.881520 -0.815063 0.464153 
-0.133180 0.809618 1.089904 1.042542 0.904044 0.097112 -1.221009 0.797906 -0.627258 -0.914889 -0.342214 -0.223248 -0.964794 0.205515 0.525244 0.395822 1.095309 -0.314831 0.022475 -0.663112 1.751039 0.502113 0.743983 0.212645 0.129857 0.904122 -0.080973 -0.462374 -0.653520 -0.061628 0.854530 0.289931 0.283561 0.677147 -0.711230 0.270209 0.690368 -0.438687 0.603645 -0.438171 0.273364 -0.172925 0.092722 0.205682 -0.042004 0.110965 0.051135 -0.555100 -1.228662 0.186255 -0.110381 -0.009842 -0.815095 0.867050 -0.629924 0.280754 0.702210 -0.162297 1.170079 1.007000 0.362556 -1.008434 -0.738624 1.351128 
0.278599 -0.201302 0.874076 -0.228875 -0.141631 0.116092 0.037595 0.244252 0.923416 -0.758848 0.049827 1.098591 -0.566380 -0.656085 -0.416936 -0.534084 0.073206 -0.407888 0.561292 0.195175 1.153962 -0.120093 0.946349 0.596100 -0.063603 -0.122185 0.597710 -0.349370 -0.044574 0.730380 -0.186331 -0.477060 -0.123633 -0.200816 -0.173792 -0.473078 -0.279978 -0.255151 0.627551 -0.017722 1.326586 -0.066987 0.715394 1.021434 -1.612196 0.610203 -0.437259 0.676290 -1.012549 -0.200569 -0.142194 -0.615655 0.777671 0.439212 -0.746289 -0.456666 0.395834 0.034096 1.184985 0.286322 0.138588 -0.854909 0.975655 0.755543 
1.089723 0.506912 0.341230 -0.067705 1.264778 1.288377 0.365401 0.121199 0.772415 -1.055418 0.057028 0.752983 -0.551297 -1.823335 -0.117858 0.391150 -0.278349 -0.010430 1.135243 0.748323 0.292495 -0.097949 0.674225 0.855181 1.159501 -1.478028 -0.398102 -0.710020 -0.628260 -0.898831 -0.695465 -0.701630 -0.361000 1.185398 0.323131 -0.547343 -0.010403 -0.157012 0.634758 0.741506 -0.524054 -0.120372 0.582469 0.184907 0.417391 0.797373 0.323501 -0.253729 -1.130367 -1.138618 -0.298511 -0.026486 -0.116793 1.690501 -0.375450 -1.045360 0.926129 0.950873 -0.613405 0.774662 0.621886 0.381144 -0.932560 0.380056 
0.701450 -0.621298 1.664947 0.765311 -0.385742 0.546725 -0.411986 0.586583 -0.164966 0.212241 -0.635717 1.383549 0.475458 0.238024 -0.702858 -0.056837 0.684459 0.073943 0.808028 1.198687 -0.117604 0.470346 1.270846 0.561723 0.333598 -0.333700 0.482363 -0.998943 0.433602 0.142542 0.138012 -0.453841 0.401554 0.530948 -0.011586 0.176856 0.518142 0.974471 -0.695143 -0.420905 0.371969 -0.535443 0.284356 0.672575 -0.534980 -0.802128 0.826618 1.213846 -0.709879 -0.719844 -0.929882 -0.197444 0.120920 0.899454 0.062295 -1.139990 -0.750099 0.117727 0.069717 1.367231 -0.823738 -0.017159 0.839698 -0.267919 
0.828613 -0.238950 0.138635 0.382719 0.564848 -0.506238 0.789889 0.608687 -1.677535 0.580921 0.069153 0.584872 0.168913 0.043790 -1.588734 -0.355025 -0.637809 0.620709 -0.102143 0.558382 -0.405388 0.039119 0.964313 1.811857 0.479043 -0.890241 -0.018850 -0.752605 0.059059 0.589007 0.971581 -1.318557 0.404947 1.142075 -0.267011 -0.979199 -0.459020 0.992738 0.342968 0.273110 -1.131514 -0.495373 -0.591249 0.822756 -0.776668 -0.782063 0.321670 0.672830 1.092597 -1.037361 -1.071183 -0.029423 -0.559890 1.329749 0.305764 0.692830 0.173474 -0.003692 -0.947825 0.255613 0.622345 -0.089134 0.959019 0.554451 
0.342858 0.314911 -0.884251 0.152338 0.381806 -1.873958 0.621618 0.627253 -1.433982 1.509727 -1.025112 0.181316 -0.200869 0.456028 -1.245687 -0.309609 -0.057333 -0.193859 0.542960 0.887613 -0.640515 -0.722344 1.870364 0.154766 0.632298 -1.809527 -0.140913 -1.519416 -0.341489 1.274618 -0.180095 0.352142 -1.418946 0.229509 -0.276314 0.071639 0.913504 1.928013 0.928008 1.074910 -1.225326 -0.654182 -0.918587 0.396703 0.678714 -0.750473 -1.222855 0.685880 0.977937 -1.348619 -0.714535 -1.217328 1.020576 0.436843 -0.124595 -0.929389 1.258082 0.359837 0.553204 -0.518339 -0.933070 -0.349624 0.591586 -0.174991 
0.887972 -0.327299 -1.547278 -0.111621 0.583477 -0.314023 -0.088069 -0.004177 -2.929788 1.973715 0.686668 -0.303317 -1.074816 -0.478856 -1.788969 1.268840 -0.645272 0.675862 1.041916 -0.227827 1.406533 -1.840324 1.564889 -0.749715 0.625427 -0.693112 0.295888 -0.489172 -0.894221 -0.993969 0.226842 0.440260 -1.352257 -0.281385 -1.196750 0.312989 0.126036 1.511257 0.193465 0.565454 -0.373294 0.575687 -0.137370 0.800812 0.484852 -0.601222 -0.603470 0.525106 1.806968 -0.572229 -0.444717 -1.288932 -0.329025 1.108128 -1.047832 0.862445 1.460878 0.835724 -0.868711 -0.269098 1.506743 -0.665796 -1.619762 1.320011 
-0.148189 -0.944568 -0.358062 0.395773 -0.290658 1.559925 0.022490 -0.680316 -0.869733 0.490571 0.103683 0.520006 -0.317611 0.327886 -0.953706 0.733006 -0.189013 -0.923752 1.383712 0.148745 0.557422 -0.516091 2.371033 -0.218981 -0.226873 -0.111073 -0.808333 -0.877118 -1.378514 0.046616 -0.883935 -0.830510 -2.358668 0.954742 -1.555613 -0.343833 0.185065 -0.734738 0.229409 -0.682234 -0.680630 -0.795468 -1.865756 0.241964 1.288714 0.081513 -1.399438 -0.062697 -0.540238 -0.427196 -0.643534 0.277695 -0.662821 1.450017 -0.663688 0.194202 0.261461 0.420881 -0.941674 -1.023839 -0.050500 -0.962745 -1.519339 -0.249016 
-0.903979 -0.223956 -1.530706 0.285291 -0.499870 -0.265066 -0.520310 -0.827238 -0.484712 -0.924783 0.366526 -0.682872 -1.911192 0.028094 -1.252725 -0.258061 0.069045 0.497109 0.653520 0.645412 0.436705 -0.970325 -1.359391 0.354517 0.594242 0.432950 0.747695 -1.242580 -1.173272 -0.636354 -2.047097 0.036077 -3.116584 0.814966 -1.779280 0.810151 0.608299 -3.456238 -0.157284 -0.564730 0.716106 0.585000 -1.295033 1.308609 0.415901 -1.143035 -1.081080 -0.654983 -0.982100 -0.334803 0.033130 0.098649 -1.190658 1.134417 -1.350462 0.429014 0.482356 -0.707483 0.423588 -0.745506 0.203345 -0.662292 -1.173953 0.309305 
-0.892283 -0.130835 -1.327245 -0.209513 -0.881692 -0.349941 -1.132784 -0.394883 0.047150 -1.055172 0.155644 -0.514544 -0.401605 -0.067045 -0.453240 -0.611190 0.246956 -0.200637 0.443885 1.091988 -0.262123 -1.650487 -1.324086 -0.540025 -0.481113 0.333373 -1.127309 -1.510134 -0.274819 -1.933254 -1.216185 -0.232191 -0.632209 -1.714642 -1.335708 -0.458967 -1.202754 -3.196456 0.063916 -0.691167 -0.567170 0.643059 0.024577 0.389284 0.706411 0.860955 0.463266 0.046896 -0.411159 -1.506537 -1.533062 -0.425835 -1.431532 0.937539 1.063106 1.931525 -0.317356 -0.303544 0.932305 -1.102796 0.015196 -0.492067 -1.428202 -0.248500 
-0.446089 -1.236181 -0.687542 -1.826343 0.007412 -0.324398 -0.176536 0.602946 -0.883055 -0.697369 0.293172 0.339474 -0.755170 -1.095270 -1.562088 0.069091 -0.282914 0.218669 0.032226 1.265995 0.001030 -0.587171 -0.850497 -0.706312 -0.596171 -0.323271 0.588769 -0.212703 -0.815888 -0.753129 -0.524139 0.848477 -1.000292 -1.488787 -1.055867 -0.069441 -1.595517 -0.103136 0.351389 0.527164 -0.067857 1.084983 -1.079360 0.384001 1.001557 -0.220904 -0.040867 -0.651962 -1.025945 0.081390 -0.465374 0.708710 -1.018909 0.006287 2.034824 0.699250 1.695539 -0.981419 -0.151310 -0.726774 0.737354 -0.810666 -1.485320 -0.157217 
-0.076351 -0.916790 0.278131 -2.064933 -0.110737 -0.038735 -0.474851 1.279404 -0.204555 0.487030 -0.063315 0.201132 -2.267432 -1.191645 -1.206829 -0.315520 0.589752 1.055090 -0.509056 1.661853 -1.209285 -1.037566 -0.641415 0.458437 0.427330 -0.443876 -0.231446 -0.634495 -0.296400 -0.379248 1.618652 1.293789 1.137952 -0.119910 -1.029226 1.043588 -1.225385 -0.190546 0.708072 0.450546 0.421603 0.488965 0.022366 0.119001 0.527452 0.122270 0.518679 0.240428 0.027273 -1.590156 -0.723678 -1.214100 -1.497075 0.519681 1.473851 -0.156017 1.521186 1.090972 -1.278597 -0.453087 0.617048 -0.279707 -1.087437 -0.348033 
0.127547 -0.133860 0.044722 -1.411192 -0.415353 -0.336496 -1.065962 1.356244 -0.526029 -0.432591 0.234004 -0.688896 -2.333161 -0.556626 -1.539736 -0.368812 -0.959049 0.264239 1.122662 1.036191 -1.673816 -0.419625 -0.426550 -1.950637 0.872609 0.145471 -0.065351 -0.107862 -0.677069 -0.315055 2.004238 0.577920 -0.100597 0.890256 -0.952778 1.128227 0.194876 0.295399 -0.620099 -0.970723 -0.565951 -0.591181 0.084267 -0.067913 -0.395729 -0.227310 0.328962 -0.274039 0.985627 -0.695122 -0.609137 0.239079 -1.697456 -0.061286 -0.694704 -0.086397 1.682647 2.580584 0.610328 -0.471262 0.021144 1.311094 -0.557578 0.105011 
0.829743 0.037865 0.980815 -2.532305 -0.105818 0.233177 -1.184026 -0.404218 -0.470560 -0.174009 0.367337 -0.123380 -1.678253 -0.765342 -1.335307 0.070451 0.265916 0.237710 0.704428 1.196401 -1.640195 0.687434 -0.018878 -2.728075 1.064941 -1.890212 0.576228 -0.133987 -0.270924 -0.067487 1.468446 0.259765 -1.258492 -0.925807 -0.920052 0.464162 0.147766 0.956649 0.228531 0.431135 -0.492083 0.337769 0.889941 0.065296 -0.593121 -0.556019 -0.778269 -0.868277 1.209125 -0.287136 -1.532131 -0.343068 -0.156478 0.649039 -1.129930 -0.654952 2.378756 1.174135 -0.307515 -0.736504 0.216946 1.077337 -0.230726 -0.834130 
-1.299602 0.316983 -0.261883 -0.709425 0.255505 -0.340362 1.071852 -0.303980 -0.890190 -0.686458 0.244208 -1.091069 -1.345470 -0.185390 -1.363293 -0.076308 -1.563137 0.651467 -1.001320 0.150564 -0.688016 -2.102306 0.249269 -2.421434 1.372190 -0.708387 -0.414871 0.956855 -1.372865 -0.294014 0.825253 -0.288399 -0.388192 -0.265445 -0.526517 -0.020459 0.837275 -0.218003 0.111218 0.047682 0.266148 -0.461901 0.333370 -0.439270 -0.535750 -0.924657 -1.578041 -2.403256 0.269297 -0.470329 0.432170 -1.009635 -0.245199 0.317237 -0.574990 0.149167 2.092536 0.295426 0.178796 -1.059704 0.583788 0.185480 -1.019267 -0.364075 
0.844357 -0.623489 -1.102061 -0.691628 -0.477854 1.454612 0.579695 -0.010933 0.044842 0.275942 0.091965 -0.136234 -0.873626 -1.853754 -0.832896 -0.005310 -0.793162 0.038774 -0.717982 0.025165 -0.723879 -0.761389 0.895217 -0.257865 1.429450 -0.276383 -0.698014 -0.025351 -0.215730 1.461531 1.053085 0.168111 -0.331890 -0.792564 0.098370 0.250418 0.853433 0.649573 0.751504 -0.365873 0.373718 0.073840 -0.594167 -0.895712 -0.758870 -1.125999 -1.148007 -1.653938 2.292420 0.066690 -1.061560 -0.658648 -0.940998 0.532751 -1.811644 1.378714 1.741716 1.198078 0.520775 0.207375 1.152640 -0.096766 0.030260 -1.019615 
-0.396493 0.603208 -0.339892 -0.987536 -0.367485 0.488194 -0.290279 0.391966 -0.555339 1.124839 -0.042717 -1.669955 -0.146837 -0.746822 -0.299742 0.177585 0.310550 -0.366956 -0.994277 1.127942 -0.565734 -0.904841 0.398715 0.068387 1.418687 -1.489183 0.712877 0.607516 -0.338088 0.528828 0.295141 0.669142 0.772174 0.571723 -0.418376 -0.380863 0.963700 0.806116 0.456788 0.406444 -0.704529 0.077526 0.172676 0.350694 -0.196870 -0.845644 -0.530460 -0.128682 0.674011 -0.606004 0.182523 -0.429594 0.810796 -1.343851 0.247301 0.971185 1.525559 0.214188 -0.998196 -0.874994 1.555342 0.529959 1.119282 -1.696616 
-0.101215 0.730816 -0.582831 0.077746 1.252096 1.269481 -0.137386 0.321906 1.347857 -0.178810 -0.178182 -0.014305 -0.100593 -0.894139 0.908792 0.485391 -0.095681 1.181361 -0.552774 -0.286158 -0.868584 -0.466823 1.300442 0.232155 1.566588 1.013222 1.023543 0.604310 0.247692 0.466774 -0.078085 -0.299288 1.914732 -0.734144 0.769612 -0.798680 0.002831 -0.861261 1.373794 0.012704 -0.778453 -0.296369 -0.957438 0.652002 0.273198 0.657590 -1.425870 -1.747135 1.790484 -1.330967 0.594722 0.223026 0.274455 -0.202529 0.031147 0.983742 0.408510 0.561620 -0.058237 -0.600960 0.549885 -0.052607 -0.133302 -1.080850 
-0.326405 0.607539 -0.842095 -0.997483 -0.032176 1.046758 -0.593629 0.441719 0.297396 0.921881 -0.932900 -1.514158 -0.729234 -0.093366 -0.889933 0.793023 1.214767 1.025134 -0.224056 -0.823535 0.475223 -0.672175 1.294588 -0.287999 2.033447 1.073990 -0.286039 0.805351 0.843593 1.277422 0.952573 0.393664 0.535680 -0.622430 0.782818 0.680701 -1.355321 0.123000 -0.151653 -0.218408 -0.357176 -0.563841 -0.335587 0.644823 0.203208 -0.849862 -0.845992 0.106418 0.959966 0.285960 -0.436138 0.668593 -0.187265 0.410649 0.295556 0.461593 -0.683399 0.211652 0.512255 -0.400257 0.393651 -1.435575 0.838114 -1.029694 
0.475260 0.656348 -0.068843 -0.539730 -0.454315 -0.628054 0.268490 -0.600158 0.050437 -0.157263 0.207181 -0.870222 -0.753014 -0.068580 0.090024 -0.305077 -0.221104 0.143885 0.632408 0.493476 0.005439 -0.796161 0.001969 0.412005 0.402846 1.094210 -0.428088 -0.084132 1.031359 0.951100 0.754395 -0.490753 0.614036 -0.445512 -0.949567 -0.278921 0.195796 -0.814177 0.241619 0.363661 -0.850805 -0.609490 -0.209678 0.273408 -0.538770 -0.984873 -0.240333 0.220088 0.422394 -1.056036 -0.288908 -0.902178 -0.099118 0.131722 -0.988961 0.172881 -0.404452 0.593948 0.732582 0.904881 0.410744 -1.024492 -0.489478 -0.072140 
0.424058 -1.074796 0.127718 -0.075884 0.991971 0.944819 -0.916483 1.155276 -0.084539 0.039148 0.428465 -1.037433 -0.675756 0.044680 1.105529 0.120147 0.887815 0.382440 1.048812 -0.510898 -0.690597 -0.219095 0.164712 -0.979646 0.998221 -0.209439 -0.363566 -0.219315 0.387056 -0.447462 -0.728289 0.445833 0.076403 1.107660 -0.004783 -0.590349 -0.501947 -0.969375 0.430485 0.383681 0.632543 -1.069488 -0.352527 0.696313 -0.591537 -0.097366 0.957296 -0.949590 -0.283953 -0.129942 0.578039 -0.902276 0.455984 -0.926584 -0.791397 -0.145167 0.789503 -0.273963 -0.171426 -0.666739 0.228410 -1.011820 0.683557 0.785779 
0.201415 -0.482799 -0.121320 -0.119716 -0.734302 -0.068526 0.180490 -0.965945 -0.263490 -0.086414 0.476501 0.651524 -0.821570 0.578679 -0.610204 -0.009106 0.229343 -0.644252 0.827753 -0.761280 0.916140 -0.405777 -0.601774 -0.797658 0.622655 -1.101020 -0.944308 0.193225 0.534087 -0.701307 1.079722 0.801668 -0.518002 -0.551251 -0.789517 -0.080268 -0.224815 0.408212 -0.232889 0.064626 0.231496 0.495055 0.776684 0.935674 0.250503 0.425607 -0.731313 -0.580621 0.933434 -0.178984 0.886258 0.644996 0.748465 -0.358702 0.707298 -0.036338 -0.892394 -0.604423 0.111814 0.680920 0.201961 -0.473745 -0.247077 0.374716 
-0.960484 -0.325059 -0.908045 0.036663 0.572065 -0.939364 0.513053 0.490848 0.969755 -0.947080 -0.238307 0.007468 -0.046911 0.186615 -0.094026 0.636299 0.337493 -0.085249 -0.936762 -0.654828 0.496163 0.031873 -0.252752 -0.007228 -0.121014 -0.981161 0.491870 0.639728 -0.595711 -0.748822 -0.633918 0.195387 -0.558983 0.654738 0.716412 0.156557 0.137341 0.746270 -0.205518 0.531671 0.164880 0.252654 -0.507118 0.989022 -0.907202 0.192810 0.093052 -0.326793 -0.663516 0.236913 0.150117 -0.812389 0.900334 -0.423296 0.369904 -0.509198 0.662887 -0.400924 0.635792 -0.573302 -0.558679 0.151626 -0.794307 -0.596980 
-0.288491 -0.240455 0.670766 -0.155492 0.381146 0.256752 0.196081 0.612354 0.862972 0.006745 0.707755 -0.250343 -0.436689 -0.818171 0.513962 0.856075 -0.889584 0.617176 -0.049898 -0.597034 0.657338 -0.848140 0.605396 -0.696524 -0.577197 -0.744926 -0.305704 0.048128 0.533921 -0.249855 -0.865291 -0.280068 -0.769158 -0.551805 -0.103854 0.200537 0.498459 0.505478 -0.820673 -0.119480 0.185339 -0.685598 0.991211 0.186193 0.674184 -0.256203 -0.324442 -0.765313 -0.835017 0.538133 0.965026 0.931333 -0.365459 -0.310160 0.113376 0.819941 0.533921 -0.402936 -0.326395 -0.999451 -0.713553 -0.181494 0.482223 -0.574328 
-0.350004 -0.761287 0.413623 -0.112888 -0.997253 0.456390 0.466077 0.008025 -0.378591 0.206946 0.742668 -0.449324 -0.994903 0.633561 -0.111239 0.353177 -0.683337 -0.781610 0.549669 0.207638 0.997192 0.183821 0.409406 -0.008332 0.620298 -0.810784 -0.624729 0.368571 0.047946 0.102769 0.467514 -0.637379 0.941586 -0.288314 0.981561 -0.870602 -0.281223 -0.864559 -0.521456 -0.772395 0.972530 -0.220098 -0.825763 0.709112 0.459161 0.642872 -0.720938 0.334880 -0.305094 0.769768 0.868525 -0.762200 -0.774247 -0.304904 0.822080 -0.667038 0.639334 -0.341002 0.416513 -0.201086 0.373280 0.425397 0.122349 0.935667 
-0.548399 0.509997 -0.822836 -0.283998 -0.210782 -0.352450 -0.534191 0.285728 0.323242 0.233844 0.308419 0.099322 0.267522 0.623313 -0.213160 -0.123752 0.741104 0.367325 0.892513 -0.426997 0.117161 -0.684968 0.488813 -0.073558 -0.138692 -0.297167 -0.758893 0.516956 -0.851398 0.667879 0.295466 0.109476 -0.401547 0.339460 -0.640668 0.993216 -0.394291 -0.903493 -0.530434 0.687409 0.211833 0.667665 0.978478 -0.318677 0.913548 -0.499632 -0.846074 0.189312 -0.792738 0.248599 0.468136 0.426361 0.848088 0.302213 0.360556 -0.626425 -0.139294 -0.957010 -0.957543 -0.717049 0.513687 0.791760 -0.345398 -0.582984 
0.561733 0.951410 0.869701 -0.261668 -0.972444 0.918584 0.086474 0.005923 -0.826533 -0.725061 0.832179 -0.930614 0.291529 0.358124 0.924107 -0.964519 0.105595 -0.412625 -0.047273 0.541056 -0.094350 -0.222915 -0.688817 0.001878 0.568092 0.523055 -0.078739 0.184465 0.081887 0.691272 0.549736 -0.152736 -0.652853 -0.754120 -0.622195 0.865680 -0.912248 -0.279336 0.843142 -0.540034 0.459104 0.006124 0.318764 -0.703500 -0.461174 -0.129321 0.537415 -0.931455 0.857202 -0.681255 -0.765394 -0.145721 0.468889 -0.752069 -0.383999 0.189890 0.101559 0.042928 0.683619 -0.003306 0.507466 0.750405 -0.481164 -0.703830 
-0.430627 -1.166576 0.258795 0.160715 0.268575 0.171980 -1.065284 -0.815573 -0.707534 0.171660 1.051830 -1.014635 -0.966773 -0.390560 -1.029064 0.595628 -0.706829 0.158449 -0.137853 0.756884 0.562403 -0.223084 0.226312 -0.021810 -1.202573 0.462520 -1.012700 0.663391 0.107114 0.644849 0.490222 -0.394643 1.134584 -0.693113 0.306619 0.826390 0.144948 -0.320661 -0.099552 -0.484076 -0.206223 0.533237 0.137760 0.727257 0.644561 0.335496 -0.280541 0.381394 -0.974091 0.716189 -0.377352 -0.370293 -0.722058 -0.635434 0.566704 0.268825 -0.020984 -0.161755 -0.301969 1.076997 -0.077568 -1.047088 -0.601997 0.351953 
-0.080120 -0.197419 1.330199 0.727933 0.005381 0.661335 0.583089 -0.032277 0.808322 -1.267257 0.089163 -0.171924 -0.661100 -0.676991 -1.043126 0.413263 -0.560971 0.810052 -0.600567 0.755162 -0.301888 1.021189 -0.372180 0.608408 0.495467 -0.724928 -0.194425 -0.314975 -0.687810 0.211902 -0.126637 -0.147446 0.680121 0.572069 0.389489 -0.419183 -0.604223 0.913520 0.514302 0.118583 0.423529 -1.305899 0.147128 0.125800 -0.186581 0.512380 0.110956 -0.086511 -1.162290 0.878933 -0.752635 -0.703783 -0.711159 -0.257445 -0.172454 -0.903365 -0.161545 1.061784 -0.601334 0.836934 -0.094987 -0.491093 -0.251602 1.007145 
0.217445 -0.027861 0.698402 1.042118 0.736106 1.014909 -0.487034 0.458635 -1.383323 -0.993422 -0.021912 0.028748 -0.277225 -0.172381 -0.194450 -0.553990 0.147031 0.515478 -0.142861 1.121072 0.473781 0.950445 0.953199 0.004873 0.254437 -0.519277 -0.908961 0.232540 0.819878 0.855007 -0.531509 1.145674 -0.577254 0.371748 -0.801890 -0.608528 0.599283 0.792668 -0.543034 1.750632 -0.048096 -0.683976 -0.160395 0.420678 -0.185783 -1.058211 -0.354758 0.840624 -1.209645 0.476281 -0.387281 0.414935 0.005110 0.338592 -0.452733 -0.961254 -1.444393 0.642040 -0.722684 -0.800458 -0.542394 -0.652997 -0.565420 0.160848 
-0.661718 -1.094413 1.531376 -0.196190 -0.134341 1.075534 -1.180425 0.763485 -0.672569 -1.105148 0.154076 -0.478868 0.448257 -1.436725 -0.601987 -0.999305 1.045538 0.251389 0.005795 0.857199 0.934490 0.932691 0.712508 -0.093988 -0.815098 -1.086164 0.104601 0.349036 -0.092419 0.590839 0.527817 -1.009295 -0.727018 1.026190 0.846827 -0.642912 0.581955 1.246311 0.407152 0.798059 0.524287 -1.238762 -0.789905 0.298713 0.130028 -0.393242 -0.244439 0.258599 -0.786002 0.024936 1.310915 -0.684268 0.975609 0.193735 0.432748 -0.586164 0.029312 0.259667 -0.816321 -0.107825 -0.056685 -0.082837 -0.234666 1.124524 
-0.042005 -1.321992 1.600908 -1.238363 0.164972 0.945197 -0.825885 0.304263 -1.661599 1.252368 0.380879 0.523309 0.059984 0.073856 -0.674462 -0.633022 1.404215 0.687933 -0.043915 1.348287 1.017511 1.295929 1.298674 1.018016 -0.104446 -1.585400 0.083794 -1.765848 0.426319 0.265523 0.292751 -1.060180 -0.584224 0.452715 0.431418 -0.276820 -0.921875 1.618460 -0.296008 1.094305 -1.052594 -0.432940 0.997264 0.599064 0.102085 0.543784 0.594445 0.839608 1.829798 -0.920325 0.187998 -0.112745 1.082862 1.336961 0.156688 0.314296 -0.667987 0.167656 -1.232220 -0.364747 0.634263 -0.307704 0.088281 0.471519 
-0.634681 -0.890322 -0.140109 1.096583 1.791302 -0.263487 -0.637186 0.237525 -0.666414 0.458913 -0.717806 -0.180077 0.113492 0.550459 0.039520 -0.355023 1.192101 0.079607 -0.743288 1.703875 0.679489 0.758286 1.557239 1.945538 0.523002 -1.745691 -1.907864 -1.161928 -0.086054 1.738406 -1.114363 -1.514889 -0.604773 1.393063 0.562261 0.261578 -0.530155 2.062052 0.890970 0.312286 -0.623557 -0.028046 0.397166 -0.693672 0.685383 -0.850884 -1.146820 -0.229809 0.483697 -1.094526 -0.332130 -1.332059 0.991280 2.630856 -0.411502 -1.056980 -0.015367 0.266887 -0.294329 -0.813149 0.454401 -0.702398 0.480223 -1.021209 
-0.055652 -0.369528 0.766305 0.527152 0.640420 1.434814 0.135787 0.006212 -1.201723 1.627960 0.844027 0.532081 0.143431 -0.273558 -0.477357 -2.350615 0.049829 0.487755 0.514367 0.982954 1.331247 -0.836435 0.239572 0.842653 1.107415 -0.319689 -0.479108 -1.292093 -0.911339 0.920192 -1.664696 1.057350 -1.709018 2.120810 -1.913733 0.076647 -0.875257 0.425566 1.749185 0.717999 -0.027550 -0.355363 0.932319 -0.095935 -0.446893 0.394217 -1.181907 -1.354978 -0.699213 -0.740319 1.282138 -0.135086 -1.083020 1.008849 -0.547544 -0.878580 0.746866 0.551875 -1.306866 -0.893024 1.128910 0.187635 -0.866312 -1.166012 
-0.577502 0.428111 -0.483742 -0.542540 0.638178 0.763570 -0.260681 -0.432337 -2.481024 0.725935 -0.418649 0.668769 -0.749438 -0.221159 0.462191 -0.884830 -0.478346 1.579600 2.005729 -0.234226 0.684648 -0.348042 -0.039526 0.561286 0.388405 -0.200152 0.212384 -1.833973 0.011933 -1.258844 -1.133318 0.552494 -1.609366 2.010060 -2.437883 -0.495424 -0.791566 1.409902 0.805947 1.702277 -1.054524 0.740133 0.408256 -0.850610 0.187815 -0.270070 -1.601456 -0.211526 -0.208312 -0.944452 0.333619 -0.031016 1.195049 1.183965 -1.964275 0.692290 0.846915 -0.045473 0.329626 -1.196055 -0.485066 -0.765966 0.580002 -0.150246 
0.478896 -0.694914 -1.213270 0.559001 -0.016215 1.563096 -1.244282 -0.501988 -0.784905 1.020156 0.111362 0.441722 0.757985 -1.043482 -0.704721 -0.196424 -0.604092 0.316252 1.232077 0.439838 0.322048 -0.944287 -0.651764 0.801765 0.653027 0.449059 0.591110 -0.191467 0.284049 0.447899 -1.165316 0.111958 -1.626548 -0.140634 -3.122515 -1.103890 -1.264352 -1.954656 -0.356552 -0.403988 -0.247000 -0.231149 0.416683 -0.320792 -0.986983 0.236343 -1.105907 -1.243930 0.995383 -0.523844 0.650257 1.254112 0.201473 0.561225 0.122043 0.935191 -0.889465 0.068493 0.282465 -1.592824 0.899725 -0.848380 -0.232145 -0.184140 
0.079058 0.474332 0.353144 0.363628 -0.854609 0.478534 -1.386067 -1.835536 -0.712690 -0.493395 -0.155306 0.626636 0.064491 0.477893 -1.032452 0.844432 0.536884 0.717936 1.499780 0.126643 -1.212950 -1.265346 -1.378533 0.310006 1.638092 0.388515 0.140391 -1.505035 -1.753214 -1.133045 -0.737907 -0.453885 -1.662691 -0.181562 -0.278950 0.045404 -0.816564 -3.641191 -0.243741 -0.861391 -0.437288 0.531507 0.896399 -0.879391 -0.146734 -0.311229 -1.113002 -0.380978 -0.391339 0.656489 0.251219 1.310698 -0.515408 -0.269404 0.076271 0.504310 0.328822 0.661414 1.018059 -0.866080 -0.863089 -0.391462 0.263264 -0.276005 
0.296085 0.055624 -0.795955 0.358664 -0.159017 -1.112290 -1.494152 -1.422921 0.865220 -0.753049 -0.269307 -1.160771 -0.403335 -0.514104 1.025494 1.168330 -0.211469 0.601338 1.561629 0.319739 -0.560841 0.381627 -2.238762 -1.200308 0.775638 -0.150096 0.304218 -2.247568 -0.985893 -0.535212 -0.225724 0.025926 -1.114462 0.191772 -0.088665 -0.594056 -0.599752 -4.608077 -0.093241 -1.374582 -0.911846 0.098485 -0.843978 -0.861203 -1.347490 0.061807 0.290123 -1.087288 -1.269058 -0.049243 0.116163 -0.047697 -0.899821 -0.111615 1.087071 1.293394 0.747228 1.464814 0.518172 -2.451785 -0.053445 -0.154519 -1.447734 0.336296 
-1.456999 -0.380150 0.135365 -2.219530 0.537216 0.097451 -0.178463 -0.273436 0.197071 -1.500521 -0.076162 -0.552508 -0.076456 -0.247585 -0.633952 0.169573 0.442543 0.084605 1.000814 0.420408 -0.700404 -0.210439 -2.245323 0.741612 1.369244 0.350577 0.177754 -1.055076 -0.157003 -0.502536 -1.589137 0.265500 -1.005281 -0.771024 0.160494 -0.390011 -0.902932 -1.990864 0.802051 -0.035261 -0.517709 0.866681 1.263301 -0.445218 -0.162376 0.328168 0.135239 0.372568 0.154779 -2.216937 0.182490 -0.378745 -1.605354 0.566195 1.670665 0.143116 0.036610 0.541448 -0.512123 -1.573493 0.231484 -0.511446 -2.256233 -0.741185 
0.716704 -0.798888 -0.581932 -3.646676 -0.132678 -0.450177 0.477909 0.411626 -0.775656 -0.370953 0.124560 0.306009 0.564732 -0.289817 -0.837005 -0.568223 0.199683 1.371842 0.643752 1.311987 -0.248741 0.183546 -2.038794 0.638637 0.530628 -1.024530 0.458089 -1.129848 0.638316 -1.480499 -1.050382 0.997501 -0.952887 -0.095681 -0.185708 -0.323658 -0.991961 0.272717 1.137364 0.841531 -0.092284 1.403948 -0.168743 0.450991 -0.882727 1.480186 1.032476 -0.012154 -1.618320 -1.271674 -0.679159 0.704320 -0.939155 -0.101041 1.436633 -2.281708 1.652597 -0.409781 -0.934167 -0.468446 0.351952 0.740707 -2.678735 -0.890568 
0.092638 0.662553 0.259250 -1.933566 -1.234909 -1.470681 -0.104139 -0.026127 1.099644 -1.167497 -0.875678 -0.499391 1.410621 -0.630341 -0.724786 0.744845 0.149997 -0.015515 -1.238161 1.587590 -1.285038 0.639592 -0.511785 -0.356408 0.595121 -0.853537 0.260557 -1.368361 -0.838580 1.379291 -2.176555 1.036490 -0.042045 0.479296 0.621472 -0.355038 -1.216453 1.921872 -1.074037 -0.901262 0.845349 0.809264 -0.188971 -0.969535 -0.044287 1.376493 0.510952 -1.664001 0.792501 -1.838542 -0.817037 0.417961 0.359603 0.402725 1.212911 -2.658745 1.333367 -0.209864 -0.516856 0.161886 1.080020 1.298530 -2.074639 -0.664664 
-0.702302 0.574916 1.170974 -2.114869 -0.501589 -0.278293 -0.637171 -0.427362 2.084386 0.335527 -0.512246 0.215921 -0.223983 0.737694 -0.784825 1.109691 -0.300202 -0.856212 -0.040561 1.001461 -2.647795 -0.613596 0.944300 -1.646711 1.496086 -0.164258 0.519041 -1.144378 -1.817104 -0.137821 -1.961605 0.170925 -1.461074 1.028912 1.377765 -0.538138 0.708929 1.404614 0.667508 -0.354044 0.306850 0.698610 -0.494700 -1.015577 -0.171841 0.392517 -0.797882 -2.476561 0.510947 -2.386464 -1.789921 0.187847 0.848163 0.656578 -0.370246 -2.253708 1.552870 1.419692 1.158585 -0.117164 1.025956 0.961801 -0.422142 0.071566 
0.879226 -0.108203 0.251893 -0.819298 1.291820 0.248598 -0.256265 0.311981 0.179492 0.300726 0.561497 0.691194 -0.792936 -0.388771 -0.428051 0.189614 0.031240 -0.197285 -1.279076 -0.373166 -1.877281 -1.610471 0.418409 -2.196871 1.254230 0.727034 -0.445431 0.409636 -0.259792 0.783051 -0.717586 0.292900 -0.842503 1.204261 0.432068 0.203540 0.029044 -0.288686 1.296552 -1.145258 -0.302987 -0.157966 0.606219 -0.911021 -1.004564 -0.280145 -1.040901 -1.421976 0.430543 -0.596843 -0.431559 -0.320446 0.705842 0.496240 -1.373888 -0.301579 1.642214 1.223837 -0.605302 -0.307160 0.894605 -0.490339 -1.557470 -0.063895 
0.821209 0.698414 0.262682 0.929130 0.367508 -0.637597 -0.650487 -0.300786 1.247807 0.511853 0.630181 -0.549926 -1.360529 -0.994154 -0.776234 -0.226449 0.401525 0.243190 -2.981611 -0.953645 -1.991227 -0.290519 0.953124 -1.508302 1.864914 -0.552824 -0.786062 -0.629248 -0.531906 0.210919 -1.190185 -0.287207 0.193038 1.782228 -0.204149 -0.218805 1.617226 -0.276837 -0.657127 -0.123841 1.057912 -0.030852 0.305762 -1.116639 0.658724 -0.944845 -1.369342 -1.331894 1.087829 -1.288917 -0.199386 0.084839 0.748235 1.150171 -1.402203 -0.069386 1.328197 1.059232 -0.902672 0.370425 1.046390 -0.543040 -0.505865 -0.276181 
0.691961 0.840316 -0.907036 -1.038569 1.055408 -0.909650 0.297905 0.173131 0.322845 -0.783880 0.595947 -0.195481 0.050502 0.307891 1.078224 0.006666 0.896042 0.294194 -1.503784 -0.011707 0.284438 0.317961 0.643523 -1.862749 1.062030 0.179991 -0.446194 -1.690974 0.580900 -0.294977 -0.969698 -1.280987 -0.668561 0.836223 0.115692 0.552902 0.325007 -0.123131 0.568495 -0.716142 -0.413905 0.496164 -0.617627 0.551714 0.227426 0.130175 -1.965328 -1.604585 1.263326 -0.726498 -1.037352 0.991976 -0.597774 0.870212 -0.535083 0.712822 0.166047 0.969495 0.070416 -1.052441 0.736701 -0.655680 0.918674 -0.571082 
0.563220 1.280526 -0.737823 0.314557 0.068923 0.772667 0.062670 0.560490 0.489627 1.052673 -0.447696 -0.988609 0.563218 -0.840884 -0.620393 -0.526382 -0.595650 0.242894 0.441856 -1.824569 -1.338208 -0.842578 -0.173857 -1.801417 0.361460 -0.124987 0.766877 -0.037049 0.891344 0.474724 1.080760 -1.024406 1.429812 -0.488765 -0.802041 -0.208394 -1.164968 -0.029660 0.567042 -1.426236 -0.054190 -0.289841 -0.028155 0.186534 0.251605 0.423089 -0.959223 -0.396398 2.228168 -0.225216 -0.848794 -0.393677 1.130006 -0.514175 -1.465093 1.491601 -1.359886 1.706201 0.791864 -1.383048 -1.074046 -0.662779 1.356753 0.491931 
0.327709 0.518042 -1.349272 1.040937 0.032333 0.371543 -0.851349 0.270349 0.884081 1.273002 0.847910 -0.175369 0.091317 -0.305130 0.043913 1.207106 -0.085903 0.249379 -0.282999 -1.476196 -0.656141 -0.406923 1.277352 -0.213615 0.095209 0.258035 -0.722886 -0.129593 0.446273 0.638642 0.988194 -1.010680 0.132188 -0.268082 0.530096 0.142658 -1.007876 0.320306 1.139267 -0.170290 0.390855 -0.393234 -0.452269 0.724267 -1.434402 -0.066369 -1.526938 -1.257145 0.622276 -1.457322 -0.744949 0.758739 0.001567 -0.902416 -0.968475 0.861266 -1.311492 1.151336 0.333164 0.485603 0.317643 -0.717057 0.376591 0.320841 
-0.342953 0.610850 0.472105 0.645709 1.025600 -0.165327 -1.317762 0.876611 0.156664 -0.089672 -0.407949 -0.272409 0.498743 -1.356274 -1.106798 -0.084326 0.221397 0.634892 -0.610635 -1.515488 -1.152446 -0.019604 -0.128766 -0.859852 0.253940 -0.021552 0.456429 -0.011215 -0.062469 0.206900 1.319786 0.401797 0.676320 0.677023 0.628525 -0.744300 -0.035886 -0.558814 -0.123927 0.567002 -0.815582 -0.457367 -0.863114 0.988997 -0.491360 -0.846169 -0.649798 -0.804546 -0.186538 -1.001914 0.564382 0.724408 -0.366377 -0.176932 0.521473 -0.278963 -1.217272 0.777257 -1.114978 -0.557985 0.470475 -1.193588 -0.714858 -1.190157 
0.154051 -0.362181 -0.075070 -0.718466 -0.467420 1.051633 -0.121690 -0.232701 0.057212 0.261705 -0.052186 0.118353 -0.323056 -0.149090 -0.995323 -0.653329 0.085991 -0.004836 0.592318 -1.201355 -1.052538 -0.793852 0.914464 0.326799 -0.157279 -0.424011 -0.755036 -0.769925 0.738597 -0.724623 0.692556 -0.433598 0.098025 0.665944 0.219534 0.738551 -0.906176 -0.054207 -0.673305 -0.052331 0.204876 0.005094 0.538079 0.581423 -0.027849 -0.330388 -0.362526 0.753186 0.319238 -0.824677 0.672527 0.871511 -0.908784 -0.399721 0.291166 -0.566586 -0.568670 0.840071 0.123436 -0.623003 0.324570 -0.019646 0.761482 0.768787 
-0.195263 0.397437 0.224626 -0.693881 0.297409 0.539019 0.850858 0.052094 0.053959 0.786762 0.641479 -0.830832 0.327340 -0.305437 -0.271776 0.464554 0.016720 -0.137401 0.808313 0.494216 0.062557 -0.566612 -0.562343 0.944787 -0.920704 0.747548 0.887607 0.478041 0.073559 0.642837 -0.672144 -0.425787 0.721561 0.410382 0.546301 0.445171 0.257839 0.982215 -0.007223 0.107063 -0.112292 -0.863324 -0.100870 -0.836779 0.420969 0.083522 0.158434 0.350862 0.918332 0.742027 -0.081421 0.804569 -0.857659 0.764104 -0.145736 -0.364819 0.677807 -0.896094 -0.251080 0.068858 0.715044 0.132376 0.222794 -0.728375 
-0.536715 -0.262237 0.699214 0.702882 0.002992 -0.855871 0.724155 0.927563 0.079312 -0.799237 0.914228 0.759071 0.847183 0.835474 -0.375655 -0.745981 -0.970045 -0.892439 -0.520443 0.692105 -0.125094 -0.085415 -0.379193 0.477951 -0.289554 0.461122 -0.212878 -0.256646 0.814562 -0.482897 0.720581 0.169536 0.418839 -0.034270 0.092978 -0.737126 -0.569097 -0.365645 0.731493 0.199584 0.346410 0.973142 -0.707288 0.466372 0.085819 -0.003368 0.352313 0.624370 0.746498 0.316344 -0.013491 0.038303 -0.823771 -0.850937 0.144719 -0.591668 0.928153 -0.593978 0.914194 0.175383 0.279139 -0.088598 0.185729 0.852003 
-0.059786 0.086947 0.398236 -0.717032 -0.046783 0.628224 -0.431196 -0.217017 -0.765618 -0.008271 -0.795404 -0.346782 -0.580358 -0.338603 0.679373 0.296915 0.726066 0.705863 0.628285 -0.713920 -0.995300 0.869259 0.924741 0.681326 0.032258 -0.051912 -0.198461 -0.082552 0.102511 0.264622 -0.320170 0.568651 0.982360 0.050996 0.266274 -0.695303 0.292032 0.556079 0.483322 0.351299 -0.624498 0.687124 -0.206214 -0.233680 -0.280192 -0.000763 0.482223 0.845759 -0.011139 -0.154494 -0.544240 0.970464 0.732782 -0.501511 -0.872433 -0.793329 0.835134 -0.941404 -0.055940 0.974121 0.761284 -0.041536 0.119731 -0.908994 
0.673619 0.878604 -0.853235 -0.487181 0.451623 -0.114790 0.602170 -0.929565 -0.248492 0.603221 0.940115 -0.461983 -0.936425 -0.760470 -0.379083 -0.698894 -0.154519 0.256893 -0.682684 -0.977192 -0.970270 -0.527765 -0.226270 0.431833 -0.515183 0.806064 -0.347165 0.926737 0.014098 0.193851 0.223345 0.761807 0.473741 0.633482 -0.727028 -0.368518 -0.242957 -0.857891 0.859863 -0.323948 -0.332059 0.325387 -0.612238 -0.655676 0.810013 -0.327485 -0.299114 -0.709946 -0.081593 -0.450080 -0.121311 0.907998 -0.126991 -0.464749 -0.316845 0.366055 0.446980 0.323102 0.033727 0.922986 0.834571 0.288828 0.527330 0.488337 
0.219357 0.508750 -0.239501 0.966976 0.815348 0.959255 0.012434 0.236312 0.709179 -0.426084 0.566473 -0.875615 -0.266103 -0.307573 0.192180 0.977895 0.164939 0.394930 -0.350360 -0.261928 0.579960 0.112967 -0.502592 -0.365378 0.475716 -0.212570 -0.952622 -0.342164 -0.284046 -0.339477 -0.620745 -0.274825 -0.097969 0.643223 0.429995 0.309691 -0.360148 -0.135058 0.489605 0.292529 0.908916 0.958449 0.893805 0.278347 -0.150439 -0.389772 0.302858 -0.829296 0.826829 0.545604 -0.178382 0.205453 -0.017478 -0.072465 -0.315197 -0.835786 0.615369 0.432199 -0.634543 -0.484588 0.186686 -0.293497 0.978132 0.503123 
-0.029167 0.354912 0.257230 0.138386 -0.687282 0.894829 0.537941 0.240952 0.209230 -0.048112 -0.464368 0.005308 0.515642 0.161452 -0.831222 -1.055726 0.394660 0.725826 0.387057 0.662020 -0.254893 -0.269122 0.646117 -0.850513 0.233499 0.622017 0.659861 -0.178288 -0.509201 -0.067417 -0.937451 -0.754773 -0.707738 0.084656 0.096263 0.393322 0.704698 0.186071 -0.787703 -0.592381 -0.115881 0.560982 0.361661 0.801040 0.304986 -0.669383 -0.520971 0.707765 -0.209283 1.185439 0.750562 0.186817 0.638147 0.645735 -0.001052 -1.094449 -0.768108 -0.280988 -0.978313 1.215027 -0.223860 -0.043106 0.093356 -0.410928 
0.750018 0.627223 1.379733 0.815150 -0.562048 -0.270487 -1.015551 -1.342124 -0.522145 -1.264430 0.499540 0.763496 -0.868203 0.552528 0.178284 0.110227 0.463760 0.015974 0.129597 0.985521 0.198657 0.714129 0.712591 0.614570 -1.019564 0.113026 -0.446114 -1.343230 0.549565 -0.613639 0.678937 0.462027 0.074142 -0.363346 -0.263605 -0.016486 -0.672461 0.260990 -1.001889 0.909567 -0.320798 0.071158 0.955832 -0.011435 0.762654 -0.665883 -0.403911 -0.409548 -1.180789 0.319182 -0.687437 0.619663 1.087081 0.175681 0.671980 0.294776 -0.516798 -0.371211 -0.801087 1.428784 0.703846 -0.081931 0.984082 -0.638684 
0.051520 -1.033513 1.123640 -0.631034 -0.123119 -0.711829 -0.161568 -0.010364 0.549014 0.501306 0.687030 -0.853147 0.773512 -0.455653 0.023543 0.175344 -0.472348 0.502899 -1.088345 1.457754 -0.673949 0.916191 1.912076 -1.019611 -1.033926 -0.030318 -0.326803 0.289848 1.105140 -0.312713 0.107423 -0.320224 -0.564699 -0.678250 -0.753251 -0.166613 -0.730497 1.229067 -0.108370 0.003534 -0.179913 -0.702389 0.102070 0.040229 0.344961 -0.510301 -0.000889 0.742971 -1.566063 -0.278127 -1.039494 -0.742390 -0.658811 -0.136574 0.224073 0.678565 -0.991960 0.183189 -0.452474 -0.017049 0.449312 -0.585049 -0.005621 0.990289 
-0.074327 -0.067033 1.844640 0.844133 -0.897529 1.248532 -0.387630 0.237703 -1.224231 -0.074967 0.571187 -0.221176 -0.253749 0.316339 0.417544 -0.093780 0.346689 0.933321 -1.282447 1.021006 1.958364 1.814184 0.801485 0.816927 0.118812 -1.188793 0.631721 -1.017555 0.896290 0.700312 -0.382244 0.190893 0.607731 0.567077 0.045294 0.196760 -0.621138 0.747487 -0.615128 1.425786 1.536341 -0.069241 0.719438 -0.026756 -0.431403 0.322529 0.761453 0.445690 0.455232 -0.929933 -1.161050 0.729599 1.286578 1.415643 0.869079 -0.156936 -0.245874 0.232782 -0.037714 1.388580 0.203178 -0.435602 -0.531742 0.829783 
0.434823 -1.477693 1.004564 0.225690 0.382027 -0.049397 -0.346514 -0.437063 -1.398038 -0.596730 0.113533 -1.129270 -0.879887 -0.985439 0.379754 -1.545089 0.102019 -0.146143 -0.372794 0.295783 -0.703757 0.116268 0.797537 0.358390 0.037584 -1.445518 -0.465190 -0.693804 1.930689 -0.546790 0.442212 1.194487 0.232391 -0.138795 0.700695 -0.160978 -0.498825 0.537964 0.209151 1.283454 0.733478 -0.064873 -0.082442 0.447990 0.568340 -0.365355 0.973631 -0.527397 -0.117840 0.607079 -0.664449 0.261448 -0.322450 2.021632 -0.543486 -0.126819 -0.184915 0.818481 -0.493803 0.891171 1.129694 -0.771812 -0.683241 1.051910 
0.651761 -1.382940 1.316512 -0.070213 0.223015 -0.336559 -0.926084 0.126672 -1.270068 0.336427 0.564729 -0.921032 0.272185 -0.146506 -0.601682 0.317487 -0.335291 0.614454 1.155366 0.462026 -1.022080 0.000174 0.464276 1.570812 -0.406163 -1.976784 -0.783609 -0.703271 2.292692 1.201653 0.218755 -0.495177 1.051727 1.044343 0.318908 -0.031092 -1.677382 1.335008 1.316957 0.045912 -0.571058 -0.472118 1.030773 -0.455836 -0.340907 -0.340328 -0.469707 0.670910 1.678198 -0.532427 -0.895588 -0.954983 0.225670 1.841278 -0.472964 0.185565 -1.000935 1.138139 -0.303536 0.367319 1.010331 -0.114858 0.738798 -0.175442 
-0.366719 -0.408004 -0.359782 -0.675845 0.437583 0.148913 -1.814876 0.673866 -0.471070 0.349535 -0.422417 -0.793963 0.844719 0.649058 -0.993997 -1.925391 0.522352 0.035438 0.688629 1.000678 0.047940 0.731438 -0.034812 0.921957 0.613678 -0.431005 -0.598055 -1.898846 -1.007596 0.809876 -0.045920 -0.955595 0.430024 1.268291 -0.902602 -0.857902 -1.120207 1.338578 0.572982 0.862387 0.107438 0.188869 0.513956 -0.698981 -0.814589 -1.081063 0.117792 -0.206864 0.751211 -1.090220 -0.341696 -0.001875 0.105932 0.200731 0.182794 0.084454 -1.247083 0.327371 -0.941663 0.570371 0.881660 -0.439827 -0.968479 -0.129171 
0.092543 -0.722296 0.667012 0.351451 1.211032 0.835719 -0.876907 1.105616 -0.537675 1.354760 0.353459 0.973109 0.025532 0.471968 0.321869 -1.455034 1.273646 -0.439900 0.665072 0.739262 -0.764276 0.363451 0.099844 0.399396 1.223936 -0.144196 0.516444 -1.954883 -0.495552 -0.717562 -0.395054 0.654129 -2.024269 3.423801 -1.843991 0.707685 -0.986747 0.556692 0.463833 -0.202254 1.263001 -0.937790 0.018950 -1.180212 0.047349 -0.268356 -1.420823 0.563145 -1.217055 -0.618849 0.197932 -0.141943 0.516998 0.235713 -1.002165 1.106555 -0.775830 0.176508 -0.403256 -1.016879 -0.749810 -0.013237 -0.812814 0.990888 
0.225784 -0.224044 -0.678140 0.277785 2.273177 -0.289703 -1.397945 0.322581 -0.653030 0.172923 -0.517940 0.482721 0.072998 -0.496692 -1.966936 -0.936806 0.719819 0.267790 1.785863 -1.091461 0.340097 -0.525720 0.857793 0.723771 0.649093 0.999196 1.206943 -1.224742 -0.799614 0.405271 -0.666602 -0.407210 -2.674882 1.112873 -1.412904 -0.187108 0.334198 0.230393 1.381637 -0.292706 0.147097 -0.897317 0.496814 -1.293325 -1.228340 -0.218429 0.141367 -0.061291 -0.136850 -1.605414 0.155464 -0.987320 -1.085655 -1.112811 0.028639 0.258502 -0.981783 0.307654 0.001336 -0.863824 0.408886 -0.468878 0.139279 0.820362 
-0.265705 0.941669 -0.366951 1.445494 1.068934 0.696984 0.660824 -1.015410 -0.852171 0.168644 0.889461 -0.510023 0.060401 0.224190 -0.428150 -1.174741 -0.815004 0.488027 2.689726 -0.258937 -1.347423 0.022682 0.532914 -0.416600 0.263221 0.800558 0.755320 -1.630197 0.520275 0.224786 -2.104753 0.471757 -2.977125 -0.102049 -0.766873 -1.168444 1.508869 -2.228268 0.670990 0.505346 -0.755181 -0.439064 -0.194512 -1.236931 -1.028245 0.395846 -2.669602 -0.276681 -0.295404 -0.703835 1.147541 -0.401669 0.313867 0.335283 -0.114184 -0.201891 -0.634556 -0.224384 0.689128 -0.191584 0.254861 -0.752116 -0.102056 -0.891121 
0.613520 -0.265832 0.475380 1.261504 0.149003 -0.218211 0.328447 -0.961975 0.436794 -1.112191 1.086099 0.941899 0.634864 0.755746 0.341293 -2.146812 0.151112 -0.373425 0.112746 1.094193 -0.794845 -1.528069 -1.130535 -0.074083 0.902931 -0.747836 0.770621 -1.383688 1.339109 -0.264218 -2.128361 -0.756096 -0.630056 0.148398 0.480236 1.120708 -1.411643 -5.034889 1.533600 -1.747282 -0.036767 0.147073 -1.513855 -1.092439 -0.614593 1.539109 -1.663961 -0.428070 0.755547 -1.539283 1.893174 -0.079954 -0.567011 -0.805030 -0.612722 0.269730 -0.107912 0.161043 0.575812 -0.404139 0.459211 -0.321390 0.408275 -0.164900 
0.187243 0.284898 -0.581965 -0.450793 0.552020 -1.131550 -1.308063 -2.098577 -0.203679 -1.248424 -0.477240 0.232374 -1.128495 -0.437269 -1.067267 0.671063 0.243370 0.757977 0.525962 0.308727 0.728476 -2.241080 -2.186357 0.544055 -0.359958 0.960671 -0.496546 -0.788022 -0.519693 -0.033534 -0.588258 2.175363 0.202242 -0.588832 1.886924 -0.053558 -0.051166 -2.898488 2.039240 -0.443442 0.327088 -0.710316 -0.783568 -0.808659 -0.752188 -0.017494 -0.423782 -1.802194 0.983404 -0.349131 1.875745 -0.066951 -0.853408 -0.551108 1.044193 0.055370 0.957366 0.219051 -0.259523 -1.050692 0.489430 0.392128 -1.029543 -0.544051 
0.043916 -0.717714 -1.244432 -3.890989 -0.233231 -0.639119 -0.084787 -0.901901 0.059697 0.813519 0.121259 0.352167 -0.882025 -1.714432 -1.364460 -0.540294 -0.343004 -0.259515 0.638541 -1.503080 1.088934 -0.305936 -3.402999 0.703491 1.476130 -1.147799 -0.681866 -0.759773 -0.401889 -1.307824 -0.981368 0.635619 -0.653451 0.301577 2.028144 0.803516 -2.410794 -0.067099 1.292488 1.327795 0.528476 -0.102356 0.240230 0.256887 -1.785036 1.816618 -1.370462 -1.896255 1.048815 -2.337372 0.936942 0.443939 -2.334044 -1.216485 1.543944 -0.461827 0.908886 -0.474435 -1.326235 -0.889538 0.245996 -0.367946 -0.412583 -1.106562 
0.105492 -0.209343 0.140998 -3.412862 0.338550 -0.514662 -0.843212 -0.088165 -0.185327 1.442855 -0.163659 0.504404 1.300709 -0.709793 -0.629143 -0.088110 1.467761 0.392026 -0.599898 -0.216264 -1.417939 -0.460076 -2.049119 0.176202 0.359811 -0.900026 0.126503 -0.295943 1.275154 1.695606 -2.702923 0.146746 -1.148367 0.227707 1.029735 -0.798748 -1.745038 0.391824 0.525525 -0.867802 -0.291774 1.006436 -0.558476 -0.946087 -2.012629 -0.238984 -0.352153 -1.866576 -1.086410 -0.709484 -0.636543 -0.375751 -1.348750 -1.054702 1.306575 -2.481662 -0.554771 -0.159073 0.053922 -2.155002 1.433525 -0.746636 -1.164352 -0.840265 
0.006101 0.001496 0.946217 -1.703686 0.528392 0.100137 -0.603286 -0.331541 -0.189937 -0.619053 -0.864512 1.107781 0.367394 0.693858 0.883404 0.569144 -0.078604 -0.638782 -1.188412 -0.900941 -3.390063 0.608282 -0.470517 -1.246313 -0.434114 -0.704241 0.028503 -0.587619 0.710004 1.489462 -3.039437 -0.970066 -0.030251 0.577191 -0.128293 -1.253542 -1.009096 1.350587 0.916643 0.342245 0.384758 0.331467 -0.117269 0.374833 -1.406688 -0.287541 -0.846983 -1.922631 0.420721 -1.299165 -0.893958 -0.659051 -1.012454 0.134672 0.578483 -1.848650 -1.749224 -0.738119 -0.622543 -0.942591 0.223405 0.653778 -0.500255 0.517687 
0.018663 0.641093 0.824451 -0.512935 0.653659 -0.618717 -1.367230 -1.424026 -0.169517 1.381400 -0.879539 -0.175750 -0.735566 -0.535307 0.178134 -0.246875 0.145009 -0.718597 -2.098563 0.320936 -2.496221 -0.903218 -0.970842 0.488481 1.115564 -0.801136 -0.148770 -0.274815 -0.271568 -0.316355 -1.896782 -0.913388 -1.031154 1.375426 1.355471 -1.410782 0.086605 0.133445 -0.574053 -1.608291 0.305442 0.614949 -0.003001 -0.466041 -0.244645 -1.094615 -2.582079 -1.454287 -0.330560 -1.904341 -1.138067 -0.321922 0.196939 -0.896650 0.410191 -1.201573 0.303501 0.233595 -0.812246 -1.253595 -0.024583 0.560680 -1.681814 -0.658722 
-0.175513 0.348355 0.188425 -0.014000 0.895451 0.104380 -0.460474 0.635549 0.493018 0.800563 0.197961 1.524422 0.330567 -0.851326 -0.643909 -1.180655 0.716442 -0.404341 -1.719571 -1.162371 -2.677086 -0.117685 0.552516 -0.862268 -0.492004 -0.586242 0.616351 -0.940231 1.171521 0.757134 -0.910891 -2.008477 -0.165526 1.450502 1.300317 0.112975 -1.267689 1.252615 0.111551 -1.405963 -0.324502 -0.203212 0.073467 0.488135 0.434704 -0.488168 -3.010011 -1.142964 1.518536 -1.715249 -0.448539 -0.476697 1.874349 0.518030 -0.761681 -0.383679 0.687040 0.664284 -0.308475 0.073860 0.668249 -1.014939 -0.381605 -0.520362 
-0.491711 -0.265713 2.036865 -0.106892 0.154676 -0.584660 0.182545 -0.980534 0.734957 2.207270 -0.139946 0.645627 -0.593190 0.825149 -0.893407 -0.847125 0.195859 0.084113 -1.342403 -0.811924 -2.547270 -0.623531 -0.690992 -2.087525 0.444545 0.719228 0.983496 -0.581541 0.342635 0.656287 -1.822168 -1.875968 0.814319 2.111494 -0.006086 -0.202561 0.848542 0.572976 -0.781303 -2.123702 0.247614 0.412050 -0.382239 -1.536096 0.930326 -0.696291 -1.574673 -1.452889 1.562821 -1.587196 -0.372331 -0.562229 0.637563 0.586677 -1.872508 0.446240 0.135597 0.072947 0.746906 -1.129281 -0.067037 -0.725583 -0.945486 -0.850548 
-0.103533 -0.400353 -0.048616 -1.110169 0.165392 0.668189 0.339566 -1.611845 -0.348137 1.546864 0.707999 -0.309572 0.698216 1.590209 0.270619 0.622361 -0.061926 -0.294152 -0.828502 -1.144784 -0.002205 -0.372072 0.244094 -2.076663 -0.509362 0.202592 1.166033 -1.232714 0.131464 -0.019888 -2.219520 -3.019464 0.464812 0.182169 -0.044965 -0.892745 1.657361 0.235621 -1.905362 -1.327955 -0.337182 -0.853762 0.739940 -1.350704 0.096672 -1.319340 -1.466587 -0.335745 3.482728 -0.889181 -1.392983 0.383666 -1.038902 -0.056953 -1.413618 0.902522 -1.521649 0.131113 0.509506 -1.153252 -0.100642 0.635173 -0.931169 0.057539 
-0.981797 0.147157 -0.996112 0.760011 0.737343 0.354446 0.381264 -0.533678 -0.339354 0.646229 0.598984 -0.082702 -0.132684 -0.445535 0.253994 -0.110495 -0.295240 -1.202362 0.433955 -0.296891 -0.588044 0.232601 -0.036987 -2.235022 -1.695855 0.980831 0.216988 -1.146544 1.409499 1.144754 -0.573011 -2.343702 1.911213 -0.541858 -1.101433 -0.126428 -0.773144 -0.869012 -0.005780 -0.692079 0.115875 -0.216337 -0.058603 1.107070 0.130340 0.308456 0.596878 -1.888520 2.855621 -0.993166 0.336270 0.473634 -0.302180 -1.416237 -1.276763 1.348381 -1.411699 0.459178 0.738782 0.354227 0.068638 -0.199997 0.855462 0.219499 
-0.571736 0.145437 -1.017254 0.963839 -0.895719 0.635545 -0.130441 0.684547 0.175874 1.497137 1.392329 -0.877841 -1.109083 0.451882 0.882328 1.436467 0.900768 -0.403985 -1.641393 -2.080287 -0.056503 0.122561 -0.737260 -1.419524 -1.523693 2.078159 -0.614460 -0.631117 0.052478 -0.665490 0.089772 -0.981037 -0.594683 -1.294503 1.044312 -0.949158 -0.729042 -1.125143 1.027691 0.402223 0.667567 -0.534646 -0.878192 -0.366207 -0.112607 -0.809490 -0.896638 -0.943203 -0.071892 0.544518 -0.074470 -1.136349 1.638776 -0.217731 -1.387983 1.129856 -1.268538 1.107589 -0.692612 -0.726403 -0.268809 -0.497677 -0.852423 0.905773 
0.650876 -0.187543 -0.582524 0.864777 0.509816 1.712496 -0.823809 0.600938 0.226203 1.047827 0.323876 -0.114981 0.087772 -0.199610 0.185234 0.885369 1.643381 0.816049 -0.611030 -1.083468 0.086817 -0.937120 -1.111235 -0.718427 -0.064116 0.002146 -0.218058 0.595330 0.629824 0.152303 0.663443 -0.488880 -0.048781 0.259466 -0.103791 0.269154 -1.144446 -0.136104 -0.895732 0.113443 -0.445579 -0.764038 0.695208 -0.359773 0.375473 -0.027213 -0.449677 0.752530 -0.073185 -0.544009 0.785579 0.554017 -0.474434 0.238061 0.084225 0.992503 -1.079680 -0.477487 -1.327974 -0.870575 0.022707 0.660846 -0.550370 -0.505846 
-0.107113 -1.250044 0.416386 -0.068719 0.322709 1.032132 -0.736068 -0.254616 -0.587468 0.922141 1.101432 0.530434 0.931968 0.276789 -1.189626 0.099951 0.065822 0.371416 -0.474886 -0.032496 -0.420362 0.368030 -0.020542 -0.394044 0.268571 -0.118391 -0.767483 0.810561 -0.281597 0.140479 0.382573 -0.347542 -0.656397 -0.101952 0.404540 -0.706028 -0.687022 -0.191881 -0.794767 -0.516060 0.054160 -0.614334 -0.449505 0.614590 -0.042438 0.358880 -0.039828 -0.285751 -0.443513 -0.016152 -0.020867 0.467426 -0.204360 -0.855032 0.303363 -0.288644 0.374681 0.179525 -0.297438 0.461683 0.492976 0.140007 0.334391 -0.719165 
0.706916 -1.150343 -0.740887 -0.046698 0.346130 -0.499783 -0.843014 -0.665537 -0.442962 -0.730326 0.146781 0.870479 0.265274 -0.117940 1.010983 -0.530254 0.331646 0.017129 0.042278 -0.708832 0.864925 -0.698958 0.896363 -0.349483 0.521620 0.302889 -1.032248 0.890008 -0.550725 -0.415291 0.918221 0.169119 0.759177 0.033768 0.409993 0.007470 -0.243622 0.947144 0.157384 0.871633 -0.483144 -0.873518 -0.548764 -0.572644 0.465507 0.957071 -0.484582 -0.744976 -0.809073 -0.540080 0.224693 0.342695 -0.538877 -0.699933 0.924321 0.828587 0.333861 0.305670 0.855926 0.592875 -0.257136 0.350682 -0.657220 -0.654805 
0.590046 0.967049 -0.908626 0.263882 -0.990663 -0.204207 -0.367400 0.574322 -0.096418 0.288111 -0.510911 0.490407 -0.969554 0.910089 -0.663612 -0.760447 -0.191210 -0.720170 -0.765173 -0.551831 -0.512380 0.391817 -0.046787 0.821671 0.196085 -0.921673 -0.471766 0.763147 0.661934 -0.237010 0.362343 0.730472 -0.160987 -0.911831 0.211991 -0.816366 0.571264 0.202741 0.816613 -0.568957 0.065371 0.301748 -0.485328 -0.211912 -0.408507 -0.626106 0.150270 0.349889 0.039147 -0.183894 -0.851456 0.099364 -0.044988 0.478558 0.907527 -0.411980 0.644254 0.146100 0.663036 -0.225663 0.683389 -0.245986 0.917171 0.298844 
0.429851 0.881467 0.984248 -0.574986 -0.334810 -0.170905 0.700552 0.910453 -0.062840 0.232887 -0.816826 0.361791 -0.919200 -0.114594 -0.137641 -0.063325 -0.006806 -0.910397 0.671010 0.300057 0.132603 -0.527239 0.769911 0.799134 0.863582 -0.774672 0.442800 -0.457113 0.643325 -0.897456 -0.483349 0.819940 0.776589 -0.302429 -0.510863 -0.994224 0.507948 0.599740 0.077548 -0.798887 -0.321018 -0.016699 -0.886281 -0.886330 -0.158054 0.155350 -0.068735 0.062471 0.245657 0.107295 -0.657724 0.050573 0.888636 -0.632269 0.197668 0.702847 0.139421 0.771567 -0.261516 -0.388062 0.486895 0.577490 0.571003 -0.434903 
-0.498243 0.298008 0.779440 -0.344277 0.602893 0.456797 -0.438665 0.915083 -0.224631 0.568966 0.682718 0.142282 -0.493814 -0.093684 -0.557280 -0.735505 -0.412041 0.890559 -0.487906 0.793316 0.405835 0.096541 -0.280485 0.359916 0.132703 0.316729 0.481002 -0.951902 -0.525745 0.917222 0.319957 0.370124 -0.393710 0.029681 0.513862 0.555761 0.789389 -0.559538 -0.416812 -0.681285 -0.970662 0.125599 0.122205 -0.517212 0.845899 0.915486 -0.270322 0.665354 -0.855699 0.593839 0.347609 -0.545067 0.158947 -0.248740 -0.338268 -0.713842 0.800107 0.530385 -0.759814 0.525102 0.119818 0.943719 0.809562 -0.337794 
0.382593 -0.400045 -0.654216 0.588870 -0.818494 -0.295838 0.385092 0.054131 0.552711 -0.217417 0.450567 0.488051 0.181773 -0.884261 -0.251273 -0.151447 0.364610 -0.655634 -0.151565 0.679821 0.959285 0.431936 0.137346 -0.372131 0.411045 -0.920315 -0.515732 0.207691 0.343663 -0.430625 -0.119274 0.347640 -0.629710 0.703045 0.527331 -0.144838 -0.781992 -0.732944 -0.038662 -0.104724 -0.160730 -0.214614 -0.543898 0.210605 0.927354 0.234271 0.119673 -0.579578 -1.001964 0.430318 0.694796 0.609646 0.957313 0.286499 -0.809391 -0.235069 -0.530096 0.724880 -0.661151 -0.069345 -0.747781 -0.317892 -0.654857 0.101818 
0.753590 0.147546 0.639849 0.678115 -0.304356 0.693377 0.161909 -1.178025 0.375048 -0.785270 -0.028496 -0.899310 0.294642 0.642514 -0.376515 -0.371890 -0.923975 -0.145391 0.489256 0.928252 -0.394574 -0.431098 0.551215 -0.546008 -1.095985 -0.749907 -0.054858 0.814075 -0.421798 0.363250 0.058988 0.598104 0.061370 -0.132550 -0.115427 0.027377 0.580024 -0.508045 1.059671 0.060459 0.918281 1.017991 -0.904166 -0.603405 -0.246397 -0.368725 0.133923 0.515913 -1.171164 -0.047605 -0.200825 0.833127 -0.653656 0.886314 -0.349814 -0.745863 0.116635 -0.357475 -0.789882 0.414433 0.795954 0.555120 0.323131 -0.759132 
1.012639 0.170353 1.638345 -0.581070 -0.665039 1.301730 -0.925355 -0.927576 0.408419 -0.608736 -0.600218 0.466392 -0.482083 0.490353 0.551398 -0.963571 -0.469752 -0.293891 -0.094026 1.294517 0.741814 -0.031787 0.487392 -0.672075 -0.081473 -0.406619 -0.949973 0.009799 0.312358 -0.197439 0.294219 0.045296 1.115856 0.388617 0.006102 -0.945198 -1.011919 0.182611 0.617595 -0.164546 -1.133068 0.638922 0.335991 0.004592 0.013089 -0.518639 -0.109133 -0.336635 -1.005234 0.118146 0.609744 0.123830 -0.069443 0.232002 1.068225 0.649857 0.100597 0.661036 -1.138820 1.537665 -0.002128 0.412760 -0.603375 0.844573 
0.220848 -0.649258 1.672138 -0.448659 -1.064654 -0.231205 0.354142 -0.008548 -1.123566 0.908821 0.963704 0.301976 0.508590 -0.621131 -0.417874 0.206160 0.319147 0.979680 -1.785569 0.435071 1.318903 1.283025 -0.008184 0.106265 -0.407822 -0.132360 -0.903451 -0.117635 1.175961 1.271839 0.445522 -0.529473 -0.214346 -0.020936 1.038140 -0.362243 -1.267232 0.995059 -0.382951 0.316443 -0.071032 -1.397808 0.178754 0.657981 0.651578 0.019189 -0.230394 -0.169472 -0.329781 0.513119 0.421079 -0.126801 -0.628005 -0.414807 0.036229 -0.922146 0.296454 0.168901 0.027489 1.251290 -0.123980 -0.921662 0.957101 -0.439442 
-0.818400 0.327132 1.474403 -0.089774 -0.901211 0.938820 0.464862 -0.626304 -0.207836 1.067205 0.369910 -0.609318 -1.078216 -0.429785 0.300628 -0.319280 -0.062526 -0.053508 -0.399822 0.291071 0.508934 1.057973 -0.224228 0.935994 -0.294177 -1.273770 -1.223763 1.073606 0.822229 0.441574 0.540231 -0.673842 -0.798511 -0.240916 0.154275 0.378411 0.716355 0.797694 -0.406418 0.332435 1.414858 0.586278 -0.009133 -0.036883 -0.707368 -0.572354 1.130633 0.951572 1.252685 -1.448074 0.077532 0.552992 0.909026 0.155448 0.366027 -1.265380 0.415668 0.532655 0.815261 0.821218 -0.193837 -0.959783 0.581486 0.643995 
0.041341 -0.426191 0.621650 0.341847 -0.814500 2.038744 0.091292 1.234697 -0.063401 -0.329274 -0.682068 0.189396 -0.429161 -0.000806 -0.744998 -1.351433 0.200718 -0.550668 -0.934760 1.273944 -0.358038 -0.879260 -0.476751 1.152181 -1.545889 -0.102930 0.109491 -0.570384 1.709233 0.803642 0.031997 -0.274735 0.006115 0.731999 -0.295442 -0.059187 -0.199828 1.621069 0.977980 0.076654 0.806825 0.382224 0.620058 -1.362957 0.383916 -0.930372 0.660100 0.133039 1.185428 -0.945018 -1.875568 0.021648 0.080575 1.721879 -0.373327 -0.797379 -0.351709 1.234254 0.141396 0.790033 -0.298338 -1.702283 1.380860 -0.258554 
0.498822 -1.610156 0.222369 0.026403 -0.091174 1.146593 -0.396184 1.088646 0.571818 1.389857 0.378145 0.569966 0.523686 -0.568501 -0.832276 -0.893667 -0.395209 -0.242701 0.561932 1.346449 0.378168 0.408808 -1.244852 1.570251 0.156679 -1.328494 0.010266 -0.477934 1.569910 0.927972 -0.269676 -0.883808 -1.104343 1.305591 -0.564315 -0.663767 -2.726240 1.518021 0.014245 -0.117467 0.454502 0.593653 -0.438377 -0.917764 -1.150083 0.119410 1.354634 -0.081596 1.043692 -0.739087 -0.386649 -0.315277 0.373638 0.243826 0.791299 -0.014161 0.720680 -0.336279 -0.553497 0.677841 0.837215 -0.863626 -0.686894 1.171826 
0.193265 -0.359161 -0.004739 1.148651 0.438039 0.289156 0.530473 -0.611632 -0.344238 1.040877 0.298655 0.736572 0.874231 -1.312069 -0.367894 -1.981327 -0.397035 0.973919 1.775098 1.297872 -0.858369 0.342047 -1.700312 1.251948 -0.718945 -0.949881 -1.222657 -0.311726 0.617378 1.102457 -0.259419 -0.530853 -0.549315 0.746783 -0.989802 -1.309674 -0.588696 1.049477 0.138631 0.725326 -0.055028 -0.191343 -0.261813 -0.513143 -1.254975 -0.742960 -0.085781 0.001723 -0.320738 -0.156237 -0.806195 0.318943 0.617546 -0.848942 -0.578828 0.778076 -0.248574 1.428789 -1.335100 -0.813059 -0.403310 -0.654706 0.821044 1.568137 
-1.117586 -0.835500 -0.453852 -0.260074 0.733021 0.761260 -0.251123 -0.538195 -1.458306 0.427897 -0.712312 0.823760 0.451163 -0.480334 -1.536673 -0.933320 0.642176 0.314750 0.818471 0.793967 1.043498 -0.844861 -0.736801 -0.260797 0.283343 -0.366587 1.037421 -0.548746 1.272920 0.666220 -0.662456 -0.825973 -0.554418 0.942362 -1.667298 -0.484309 0.645482 0.718955 0.046776 0.540783 0.059751 0.362974 -0.952946 -1.489842 -0.327471 0.035300 -0.806107 0.293467 -0.810610 0.416329 -0.371730 0.609825 -0.621746 -0.415575 -0.906735 -0.025362 -0.300096 0.121317 -1.258354 -0.134239 -0.390165 -0.967895 0.044684 -0.502257 
-0.203909 0.233301 0.071111 -0.260409 2.310893 0.069464 0.956583 0.656854 -0.477982 -0.219589 -2.000285 1.161465 0.911782 -0.339297 -1.361320 -1.491509 0.111561 0.887527 2.869021 -0.426783 0.213448 0.032469 0.991464 -0.219800 -1.297983 1.348332 1.368532 -0.134089 2.435512 -0.041683 -0.120370 1.093192 -2.045325 0.649034 0.029723 -0.430727 -0.376976 -0.369733 1.278683 -0.989631 0.512503 0.583389 0.518377 -1.521134 -0.197326 0.608078 -0.390644 -0.158852 2.203448 0.429595 0.983908 -0.802742 1.252889 -1.916140 -0.407139 0.567801 -0.704407 -0.473673 1.105254 -0.432332 0.761032 0.493145 -0.004668 1.128203 
-1.598081 0.038433 -0.259431 1.570138 2.081157 1.575671 -0.031905 0.799338 1.226511 -0.755460 -1.414256 -0.442998 0.573347 -0.417325 0.304170 -0.643411 0.270727 0.585147 -0.306187 1.194618 -0.202589 0.737768 -0.079975 -0.665630 -0.893085 1.455599 0.359249 -1.155193 1.633587 -0.216501 -1.322624 0.168485 -2.538823 0.636180 -0.964845 0.457245 0.473592 -3.272452 0.891760 0.246935 0.314371 -1.173509 1.504822 -2.132832 -1.947216 1.389076 -1.347737 -0.883622 1.568626 -0.619032 0.567914 -0.565359 0.073830 -2.217237 -1.424084 1.857195 -1.088813 0.876345 0.441818 0.616310 -0.820591 -0.137370 1.598360 0.207544 
0.526147 0.306723 -0.224512 0.228546 0.118016 -0.998517 0.992271 -0.192975 2.219108 0.250879 -1.051599 -1.444327 0.345914 1.213636 -0.084262 -1.555387 0.696056 -1.031734 -0.538722 0.988916 2.025367 -1.627094 -1.652265 -0.938060 0.101505 0.507682 -0.165015 -0.436559 0.913552 -1.237537 -1.211379 0.081050 -0.763265 0.359650 -0.762621 0.101351 -1.940442 -3.487048 0.400764 -0.430620 -0.456482 -0.205560 0.950963 -0.282588 -0.129490 0.868183 -0.026489 -0.895475 -0.198884 -0.501242 0.672831 -1.721346 -0.013804 -0.665968 -1.186519 0.763960 -0.444624 -0.020410 1.505084 1.267824 0.303831 -0.930337 -0.993997 -0.254202 
1.009256 1.255086 -0.260146 -2.217442 0.057918 -0.934462 0.259044 -3.252414 1.228143 -0.952982 1.971748 -0.846117 0.232069 0.240762 -0.593984 -2.340008 -0.813568 -0.408319 -0.536015 0.675003 3.691352 -0.584732 -2.061856 0.839560 -0.782206 0.481759 0.420003 -2.156391 1.602461 -0.784926 -1.007567 -0.082660 -0.318724 0.013397 -0.666162 0.293263 -0.805633 -1.751774 0.499713 0.150703 0.709994 -0.493829 -0.089528 -0.455381 -0.294524 -1.196084 0.823482 -1.307156 0.527784 -0.911215 -0.284206 -0.704000 -1.011362 -0.318225 -0.100747 1.517411 -0.339892 -0.626238 -0.899369 -0.806753 1.318536 -1.678190 -0.994704 -0.290665 
0.433218 -0.702767 1.481716 -3.137746 -0.608759 0.277152 -1.029094 -0.190483 -1.139442 0.816881 0.902964 0.742796 -1.455611 0.180492 0.746632 -0.505925 0.586562 0.593107 -0.697956 -0.428831 2.285622 -0.104148 -2.540151 0.095447 0.118440 0.464460 0.932217 -2.549094 1.665487 0.570006 -2.365700 -1.998835 0.582017 0.063730 0.923877 -0.667562 -1.261475 0.272798 1.315055 0.023169 0.209364 -0.426913 -1.042705 -1.172208 -0.367738 -0.760728 0.446757 -2.416301 -1.351743 -0.051235 -0.135331 0.325086 -2.145428 0.120819 1.121176 0.098632 -1.332967 -0.442833 -1.051853 0.086675 -0.022279 -1.238841 -1.627133 -0.968720 
-0.356638 0.346974 -0.171463 -3.517565 0.007149 0.429285 -0.338343 -0.806411 -1.728680 0.187457 0.393199 1.492657 0.170022 0.741895 0.138488 -0.466576 0.096288 0.835403 -1.364541 0.342189 -0.884529 -0.192787 -0.706589 -0.177693 -1.096579 -0.711386 0.044342 -0.609516 1.889102 0.343423 -3.048943 -3.162993 -0.883886 -0.683891 1.494072 -1.211976 -0.383570 0.680941 -0.338810 -1.556993 0.027904 -1.200248 -1.104629 -0.561274 -1.742221 -0.358208 -1.187259 -1.888952 0.545362 -0.834281 -0.289901 -0.504901 -1.635760 -0.420942 0.498634 -0.744233 -0.885797 -0.564379 -1.014614 -0.127075 -0.995867 0.952771 -0.903049 -0.435053 
0.152976 -1.183807 0.434708 -1.501573 -0.599514 0.767862 -0.298932 -1.668713 -0.657459 0.977071 0.841502 0.485389 -0.380167 1.120864 -0.016672 0.187272 1.378227 -0.449885 -1.473853 -0.248999 -1.814506 -0.971007 0.609239 -0.450063 -0.267681 -0.589682 1.341715 -0.679678 1.343281 1.427451 -1.232673 -2.210301 0.054685 0.458461 0.123064 -1.931775 -0.030205 0.856770 0.654320 -0.116667 -0.150331 -0.548425 -0.089987 -0.170623 -0.636989 -1.187890 -1.544174 -0.803760 -1.324455 0.929213 0.526121 -1.125700 0.120599 -0.217951 0.174074 -0.552685 -0.098756 -0.074581 -0.557325 -0.465297 -0.636892 0.469684 -0.613520 0.403418 
0.807813 0.912018 -0.330152 0.092675 -0.994266 0.264717 -0.327409 -0.051795 -0.290977 1.536206 0.351970 0.098009 0.155105 0.525540 0.804657 -0.152888 -0.673582 -0.338605 -1.049667 -0.987066 -2.570296 -0.468298 0.427137 0.901039 -2.329458 0.428939 0.896649 -1.865249 1.698822 0.425488 -1.493739 -2.529386 0.320019 2.209050 1.004575 -0.430798 0.563220 0.943831 -0.169330 -1.091255 0.653328 -0.617974 0.734206 -1.568378 -0.189665 0.015899 -1.087049 -2.551904 -0.704217 -0.111390 -0.041592 -0.782532 1.287088 -0.176304 -1.246127 -1.334451 -1.029870 -0.098451 -0.022440 -0.960280 -0.602901 -1.176793 -2.122480 0.611034 
-0.938000 0.413730 1.154130 -1.123657 -0.057625 0.758792 -0.351809 -0.587322 0.724351 -0.166443 -0.533113 0.280222 -0.984692 0.031448 0.103696 -0.586596 0.086532 0.034165 -1.118921 0.146827 -2.616532 -1.930631 -0.146274 -0.472659 -1.572067 0.509277 -1.154963 -2.143877 2.391177 1.239801 -0.882890 -3.298138 -0.773740 2.009117 0.248307 0.299976 -0.345204 -0.849286 0.647728 0.207160 -0.840614 -0.189649 1.733207 -1.257275 -0.277092 -0.383631 -0.026024 -1.412173 1.382742 0.136744 -1.342899 -1.044648 0.374010 0.833813 -0.296281 0.288686 -0.045623 0.905762 -1.063282 0.107020 0.686581 0.859354 -1.236027 -0.684434 
0.309558 0.961270 0.232713 0.183351 -0.516688 -0.587641 0.165214 -0.551391 -1.380978 0.478112 0.885237 0.115585 -0.726230 0.046795 0.303876 -0.224041 0.029813 1.098311 -1.409071 -1.177140 -0.833893 -0.651502 -1.792764 -1.114671 -3.284835 1.007248 -0.476402 -0.900773 1.201281 0.744466 -0.702555 -3.651173 0.522441 1.093606 -0.103617 -0.830471 0.633804 0.197286 -0.184965 0.370613 0.149506 -0.289320 0.365509 0.440995 -0.031348 -0.388307 -0.693930 -0.484056 3.622163 -0.058450 -1.704128 -0.615965 -0.461868 0.635323 -1.026450 0.552053 -0.992007 -0.238219 -0.805662 -0.354768 -0.271605 0.862344 -0.949982 -0.115113 
-0.027534 0.389671 -1.126350 -0.467808 0.642704 0.543887 -0.400587 -1.414943 -0.302584 0.846926 -1.139784 -0.916680 -1.785033 0.589779 0.034621 0.958727 -0.782342 -0.392259 -0.203707 -0.328351 -1.550038 0.200240 -0.347359 -0.434762 -1.830110 0.720757 -0.206484 -1.317024 0.735969 0.295341 -1.123105 -3.209592 0.818190 0.791077 0.065146 -0.262710 -0.354934 -1.392839 -0.717002 -0.701895 0.406752 -0.664109 -0.011714 -0.542325 -0.156582 0.082700 -0.306044 -0.580699 3.731778 0.389370 -0.934772 0.008178 -0.368836 -1.364353 -1.273595 1.141978 0.434622 1.124963 -1.054504 -0.197864 1.431147 0.639486 0.816390 -1.321419 
-0.308839 0.515913 -0.172943 -0.335720 0.842323 0.462922 -0.002767 0.783727 -0.595488 0.781201 -0.441764 -0.956824 -0.490860 -0.160393 0.570802 -1.126196 -0.466487 0.059913 -1.174656 -0.425085 -0.276899 0.571088 -0.151900 -0.534212 -2.817210 0.478546 -0.746227 -0.685483 0.835473 0.403324 -0.370610 -2.170017 0.465571 0.175038 1.132361 -1.001240 -0.677793 -1.246249 0.545738 0.674690 -0.349878 -0.044211 0.599603 -0.499183 0.459764 -1.015841 -1.165672 -1.579140 3.135841 -0.331742 0.162224 0.478552 0.016867 -0.506847 -1.218694 -0.434706 0.665215 0.613351 -0.481048 0.182628 0.251701 -0.126640 0.536397 0.143966 
-0.752678 0.114689 -0.577014 0.922318 -0.164249 1.274586 0.533787 0.684636 0.944147 2.348854 0.084536 -1.493948 0.422157 -0.154290 1.322398 -0.185439 1.438572 -0.003219 -1.296302 0.052095 -1.361235 -0.135233 -0.270460 -0.246636 -1.597035 1.906501 0.889420 0.665675 2.167333 -0.147956 -0.737432 -0.828707 0.436480 -0.675591 -0.897257 -0.812698 -0.139230 0.482670 0.055876 0.159055 -0.058867 0.788234 0.577243 -1.416162 0.009197 -0.524795 -0.399174 -1.711191 0.706485 1.457321 -0.501013 0.566754 -0.522014 0.239951 -1.217819 0.765159 0.035568 -0.248277 -0.476560 0.180864 0.486398 -1.256683 -0.543913 0.332132 
1.384440 0.473990 -1.429907 -0.805942 -0.454737 1.829316 0.167268 0.574392 0.044627 2.963194 -0.091898 -1.598278 -0.282199 -1.587905 -0.273450 -0.132960 0.360358 1.087691 0.642877 -0.263138 -0.078685 -0.167651 -0.525255 -0.558700 -0.464547 1.400929 -0.731866 1.071171 0.127067 0.172579 0.902834 -0.091855 0.321862 0.569347 0.475143 -0.850126 -1.272153 0.247168 -0.176305 -0.635205 -0.827995 -1.210920 -1.197518 -0.462692 0.177420 0.168080 1.396283 -0.923105 1.124074 0.034774 0.024407 0.894019 0.688039 0.080991 -0.806291 1.083919 -1.551856 0.509649 -0.458426 -0.755547 -0.690729 -0.169200 -0.195242 0.155878 
0.437243 -0.624544 -0.538257 0.627430 -0.667866 -0.308125 -1.174360 0.439513 0.702274 0.684122 0.949695 -0.868094 -0.327270 -1.382767 1.157873 1.370355 0.547485 -0.339133 1.035644 -0.284435 -0.771593 -1.165171 -0.697447 -0.269892 -0.789229 1.649671 -0.442873 -0.355886 -0.346272 -0.804654 -0.396283 -0.242002 -0.797860 1.093650 -0.523364 -0.050752 -0.666917 -0.072741 0.017873 -0.283708 0.461284 -1.343600 0.263435 -0.105843 -0.757720 0.773583 1.235432 0.063848 -0.699955 0.203605 0.011457 -0.114112 -0.692131 0.588480 -1.082983 -0.507531 -0.753534 0.915186 0.605154 -0.400545 -0.768409 0.112036 -0.700739 0.674897 
0.025619 0.292271 0.757072 -0.082609 -0.850608 -0.562072 0.881832 -0.138346 -0.044756 0.139675 0.800343 0.395573 0.502098 -0.033666 0.938234 -0.116017 0.823339 0.274574 0.400341 0.542909 -0.883947 0.589532 -0.519864 0.385610 -0.847586 0.273915 -0.596721 0.145980 0.310844 1.027876 -0.528782 -0.842556 -0.584335 0.935136 0.671708 -0.820385 0.850732 0.869190 0.246141 -0.852083 0.836490 -0.902570 -1.004172 0.548542 0.389560 -0.124813 -1.133367 0.882728 -0.444201 -0.693113 -0.469128 -0.062373 -1.044172 0.113475 -0.307535 0.009769 -0.390596 0.091636 -0.992822 0.835199 0.158428 -0.591328 0.907605 -0.668458 
0.157864 0.082960 -0.004703 -0.538378 -0.656407 -0.241036 -1.003948 0.136706 0.264984 -0.949297 -0.766917 -0.039066 0.229466 -0.822891 0.692851 -0.618330 0.415002 -0.818396 0.036750 0.338927 -0.919582 0.216166 0.477644 -0.215270 -0.921167 -0.342981 -0.558689 0.507356 0.661892 0.773937 0.009361 0.607310 -0.508013 0.785287 0.906484 0.642542 -0.696152 -0.804551 -0.123871 0.973937 -0.937761 -0.998930 -0.034405 -0.260191 -0.574568 -0.923969 -0.836131 -0.395852 0.917581 -0.278873 -0.605227 0.178967 0.979523 0.328735 0.424611 0.788871 -0.422831 0.563658 -0.374363 0.976128 0.534418 0.466650 -0.850920 0.477682 
0.930506 0.892941 0.152234 -0.979516 -0.733008 0.613285 -0.658607 0.793047 0.721246 -0.519966 0.393470 0.625294 0.387983 0.606296 -0.187052 0.527083 0.661483 0.515440 -0.171852 -0.727444 -0.207168 -0.220618 -0.112736 0.215468 -0.333171 -0.163635 -0.740829 -0.319883 -0.082668 -0.988880 0.366670 -0.776553 0.361120 -0.622978 -0.603362 0.091850 0.892678 -0.632984 -0.287942 -0.819910 0.843504 -0.080501 0.687917 0.809836 0.912261 0.962048 -0.510158 -0.365158 -0.314761 0.063807 0.374584 0.987009 -0.135433 0.061095 -0.926328 -0.023180 0.196923 -0.546913 0.820698 -0.335537 0.231968 0.424665 -0.413022 -0.401837 
-0.073009 0.246986 -0.915434 -0.935328 -0.793462 0.923045 -0.908007 0.301415 -0.557157 0.853690 -0.280926 0.114120 0.081957 -0.621869 -0.924513 0.986029 0.294249 -0.099948 0.883994 0.284442 0.876148 0.647490 0.006996 0.526149 0.315535 0.479123 -0.373258 -0.495761 0.230075 -0.972588 0.518779 0.956263 0.108848 0.586534 0.458255 0.651932 0.533907 0.792492 -0.586390 0.901652 0.820876 -0.119743 -0.798914 -0.096738 0.297475 -0.879945 -0.876052 -0.794691 -0.884752 0.654224 0.022688 -0.373885 -0.185804 -0.904993 0.509830 0.857318 -0.519964 -0.955998 -0.211376 -0.640468 -0.029861 -0.860201 0.718630 -0.792363 
-0.264352 0.531444 -0.291743 -0.800608 0.549992 0.684821 0.339591 0.101338 -0.414083 -0.372088 -0.298360 -0.933085 -0.620861 -0.389147 0.192228 -0.626938 -0.877774 -0.199824 -0.752967 -0.832963 1.042071 -0.988154 0.193619 0.632968 -0.543659 0.335686 0.201214 0.930106 0.874516 -0.848631 -0.543416 0.740563 -0.247846 -0.628977 -0.617378 0.380987 0.031956 -0.074899 -0.319549 0.252659 0.732809 -0.106967 0.383646 0.183217 0.089795 0.115269 0.363293 -0.416283 -0.635939 0.696472 0.828466 0.352622 -0.109477 0.143412 0.622986 -0.170336 0.309205 0.673548 0.724404 -0.499791 -0.548653 -0.488776 0.146383 0.826557 
0.069267 -0.913733 -0.122884 -0.048610 -0.319430 0.911677 0.280678 -1.309604 -0.721013 -0.691042 -0.314350 -0.830945 1.294475 0.471328 0.030393 -0.413480 -0.259437 0.125812 -0.022193 0.814552 0.010485 0.155408 0.875061 -0.529828 0.362369 -0.833041 -0.326472 -0.229123 0.021872 0.704740 -0.919169 0.502328 -0.693833 -0.354270 0.502701 0.449818 0.249329 0.197945 -0.018440 0.352419 -0.677733 0.108975 0.343366 -0.160539 -0.215039 -0.466286 0.208958 1.066733 -0.189597 0.411307 0.365680 0.625194 0.320628 0.852129 0.227848 -0.027294 0.536483 0.503424 0.746750 0.534121 -0.484454 -0.691249 0.193826 0.889324 
0.148734 0.211475 0.550767 0.773950 -0.413181 1.684678 -0.858586 0.050566 -0.353071 0.148591 0.193385 -1.168602 -0.559029 0.144697 0.036709 0.013143 0.266565 -0.415364 -1.103038 0.978221 0.132702 0.300799 -0.438523 0.854402 -0.478828 -0.297284 -0.274094 -0.779317 0.967255 0.244005 0.858428 -0.807663 0.275607 0.136844 -0.682883 0.561127 -0.506844 -0.195112 0.681758 -0.795815 -0.163058 -0.866216 -0.251194 -0.051318 -0.052387 -0.228259 -1.150669 0.961676 -1.270987 0.713909 -0.308520 0.945728 -0.249458 0.308939 -0.436064 0.207933 -0.516499 -0.017306 0.208193 0.519809 -0.382399 -1.041536 1.110293 1.208764 
-0.497649 -0.442835 1.267684 0.268615 -1.339818 1.297537 -0.107782 -0.575088 -1.128480 0.956523 1.441793 0.021199 0.278156 1.161222 -0.720313 -0.681773 -0.658276 0.716057 0.084773 0.390521 1.475269 0.888015 0.283802 1.595762 0.392328 -0.356281 -0.004521 1.089813 0.356432 1.401109 1.175942 -0.910156 -0.272666 1.177675 -0.280808 -0.097058 -0.150668 0.104766 0.120813 -0.072371 -1.014759 -0.653258 0.358107 -1.038819 0.258368 -1.152328 -1.139374 0.941019 -0.156144 -0.533063 -0.155443 -0.320850 -0.836331 -0.478508 0.710702 -0.266585 0.542960 1.761539 -0.061188 0.459293 0.343753 -1.059398 0.019614 -0.204035 
0.123598 -0.707707 1.840500 -0.213616 -0.783706 -0.256133 0.699833 0.345276 0.719422 1.379195 -0.422983 -0.498834 -0.869346 -0.670737 -0.580867 -0.300365 0.530686 0.186973 0.741050 0.986318 0.508933 1.176334 0.097215 0.886472 -1.133034 -0.149705 -0.091368 0.466554 -0.094801 1.020297 0.887725 -0.428611 -1.003181 1.163265 -0.848773 -0.450173 -1.787952 1.486417 0.403615 -0.747657 -0.561806 -0.278025 -0.408201 -0.525553 -0.371323 -0.852356 -1.440582 0.413812 -0.741969 -0.034723 -0.770554 -0.883976 0.966063 -0.234966 0.025430 0.203560 0.110112 1.898482 -0.907311 0.658228 0.338828 -1.841854 0.870282 0.865643 
0.218799 -0.805196 0.859655 0.771890 0.627926 0.722449 0.258024 0.101348 0.669180 -0.240398 -0.573761 -0.498834 0.178375 0.554970 0.648563 -0.658900 -0.356883 -0.183359 -0.040409 0.490958 1.160422 -0.006248 -1.763885 0.267399 0.392210 0.240312 -0.424530 1.334767 2.174809 0.270698 -0.561993 0.656441 0.669072 1.483724 0.157325 -1.190040 -2.325518 0.648568 -0.596682 -0.353567 0.449731 0.567599 -0.327368 -1.611133 1.147363 -0.023857 -0.119243 1.023238 -0.441236 -1.005823 -0.073813 0.063101 -0.542629 0.452890 0.619419 -0.242893 0.198241 1.013683 0.363865 0.978217 -0.064663 -1.998101 0.834909 1.210306 
0.019560 -0.426993 0.151692 0.528763 0.205655 1.501491 -0.813466 -0.385231 -0.530877 -0.296131 0.826108 0.031337 0.687046 -2.337609 -0.288338 -0.329146 0.785100 1.088159 -0.122786 0.024537 -0.655978 0.273543 -2.026378 0.676369 -0.446014 -0.731046 -0.212710 1.608263 2.009570 -0.000816 -0.856623 -0.346896 -0.851904 0.678798 -0.093438 -1.705190 -0.218481 2.041171 -0.166885 1.178211 0.288582 0.828359 -0.508078 -1.449647 0.751885 0.413948 -0.038314 -0.242885 0.015558 -0.640086 0.446489 0.654568 0.039561 -0.353812 -0.290308 -1.504774 -0.305149 0.853816 0.942913 1.400298 0.238958 -0.334970 0.199458 -0.763986 
0.629331 -0.156274 0.263871 0.092717 0.602653 0.337117 -0.157720 -0.632633 -0.822314 0.797583 -0.599063 1.789788 -0.108970 -0.861165 1.019873 -1.740270 0.145918 -0.435113 1.402096 -0.227944 -0.445396 -0.856112 -0.242293 0.344904 -1.125302 -0.204461 -0.130666 0.804547 0.338737 1.107086 -1.445357 -0.794384 -1.167495 0.773546 -1.269883 0.044487 -1.186776 2.551380 -0.011147 0.785666 0.401508 -0.509584 -1.215034 -1.054767 -0.081450 -0.606775 -1.316809 0.137911 -0.054734 -0.802455 0.505884 0.636780 0.157840 -0.416408 -0.857643 0.143303 0.692668 0.206286 -0.391388 0.744002 -0.167854 -0.546969 0.220676 0.979092 
-0.119127 -0.327182 -1.408437 -0.247536 0.372969 -1.295872 1.285842 -1.286471 -2.109309 1.250604 -0.607429 1.604280 -0.045622 -0.523325 -0.330329 -1.481371 0.518082 0.658715 0.887286 -0.268445 1.931278 -0.112749 -2.346579 -0.380472 -2.827438 -0.941111 -0.530059 -0.090135 1.559023 0.445180 -1.511790 0.416268 -1.388640 1.001079 0.529693 0.096122 -0.906279 1.581949 0.072687 -0.816412 0.000755 1.021954 -0.365123 -1.802741 0.614767 0.359287 -0.801732 0.556576 1.899163 0.431820 1.306385 0.871495 -0.195042 -0.606385 -1.275203 -0.844296 -0.595033 -0.273848 -1.260163 0.571529 -1.298874 0.280169 1.350915 0.382763 
0.697486 -1.435962 -0.760611 0.382789 3.195369 0.565904 1.152753 -0.404207 -1.434006 1.463676 -0.483913 0.599835 1.327077 -0.910092 -0.162719 -0.328575 0.296565 1.214459 1.406736 -0.941002 -0.112374 0.450848 -0.548752 -0.002668 -1.082667 -0.318210 -0.154329 0.554320 0.744832 0.617025 -0.099917 -0.130075 -1.917101 0.758018 -0.007939 1.015854 -0.663536 0.284059 0.685925 -0.037483 -0.127511 0.477691 -0.180629 -1.587901 0.492418 1.398217 -0.372715 0.300042 1.480401 1.422196 1.851655 -0.303594 -0.106618 -1.104255 -0.160847 -0.137619 -0.695778 -1.002388 1.123197 0.755022 0.552635 -0.610027 0.991537 -0.498152 
0.304083 0.631507 -1.557833 0.817166 3.265008 1.510004 -0.250165 0.643693 0.980342 -1.801135 -1.530406 -0.220768 1.794109 -0.270106 0.626237 -2.474848 -0.513582 -0.415927 -0.905416 1.579820 1.610017 1.738638 0.307142 0.921419 -0.524565 -0.178121 -0.084843 -0.117233 1.488160 0.504629 -0.703691 1.081788 -1.831334 -0.573476 -0.115064 1.436632 -0.560679 -2.234465 0.413151 0.015074 0.111770 0.444821 -0.261300 -1.540779 1.369951 1.127677 -0.970582 -0.500245 1.879730 0.528274 -0.972830 0.508534 -0.120853 -1.527328 -1.939072 0.342973 0.150053 -0.028927 0.541790 1.926505 -0.387127 -0.675857 0.061591 0.004608 
-0.149381 -0.013044 0.234993 0.256306 -0.011683 -0.944454 1.019543 -1.436868 2.229310 -1.849036 -0.833946 -1.869884 0.705348 -0.040282 1.237298 -2.437057 1.737841 0.633317 -2.336813 1.326273 1.239138 -0.609354 -1.731317 -0.568502 -1.810860 0.644426 0.770244 0.152244 1.085215 -1.236598 -1.351894 0.154623 -0.191685 -0.309119 1.201640 1.703812 -0.635365 -2.680708 -1.840031 0.000460 -0.856118 1.053838 -0.172272 -2.070904 0.391353 0.490509 -1.067641 -1.158938 -0.596724 0.563601 -1.005023 -0.721514 -0.124770 -1.007409 0.245945 0.837419 -1.087962 0.104435 0.972094 3.008972 -1.308163 -1.242991 -0.140172 0.064180 
-0.211643 -0.925591 1.236331 -2.608808 -2.084885 0.574733 0.847389 -1.461563 1.329947 -1.672873 -0.477866 -2.266697 1.840021 0.146165 0.584551 -1.190214 1.157175 0.183994 0.327997 0.412386 3.222998 -0.331516 -2.826506 0.522468 -1.232413 1.256655 -0.754934 -0.966554 0.911798 -0.375085 -2.080992 -0.863877 -0.571783 -0.200868 -0.791261 0.974956 -2.108360 -1.207999 -3.422880 0.131331 1.761821 -0.215756 -2.791292 -1.700386 2.764222 -1.152143 0.070492 -0.675264 -0.571670 -0.196550 -0.293170 -1.424569 -1.925680 -0.212146 0.441901 0.181504 -1.508825 0.299769 0.127069 0.873936 -1.417368 -0.383504 -0.138358 -1.153726 
-0.791601 -0.320961 1.501848 -2.631319 -0.827821 -1.231208 0.334763 -0.378007 -0.198554 -1.151249 -0.350765 1.757291 -0.261195 0.751161 0.520241 -0.075717 0.234499 -0.795484 -1.565014 -0.993126 2.208189 0.547686 -1.612743 -1.913653 -1.767698 -0.309524 -0.439172 -1.803493 1.480276 -0.035551 -2.358860 -0.257488 0.098419 0.438300 0.586334 -1.799088 -0.997443 0.255646 -0.746179 0.750308 -1.035088 0.094908 -1.730388 -1.370515 0.836833 -1.932771 0.137249 -0.379523 -2.257102 -0.009498 0.565149 -0.517749 -1.847663 -0.250382 1.413705 -1.412577 -2.215484 0.314705 -0.879651 0.668343 0.138188 1.007811 -0.514834 -1.666169 
-1.572616 -1.945956 -0.499035 -0.972543 -1.364827 -1.382959 0.293512 0.439885 -0.284341 -2.165006 0.256234 0.547581 -1.223542 2.139222 0.198033 -0.879658 -1.436332 0.932180 -1.282542 -0.268171 -1.911327 -0.353458 1.558398 -1.082607 -3.757534 0.176381 -0.015907 -0.608137 -0.252006 1.012785 -2.680004 -3.487506 1.327356 0.066711 1.205009 -2.086018 -1.263690 0.617830 -0.592398 0.490770 -1.210956 -0.881706 -0.297017 0.097988 1.165887 -1.377535 -0.657062 -0.270219 -2.439039 2.129199 0.944653 -0.736802 0.431640 -0.355430 1.871627 -2.047790 -0.479329 0.548051 -1.419371 1.319382 1.155357 0.026051 -2.211649 -1.434907 
0.910902 -2.986899 0.225545 -0.011047 -1.302608 0.861220 -0.070942 -0.278625 -1.838172 -1.276699 0.763068 0.257778 -0.380922 0.334310 0.618191 0.886123 -0.949269 -0.600464 -0.895176 0.451687 -1.444922 -0.243216 0.659739 0.111791 -3.862259 -0.923093 0.914584 -0.562482 1.578292 -0.453636 -2.789016 -4.414656 1.189185 0.337266 -0.647759 -1.494321 -0.707421 0.763145 0.274032 1.571716 0.343987 0.241770 -0.021607 0.325092 1.371235 0.492300 -1.295160 0.116278 -0.775820 2.617646 0.734048 0.089688 1.591912 0.915540 1.029125 0.470444 -2.141157 0.091709 -1.357464 0.585266 -0.071695 0.165848 -1.033234 0.303722 
-0.102373 -0.845017 0.847495 0.193119 -0.525043 0.079306 -0.062479 -0.378157 -0.060282 -1.046268 -0.506732 -0.329427 -0.441358 0.717223 1.963127 -0.736339 -0.582300 -1.013637 1.200571 1.928630 -3.461969 -0.817063 0.426335 0.784156 -3.759856 -0.086660 1.537321 -0.965860 1.455031 0.334150 -0.777100 -3.601947 -0.870421 0.340577 0.400908 0.184388 0.317170 -0.753557 0.328635 -0.503949 1.530537 -0.073322 1.033936 -0.814160 -0.030626 0.019071 -1.512505 0.523058 0.586115 1.892878 -0.147901 -0.049904 1.340575 0.689919 -0.106487 0.486304 -2.081904 0.054073 0.294452 -1.131082 -0.155965 0.362160 -2.388630 0.045757 
0.919047 0.393445 1.201273 0.412982 -2.443271 0.383261 1.141789 -0.348612 -1.402140 -1.393100 0.747502 -0.486173 0.536917 0.860521 0.541194 0.793626 0.159981 -0.986442 1.586108 1.003887 -1.563449 -0.489013 -0.712159 0.587848 -4.837923 0.793030 1.450370 -0.129275 -0.363601 0.216446 -0.588850 -3.321052 0.355674 0.575993 1.680989 0.377125 -0.296420 -1.365313 1.400627 -0.520294 -0.610245 0.827111 1.559231 -0.839643 -1.348154 0.005987 -1.111230 0.825687 2.624679 0.693196 1.121537 0.046054 0.274899 1.565540 -0.195670 0.584846 -0.654884 0.486940 0.998499 -1.058777 -0.542315 0.266400 0.557016 -0.405256 
0.215579 1.443915 0.124282 1.528663 -1.524866 -0.383053 0.157091 -0.098186 -1.267368 -1.333946 1.676101 -1.130371 0.226278 0.253238 0.855775 0.925763 -0.319442 0.210263 0.041282 0.208962 -1.154271 -1.872995 -0.665141 -1.337160 -3.804901 0.191373 -0.231457 -1.195630 0.464977 -0.704497 0.898464 -1.667675 -1.847677 -0.392313 0.144084 -0.395363 -0.276494 0.166620 -0.745000 -0.192762 0.161397 1.009976 1.885483 -1.691493 -0.208943 -0.771405 1.258834 -1.030984 3.880918 0.118169 -0.277153 -0.018136 -0.620687 0.383155 -0.940292 1.335354 -0.284529 1.093166 0.098739 0.376720 0.301025 0.702526 2.012687 -0.066214 
-1.144059 1.631151 0.675310 0.580398 -1.483619 0.242028 0.669807 -0.914305 -0.663610 -0.740139 0.609462 -1.710508 -1.060846 -0.859930 0.528639 0.985752 -1.225072 0.037087 0.097005 0.389822 -0.352962 -0.959341 0.084488 0.220303 -2.806541 0.709959 0.317086 -0.903241 0.434192 0.802348 -0.246162 -1.539566 -1.296514 0.080288 -0.610954 0.214429 -0.712385 -0.652091 -0.301184 1.718790 1.043166 -1.257438 1.961592 -1.476583 -1.573626 -0.972267 1.029837 -1.328362 1.537339 -0.387869 -0.023253 0.873110 -0.125209 0.725845 -0.814338 0.088367 -0.771316 0.845106 0.592949 -0.723776 -0.200712 -0.413170 0.379962 -0.013334 
0.039867 0.704366 0.809943 1.169125 -1.390822 1.289593 0.090220 1.097161 -0.834264 0.142877 0.274840 -0.215189 1.404203 -0.839802 1.097424 -1.030511 -0.812761 -0.306754 -1.514719 1.407602 -0.856067 -0.598244 -0.285455 -1.401100 -2.483226 0.477827 0.614950 -1.592336 0.979654 0.248850 -1.179779 -1.367381 0.113859 0.780989 0.778037 -1.546025 0.695883 -0.480126 0.851125 1.127675 0.409018 0.020046 1.140962 -1.651376 -0.178933 -0.898530 -0.610515 -1.086958 1.323569 0.532469 -0.753810 0.953109 0.380214 0.103824 -0.284812 -0.223078 -0.945316 0.080786 -0.792016 -0.615969 0.091721 -1.821797 0.312213 -0.603541 
-1.275107 1.498850 -0.076819 0.001089 -1.038893 0.048999 1.110343 0.843410 0.307586 1.407204 0.317905 -1.082826 -1.343925 -0.981689 1.172839 0.534999 0.643762 -0.326071 -0.651554 0.304692 -1.131329 0.158933 -0.120314 -1.322822 -1.468457 1.047192 0.019793 0.316127 1.525969 0.514264 -1.373604 -0.832875 0.341506 0.517913 -0.281126 -0.503479 -0.520493 -0.273185 1.120157 0.053446 0.732774 0.929588 -0.083103 -0.842004 -0.778333 -0.433210 -0.003823 0.428299 -0.338688 0.882987 0.074238 0.795811 -0.753868 -0.743263 -0.815619 0.107831 -0.084991 -0.115773 0.500198 0.380100 -0.793490 -1.807971 0.594667 0.133551 
1.008047 -0.368960 -0.040698 0.561159 -0.326831 0.417816 0.291462 0.807794 -0.442359 2.138947 -0.214655 -0.213651 -1.325799 -0.766237 1.471614 1.040657 1.660263 0.950215 -0.057410 -1.388357 -0.054397 0.349557 -0.809745 -0.673321 -0.801037 1.342147 0.429206 1.437292 0.147911 -1.136836 -0.527266 0.814506 0.327435 0.513741 1.655365 -1.105787 -1.729349 -0.519363 0.090864 -0.526398 -0.485451 -0.412614 -0.065630 -0.187441 0.406235 0.531619 1.193802 -0.360610 1.146688 1.218986 -0.058630 0.294894 0.220301 -1.511582 -0.456099 1.096867 -1.062994 0.199648 -0.814412 0.557393 -0.064602 -0.220479 0.466033 -0.133294 
-0.061929 -0.085499 0.626742 -0.266700 0.244780 -0.460632 0.606681 0.112637 0.793565 2.139761 -0.572857 0.537060 -0.799184 -0.711274 0.722371 -0.157149 1.541755 0.406721 -0.870561 -0.949010 -0.490136 0.608625 0.380211 0.106997 -0.261337 0.908762 -0.418184 0.217821 0.762263 -0.784258 0.598659 0.586387 0.846360 0.582767 0.916618 -1.105727 0.202560 0.368013 -0.816069 -0.614651 0.965107 0.092398 -0.709400 -1.134696 -0.531792 -0.397546 1.001876 -0.554689 -0.340756 0.908212 -0.590058 0.780425 -1.242947 0.678691 -0.099551 1.279492 -0.171511 -0.576951 0.328396 -0.115373 0.341749 -0.165937 -0.540284 -0.009746 
0.243848 -1.014938 0.414280 0.480552 0.533574 1.029422 -0.318348 0.083966 -0.822027 0.107365 0.290580 0.880082 -1.061591 0.706240 -0.899591 0.258481 -0.613329 -0.089796 -0.690938 0.761035 0.552864 -0.459997 0.927108 -0.422398 0.295460 -0.217708 -0.296398 0.993186 0.655647 -0.392554 0.576067 -0.390878 0.520174 -0.164117 -0.644581 -1.002996 0.514054 -0.285789 -0.115417 -0.304721 -0.316040 -0.093051 0.546559 -0.746066 -0.121594 -0.479608 0.495267 0.027103 -0.366380 -0.526671 -0.402209 0.603393 0.174078 -0.181439 -0.169932 0.359399 -0.077145 0.946716 0.167635 -0.262266 -0.950650 -0.294975 0.646191 0.066122 
0.014058 -0.147849 -0.813353 -0.935747 0.807577 -0.333153 0.537186 0.250456 0.915406 0.221385 -0.108081 0.209030 0.306329 0.561583 -0.485376 0.341656 0.642315 -0.437647 -0.519995 0.022235 0.449749 0.133391 -0.984771 0.165113 0.170073 -0.947195 -0.692496 -0.303483 0.557523 -0.708645 -0.749782 0.608811 -0.899484 -0.218780 -0.270131 0.439358 -0.581699 -0.650196 -0.347378 -0.417415 -0.839577 -0.239510 0.309909 -0.841688 -0.619682 -0.158881 -0.743901 -0.868004 -0.933180 1.004552 0.377405 -0.985104 0.003677 -0.608113 0.434515 -0.294263 -0.787387 -0.603365 -0.369107 0.547020 -0.404960 0.890753 0.639595 0.170931 
-0.807956 0.871456 -0.323338 0.819139 0.508810 -0.274178 -0.758817 0.132422 -0.663500 0.483357 0.585423 -0.806391 0.999941 0.569470 0.279329 0.816280 0.481832 -0.260978 -0.150129 0.875382 -0.267943 0.472089 0.030523 -0.128530 0.192053 0.532001 0.108633 -0.926417 -0.336511 0.743190 0.009096 0.529953 -0.510873 -0.400217 -0.342832 -0.725087 -0.800370 -0.372661 -0.863155 -0.961765 0.621270 -0.720770 0.279397 -0.226608 0.557563 -0.830678 -0.809236 0.313078 0.057742 0.475324 0.302615 0.464409 -0.601914 0.314030 -0.494369 -0.139578 0.757602 -0.113964 0.926835 -0.119028 -0.272018 0.250893 0.915865 -0.059969 
-0.332336 -0.524597 -0.206308 0.487617 0.012574 0.032273 0.944986 -0.028651 0.503983 0.205899 -0.200338 0.203482 0.568594 0.401745 0.285151 -0.779187 -0.287292 0.012691 -0.816722 0.241612 0.187477 -0.087456 0.377948 -0.322104 -0.216994 0.036573 0.829183 -0.974342 0.033691 -0.728635 0.561474 -0.749695 -0.289036 -0.918437 0.837183 0.670057 0.773488 -0.054923 0.092281 -0.823799 0.787687 0.362693 0.361061 -0.651353 0.932604 -0.961601 -0.372953 -0.334926 -0.420849 0.479366 0.657412 0.169190 0.588013 0.313682 -0.023186 -0.173889 0.219988 0.611498 -0.571824 0.162974 0.141374 -0.372644 0.010918 -0.121773 
-0.189401 0.056044 0.468423 -0.391729 0.658460 0.606445 -0.236154 -0.864440 -0.426073 -0.118853 0.020465 -0.359998 1.026951 0.076510 -0.631987 0.266891 0.130116 -1.280547 -0.351639 -0.060488 0.490293 0.899237 -0.577604 -0.453538 -0.617039 0.300869 -0.825450 0.426813 0.995424 -0.776479 -0.115363 -0.323246 0.803513 -0.818155 0.734206 0.601032 -0.036000 0.760732 -0.795042 0.114431 -0.585738 0.070083 -0.611372 -0.942171 0.945171 0.050739 0.774581 0.468174 -0.017290 0.066065 -0.105585 0.449560 0.641947 0.115217 -0.287825 0.076588 0.629890 0.874977 -0.739141 0.873057 0.529545 -0.038073 -0.541528 -0.489294 
0.011351 -0.037422 -0.609111 0.812577 0.732956 0.620075 0.930870 -1.075071 0.525394 -1.089106 0.542383 -0.972821 1.268793 0.598937 0.339296 -0.265014 0.383028 0.713689 0.219947 0.743645 0.281378 0.154498 -0.541815 -0.121343 -0.024528 -0.904831 -0.305782 -0.718538 0.529908 -0.261479 0.172908 -0.208519 0.820361 -0.294754 -0.292891 0.415878 -0.315634 -0.588952 0.015837 0.991435 1.047846 0.454735 -0.380666 -0.592996 -0.020038 -0.265546 -0.196158 1.021930 0.608806 1.036071 0.016797 0.750030 -0.416281 -0.383683 -0.400586 -0.303236 0.125164 1.046501 -0.608568 0.297624 -0.231519 -1.054694 -0.182525 -0.771598 
0.225908 -0.517197 -0.386712 -0.712599 -0.252625 1.992463 0.851028 0.193845 -1.219935 0.188220 0.157043 -1.000021 0.872715 0.125269 0.231024 0.337490 0.599706 1.078456 -0.595975 0.546097 -0.189725 -0.067307 0.090653 -0.332030 -1.297695 -0.845618 0.131863 0.783809 0.133629 -0.505000 0.815043 -1.546146 1.101588 -0.094162 -0.725387 -0.298310 -0.003968 0.196714 -1.276184 -0.270684 -0.868496 0.227532 -0.247180 0.821066 0.870129 0.703026 -1.430583 0.613326 -0.157216 0.823982 -0.685857 1.389240 0.523336 1.239572 -0.396954 -0.296336 -0.304471 0.202962 0.383978 0.268773 -0.974430 -0.558173 0.878022 0.599530 
-0.857602 0.120375 0.795922 -0.304588 -0.379928 1.084781 0.233671 0.317537 0.364574 -0.702339 0.898826 -0.708653 0.691990 1.656262 0.339062 0.262333 -1.003378 0.419118 0.369818 0.131033 1.663440 0.239059 -0.512207 0.823597 -1.335959 0.016696 -0.069553 0.486697 0.360782 0.316073 -0.475961 -0.227342 0.963466 0.968718 -0.879128 -0.187745 1.373672 -0.129975 -0.687781 -0.292948 0.381783 0.039608 -0.031430 -0.016395 1.306782 0.706760 -0.472281 0.828280 1.063115 -1.002181 -0.548298 1.197671 0.219819 0.308140 -0.035604 1.095928 0.772868 1.352092 -0.930701 0.435645 -0.504097 -0.648889 0.268827 0.410770 
-0.296569 -1.456234 1.240640 0.073553 0.320980 1.080543 0.515090 1.462630 -1.207664 1.004837 1.074878 -0.750668 0.132900 1.018124 0.839077 -0.212939 -0.016957 1.145437 1.947813 0.968066 0.014421 -0.060087 -2.046594 0.986627 0.087760 -1.095786 -1.158634 1.435251 -0.437037 0.839267 0.403801 -0.471533 -0.400143 0.267081 -1.153180 -0.809465 -1.460906 0.189297 -1.317575 -0.945441 -1.289101 0.164273 0.464446 -0.680877 0.122383 0.502283 -0.084714 0.633921 0.395165 -0.447026 -0.535462 -0.010863 0.277864 0.180193 -0.739731 -0.870085 0.732512 0.871411 0.499373 1.138587 -0.300208 -0.185299 -0.523716 0.095853 
-0.231178 0.873530 0.348209 -0.251754 -0.590634 -0.062631 0.163050 -0.055575 -0.051695 0.798670 1.944610 0.130941 0.294855 0.396397 0.452673 0.607566 -0.757163 1.357001 2.427642 1.254232 0.736833 -1.459464 -1.567599 0.399174 -1.122973 -0.264948 -0.006071 2.701044 0.953618 -1.431632 0.269922 -0.255006 -0.402058 1.344534 -1.155817 -0.629006 -1.679633 0.895279 -1.198415 0.633987 -1.132042 -0.065682 0.657092 0.139215 0.205222 0.914769 0.792101 0.411566 0.208469 0.370913 0.014539 0.460138 -0.164130 -0.084395 -1.214667 -0.655669 -0.771612 -0.272998 -0.471616 1.742979 1.209371 -0.463854 -0.244564 0.928262 
0.795219 -0.205786 0.308097 0.753780 0.501946 0.715407 0.254856 -0.030975 -1.246422 0.807172 1.077327 -0.904421 0.924506 -0.569343 -0.166447 -1.117865 0.230900 0.913240 0.709014 -0.243724 0.898762 -0.185050 -0.834410 0.246394 -0.715107 0.390749 0.084879 2.580976 0.598538 0.634294 -0.044481 -0.371268 -0.588697 0.123598 -0.845678 -0.362179 -0.829895 0.923418 -0.225760 0.332334 -2.099123 0.797257 0.138621 -0.505758 1.635795 0.438610 1.101105 1.349638 1.036551 0.411360 0.725088 0.520282 -0.871956 -1.487648 -1.029676 0.647531 0.316534 -0.242183 1.042444 0.587714 -0.990265 -1.136605 0.910748 -1.011096 
-0.437563 0.812502 -1.425385 -1.189831 1.064433 0.219834 1.953436 0.567535 -1.537557 2.036741 0.751167 0.723996 0.099503 -0.704439 0.954477 -0.658431 -0.430958 0.523414 -0.107287 -1.975981 -0.275453 0.178427 -1.032491 -0.282731 -1.468820 -0.627193 0.494753 0.965057 0.478902 0.728339 0.498489 -0.746054 -0.520526 0.702128 -0.400057 0.209993 -0.381880 2.194079 -2.065652 -0.225129 -0.496393 0.448408 0.573551 -0.614267 -0.148293 -1.155403 -0.138940 0.754971 1.990928 0.243472 0.729954 0.279226 -0.003567 -1.925633 -1.529953 0.232009 0.089220 -1.237382 -1.503999 1.935121 -0.672094 0.143270 1.045950 0.426496 
0.247713 -1.494645 -1.873598 0.762945 1.713973 0.208991 1.486843 1.042894 -1.718113 2.184232 -0.942571 0.126054 0.582077 -1.268576 0.574477 -0.793221 -0.895492 0.320510 -0.222418 -1.363775 0.413980 0.231597 -3.184192 -0.035726 -2.383340 -0.359100 0.358061 -0.260057 0.614281 -0.810895 0.132939 -1.090358 -1.360735 0.864575 1.394143 -0.795608 0.377984 4.316333 -2.904437 -0.182390 -0.873247 0.186932 0.407997 -0.677459 0.743809 -0.950063 -0.890631 -1.258111 0.961582 1.336481 -1.269275 -0.077867 0.734639 -1.209262 -1.467661 -0.319505 0.832346 -1.310358 0.192887 1.927943 -1.091537 0.850877 0.404862 0.610159 
-0.389050 0.126850 -1.303293 0.647210 3.133414 0.000084 1.018155 2.053943 -0.969840 1.699502 -0.611071 -1.324699 1.114890 0.057147 0.945409 0.421293 -0.246621 0.931476 -1.222728 -0.281305 0.859334 -0.238303 -0.940332 -0.426926 -2.020228 0.355430 1.588816 0.719809 1.483751 -0.693697 0.208477 0.388887 -0.621512 0.955861 -0.420081 0.414960 0.315254 1.078413 -4.091086 1.201261 -0.762847 0.890570 0.562955 -2.417371 0.846553 0.748281 -1.409262 0.187902 1.001764 0.197780 0.002462 0.387881 -0.794594 -0.691606 -0.832522 -0.443844 0.580708 -0.789831 0.412963 1.926274 -1.024111 0.484026 2.045399 -1.512768 
-0.725773 1.124697 -2.586257 1.799611 2.186916 -1.195751 0.046787 3.523498 -0.616133 0.887366 -1.815477 -2.185646 1.867202 -0.748694 0.594814 -1.058198 0.495241 1.010834 -2.101301 -0.065794 1.473138 1.416034 -1.187995 -0.080280 -1.035461 0.020253 1.156798 2.090380 -0.492967 0.678202 0.044999 0.648081 -0.724347 -0.397273 0.817394 -0.302045 -0.986140 -2.409792 -4.571777 -0.350521 -0.111918 0.455836 -1.351734 -2.522392 -1.384662 1.035753 -0.178545 0.330245 -0.335929 0.821593 0.266087 0.757161 0.660818 -0.689122 -0.104339 1.066316 -1.102171 0.347621 0.220782 1.970792 -0.782131 -0.521642 1.113615 -0.694565 
-1.829904 1.196456 0.416883 -0.955530 -1.070987 -2.754267 -0.294774 -0.726471 0.655901 -1.341535 -3.070132 -2.419293 2.078952 -1.350414 0.092063 -0.002922 2.196675 0.468181 -2.284017 0.247633 0.980710 -0.732454 -2.636192 0.669529 -1.956266 1.608584 0.253618 0.892321 -0.919096 -1.261366 -1.849280 -0.318979 -1.032660 1.298048 -0.686495 -0.200402 -2.099753 -2.748853 -5.569360 1.135895 -0.133105 0.811476 -1.276811 -0.104640 0.538624 0.693163 -0.982590 -0.380416 -0.753918 1.339544 0.525464 0.463358 -0.216096 0.444382 0.721494 1.925708 -1.931530 -0.129715 1.422645 3.578188 -0.773898 0.125548 -0.185437 -0.535465 
-1.469009 0.170666 0.477647 -3.051373 -2.715035 -1.010353 0.999737 -2.757532 2.741756 -2.295802 -1.858155 -1.875902 0.766792 -0.412380 0.790479 2.860262 0.694986 0.851923 -0.758759 1.666550 2.645238 0.420123 -4.072664 -0.692692 -3.348764 -0.155202 -1.734286 0.374161 -1.481259 -1.871866 -0.557921 0.211460 0.623525 -1.449598 -0.181183 -2.299206 -0.475181 -1.395842 -3.356971 1.518451 0.321361 1.630373 -1.091249 -1.479537 0.500117 1.152856 -0.576766 -0.015710 -0.502714 1.167203 1.567649 -0.649799 -2.863179 -0.618118 0.680851 1.325088 -0.586253 -0.671346 -0.279349 1.689899 -1.646878 -1.297948 -0.235183 -1.623835 
-1.534231 -0.590811 0.759448 -1.979564 -3.181417 -1.025142 1.150567 -1.751112 0.776005 -2.130115 -0.782610 0.520984 0.387841 1.505442 1.207660 2.383425 0.852124 -0.219905 -0.323386 1.129825 0.491298 -0.350600 -0.737192 -2.237770 -1.409392 -0.492716 -2.816422 -1.488511 -0.754744 -0.493650 0.072965 -1.073894 1.445741 0.354405 -0.081912 -2.136609 -1.608119 1.179809 -2.343750 2.578210 0.956578 0.662285 -0.701967 -0.722891 -0.328082 0.045705 0.013817 0.288437 -1.410874 0.940931 1.052669 -0.108575 -1.415821 -0.999645 1.268898 -0.685840 -1.072760 -0.113971 -0.566964 0.883175 -0.656519 -0.082388 -0.837624 -0.183629 
-1.706155 -1.622836 1.278510 -0.337505 -0.409332 -0.937655 0.229568 -1.860080 -0.704159 -2.804257 0.275345 1.185295 -0.250986 -0.398252 0.115061 -0.776730 -0.152302 -0.889117 -0.132414 2.227754 -0.106541 0.548045 0.309071 0.548664 -2.493265 -1.058999 -1.430798 -1.141165 -1.164148 0.633438 -0.951976 0.769683 1.726119 0.774189 -0.686275 -1.139908 -0.202736 -0.170897 -0.559954 2.652287 0.223839 0.951473 0.260332 -1.022621 -0.835848 0.528992 -0.834448 0.066927 -0.673516 1.117023 1.563580 -0.383973 0.322471 0.409057 1.595452 -1.579630 -2.209944 0.659457 -0.853344 0.058948 -0.746859 -1.497183 -1.324371 -0.252556 
0.894454 -0.271777 0.065115 0.430755 -1.633452 -0.690225 0.571997 -0.251002 -2.245253 -2.354785 -0.233461 -0.259511 -0.927762 0.735874 0.633900 -2.354290 -1.758518 -0.983747 -0.522153 1.560835 -1.304630 -1.403890 1.064970 0.940584 -2.431386 -0.059802 1.328572 -1.393047 -2.380055 0.782366 0.498341 0.589648 0.330283 -1.406006 0.142630 -0.548357 0.621658 -0.018044 -0.627645 0.690117 -0.002127 0.591000 1.170948 1.547631 0.856938 0.351424 0.070069 1.062392 -0.804016 1.101887 1.924823 0.167025 1.840172 0.735953 -0.478825 0.700094 -0.240784 -0.181073 0.085156 0.603985 1.074333 -0.212760 -1.386101 0.426761 
-0.185385 -0.423538 -0.420736 0.418653 -1.504237 -1.045837 -0.551121 -1.637855 -0.584901 -1.475715 -0.289357 -1.798139 -0.758760 0.218412 2.150348 -0.699366 -1.429907 -1.131578 0.401554 1.136555 -1.287248 0.051955 0.463620 0.039661 -2.139203 -0.526430 1.209006 -0.231828 -1.072096 -0.955461 -1.106243 -0.074022 0.048757 0.266061 -0.570036 -1.383190 1.037101 -0.517128 -0.568019 1.337930 0.235392 0.471641 1.929275 0.489829 0.807389 0.649225 0.715574 0.881487 1.546784 1.242220 1.510991 -0.105968 1.094338 1.455139 -2.121903 0.628608 -0.270547 -0.379146 -0.491768 0.214608 0.363200 1.341071 -1.194980 0.343050 
-1.513543 -0.137334 0.934913 1.127968 -2.393534 0.565426 1.099771 -0.241407 -0.913511 -1.852373 -0.753162 -0.054935 0.721236 -1.024793 2.163995 -0.359922 -1.087315 -0.195855 -0.129182 2.088915 -1.708751 -0.347466 1.151361 0.384616 -2.629988 0.374380 2.338778 0.889418 -0.550282 -0.823749 -0.388301 -0.569755 0.411386 -0.079380 0.729142 0.452037 -0.761328 -0.937880 -0.781522 -0.209604 -0.435385 0.968348 1.927118 -0.879381 1.043066 -0.564286 -0.585826 0.847732 2.561138 0.752272 0.920340 0.615779 1.554266 1.437362 -2.093271 0.886062 -0.710913 1.295503 0.990142 -0.702475 1.092179 -0.059929 0.096251 0.069381 
0.921325 0.837667 0.965541 1.299398 -1.186725 1.736985 1.120155 0.230817 -1.542851 -1.881999 0.628532 -1.052739 -0.892527 0.384167 1.674306 0.046842 -0.241282 0.186258 0.964874 2.459125 -2.048720 -0.699595 -0.176952 -0.576288 -0.734383 -0.388317 0.359741 -0.490186 -0.084679 -0.031649 1.193691 -0.980322 -0.750267 0.208199 -0.689871 0.125458 -0.762355 -0.114299 -0.378825 0.724293 1.730641 1.710180 0.564196 -0.086590 0.475250 0.167274 -1.097832 1.863801 1.404247 1.129486 0.651935 -0.593770 0.640743 1.146252 -1.858508 -0.559349 0.647250 0.552885 1.721337 0.730051 -0.820104 1.183518 1.347371 0.039668 
0.291567 -0.236593 0.194597 0.754165 -0.929091 0.904674 -0.167358 -0.873919 0.816555 -1.792751 0.116088 -1.209914 -0.656381 0.739222 1.911479 0.084022 -0.583589 0.058238 1.328792 1.295861 -1.233288 -1.876623 0.214474 0.000519 -0.644130 0.294199 0.098588 -1.214295 -1.887451 -0.063549 0.404901 -0.678451 -1.960944 -0.693037 0.782464 -0.489770 0.009305 -0.620090 -0.165332 0.308377 0.845493 2.453159 0.471559 0.183278 0.100616 -0.476410 0.663899 1.181165 1.045729 0.803080 0.084787 1.045756 0.269010 -0.239039 -0.503691 0.280086 0.101665 0.317880 0.766467 -0.590519 -1.266591 -0.542509 1.484815 0.457484 
-1.191374 1.407022 1.000598 1.236822 -1.541386 2.135888 0.868510 0.543491 -0.546747 -0.938532 0.308698 -1.627852 -1.601828 -0.247319 0.361997 0.087211 0.430611 0.662935 0.142812 2.118472 -1.012071 -0.473125 -0.145669 -0.866661 -1.712073 -0.385175 -0.122364 -1.530507 1.121867 -0.882514 -1.006596 -0.713066 -0.339562 0.412595 0.748540 -1.379781 -0.453801 -0.136453 1.530454 0.759468 0.943316 1.488325 0.587121 0.019435 -0.374863 -0.487389 1.770784 0.037171 -0.538347 1.291844 0.517820 -0.817413 0.158374 0.100955 -0.366085 -0.087706 0.009155 -0.861450 1.267661 0.082412 -1.237222 -2.137946 0.665507 0.251039 
0.360542 1.514969 0.176717 0.327947 -1.491259 0.466198 1.138422 0.017544 -0.338266 0.546240 -0.601161 -0.101238 -1.209880 1.149438 1.745772 -0.070825 1.149611 -1.294210 0.161028 1.520296 0.642808 -1.263593 -0.852645 -0.695336 -1.168550 0.990128 -0.543090 0.887483 1.152055 -0.231460 -1.155775 -0.864361 -0.100598 0.441662 1.252598 -2.122216 -1.053415 -2.015942 0.452433 0.061553 1.412866 1.577324 0.525144 -1.374960 -0.177333 0.204594 0.746812 0.863880 0.367488 0.162235 1.479578 -0.954378 -1.818977 0.001606 -0.395205 0.835913 0.094989 0.426840 0.171453 0.836254 -0.181029 -0.103193 0.233897 1.156475 
0.650437 0.574837 -0.831256 -0.374696 0.591646 1.257288 -0.428533 1.251963 0.406679 2.003692 0.456436 0.121943 -1.232646 -0.096217 1.813691 1.221980 1.301839 -0.342325 -0.192036 -0.056603 -0.346888 0.360444 -0.907516 0.816201 -1.274159 1.226373 -0.882682 0.265988 0.026192 -1.236875 -1.030235 0.034677 0.495686 0.364427 0.045289 -1.881990 -0.019823 1.003349 0.182602 0.799325 -0.278937 1.762061 -0.926002 -1.162067 0.843216 -0.279613 -0.205736 0.927045 1.633170 0.878212 0.324322 -0.761019 -0.118651 -0.171651 -1.070041 0.362131 -0.336289 1.169679 -0.221340 -0.660040 -1.540567 -0.005471 0.666537 -0.304943 
1.047818 -0.670289 -0.175181 -1.425523 0.715472 -0.202945 0.313027 0.905136 -0.238284 1.915779 0.636859 0.208158 -0.553579 -0.542028 0.369532 0.172957 0.727767 -0.387048 -0.110490 0.285301 0.137827 0.579214 -0.996166 -1.240477 -0.618220 1.237266 -0.909835 -0.746963 -0.023565 0.774433 -1.004402 0.587960 -0.402650 -0.199615 0.039668 -0.456996 -0.491984 0.055747 -0.959216 -0.786502 0.834277 -0.097335 0.314056 0.452229 0.274031 -0.335690 -0.381663 0.476962 -0.280950 1.530359 0.994917 -0.693453 -0.274303 0.279855 -1.122400 -0.580345 -1.899684 0.379362 0.925700 -0.578692 1.026655 -0.817362 0.317708 0.270589 
1.044625 -0.285831 0.228517 0.605230 0.031543 0.960478 -0.577880 0.856843 0.743135 -0.014231 0.351901 0.564399 -0.348449 0.926019 -0.247690 -0.574313 -0.138078 -0.573298 -1.094121 0.722542 0.814978 -0.965803 -0.912531 -0.015285 -0.257386 -0.195825 -0.457229 0.314863 0.079630 0.127768 0.163001 -0.080426 -0.104182 -0.641038 -0.098985 0.025809 0.774373 0.177248 -0.898049 -0.753877 -0.084001 0.203962 -0.307215 0.276027 0.489547 0.747858 -0.340886 -0.546961 -0.649972 -0.143494 0.282990 0.862611 0.709001 -0.773425 -0.810576 0.208063 -0.191911 -0.287182 -0.031886 -0.182348 0.324735 0.250841 0.327960 0.213436 
-0.341467 -0.967020 0.421595 -0.193975 1.057202 0.337321 0.048351 -0.103355 -0.421548 0.636956 -0.780342 -0.784398 0.682694 -0.691324 -0.468283 -0.999414 0.181759 -0.822965 -0.250408 -0.732334 -0.824020 0.872812 -0.744735 0.581910 -0.854682 -0.040688 0.853400 -0.920672 0.166510 0.063880 0.165341 -0.557605 0.473422 0.862051 0.927086 -0.779808 0.637947 -0.566226 -0.090664 0.011091 0.033257 -0.569128 0.454478 0.700450 1.026548 0.484206 -0.038133 -0.201813 0.528751 -0.243027 0.118679 -0.655162 0.787789 0.474896 0.689865 -0.744704 -0.073351 -0.569265 0.220965 -0.813827 -0.405000 -0.167448 -0.879605 0.115413 
0.964745 -0.432970 -0.702766 -0.429479 -0.859563 -0.082617 0.149982 -0.305543 -0.466840 -0.007268 -0.491075 0.817011 0.697042 0.523978 -0.990001 -0.445073 -0.795741 -0.488381 0.485604 -0.115973 -0.300295 0.323090 0.948427 0.453050 0.189126 0.062312 0.704160 0.475041 -0.364535 -0.952146 0.184976 -0.510747 -0.089558 -0.804943 0.048037 -0.682358 -0.822203 0.124373 0.101977 -0.474414 0.761794 0.801601 -0.366167 0.698450 0.566892 -0.472647 0.689815 0.847272 -0.886898 0.089309 0.876226 -0.745607 -0.756747 0.880274 -0.756576 -0.923272 -0.428817 0.809568 -0.188402 -0.988722 0.730959 0.805904 0.307499 -0.659262 
0.451753 0.732831 0.689586 0.701521 0.771512 0.546703 0.870176 0.597432 0.701721 -0.647491 0.663236 -0.840027 0.708409 -0.243469 0.856032 0.713338 -0.403583 -0.050082 0.147307 -0.591057 0.128501 0.666646 0.602695 0.612519 0.294213 -0.259721 -0.150049 0.352123 0.607127 0.401521 0.182786 -0.071559 0.164410 0.251979 -0.600983 -0.657438 -0.755519 -0.394201 -0.624213 0.892520 0.699877 0.355400 -0.638651 0.569061 0.482612 -0.576961 1.050943 0.793353 0.233762 0.831633 -0.044982 -0.163366 0.231593 0.158860 -0.183778 1.032890 0.746263 -0.009634 -0.094607 -0.310338 0.316916 -0.844010 0.427407 0.432826 
0.659061 0.917481 -0.624668 0.612385 -0.722604 0.213826 0.360835 0.212674 0.262633 -0.762847 -0.862330 0.849829 0.798532 1.228120 1.148154 -0.783091 -0.885627 -1.137709 0.754505 -0.264560 1.045117 0.174536 -0.474559 0.874117 -0.223309 -0.275257 -0.066098 -0.329039 0.335069 0.464260 -0.861917 -0.124449 0.300175 0.948604 0.341214 -0.633506 0.579378 0.413116 0.411354 0.231043 -0.459261 1.034074 0.457328 -0.529431 -0.770432 0.763006 -1.014953 0.817443 0.313026 -0.860662 0.140385 -0.361865 0.876283 -0.984225 0.272925 -0.869357 0.373310 0.179079 0.683031 0.718824 0.211941 -0.258537 1.092058 0.843878 
-0.608042 -0.464434 -0.599709 -0.020195 0.904785 -0.028732 -0.242933 -0.679491 0.247888 -0.979926 0.359798 -0.549081 -0.223271 -0.280464 0.072477 1.000370 0.564383 1.095566 -0.548506 -0.422830 0.066801 -0.063886 0.063594 -0.000499 -0.003625 -0.213963 -0.436864 0.377373 -1.087775 0.379655 -0.819519 -0.805758 0.238554 -0.739332 -0.782614 0.639305 -0.058112 -0.013393 0.589632 0.723427 -0.114208 0.980560 0.896165 -0.041389 0.252871 -0.924904 0.169328 -0.812773 0.512053 1.166498 0.683157 -0.173937 -0.823661 -0.694158 -0.482953 -0.840328 0.542424 -0.074503 -0.878242 0.408858 -0.834391 0.275155 0.507971 -0.871804 
0.037677 0.692919 1.317877 0.249943 -0.757171 2.091971 -0.758943 -0.639418 -0.024068 -0.532619 1.067615 -0.429656 -0.628312 1.614835 1.164287 0.472431 -0.057759 -0.039814 0.689758 0.871412 0.136716 -0.357672 -0.630389 0.878726 0.132804 0.688067 -0.101632 -0.444592 -0.404490 0.967621 -0.345628 -1.359883 -0.434093 0.571921 -0.400217 0.873721 -0.524868 -0.051295 0.222865 0.175361 -0.907016 0.773297 -0.180810 0.331518 0.591738 -1.063651 0.217490 -0.715519 -0.505529 -0.238908 0.564303 0.510265 0.174173 -0.527217 -0.679085 -0.466436 0.539504 0.200146 -0.238333 0.625992 0.419155 -0.356217 0.855536 0.389124 
0.157184 0.094955 0.767210 -0.288745 0.570628 0.323594 0.400456 -0.307423 -0.412315 0.564986 1.430919 -0.956692 -1.437569 1.730826 -0.767612 -0.424454 -1.089410 -1.216849 1.558222 0.126840 -0.198597 -0.410807 -1.588283 0.777696 0.229227 -0.060078 -0.503952 1.042542 -1.071416 0.148060 0.378836 -1.211307 -0.635189 1.163724 1.042415 -0.510640 0.625202 -0.221215 -0.868391 -0.046995 0.196023 -0.749719 1.248632 -0.712095 0.987365 0.082492 -0.856290 -1.348526 0.329279 0.622321 0.516688 0.648331 0.410902 -1.330109 0.163075 -0.816374 -0.651685 0.059000 -0.278840 0.637816 -0.904622 0.046706 1.927099 -0.310961 
0.140081 0.994523 0.786980 -1.191293 -0.296362 1.135812 -0.014290 1.107091 0.097234 0.343172 1.524245 -1.261454 0.634023 2.120811 0.963193 0.878944 -1.483247 -0.440509 2.023365 1.158291 -0.101959 0.420498 -2.213644 1.439091 -0.840646 -1.221186 0.646353 1.621999 0.329592 0.348081 1.449169 -1.431132 -1.077680 0.709296 -0.711194 -0.047253 0.098526 -0.008085 -0.832894 0.290311 -1.606746 1.129758 -0.508389 -0.341236 -0.861784 -0.327348 -1.117732 -0.066314 1.449299 0.258604 0.072663 0.746656 -0.174209 -1.510288 -1.374776 0.302540 -0.050572 1.500315 -0.300873 1.107046 -0.844339 -0.340905 0.721685 1.708971 
-1.175597 -0.098422 0.153002 -0.003188 -1.121485 1.243687 0.307089 0.288326 -0.023128 2.034305 2.184839 -1.799534 -0.893222 0.901685 0.408861 1.116244 -1.039942 0.620535 1.222838 0.120159 0.918579 1.308595 -0.853541 0.746482 -0.086937 -0.910007 -0.690166 2.130654 -0.098585 0.436276 -0.057943 0.385094 -1.522302 -0.491821 -1.377466 -0.121543 -0.602148 0.455435 -1.195316 0.364957 -1.223275 0.744122 1.279013 -1.300897 0.832533 -0.220927 -0.192535 0.460223 0.631239 0.140666 0.598456 0.965561 -0.290726 -1.752145 0.126349 0.098378 -0.781432 0.745416 -0.143633 0.096701 -1.285436 -1.241341 0.054174 2.009607 
1.464416 0.646084 -0.687720 0.489632 -0.093806 -0.985984 1.078438 0.003434 -0.031180 0.742843 1.157719 -1.589089 1.700211 -1.176301 -0.691581 1.280102 -0.983642 0.904296 1.077055 -0.655886 1.163344 -0.257842 -0.927037 -0.117696 0.766940 -1.378910 -1.077825 0.356852 0.140239 -0.633777 0.590382 -0.432810 -0.782975 1.661745 -1.042462 -1.170701 -0.303753 0.924673 -3.494700 -0.103908 -0.270376 0.803217 0.516548 -1.292122 0.666467 -1.303039 0.712723 -1.098895 -0.307366 -0.609048 0.115614 0.038277 -0.490205 -2.426119 -0.393872 -0.190864 -1.434449 -1.355982 0.091500 0.878963 -1.656877 0.500139 0.425112 0.785401 
0.586922 0.626553 -1.607243 -0.524834 0.057372 0.909597 2.023580 0.712885 -1.283566 1.102358 1.770185 -1.216023 0.103621 -0.927593 1.487625 -0.806021 -0.548485 0.785616 0.823183 -2.121062 0.239823 0.133745 -1.887740 -0.380272 -1.343540 0.103065 -0.606048 1.490227 0.279350 0.785496 1.473296 -0.889258 -1.083033 0.061564 0.347477 -0.718219 -0.501049 1.672558 -4.911805 0.381937 -1.294146 -0.371757 0.190664 0.058413 0.834840 -2.698283 0.134021 0.657056 0.507940 0.161836 0.370277 0.643138 0.457008 -0.880210 -0.191954 -1.489864 -1.147687 -0.846261 -0.806701 1.274700 -0.098309 0.287767 1.797310 0.317892 
-1.511668 0.369471 -1.160206 1.378429 1.695115 0.594013 -0.980309 1.167940 -0.542852 -0.424619 -0.003828 -0.665712 0.519743 -0.723140 0.900641 -0.320285 0.875007 1.123794 -1.058506 -0.584427 0.650790 0.072725 -0.958342 -0.616737 -0.647399 -1.459869 0.041936 1.318778 0.007613 -0.211362 0.411548 -1.189960 -0.678049 -1.200764 0.161487 0.678721 -1.014122 2.058537 -4.385473 -0.173762 -1.253984 0.237006 -0.400322 -0.402944 0.458284 -0.813653 -1.058362 -0.393994 0.077586 -0.612418 -1.952140 0.757516 0.073643 0.270581 -0.062525 -2.015408 -0.666975 -0.822073 1.158151 1.421723 0.933020 -1.225232 0.942682 -0.070149 
-0.231975 1.286212 -0.710475 1.148728 0.691906 0.345315 0.282091 0.669426 0.139879 2.157904 -0.784203 -2.319165 1.561438 1.222280 2.439206 0.048730 0.394730 -0.216204 -1.621886 0.110782 0.679723 1.425799 0.076633 -0.896750 -0.146588 -0.636106 1.340273 -0.155153 -0.438116 0.222887 0.997825 0.476858 -0.851189 -0.525170 0.200282 0.402928 -1.790639 0.912214 -4.116573 1.313880 -0.116975 0.818429 -1.692175 0.097281 0.732588 1.125032 -0.131389 -0.054490 0.235808 0.651419 -0.563151 0.574967 -0.116274 -0.594739 0.623355 -0.300489 -0.642629 0.331844 -0.364711 2.624891 0.473559 -0.499233 0.912769 -1.595420 
-0.576468 -0.716150 -0.468744 1.105448 -1.487850 -0.402388 0.044236 0.775918 -0.562281 1.393605 -1.512572 -1.953789 0.388545 -0.947227 0.478569 1.855621 1.731147 0.853785 -2.161873 0.906155 1.221186 1.106940 -0.409281 -0.548023 -1.395299 0.201380 -0.101771 1.878605 -2.192942 0.230120 1.480907 0.969176 -1.557975 -0.152822 -2.377014 1.904021 -0.569754 -1.515733 -3.814729 -0.572149 -0.048970 0.513198 -0.422463 0.526291 -1.401601 0.448678 -1.414476 -0.833940 0.270850 0.801274 -0.986378 2.689807 0.616216 -0.947663 -0.495476 -0.755400 -1.568468 0.505496 -0.371555 1.860136 0.386319 -1.229538 1.022749 0.451917 
-0.391475 0.666252 -1.013100 -0.948170 -2.520003 -0.489270 0.493559 -0.628353 0.283757 -0.070330 -1.957138 -1.733203 -0.785525 -0.714738 0.628460 4.402325 2.790814 -0.015229 -0.458541 0.516736 0.546836 1.005443 -1.948751 -0.528921 -0.432548 0.422136 -0.698885 1.932171 -0.817968 -2.580428 -2.599106 0.610509 -1.052688 2.249949 -1.621857 0.428042 -1.081998 -2.162348 -1.200448 0.524931 0.882956 -0.353232 -1.029392 1.554053 -2.377080 -0.245261 -0.842079 0.523968 -1.508652 0.059061 1.746908 2.023301 -1.874714 0.267624 0.188274 -0.046784 -0.839678 -1.124833 1.179549 1.452051 -0.689060 -1.282012 -1.771162 -0.389489 
-0.037442 -0.119797 0.347093 -0.728457 -2.843311 -0.525916 0.313925 -3.206348 0.043375 0.833704 -0.948145 -1.606166 -0.406833 -1.079747 -0.969562 3.938839 -0.134915 1.711597 0.326580 1.765234 0.629517 -0.099646 -0.051640 -0.083085 -1.269383 0.329029 -2.930475 0.722468 -1.295765 -2.424536 -1.365221 1.466104 -0.899353 1.248762 0.403154 -2.867087 -0.016614 -0.582016 -0.704288 1.850797 1.424079 0.207304 2.160524 -0.020852 1.483011 -0.439515 -0.819255 1.245367 -1.574157 1.020960 -0.105797 -0.945948 -2.122965 -1.026521 0.884321 0.024969 0.198754 0.274501 0.300758 -0.039082 -1.240289 -1.213241 -0.822893 0.199563 
-0.087744 0.049360 1.814353 -1.558184 -1.075787 -0.796456 0.950704 -2.593495 1.745467 -0.651820 -2.223679 1.091153 0.027927 -0.992199 -1.748324 0.345585 -1.966760 0.648303 -0.711902 1.863971 0.374885 0.693918 0.855576 -0.007160 -0.553003 -0.669560 -4.714599 0.349073 -3.046473 0.348928 -0.631048 1.607436 0.329748 1.210849 -0.357888 -2.571785 -1.305642 0.591907 -0.947320 2.086696 0.351963 1.301673 0.746587 -0.335052 0.172298 0.866260 -0.443134 0.546365 -1.447142 2.009428 -0.827273 -0.386850 -0.366788 -0.570964 0.631898 -0.365101 -1.110619 0.670622 0.995695 -0.595009 -0.569265 -1.981029 -1.367464 0.677799 
0.696983 -0.513129 0.009099 -1.062006 -0.696765 -0.961589 1.974976 -2.146086 -1.087286 -0.499678 -0.920118 0.355144 0.322649 -1.085231 -0.240489 0.842799 -1.708784 0.889365 -0.967542 -0.239764 0.508495 2.482896 0.472402 -0.291940 0.048663 -0.338534 -1.639399 0.012486 -2.897106 1.348321 -0.252432 0.993779 0.031827 -1.005661 0.457529 -0.747384 -0.001712 -0.478571 -0.123657 0.982556 -0.173076 1.139961 0.855413 -0.645995 0.435949 1.823351 0.472098 1.029217 0.766420 0.362276 0.365112 0.848254 0.418601 -0.712992 -0.223868 -1.081682 -0.091844 0.643891 -0.755485 -0.702048 -0.215584 -2.488221 -1.094592 0.784952 
-0.380935 -1.970130 1.165553 0.668261 -0.020525 -0.388470 -0.675140 -0.068493 -2.043039 -0.384719 -1.309343 -0.744630 0.929269 -0.711521 -0.632145 -0.836001 -1.620186 0.476596 0.410513 -0.020449 -1.490698 2.628132 0.942789 0.073756 0.370047 -1.026642 0.776778 -0.929960 -2.000159 -1.185420 -0.152357 0.797988 0.275639 0.085942 -1.218484 0.975780 0.157950 -0.748837 0.073730 1.340622 -0.156548 -0.318880 0.555547 0.988335 0.187430 0.603357 -0.997234 -0.062412 1.404055 -0.278281 0.122532 1.006349 0.309992 1.396513 -1.424254 -0.605742 -1.318456 -1.556597 -1.416112 -0.197245 0.749055 -1.499617 -1.742793 0.667432 
0.597253 -1.769842 1.796788 0.544881 -0.965180 -0.145041 -0.313674 0.473530 -0.509649 0.212890 -0.592525 -0.779399 0.016639 0.167310 1.325034 -1.436064 -1.456165 0.246649 0.810227 1.652281 -1.714738 0.809462 1.135273 0.697781 0.700248 -2.117193 0.456991 -0.055450 -0.219013 -0.975519 0.501092 0.567144 -0.539696 1.339262 1.180165 -0.367778 -0.331369 0.041884 -0.128998 1.070764 0.873543 0.834700 0.531007 0.896450 -0.844362 0.823893 -1.910319 0.301895 2.580501 -0.590435 -0.100958 0.225681 0.842539 -0.334847 -1.106869 0.247376 -0.544064 -1.255846 -1.110160 0.129986 1.688056 -0.799855 -0.315156 0.446442 
-0.214285 -0.676552 0.134927 -0.051514 -1.921445 0.425327 0.155522 0.664985 -0.513832 -0.744146 -0.358821 -0.742842 0.111019 0.183438 0.194965 0.345498 -0.742118 0.407074 0.718778 2.332327 -1.073556 1.932069 -0.132996 0.235866 -0.659317 -1.630485 1.318218 -0.552963 -0.343183 -0.417504 -0.066857 2.156066 -0.564449 0.254608 -0.940016 0.191191 -0.040798 -0.158547 -0.422845 0.354632 0.122904 0.644224 1.958001 -0.240657 0.087886 0.471673 0.099022 -0.656471 2.434681 1.779353 0.611488 0.529511 0.966864 0.419822 -0.008568 0.619752 1.701326 1.215188 0.490871 0.758077 1.613370 1.609140 0.400594 -0.778956 
2.096872 0.881674 0.347142 0.438582 -2.105152 1.586609 0.763910 -0.684326 -1.445876 -0.940372 0.145662 0.829879 -0.328338 0.393669 0.632232 0.925682 -2.101468 -0.751144 0.360105 2.537270 -1.771837 -0.238264 -0.607132 0.911394 0.009381 -0.950840 0.875152 -0.024542 -0.036839 0.698981 -2.200007 1.513107 -2.269185 0.055469 -0.615017 0.856670 -1.171782 -0.380804 0.875127 0.657320 0.079158 2.269237 1.264833 0.295744 0.102569 -1.099377 0.370919 -0.657221 -0.282746 0.644861 0.589008 -0.148732 0.687045 -0.464937 -0.219229 1.446395 0.718183 -0.219041 0.708465 0.427865 -0.391942 0.050547 1.171700 0.645074 
1.470416 -0.513124 0.449183 0.186575 -1.648942 1.104147 0.704951 -1.710634 0.449638 -0.172167 1.668311 0.517538 0.060033 -0.094008 0.387287 -0.831243 -1.526122 -0.692701 1.400165 2.038431 -0.543789 -0.997884 -0.315626 -1.045221 0.334709 -0.488128 0.642024 -0.251946 -2.140095 -0.353947 -0.011235 0.565082 -0.374956 0.496420 0.402999 0.845998 -0.315894 0.132007 -0.673350 0.461657 0.373813 3.134966 -0.396959 -0.766443 0.123289 0.347103 -0.164853 1.108257 0.675959 1.703232 -0.468662 0.537539 0.135407 -2.470863 -0.751854 0.025565 -0.610111 1.360006 0.497973 0.394104 -0.920752 0.647360 0.741849 0.616787 
0.341687 1.543196 0.191208 -0.047889 -1.465234 0.969402 -0.035541 -0.504339 -0.261662 -0.173216 1.308087 -1.344587 -0.779666 1.105085 0.698680 1.096435 -1.990708 -0.931852 0.262381 2.348808 -0.781773 0.192368 0.202146 0.273741 -1.868052 -0.382495 -0.757120 -1.364392 0.494797 -0.904690 -1.480515 1.301348 0.607050 1.149836 1.777614 0.367677 -0.794893 -1.087211 0.817468 0.776406 0.687602 1.975986 0.584345 0.421491 -1.279798 -1.171930 0.644229 -1.020377 0.523379 -0.021545 -0.308769 0.525154 -1.588689 -0.633778 0.291075 0.748099 -0.054783 -0.691946 1.225255 0.344373 -0.248483 0.335309 -0.693727 1.039247 
0.027757 1.435633 -0.249729 -0.538603 -0.790924 1.126255 -0.011999 -0.304932 0.554265 0.866481 0.551998 -0.117538 -1.004708 0.756596 0.676343 0.032949 0.086986 -1.448478 -0.631745 1.453430 0.623042 -1.111740 -0.257215 0.530446 -0.647536 -1.251456 -0.596972 -0.332758 -0.139715 -0.998981 0.272471 1.112167 0.043137 1.322080 1.277094 -1.148550 -1.092047 -0.248999 -0.420857 0.854989 -0.418565 1.602798 0.806356 -0.218790 -0.370108 0.137194 -0.368381 1.513308 -0.561677 0.799304 0.304217 -1.470605 -0.482533 -1.582275 -0.302078 0.771685 -1.716979 0.805551 -0.553362 -0.104671 -1.236048 -0.493840 0.486551 -0.286365 
1.217166 -0.059611 -0.157884 -0.771245 -1.094675 0.680470 0.989144 1.164839 0.666477 2.040167 -0.846440 0.235498 -0.118569 1.101585 1.469763 -0.518562 0.849816 -1.424720 0.214550 0.032323 0.322811 -1.517648 -1.118621 0.289671 -0.825921 0.455546 1.055641 0.518455 -0.491131 -1.288160 0.614909 1.529804 1.055292 1.637297 0.055414 -1.474046 -1.290388 0.373569 -0.858745 0.229435 -0.946703 1.160643 1.391161 -0.765744 0.490388 0.596746 -0.368993 1.652816 -0.116011 0.619393 0.510548 -0.351952 0.023919 -0.763783 -0.896179 0.141314 -1.027285 1.779309 -0.126945 0.913690 -0.485041 -0.520995 0.464425 -0.032288 
-0.142587 0.239103 0.364875 -0.056580 0.646805 0.849649 -0.501483 0.603699 -0.678639 0.766945 0.090310 -0.671360 0.451180 0.726249 0.687276 -0.661514 -0.474126 0.189736 -0.818075 0.598027 0.781896 -0.786731 -1.028789 0.533785 -0.536870 0.451842 -0.002323 -0.418203 -0.102932 0.738273 0.776806 -0.255824 -0.158507 1.129581 0.675439 0.185850 0.295768 -0.288302 0.869119 -0.068432 -0.291376 0.723252 0.548638 -0.908271 -0.768474 -0.221225 0.204324 -0.385276 1.295955 0.599643 0.605032 0.615701 -0.948537 0.022528 -0.196252 -0.364748 0.815591 0.663825 -0.606778 1.173124 -0.832881 -0.925405 -0.067040 -0.441308 
-0.237483 -0.734890 -0.344332 -1.227880 -0.449928 0.287715 -0.208243 1.057616 0.517928 0.513888 0.784613 0.223555 -0.163958 -1.000608 0.140293 0.197450 -0.376573 -0.478921 0.818247 -0.737896 -0.401870 -0.543040 -0.435337 0.410405 -0.652073 0.405629 0.808986 0.730712 0.398265 -0.640902 -0.073048 -1.014143 -0.937791 0.510559 0.317063 -1.113292 -0.765560 -0.995034 -0.616193 0.553266 0.998889 0.890751 0.161107 0.320135 -0.093911 0.263023 -0.032492 -0.137145 0.460469 -0.590604 -0.758152 -0.405108 0.119842 -0.919328 -0.514671 0.645785 0.708634 1.096341 0.116763 -0.043853 -0.368044 -0.344404 -0.292908 0.492404 
-0.959903 0.367167 -0.558299 0.440304 -0.189040 0.521874 -0.735682 -0.354315 0.029170 0.966793 0.978977 0.349004 -0.556845 0.578448 0.511580 0.067979 0.799313 0.776687 0.248530 0.865312 -0.844537 -0.751573 0.950259 -0.110336 -0.203355 -0.902122 -0.181009 -0.588834 -0.833530 -0.150183 0.241692 -0.133656 -0.660871 0.719470 -0.145479 -0.155178 0.719002 0.199425 0.385988 -0.985498 -0.540075 0.672992 -0.027048 -0.845529 0.252998 -0.296095 -0.819318 0.214479 0.810042 -0.719797 0.130090 -0.071890 -0.921406 0.311096 0.930124 0.022781 0.981296 -0.623229 -0.674510 -0.310053 0.287824 -0.094943 0.354092 -0.952005 
-0.001680 -0.270364 0.768801 0.025852 0.912016 -0.059724 -0.182119 0.229688 -0.938902 0.758348 0.914420 0.245277 -0.770659 -0.774831 -0.240521 -0.506751 0.577988 0.576469 -0.513231 -0.950630 -0.550241 0.082860 0.390973 0.710985 -0.591845 -0.823525 0.797947 0.634671 -0.416518 0.674816 0.642628 0.851009 -0.626820 0.914304 0.318824 0.970031 0.577197 -0.392185 0.357364 -0.607898 -0.985399 -0.764275 0.501144 0.334453 0.694831 0.786065 -0.263039 -0.013398 0.601306 -0.346435 -0.154051 0.107237 -0.849710 0.512305 0.037202 0.375037 0.388332 0.973388 -0.775146 -0.193620 0.991157 0.839656 -0.486389 0.550312 
0.122002 0.769991 -0.546807 0.386388 -0.767248 -0.814712 0.629641 -0.853181 -0.204961 -0.890043 0.079645 -0.265602 0.238194 0.128663 0.466903 0.218926 -0.302103 0.526434 -0.440315 0.567471 0.393870 -0.366762 0.378516 -0.016257 -0.432365 0.340432 0.416280 0.274365 -0.265121 -0.831148 -0.825990 -0.047243 -0.777578 0.877278 -0.079654 -0.518702 -0.301596 0.647377 -0.989193 0.800356 0.271831 0.503289 -0.092277 0.315582 0.742967 -0.981393 0.963830 -0.661120 0.983436 0.426990 -0.205370 -0.623948 0.538636 -0.618590 -0.234966 0.957699 0.873446 -0.111341 0.966006 0.694337 0.430738 0.479150 -0.299172 -0.422361 
-0.127518 -0.117874 0.343500 -0.962401 0.130812 0.295834 -0.176994 -0.022524 -0.585757 0.479360 0.919815 -0.507691 0.524551 -0.492630 0.509021 -1.034496 -0.093222 -0.733128 0.456752 -0.753576 0.513385 0.093779 0.299248 -0.472349 0.724019 -0.641651 0.318967 -0.739093 0.840810 -0.342989 0.835808 0.132766 -0.111673 -0.407854 -0.038305 -0.599823 -0.146559 -0.245007 0.976105 -0.645613 0.884329 -0.500864 -0.914078 0.265081 0.827523 0.964252 -0.928979 -0.533996 0.226908 0.700788 0.546819 0.139159 0.287915 -0.364719 -0.011855 0.015031 -0.653373 -0.595393 0.709555 -0.110805 0.340073 -0.375270 0.539677 -0.404916 
-1.153197 0.556703 -0.742283 0.437186 -0.100894 -0.064683 0.436548 -0.545634 0.058921 0.421090 1.044088 -0.844674 0.754195 0.320638 0.592935 -0.087835 0.060328 0.141314 -0.529886 -0.047844 -0.745987 0.526823 0.316827 0.498260 0.241729 -0.001226 -0.967462 -0.331364 -1.032203 -0.575510 -0.297344 -0.646626 -0.625734 1.106311 0.796842 -0.208034 -0.416334 0.579794 -0.256039 0.215289 -0.437143 0.378652 -0.112340 0.490839 0.348415 0.249303 -0.802129 0.676039 -0.298577 0.855556 -0.173817 -0.173904 0.474851 0.837143 -0.389716 -0.834192 -0.198486 -0.017016 -0.307515 -0.452595 -0.449035 -0.072789 0.393852 -0.793558 
-0.417486 1.030413 1.048205 -0.307662 0.034058 0.999402 0.604908 -0.839904 0.805008 -0.616771 0.747896 -0.853467 -1.047793 0.823104 -0.144094 0.907813 -0.348165 -1.159319 0.738462 0.460198 -0.150105 -0.667942 -0.747632 0.873306 0.716051 -1.017896 -0.193805 0.339501 -0.965456 0.934711 0.999904 -1.540095 -0.697141 0.618543 0.081678 1.063185 -0.755134 -1.799375 -1.082451 -0.700620 -0.314390 -0.231918 -0.582765 -0.365731 -0.077453 -0.750907 -0.544067 0.151675 0.165641 -0.304123 0.038177 0.373254 -0.050328 -0.220868 0.325328 0.553739 -0.452587 0.708133 0.110222 -0.265244 -0.702182 0.347424 0.845067 -0.027865 
0.440213 0.404724 -0.865080 -1.492352 0.503230 1.294643 0.458741 0.774676 -0.145478 -0.809475 -0.283505 -0.591571 -1.608961 2.022361 -0.822478 0.424852 -0.318762 -0.548130 0.863546 1.752001 0.892605 -1.265753 -0.841548 -0.286231 0.119548 -0.109153 -0.257942 1.239439 -1.847510 0.185351 0.898522 0.110044 0.404311 0.309882 -0.909312 -0.355873 0.700695 -1.060347 -2.462782 -0.167829 0.150405 0.226604 0.268816 0.335422 -1.456374 0.038134 -0.693363 -0.481122 -0.033304 -1.407706 0.340493 1.315020 -0.524645 0.289517 -1.050574 -0.584672 -0.400516 0.406007 -0.751639 -0.292633 -1.472319 -1.152989 0.258456 -0.108288 
-0.105667 0.644722 0.296277 0.285171 0.107887 1.426947 0.803894 1.152696 0.259694 0.956484 -0.122363 -1.315842 -0.943096 1.733063 -0.504900 0.305295 0.341860 -0.005117 0.375923 0.701746 -1.378253 0.059508 -0.960646 -0.029604 -0.952443 -0.000408 0.335297 1.451356 -0.468395 0.089684 1.210469 -1.109900 0.490450 -0.261702 -0.074841 -0.206187 -0.163140 0.270301 -3.247821 -0.197468 -0.402366 0.933331 -0.694420 0.055807 -0.546751 1.040669 -2.603535 -1.190722 0.568209 0.675246 0.504504 0.211818 -0.975322 -1.312725 -0.264698 0.833201 -0.569360 0.883380 -0.689906 -0.627957 -1.010516 -0.748437 -0.204762 1.877302 
-0.165612 1.213838 -1.396716 -0.166499 0.691656 1.225911 0.748719 1.210107 -1.390821 0.777806 0.759695 -1.212506 0.109366 0.718584 0.750804 0.355439 -0.457414 0.325106 -1.079147 0.261118 -1.518868 1.544635 -1.625069 -0.255044 0.426281 -0.984257 -0.936531 1.857253 0.832556 -0.456914 0.789982 -0.668670 -0.265719 -0.057699 -0.556083 -1.718819 0.537005 0.344872 -3.242800 -0.802501 -1.181835 0.636326 -0.497353 0.192430 -1.034662 -0.683503 -0.100838 -1.145272 0.326989 0.001383 0.227504 1.279258 0.300094 -0.505011 0.220085 0.218688 0.803302 1.196886 -0.535258 0.069186 -1.831182 -0.135237 0.219264 1.582963 
1.171666 0.561314 0.099965 0.709826 0.964166 0.503249 -0.320155 -0.895031 -0.097143 0.751293 0.651671 -1.546040 -0.189018 0.713505 0.193928 0.468866 -1.494163 -0.345427 -0.681789 0.445950 -1.064806 0.559465 -0.358709 0.490192 0.173067 -0.343214 -1.131723 0.426336 -0.164254 -0.825293 0.410243 -0.887902 -1.203286 1.201680 -1.443738 -0.542332 -0.278850 0.594652 -4.619911 -0.612378 -0.519954 -0.346403 -0.604668 -0.664664 -0.683429 -0.896311 0.183697 0.263022 -0.227304 0.912413 -0.633631 1.605871 0.104214 -0.839993 -0.470583 -0.341772 -0.538381 0.112594 -0.424817 -0.390565 0.797239 -0.874832 0.284095 1.223508 
-0.219067 1.196439 -1.326081 -0.286096 0.522895 0.713046 -0.266213 1.265493 0.753624 -0.321684 -0.751214 -1.006536 -1.843086 0.655305 0.359995 -0.009139 -0.041857 -0.416249 1.193775 -1.116887 0.714594 -0.928315 -0.538493 0.038907 -1.191197 -0.617145 -0.825562 0.740520 -1.052357 0.942159 -0.224069 -0.883489 -1.791401 0.872229 0.025004 0.439740 -0.862500 -0.076441 -3.153274 0.869781 -1.087405 0.340164 -0.134667 0.750932 -0.903748 -0.584653 -0.575911 0.136109 -0.369013 0.090193 0.258320 2.418398 -0.364636 -1.048452 0.165442 0.553652 -0.042446 -0.024660 0.682829 -0.668930 -0.679886 0.567269 1.961634 1.293894 
0.440400 0.982453 -1.339565 -0.075190 0.575469 1.088373 -0.504380 1.281254 -0.746125 0.595949 -0.100212 -0.634712 -0.157495 0.518232 1.963747 1.403326 1.027701 0.693002 0.492153 -0.397215 -0.721633 0.658203 1.751183 -0.779194 0.139215 0.639677 0.468802 1.632193 -1.447872 -1.449135 1.410124 -0.001291 -1.349887 0.732554 0.696928 -0.154524 -0.534044 2.508869 -1.427790 1.320738 0.919026 0.724724 -1.299141 1.353824 -1.430391 -1.148262 1.024412 -1.199923 0.165026 0.654704 -0.334496 0.494392 0.713584 0.988129 0.844888 -0.891804 0.445626 -0.253680 0.008143 -0.414218 -0.066836 0.091984 0.707869 -1.154752 
0.747381 -0.352465 -1.510479 1.180404 1.081094 0.763582 -0.029938 0.786861 0.698952 1.805291 -0.126212 -0.818712 -1.162963 -0.895873 1.956366 3.403974 1.008627 1.313571 -0.356109 0.228394 -1.105822 2.126100 -0.107011 -0.733835 -0.112289 -0.439226 1.267995 1.319360 -1.253917 -0.901262 2.023050 0.865774 -0.119133 0.507007 -1.289527 0.512857 0.156310 0.416591 -0.080514 0.060665 1.271592 -0.081354 -1.950981 1.831962 -1.285108 -0.213961 -0.558925 -0.742670 -0.217781 1.231025 -0.420505 2.829585 0.641821 -0.164144 0.329400 -1.253405 0.657431 -0.167357 0.430300 -1.161435 -0.425571 -0.303918 0.788451 -2.497786 
-0.937712 0.844624 -0.140536 -0.029498 -2.061595 0.132234 -0.548222 1.668340 0.650619 2.621804 -0.692729 -1.180042 -0.513316 -0.277819 0.797822 4.242843 1.230848 0.410370 -0.072275 0.015040 1.775260 1.066187 1.309617 -0.603749 -1.310532 -0.005596 1.674275 1.588620 -1.991359 -1.092253 1.974189 -0.601502 0.946545 1.222293 -1.925628 -0.179873 -0.257825 -3.250365 1.003863 -1.160693 0.248814 0.218173 -1.361892 2.220122 -2.618824 -0.676335 1.480962 -1.358196 -0.080579 0.586404 0.490032 1.780122 -0.503810 1.184644 0.672427 1.283998 -0.750538 1.423126 1.160945 -1.741838 -0.739528 0.185027 0.057600 -2.387496 
0.825099 0.500655 -1.688025 -0.697305 -2.139827 0.515073 0.073372 0.426455 0.282454 0.827051 -2.663168 -1.094636 -1.427259 -1.190202 0.783876 4.458592 1.315122 0.629650 -0.603815 -1.004133 -0.136762 -0.429349 1.874502 -1.702734 -0.292410 -0.026541 -0.012486 3.119460 -1.822562 -1.993574 -0.958213 -0.033712 1.804759 0.218862 -0.692001 -2.050791 0.435176 -1.862970 0.283303 -0.479541 1.641533 0.077941 2.156218 0.799843 -2.681495 1.260105 0.554132 0.066323 -1.219226 0.624894 0.049361 -1.199035 -1.083782 1.256235 -0.858383 1.621649 0.572491 -0.501086 -0.280625 -1.305494 -0.503509 -0.501603 -2.015262 -0.499968 
1.951435 -0.719314 0.689498 -1.470399 0.001912 1.117048 1.660582 -1.310969 0.421723 -1.165734 -1.079070 -0.084722 0.783613 -2.745174 -1.012155 2.049054 -1.352109 0.863338 0.611199 -0.031196 0.654768 -0.469425 -0.988190 -0.273882 1.313898 0.397382 -1.944484 1.429315 -2.031944 -2.760531 -1.849700 -0.373772 1.418255 1.144322 0.255280 -2.186978 0.635239 -2.361068 1.244067 0.140189 1.883712 -0.527851 1.610753 -0.420274 -0.334031 1.208799 -0.035663 1.509064 -0.424155 1.103879 0.334725 -2.002453 -1.854912 0.415196 0.962829 0.315073 1.264301 0.334697 0.522528 -0.511562 -0.067783 -0.356596 -1.365150 -1.649725 
0.786799 -0.002513 1.495700 -0.319011 -0.034368 0.096152 1.283670 -1.292878 1.558777 1.193161 -1.485917 0.388283 1.827827 -2.418567 -0.906221 -0.166393 -1.430456 1.064886 -0.879821 0.217370 -0.663451 1.100747 -0.150062 0.306404 0.453035 -0.462853 -4.666194 0.339699 -2.196148 0.923930 -0.949115 -0.255519 -1.017876 0.286711 1.043027 -0.951183 -1.120201 0.997242 -0.572579 0.462764 1.520587 0.260497 0.940673 1.149837 -2.489900 0.698964 -1.518781 0.975424 -1.071460 -0.572247 -0.578400 -1.296066 0.191133 0.158381 -0.158381 -1.347756 -0.359937 -1.106760 0.023423 0.601292 -0.375833 -2.430737 -1.541062 0.588984 
-0.532034 -0.694394 0.684516 0.472016 -0.490557 0.180059 1.124448 -1.455938 -0.770098 0.373701 -2.784886 1.200305 0.146368 -1.372666 -0.027415 0.851395 -2.489288 0.201842 -0.433092 0.871459 -0.032972 2.061404 -0.111196 1.694742 1.082524 -1.569931 -1.096937 0.924912 -2.648463 0.263405 -0.306085 0.360171 1.293588 1.038549 0.528617 -0.617248 -0.004322 0.591634 1.179154 0.768053 0.721382 0.856826 0.092213 0.721558 -1.196150 1.726623 -0.509992 0.048980 -0.522752 -0.711486 -1.066480 -0.085541 0.236187 0.980222 0.395261 -0.453498 -0.166704 0.063024 -0.336157 0.414807 -0.796046 -2.333733 -1.206231 -0.501250 
0.204635 -1.129214 1.621053 0.266008 -1.653948 1.349501 -0.325622 -1.087046 -1.270463 -1.231490 -1.067927 -0.138192 0.793760 -1.619411 -1.238253 -0.225660 -1.256029 -0.294719 -1.182548 -0.002586 -1.421036 0.448899 -0.897744 0.256264 1.259457 -0.798824 -0.151603 0.435741 -1.786014 0.746466 0.127595 1.947364 -0.124053 1.389307 0.560614 -0.173705 0.107886 -1.587639 -0.654162 0.245738 0.545673 -0.418249 1.239845 1.397759 -0.564330 1.626961 -1.498281 -0.206188 2.283111 -0.609588 -0.979122 0.701932 0.266240 0.958206 -1.832504 0.331593 0.898481 -1.390459 -1.536879 -0.161275 -1.060419 -1.812279 -0.597630 0.945176 
0.876129 -1.619331 0.609847 0.603359 0.019477 0.801264 -0.023376 -1.239316 -0.980442 -0.815068 -0.535657 0.069335 1.297518 -0.751130 -1.763327 -0.699861 -1.249204 1.213241 -1.610614 -0.065058 -0.991623 1.433699 -0.674352 0.550662 1.795829 -1.877235 0.520220 -1.066122 -1.368052 0.505726 -1.538856 0.440135 -0.801845 -0.402297 1.037853 -0.140929 0.717902 0.675394 -0.306474 0.812657 0.466873 -0.586003 -0.071396 0.678431 -0.459811 -0.624700 -1.962093 -0.801047 1.708801 -0.282270 -0.778541 1.300535 0.853568 0.473492 -0.382353 0.504305 -0.195063 -2.362635 0.267901 0.984454 0.527193 0.670436 0.109885 -0.277807 
-0.153866 -1.356062 0.824691 0.779800 -0.134288 -0.217032 0.036788 1.300235 -0.194849 0.022177 2.083658 -0.432204 0.228851 0.050122 -0.634074 0.634608 -3.205244 -0.309732 0.073324 0.786138 -0.363168 1.623483 -0.584071 -0.264081 -0.041145 -3.284416 -0.570615 -2.010852 -2.484020 0.147381 -0.683693 0.413342 -1.158740 1.673863 0.633739 -0.104720 -0.810350 0.070498 -1.012776 1.776895 -1.135640 -0.804259 0.107895 -1.624586 -0.004693 -1.389119 0.279532 -0.460406 0.609174 0.758344 1.432993 -0.736933 2.274229 -0.978236 -0.562970 0.864315 0.767367 0.713623 -1.193886 0.291389 -0.030804 1.671978 1.544530 -0.233896 
1.066804 -1.112820 0.304336 0.866589 -0.336580 0.814216 0.404663 0.565675 0.401124 -0.659612 0.146494 0.240502 -0.710496 1.203595 -1.997818 -0.645391 -1.547364 0.079892 -0.542025 0.110555 -0.844066 0.140758 0.634306 0.251641 -0.117720 -3.366766 0.677392 -2.004256 -2.537076 -1.225049 -0.230337 0.420611 -1.566437 1.721131 0.699069 1.000325 -1.230420 0.408867 0.153771 -0.423079 -0.308070 -0.359308 0.740354 -0.557965 -1.484417 -1.098777 -1.131113 -0.398488 -0.712152 0.856689 0.457389 0.307337 1.414534 -1.822963 0.117647 -0.061102 -0.942480 1.097631 0.647108 0.448533 -0.077393 1.011516 0.436201 0.324516 
0.662230 0.601473 -0.368996 0.824427 -1.542789 0.711690 -0.314157 0.417579 -0.700223 -0.027224 1.398591 -0.307890 -1.122463 1.070093 -0.567418 -0.697661 -2.443737 -0.725575 1.179458 0.380514 -0.070559 -0.173010 -0.390662 -0.959211 0.407677 -2.449979 -0.223595 -1.105185 -1.994660 -1.210391 -0.986684 0.418745 -0.818135 1.694445 -0.330318 0.976302 -0.475245 0.090814 0.791927 1.159469 -1.111679 1.594898 -0.425728 0.329535 -0.281060 -1.149404 -1.214931 0.598586 -0.635115 -1.138419 -0.745323 0.019327 -0.954066 -1.806173 -0.923039 0.932604 -0.073879 1.417042 0.078461 -0.880284 0.051040 0.917301 0.747712 0.193329 
1.596289 0.051016 -0.828923 1.612345 0.302963 -0.643490 1.330193 -0.421610 -0.409870 0.275156 0.206771 0.318369 -0.912253 1.719306 0.000793 0.730533 -2.695384 -1.764226 0.162072 1.875503 0.240951 -0.655224 0.897154 -0.435271 -0.269993 -2.248991 -0.419629 -0.264823 0.073035 -1.045655 0.290954 0.032588 0.201131 0.656158 0.824162 0.747640 -1.039561 0.375911 -1.223258 0.045182 -1.087916 1.168980 0.124868 -0.535914 -1.347057 -0.052313 -0.834954 0.653533 -1.637914 0.303147 -0.447542 0.211311 0.483091 -0.732945 -0.038370 -0.310231 -0.579374 -0.194052 1.189923 0.190160 -0.841603 1.119466 -0.467011 1.159042 
0.077466 1.854117 -1.370604 0.924012 0.489059 0.709224 0.836790 -0.477963 -1.133449 -0.144969 1.025539 -0.863654 -1.114258 1.480711 -0.956263 0.274368 -0.398950 -1.505190 0.873857 0.801883 -0.194263 -1.514882 -0.127589 0.268783 -0.126429 -1.608770 -0.198042 0.688776 -0.235415 -1.069034 -0.780579 -0.595805 0.801666 0.541384 -0.503265 -0.437272 -0.200008 -1.794486 0.748236 -0.244138 0.096565 2.614824 1.731578 -0.580368 -1.474906 -0.009118 -0.921346 0.560518 0.410290 0.066415 0.183775 -0.552077 0.403777 -0.837277 -0.115370 -0.562236 -0.311371 0.602630 0.892835 -0.439208 -0.872592 -0.457117 -1.125465 1.099670 
0.590056 0.020353 -0.014262 1.036001 0.205838 -0.580241 0.873626 0.087143 -0.589298 0.301939 0.178882 -0.036352 -0.953253 0.460398 0.845087 0.477775 -1.337372 -1.488014 0.301649 1.455392 -0.662593 -1.060222 -0.714378 0.736485 -0.289380 -0.438068 -0.125086 1.346722 0.846115 -0.412850 0.608122 0.321142 -0.039006 0.880633 0.525232 -0.207465 0.461963 0.086896 0.724746 0.332758 -0.093947 0.309394 0.203983 0.279111 0.335160 -0.338867 -0.873678 -0.146512 -0.148608 -0.696070 -0.045856 -0.983191 -0.266859 -0.764029 0.337121 -0.360413 -0.371563 0.806992 0.364019 0.887713 -0.401245 1.275180 -0.244247 -0.692360 
1.041394 -0.699481 0.457585 0.587131 -0.272643 1.430641 -0.077355 -0.354787 -0.653542 -0.340463 -0.534624 0.228353 0.429739 1.033451 -0.117242 0.019393 -0.058790 -1.027210 0.097779 0.384777 -0.014552 0.035645 0.179080 0.675787 -0.360593 0.392295 -0.054047 0.087429 -0.107745 -0.127745 -0.727306 -0.376256 0.147663 -0.939429 0.369629 -0.068865 0.580827 0.377831 0.602420 0.393963 -0.030964 0.921442 -0.608727 0.030864 0.873187 0.380591 -0.615985 -0.287471 0.255152 0.884253 -0.131186 -0.631906 0.561961 0.671042 0.577778 0.222325 -0.156527 0.854075 0.292182 -0.101942 0.646458 -1.221872 -0.121139 -1.168311 
0.254258 0.403522 0.517640 0.003972 0.941392 -0.519906 0.548357 -0.671855 0.265954 0.342357 -0.658193 -0.883139 -0.485208 0.225057 0.095063 -0.666462 0.793205 -0.853845 0.623030 1.200616 -0.951551 0.461541 0.226921 -0.210638 0.741749 0.843131 -0.842077 1.017544 -0.694367 0.049397 -0.421932 -0.262251 -0.091892 -0.394061 0.123850 0.514330 -0.181246 1.054468 0.746801 0.352527 0.797682 0.523350 -0.241735 0.210431 0.432896 0.705027 -0.163138 0.076394 0.537621 1.119822 0.047805 -0.458887 0.220114 0.111479 0.468974 0.146717 0.011708 -0.170869 0.528016 1.071850 0.858774 0.736680 0.512258 -0.230669 
-0.119563 0.606304 -0.004802 -0.285743 0.954429 0.984858 -0.089227 0.274251 0.009336 -0.025112 0.899921 0.291931 0.301175 -0.913112 0.199942 0.243655 0.270965 -0.891548 0.759762 -0.420625 0.140310 -0.011438 -0.148252 0.853273 -0.129122 -0.707466 -0.021423 -0.568151 -0.671362 -0.603930 -0.747543 0.621025 -0.581419 0.131687 0.299213 -0.976783 -0.587178 0.363923 0.846548 -0.670824 -0.818938 0.244783 0.660747 -0.739130 0.805858 0.261437 0.654531 -0.832824 -0.320949 0.245502 0.203588 -0.487727 0.632129 -0.349305 0.910376 0.783893 0.155132 -0.014428 0.657629 0.813931 -0.570024 -0.149688 0.093443 -0.274755 
0.042884 0.109348 -0.160612 0.934567 -0.426679 0.543655 -0.005173 0.488135 -0.329566 -0.470068 0.551500 0.228469 0.346809 -0.578924 0.275857 -0.619031 0.353198 -0.313890 0.601980 -0.878662 0.729849 0.500958 0.108293 -0.605293 -0.400994 0.624948 0.138951 0.302434 -0.743108 0.374310 -0.867447 -0.634714 -0.371804 -0.493209 0.219717 0.981933 -0.852411 0.827825 -0.347029 -0.612293 -0.870128 -0.667529 0.631414 -0.568409 0.689158 -0.304728 0.082170 0.481868 0.272246 -0.080675 0.961354 -0.227211 0.869137 -0.040947 -0.363076 0.505551 0.958684 -0.872250 0.916749 -0.984437 0.258458 -0.897805 0.282998 0.318619 
0.347090 0.337953 -0.106699 0.352374 -0.855592 0.718817 -0.039763 0.197101 -0.450829 0.176934 -0.191459 0.676077 0.903463 0.319776 0.888070 0.496023 -0.237842 0.488515 -0.860261 0.412896 0.685208 -0.484039 -0.480121 0.579301 -0.620600 0.587850 0.298380 -0.494226 -0.824760 0.318703 -0.726738 -0.074623 0.638168 -0.316704 0.126616 -0.228279 -0.112459 -0.283846 0.750877 -0.350136 -0.760311 -0.345202 -0.206308 -0.664313 -0.582722 0.577247 -0.701127 0.052922 -0.550331 0.011665 -0.187525 -0.453829 -0.830362 0.736671 -0.414340 0.614855 0.347698 -0.869404 0.375885 -0.072510 0.057838 0.343859 -0.387609 0.101172 
-0.938338 -0.314888 1.020015 -0.490243 -0.982394 -0.492294 -0.117900 -0.983419 0.786240 0.392735 -0.926404 0.313193 -0.002758 -0.074577 -0.114037 0.297040 0.241864 0.091579 0.360197 -0.712873 0.578163 -0.737054 -0.531718 0.251758 -0.350736 -0.049039 0.146434 -0.062575 0.276418 -0.423674 0.634961 -0.788371 -0.639746 -0.323408 -0.654722 -0.618875 -0.570675 -0.489649 0.766858 0.232151 -0.806406 0.256282 -0.905841 0.137836 -0.578182 -0.521629 0.513830 -0.908264 -0.553305 -0.297943 -0.697190 -0.776158 0.584136 0.737979 0.645016 -0.576674 -0.797556 -0.704481 -0.782288 0.997894 0.580552 0.377876 -0.285849 0.538089 
0.325591 -0.249615 0.963852 0.724533 -0.462751 -0.456094 0.795412 -0.403488 -0.442619 -0.312783 0.219883 0.773767 0.206036 -0.662149 -0.252044 0.955753 0.605295 -0.270028 -0.250296 0.515016 -0.203506 0.948621 0.055697 -0.514045 -0.019835 0.508807 0.085037 -0.162547 0.428473 -0.508839 -0.653486 -0.774477 0.089910 -0.611082 0.191506 -1.038988 0.388775 -0.214019 -0.656256 0.267190 -0.335647 -0.728297 0.311677 0.130869 -0.112600 -0.049515 -1.121656 0.020363 -0.323539 -0.948530 -1.075380 0.120507 -0.865627 -0.684937 -0.323057 0.494173 -0.395698 -0.061050 0.625623 0.569839 0.748112 -1.184942 0.779212 0.243319 
1.083952 0.726300 0.786836 -0.394750 -0.176781 -0.089173 -0.715119 -0.055639 -1.144283 0.580889 1.053508 0.502177 -0.050453 0.852569 0.218798 1.005248 0.244280 -1.039940 0.616366 0.196493 -0.778752 0.871337 -1.637003 -0.305191 0.400173 0.869136 0.141315 -0.336634 -1.531201 0.063443 0.940042 -1.059603 -0.026348 2.049591 0.267810 0.979949 -0.731079 -0.149864 -2.521195 -0.473701 0.319447 -0.454712 0.253569 0.129020 -0.777532 0.567458 -1.373991 -0.545807 0.864314 -0.568368 -0.014386 0.205318 -0.090953 -0.460611 0.462886 -0.230668 0.297839 0.436001 -0.980728 0.183227 -0.388857 -1.113450 0.753453 1.245966 
2.051477 -0.657095 -0.549406 -0.709095 0.711901 0.435799 0.386190 0.271546 -0.868809 -1.128764 0.657710 -0.683603 -0.799450 1.279518 0.542222 1.859084 -1.594452 -0.728405 0.999932 0.963576 0.224722 -0.350394 -1.600868 -0.641680 -0.530990 -1.247612 -0.609083 -0.554060 -1.304610 -0.640155 0.090178 -1.360625 0.272371 -0.262642 -1.052317 -0.135267 0.288856 -0.406084 -3.026103 -0.155856 -0.059580 1.361980 -0.126254 0.997582 -2.280104 -0.930367 -0.981569 0.184329 1.139569 0.335243 0.535404 1.702904 -0.941906 -0.372845 -0.099552 -1.634514 -0.691476 1.149345 -0.771012 -0.561604 -0.531142 0.047124 -0.372511 0.275357 
0.526436 0.015126 0.491695 -0.479165 -0.064683 1.391200 1.738924 -0.655296 -1.072213 -1.026475 0.503188 -1.741148 -0.309492 2.815838 0.453558 0.971033 -0.202946 -0.765889 -0.832751 2.001562 -0.563473 0.580611 -1.043126 -1.380825 -0.287025 -0.654217 -0.227082 1.048026 -1.101601 -0.407235 0.934279 -0.736295 0.435350 0.754463 0.720912 1.153485 0.184273 0.217947 -2.743517 0.407060 -1.048969 1.964371 -1.355020 1.561253 -2.362573 0.054998 -0.928890 -1.251521 -0.067132 -0.059562 0.658189 1.110168 -0.253249 -1.217509 0.183476 0.591465 -0.551878 0.774828 -0.478404 -1.126024 -2.457084 1.609317 1.891021 0.969056 
0.152651 -0.201570 -0.720843 -0.608225 0.513707 1.062461 -0.136566 1.593544 -0.702006 0.620787 0.755831 -1.299078 -0.015220 1.435123 0.156139 1.578425 1.171633 0.452064 0.269312 -0.243076 -1.588591 0.795178 -0.019418 -1.267063 -0.412143 0.667443 0.021157 0.934163 -1.995107 0.195376 0.829525 1.145222 -0.907868 -0.225899 -0.438994 0.701220 0.035903 0.826362 -1.591256 -0.368689 -0.025294 1.675175 -2.047360 0.202234 -2.438442 1.156792 -0.127454 -1.862166 1.715862 1.039123 0.834784 0.607671 0.528360 -0.249358 0.195900 0.313358 0.904110 1.186270 -0.108365 -1.292287 -0.957776 1.173773 -0.087031 0.730016 
-1.497279 -0.141789 -0.286593 -0.203324 -0.050042 0.876422 0.269059 1.109980 -0.779105 -1.239329 1.149978 -0.377084 -0.516020 1.331390 -0.545269 0.957414 0.436059 1.484393 0.621693 -1.364920 -1.504789 0.525594 1.293076 -0.813567 -1.305679 1.287098 -0.023152 0.333007 -1.136886 0.336066 -0.186482 0.369473 -1.292162 0.612597 0.077760 0.406249 0.499049 0.403362 -1.998773 1.254662 0.248218 0.024892 -1.599062 -0.017432 -2.415379 0.239077 0.028768 -0.830552 0.391497 1.134368 0.170355 0.052193 -0.296293 0.026933 0.142730 0.298549 -0.283206 1.090971 1.255370 -2.140110 -0.749931 0.328640 1.799756 2.790564 
-1.100797 -0.148912 -1.072834 0.765098 0.296085 0.357966 -0.283922 1.734615 0.028222 -1.394906 1.334854 -1.025819 -1.630084 1.338640 0.287973 0.763047 0.483885 -0.012570 1.595941 -1.483730 -0.413872 0.638945 1.484126 0.891996 -0.401819 0.400225 0.785043 1.654208 -1.760987 0.124282 0.972833 0.736170 -0.777025 0.025948 0.032584 -0.142856 -0.171363 1.016628 0.186350 0.775044 0.461039 1.061245 -1.274295 1.401323 -2.290436 -0.931856 0.395150 -1.255514 0.806343 -0.101908 0.447172 1.225877 0.764700 0.270423 1.429277 0.847591 -0.989903 -0.313098 0.317829 -0.849900 0.401277 -0.851024 0.459872 0.260192 
0.708586 -0.135764 -0.358783 0.020223 1.192085 0.910993 -0.239115 1.790146 0.203166 -0.353381 1.514451 -1.200747 -0.434170 0.823685 2.272108 3.196820 -0.349740 -0.040547 1.648154 -1.261740 0.325611 1.469526 1.739325 0.779117 -0.913195 0.150988 0.023810 0.837866 -1.579089 -1.296843 0.709879 -0.286160 -0.079904 0.976364 0.232191 0.670387 0.199617 0.683080 0.311569 0.063627 -0.562788 0.564685 -1.072985 2.932781 -3.247589 -0.532938 0.937612 0.219436 -0.165298 0.041024 -0.897984 2.266917 0.177307 -0.207313 1.178118 0.791033 -0.953285 0.946119 -0.662239 -1.670363 1.054521 0.318198 1.402446 -1.971289 
0.858226 -0.059303 0.097711 0.534436 -0.136886 1.862776 1.828218 1.334064 0.797353 0.951654 0.655914 -1.073050 -1.471406 -1.760845 0.771607 3.881548 1.009564 0.675029 1.567575 0.505211 -0.481099 0.677300 1.276812 -1.350173 0.015646 -1.188026 0.341724 1.432141 -0.296753 -0.843910 1.411710 -0.042650 1.093240 -0.291427 0.015056 -1.609820 0.404495 -0.412664 -0.487794 -0.003027 -0.687649 0.051766 -1.426713 2.958441 -2.967200 0.161198 1.015549 -0.005309 -0.698004 0.850510 -1.477035 1.429840 0.663188 0.977060 -0.578204 0.306744 0.858800 0.653915 -0.402959 -0.382291 -0.413333 0.031242 0.891697 -2.687219 
1.205685 -0.168613 -2.095536 -0.297711 -1.687472 0.938565 0.136345 1.503935 1.327417 0.556499 0.016427 0.367597 -0.001532 -1.919067 -0.316026 1.990916 1.172375 0.864141 -0.547452 0.248734 -0.827873 -0.783135 0.067020 -1.245101 1.374716 1.067196 0.449213 2.525524 -0.040104 -3.082710 0.953729 -0.623557 1.406530 -1.427211 -0.427012 -2.198639 -0.363233 -2.059710 1.096260 -1.220912 0.236844 -0.963962 0.847881 0.955563 -2.064529 -0.092984 1.235466 -0.656268 0.147793 0.235316 -0.798869 -1.131178 0.425493 -0.241339 1.102392 2.249649 -0.304788 0.384090 0.724677 -1.654122 0.026618 -0.289679 -0.890998 -1.097468 
2.826824 -0.444982 -1.000799 -1.737755 -1.026020 1.556850 0.120491 1.356357 -1.648540 0.202045 -1.679762 -0.470675 1.241698 -1.073364 -1.322092 0.020017 -0.389643 0.181442 -0.844896 -1.023249 0.379774 -1.552278 -0.419409 -0.751763 0.805704 0.382131 -0.765920 1.551616 0.940721 -1.209661 0.934454 -1.570988 0.346386 0.501534 -0.178058 -1.067242 1.022839 -0.568943 0.605162 -0.327079 -0.294686 -0.433018 1.353347 0.698404 -1.605631 0.037836 0.743601 0.702879 -0.664555 0.764853 -0.410197 -2.503648 -0.794046 -1.418287 -0.333826 0.444394 0.476811 1.035854 -0.407965 -1.162059 0.262972 0.294534 -1.020782 -2.238703 
1.477893 -0.788969 1.407588 -0.229282 -0.293042 0.636165 -0.204079 1.085505 0.043987 -0.873109 -1.349344 -0.127536 1.266955 -2.108255 -0.915911 -0.018434 -2.994633 1.128144 1.107738 0.317000 0.484488 0.319625 -0.780234 -0.802803 1.375257 1.223949 -2.017658 1.651770 -0.489410 -2.270253 -1.032367 -1.468736 1.146252 1.972909 0.739525 0.100579 0.271846 -1.909108 1.015581 0.295046 -0.553531 0.679896 1.152473 -0.871390 -0.649152 -0.436579 -1.715182 -0.219675 -1.131010 -0.445068 -0.468925 -3.686798 0.724038 -1.017699 0.814607 -1.597602 0.950276 1.671389 0.071160 -0.627803 0.048286 0.345235 0.368633 -0.675917 
-0.046998 0.339269 0.168028 0.079145 -0.805115 1.021771 0.296739 0.439102 1.981359 -0.349325 -2.558669 -0.722266 -0.397155 -2.476728 -2.551547 -0.213394 -1.474665 0.909938 -1.441524 0.228059 0.615952 1.182577 -1.286301 -0.202968 1.292234 -0.585684 -3.703023 0.971637 0.286469 -0.401104 0.176659 0.283073 -0.282210 0.268987 0.367836 -0.433099 -0.327138 -0.517752 0.671556 0.037881 0.916556 0.387632 0.416587 -0.392753 -2.997817 -0.499141 -0.055640 -1.402647 -0.729435 -1.975289 -0.494392 -0.632745 -0.064231 0.184669 0.131471 -0.820748 0.293487 -0.879807 0.077925 -0.941266 -1.260753 -1.121994 -0.002433 -0.613981 
-0.300649 -1.444639 -0.330764 0.121782 -0.993606 0.271505 1.440903 -0.001007 -0.977936 0.249108 -2.775679 1.648110 0.372729 -2.327320 -0.537015 1.217038 -1.876664 0.277606 0.245417 -0.010650 1.136393 1.673242 -0.755984 1.840883 1.217202 0.178835 0.400254 0.186639 -1.570147 0.304341 1.181567 0.719251 -0.063961 0.110912 -0.773631 1.227281 -1.469395 -1.196054 0.890179 0.933269 1.594252 -0.997877 -1.016963 1.055077 -1.862224 -0.003314 1.113204 0.722807 0.033623 -0.709311 -0.031004 -0.045493 1.336730 0.065637 0.787305 -1.834325 0.332437 -1.363892 0.158664 0.409593 0.047701 -2.553653 -2.285381 -0.590718 
0.019357 -0.763941 0.833294 -0.190205 -1.794492 0.176789 0.489073 0.239971 -1.592848 -2.026956 -0.567201 -0.273602 1.009480 -0.856586 -0.976201 0.252883 -1.237403 0.685867 -1.195641 0.354297 -0.662722 0.185534 -0.115637 -0.920243 -0.007752 0.738831 0.938176 0.238286 -1.926665 -0.322308 1.728590 -1.512616 0.768916 1.626293 -0.333866 -0.093981 1.045889 -0.187721 -0.531020 0.390997 -0.443704 -0.918758 -0.550533 0.071667 -0.061780 -1.212557 0.127382 -0.856925 0.824409 -0.663650 0.219993 0.158350 1.321981 1.270787 -0.720716 -1.318169 0.186670 -1.664777 -0.309824 0.350636 0.917589 -2.076538 -1.175600 0.819353 
-0.112660 -1.507015 0.949669 0.109223 -2.327317 0.693205 -0.055085 0.009632 -0.218031 -0.851603 0.686660 -0.400652 0.960537 -1.008382 -1.269243 -0.449595 -0.169318 -0.417944 -1.350935 -0.397092 0.306872 0.241542 0.706915 1.671192 1.587516 0.094838 -1.129785 -0.978112 -1.303746 1.205230 1.956332 -0.489664 -0.546080 -0.343251 -2.195768 0.287061 0.396984 0.804021 -1.362250 1.641084 -0.232935 -1.602260 -0.875471 -0.383958 -1.920430 -1.038238 -1.164315 -0.277773 0.400261 -0.190731 -1.002915 0.176567 1.070270 -0.484206 -0.854005 0.640720 1.578711 -2.131958 -1.393989 1.093910 0.552770 -0.469518 0.744661 -0.122700 
0.254859 -1.155704 -0.565566 1.609358 -1.090755 0.013658 -0.963382 0.892420 -0.183225 0.146755 0.127803 -1.101872 -0.418152 0.956791 -2.631490 0.287785 -2.313192 1.120523 -0.468298 -1.267937 -1.349423 0.435695 0.203736 0.694385 0.439193 -1.104644 -1.556927 -0.463305 -1.854874 -0.771771 0.146719 -0.756038 -0.013397 1.193254 -0.970976 0.062585 -0.267220 -0.576464 -0.800707 -0.038899 -1.299558 -1.120305 0.430419 -0.013349 -0.301976 -1.415212 0.446868 0.222141 -0.624688 0.121291 0.932792 -0.321626 1.495868 -0.358047 -0.239939 0.078371 0.187195 -0.190253 -0.516617 -0.051629 -0.133921 1.555675 0.240381 -1.045990 
-0.321094 -0.165778 0.366666 0.910462 -1.084420 1.005364 -1.748941 0.856070 0.323036 0.295065 1.780012 0.123548 0.172294 0.436363 -1.935672 0.625440 -2.457314 -0.255611 -0.398777 -0.405844 -0.066581 0.402532 1.906687 0.081676 -0.081834 -1.327815 -0.953141 -0.262839 -1.540014 -0.161087 0.137477 0.613600 -1.354649 1.130793 -0.743633 0.703648 -0.141969 0.132320 -0.279968 0.849407 -0.162689 -0.136387 0.981353 -0.593209 -0.714651 -0.209134 -0.338185 0.544894 -1.310580 0.565604 0.573996 0.610324 1.254343 -0.722484 0.291897 0.588367 -0.383980 0.916672 -1.090151 -0.596884 -0.476111 1.006718 0.728942 0.407961 
0.428915 0.273779 -0.095417 0.872960 0.048359 -0.440710 -0.897841 -0.796328 -0.935314 -0.396769 1.981199 -0.727864 -0.686997 1.331916 -0.033853 0.415421 -1.598405 0.060301 0.098016 0.479447 0.141380 0.827720 0.329310 0.335982 0.185496 -1.195207 -0.768430 -0.414386 -0.801495 -0.896563 -0.172682 1.833240 -0.285831 0.831113 -0.377478 1.346508 -0.991126 0.478123 -0.423996 1.112045 -0.178968 -0.461600 -0.670933 0.259819 -1.058581 0.300047 -1.177296 0.463771 -2.001738 -0.553766 -0.748953 -1.034681 0.626745 -0.167809 -0.388134 0.686546 0.378498 0.966316 -0.564877 -0.684617 0.468634 0.150696 0.045812 1.137747 
-0.151720 0.860495 -1.172451 2.332381 -1.345177 0.505977 -0.364404 -0.851967 -1.372212 -0.232635 0.141315 0.738619 -0.666682 0.497713 -0.778055 0.056325 -1.820458 -1.374431 1.255463 0.735118 0.458363 -0.393504 1.040138 1.196965 -0.344033 -1.615449 -1.475993 0.021231 -1.697467 0.146110 -0.633307 -0.268756 -1.291995 0.952820 -0.638376 0.763908 0.232735 0.666522 -0.230636 -0.219518 -0.314681 0.568313 -0.571938 0.015899 -0.760136 0.112646 -1.402220 1.335434 -0.168126 1.342775 -0.541989 -0.221549 0.345798 0.220997 -0.864574 0.435880 0.762457 0.659738 0.637401 -0.122114 -1.548160 -0.071793 -0.194760 0.166261 
0.683503 0.456651 -0.906670 0.652285 0.569019 -0.596852 0.466512 -0.778593 -0.132019 -0.742304 0.672035 0.443525 -1.949828 0.980125 0.663269 0.400892 0.478009 -1.217895 1.105451 0.864378 -0.264087 -1.195980 1.592517 1.310623 -0.256455 -1.892506 -0.375393 0.647659 -0.841522 0.205823 0.560912 -0.702690 0.326171 -0.560122 -0.675913 -0.333449 -0.828441 0.364892 -0.603253 -0.026815 -1.244256 1.004834 0.857202 0.706338 -1.117794 -1.007806 -1.152912 0.943957 -0.418068 -0.546850 -0.630561 -0.985024 -1.142001 -1.126103 0.635688 0.249422 0.611533 0.506230 0.149597 -0.065878 -2.020063 1.058002 -0.828247 2.295000 
0.096710 -0.081740 -0.378570 0.215948 -0.019855 0.256539 0.612234 -0.181697 -1.270273 0.397468 0.749987 -0.567274 -1.390036 0.362098 -0.069858 0.642280 -0.808127 -1.185288 -0.223281 1.237077 1.386995 0.775526 -0.286416 -0.601584 0.912721 -0.660620 -0.829302 1.034994 1.089050 0.068731 1.274890 0.097111 -0.595982 -0.988760 0.704399 -1.029551 0.868340 -0.689762 -1.064749 -0.027728 -1.060508 0.386704 -0.499631 0.573918 -0.711264 0.146139 -0.127851 0.951195 -0.406895 1.024390 -0.614007 -0.864162 -0.002186 0.331737 -0.611757 -0.635070 0.698086 -0.769741 0.341891 -0.088709 -1.555868 0.108412 0.479226 0.861323 
0.285660 -0.315542 -0.255946 0.940979 0.015261 -0.144588 -0.581363 0.547215 -0.485528 -0.722678 -1.198250 0.885231 -1.136750 0.346338 -0.513604 0.833830 0.152980 0.535310 0.580521 1.946374 0.223726 -0.523279 0.368703 -0.505444 -0.126876 -0.113375 0.765163 -0.410100 -0.385750 -1.117326 0.480376 -0.973396 0.547430 -1.146035 -0.500944 -0.587197 0.048235 0.194754 -0.216935 -0.723002 -0.779393 -0.218639 -0.388482 -0.089292 -0.107102 0.620005 0.149144 1.101832 0.641449 0.734499 -0.924460 -0.040427 -0.349590 0.829031 0.541909 -0.161429 -0.549363 -0.513267 0.625200 0.505874 -0.674201 0.559886 0.059007 -0.553670 
0.603758 -0.096985 0.584227 0.547145 -0.193729 1.140756 -0.608749 0.397164 -0.270836 0.107245 -0.187055 -0.254887 0.353283 0.889791 -0.728034 -0.436204 0.933616 0.857423 0.175443 1.015966 0.730021 0.065249 -1.085352 0.814452 -0.193537 -0.230554 0.320173 -0.089722 0.549126 0.939494 1.056330 0.575372 0.209721 -0.245742 -0.864230 -0.205158 0.305228 0.647364 0.612541 -0.581556 -1.033137 -0.100413 0.689043 -1.000257 -0.728563 1.000680 0.469566 0.474449 -0.731087 -0.655236 0.659398 -0.652182 0.577938 -0.903052 -0.096419 -0.365832 -0.198484 0.360493 0.699346 -0.528016 -0.214131 0.207301 0.532367 0.728689 
-0.032163 0.499900 -0.176037 0.365110 0.170644 0.467359 -0.245987 0.625094 -0.803835 0.438715 0.745705 -0.266178 0.822935 -0.516899 0.321257 0.304578 0.330252 0.918819 -0.905660 0.187720 -0.227919 -0.238302 -0.260901 0.114822 -0.981931 -0.742944 -0.925351 -0.136997 0.424773 -0.546773 0.980968 0.421490 0.475179 -0.134821 0.080796 -0.518134 0.501102 0.630637 -0.965277 -0.283610 0.918696 0.937877 0.371739 -0.242276 0.406966 0.919856 0.121111 -0.602972 0.936236 -0.664328 0.136033 0.846580 -0.884508 -0.749992 0.398584 0.336942 -0.708778 0.076306 -0.046400 -0.762698 0.792508 0.498750 0.090870 0.888701 
0.848270 -0.543992 0.258931 -0.953487 0.874692 0.476548 0.430704 -0.780061 -0.889013 -0.937472 0.172913 -0.483444 -0.200806 -0.138592 0.309500 -0.030489 0.280359 -0.409053 -0.417553 0.850021 -0.709187 0.327511 -0.149876 -0.745167 0.512601 -0.842322 0.477712 0.228079 0.407427 0.896536 -0.595015 -0.217752 0.425214 -0.277415 -0.498948 0.103244 0.639183 0.534471 -0.265192 0.259969 0.857969 -0.158370 -0.225320 0.739676 0.299966 -0.994872 -0.524521 -0.917112 -0.122608 -0.363384 -0.027655 -0.998847 0.149686 -0.029674 -0.211445 0.218329 -0.967956 0.022840 0.638208 -0.610825 0.282814 0.343425 0.366548 -0.604175 
0.877918 0.184785 -0.240965 -0.663233 0.263055 -0.100717 0.583017 0.506616 -0.312723 -0.694986 -0.433461 0.735099 0.489304 -0.931157 -0.086528 0.280402 -0.461314 0.549009 0.639357 -0.255754 0.862614 -0.835062 -0.258837 -0.819410 -0.509721 -0.768470 -0.763224 0.810410 0.628737 0.604091 0.188192 0.585594 0.156896 -0.573845 -0.224894 0.971633 -0.446285 -0.435420 0.352157 0.191640 -0.598277 0.539347 0.755924 0.371839 0.269154 0.849039 -0.256580 -0.317242 -0.605213 0.391003 -0.217211 -0.909019 -0.077161 0.968404 -0.974008 0.658370 0.858946 0.412097 -0.110909 0.136778 -0.982655 -0.511798 -0.098572 0.752283 
0.422985 -0.919765 -0.856516 0.789768 -0.316302 0.683575 0.333186 0.095820 0.110686 -0.288933 -0.655219 0.064331 0.866673 -0.775936 0.967521 -0.042292 -0.117685 0.351885 0.303101 0.605472 -0.906825 0.499413 0.791483 -0.260826 0.388144 0.253658 -0.939646 0.572037 0.322668 0.945078 0.334978 -0.145527 0.690648 -0.120063 0.226500 0.097607 -0.944114 0.334947 -0.512615 -0.395731 0.255991 0.036652 0.236585 -0.165226 0.775790 -0.979558 -0.848282 0.420754 -0.237484 0.769319 0.117927 -0.527839 -0.469272 0.954506 -0.021529 0.018129 -0.345684 0.510175 -0.097872 0.925567 0.686469 0.757078 0.321560 0.432292 
-0.667872 -0.295728 0.235571 -0.230328 -0.522861 -0.377055 0.666396 0.582296 0.559037 -0.323316 -0.697319 -0.854995 -0.176154 -0.478946 0.051100 1.159935 0.041419 0.329637 0.007291 0.232824 -0.535980 -0.288966 -0.741299 -0.219831 0.804026 0.056268 0.421904 -0.333610 -0.873911 -0.866296 -0.139702 -0.550895 0.062862 0.941439 -0.833082 0.743495 -0.016310 0.092606 0.810588 -0.359769 0.037954 0.303700 0.004763 -0.582045 -0.978906 -0.973013 0.886863 -0.276995 0.244450 0.813524 0.377626 -0.613991 -0.911973 -0.539396 -0.485243 -0.342884 -0.591123 0.593043 -0.131719 0.131361 0.338880 -0.184210 -0.319035 -1.020641 
0.472214 0.419814 -0.173458 -0.417412 -1.030039 -1.022325 -0.264807 0.144444 0.127488 -0.159538 1.185922 0.570677 -0.559419 0.183146 -1.179884 0.591151 -0.144392 -0.609366 0.868834 0.841641 0.610406 0.775642 0.270273 -0.917826 0.852677 -0.801910 -1.042121 0.429186 -1.742457 -0.569021 0.279257 0.467535 -0.610050 -0.417229 -0.056994 1.225118 0.489131 0.295270 0.337050 0.034638 0.457984 0.645748 -1.140238 0.020344 -1.030660 -0.418496 -0.759065 -0.232791 -0.419312 0.037891 -0.118852 0.942212 -0.313552 -0.609850 -0.615248 -0.230578 0.869634 0.024572 0.232097 -0.771206 0.876247 -0.335390 -0.215487 0.858858 
0.622459 0.486057 -0.285545 0.494691 0.551109 0.970773 0.077005 0.474284 -1.215271 -0.313512 0.152523 -0.327122 -0.343088 2.189960 1.057663 0.905460 -0.315465 -0.056137 -0.257163 0.199205 0.245638 0.794508 -0.164279 0.043129 -0.482605 -0.536805 0.810357 -0.490736 -2.747591 -0.824915 1.211329 -0.442640 0.453629 -0.788801 0.563464 -0.090658 0.748588 1.041861 -1.965486 0.621150 0.708075 1.226935 -0.493365 1.073185 -2.366688 0.097388 -0.299832 0.508752 0.056191 0.213459 -1.463356 0.473048 -0.556620 1.059289 0.633440 -0.172250 -0.407896 1.218257 -0.733086 0.125876 -1.697962 0.385170 -0.425709 0.246917 
0.648386 -0.024082 0.129554 -0.189955 -0.577194 0.475577 1.328365 1.004974 -0.085691 -0.170878 0.012703 -1.861321 -1.690912 2.051626 1.463390 1.269252 0.837583 0.058344 -0.610882 2.006830 -1.215076 0.238352 -0.184286 -0.143577 1.143308 -0.517944 0.345560 -0.378133 -2.329294 -0.796410 0.278815 0.874548 -0.003370 -0.424709 -1.046997 0.836559 1.162427 1.159320 0.870619 -0.962248 0.846928 0.186732 -2.153267 1.263941 -1.116965 -0.504082 0.451169 0.017605 0.997083 1.008653 -0.770325 0.177683 -1.665535 -0.479092 -0.734539 0.526035 0.247105 1.286188 0.203035 -0.944910 -0.608360 2.288044 0.112169 0.612097 
2.207275 0.624393 -0.142461 -0.940869 0.656123 0.144244 -0.856962 -0.295235 -0.183831 0.637286 0.410204 -0.730920 -0.136803 2.567006 0.780582 0.790238 1.551893 -0.110917 1.085923 -0.074203 -0.154487 1.375269 0.909376 -0.502410 0.875239 -0.236269 2.146938 0.163113 -2.740002 0.012393 1.730730 0.183336 -0.896754 -0.033955 -1.467150 0.129982 0.225976 0.885000 -0.338618 1.132654 -0.895703 0.213313 -2.815724 -0.318644 -2.308966 -0.737658 0.825095 -1.050822 1.101922 -0.830291 -0.687362 0.738910 -0.753958 -0.732171 -0.060439 -0.209618 0.279340 -0.786710 0.159223 -1.857270 -1.643370 1.317018 -0.556994 2.050350 
0.811510 0.437199 0.118479 0.163764 1.129110 0.271567 -0.130829 0.953927 -0.104330 0.822357 0.161018 -0.617149 0.781435 0.797641 0.325171 2.595606 1.343969 0.113431 -0.447239 -1.374224 -1.050262 2.091943 1.892535 -0.312961 -0.550719 -0.872771 0.488567 0.959950 -1.640241 -1.327201 0.201220 -0.957397 -0.796367 0.051225 0.559066 1.007629 -0.616181 -0.050326 0.885716 -0.014307 0.700396 0.643931 -2.084342 1.188361 -1.807908 -0.911911 1.950525 0.182506 0.123873 -1.337722 -0.685227 1.285737 0.928929 -0.142763 -0.064213 -0.513784 0.363331 -0.029206 0.699894 -0.846983 -2.312447 -0.304386 0.517100 1.000600 
0.265171 -0.336627 -0.625945 0.316721 0.568376 0.720672 0.351488 -0.100582 0.551802 0.230850 0.513835 -0.658038 0.628478 2.695201 0.961991 2.931776 0.206944 0.142706 -1.468855 -0.786172 -0.554135 0.489728 2.025139 -0.943165 0.701155 0.935049 -0.534681 1.429379 -0.984117 -1.449706 1.116402 -0.528087 1.116983 0.041041 2.004724 0.057070 0.345285 1.155151 0.628455 0.527047 -0.582920 0.478835 -1.134631 2.693999 -3.209158 -0.117210 1.949955 -0.164374 0.634011 1.125796 -1.255720 0.380931 0.382321 -0.552214 0.988540 -1.242985 -1.258544 -0.082415 -1.041824 -0.779244 -2.788379 -0.637612 0.135809 -0.624584 
0.713553 -0.815265 -0.753160 0.208232 1.188539 0.895727 0.549290 0.345832 0.329492 0.020086 0.566285 -0.047622 0.554188 2.081715 0.850473 2.908451 -0.083422 -0.014516 1.092951 -0.204244 0.297462 0.030082 1.732908 0.084795 0.453473 1.289060 0.543466 0.764608 0.138263 -1.108238 0.205659 -0.317355 0.477460 -0.516224 0.190940 0.257136 0.886064 1.319359 0.221506 -0.717620 -1.981401 -0.219956 -1.014853 2.075444 -3.330155 -0.437763 0.931797 0.645358 1.457954 0.096822 -0.380906 0.698250 -0.471952 0.148476 0.450031 -0.923996 -0.927756 -0.028376 0.005298 -1.083360 -0.680965 -0.897422 -0.862120 -1.984212 
0.473758 0.256306 -0.425928 1.013280 -1.908796 0.447213 0.818748 0.285907 -0.209914 -0.313852 0.778976 0.529607 0.259570 -1.172690 -0.363047 2.438642 0.595149 0.491407 0.280513 0.013617 0.009068 0.456259 1.977232 0.391793 1.072444 -0.637147 0.802270 0.611091 0.386108 -2.032332 1.128779 -0.305697 1.290359 -0.086596 -0.013689 -1.145300 1.298566 -0.999340 0.735659 0.674415 -0.411193 0.916131 0.323775 0.664885 -1.707413 0.132958 0.930600 1.420085 1.067044 0.848963 -1.145539 -1.363881 -0.013472 -1.003856 0.365070 1.600393 -0.727602 1.174835 -0.901753 -0.180517 -1.400915 0.400203 -1.641502 -1.245281 
0.328057 -2.039154 -0.201677 -0.502341 -1.654148 0.673624 0.544917 1.009316 0.151324 0.125715 0.772597 0.120933 1.306796 -0.811743 0.182351 1.217882 -0.626406 1.680032 -1.006170 -1.508163 -0.125539 -0.286270 0.340110 -1.295501 0.365016 0.584108 0.038150 0.993776 -0.054648 -0.685882 1.489034 0.050923 0.423453 -0.225274 -0.955455 -1.883209 0.079476 -1.127659 0.242111 -1.268901 -0.637450 -0.015696 1.080784 0.565568 -1.193815 -0.574822 0.688802 0.895098 -0.066821 -0.139897 -0.006687 -2.856032 -0.580743 0.045565 -0.379187 0.559162 -0.498718 -0.435255 -0.510365 1.295676 -1.165348 1.335189 -1.284754 -1.188116 
0.757412 -1.068213 -0.559660 -0.807960 -1.494703 0.754419 0.404389 1.604139 -0.794075 0.683834 -1.037719 -0.673773 2.470422 -2.174234 -0.539564 0.185315 -1.971152 -0.457237 0.221753 0.071454 0.454869 -0.124207 -0.059017 -0.292172 -0.423777 -1.342029 -0.947651 0.402935 0.686743 -1.673876 0.659611 -0.895545 0.558805 0.077948 -0.142695 -1.195173 0.167412 -1.332957 0.646735 -0.112733 -1.390520 -0.255621 1.544538 -1.087559 0.281611 -0.366301 0.178925 1.482759 -1.439782 0.197452 -0.171513 -4.836830 -0.252257 -1.306623 -0.463336 0.572000 0.817979 0.659811 0.071029 -0.553275 -0.079988 0.594760 -1.389057 -1.336326 
0.073267 -1.192632 0.140465 0.296558 -0.339351 1.493640 -1.342145 0.663572 2.631571 -0.102451 -0.890385 0.130559 -0.208596 -0.808666 -2.121484 0.879911 -1.869160 0.586587 0.731602 0.661700 0.084413 -0.151184 0.060625 -1.619418 -0.944608 -0.170279 -3.945860 0.398091 0.483876 -0.948283 -0.188247 -1.206166 -0.999624 0.295197 0.113778 -0.314453 1.108462 -0.777910 1.252205 0.513427 -0.946273 0.643817 1.559388 -0.595338 0.649768 -1.083675 -0.632943 0.120681 0.452359 -0.957688 0.359170 -1.844927 0.836343 -0.053461 0.951103 -2.078594 0.155325 0.314092 -0.095045 -0.851289 0.034919 -1.109190 -0.751964 -1.374795 
1.168354 -0.953974 -0.242009 1.143505 -0.262017 0.634934 0.557630 1.899344 1.245518 -0.411405 -1.863312 -0.523405 0.125157 -1.294586 -0.488394 0.381698 -0.723745 0.060112 -1.077025 1.260146 -0.326546 0.676672 0.416990 -0.001152 -0.314990 -0.256117 -2.382433 0.824087 0.720944 -0.797670 -0.538542 -0.171218 -0.600651 -0.075814 1.391261 2.009811 1.066574 1.439359 0.565348 0.658870 -0.297514 0.204530 -0.883198 -0.381160 -1.809912 -0.266298 1.257664 0.276376 0.345690 -0.645444 0.953781 -1.051898 0.906401 0.575233 0.064672 -0.349048 -1.282693 1.223651 -0.698402 -0.301964 -0.659600 -0.797349 -0.724693 -0.736512 
0.567372 -1.105592 -1.305191 0.319946 -0.282940 1.464478 1.008533 0.775727 -1.542378 -1.076992 -2.636110 1.170289 -0.587918 0.479546 -1.160233 -0.299311 -2.733938 -0.292675 1.865134 -0.221535 -0.960065 1.086252 0.815337 -0.806756 1.385590 -0.470685 -0.988498 1.802256 -1.373279 -0.905728 0.373689 0.042973 0.445088 0.894404 0.805030 0.809684 0.350660 -1.205530 -0.780626 -0.920020 -1.155454 -1.910957 1.029485 0.052708 -1.105348 0.108821 0.765660 0.164687 -0.124178 -1.207820 -0.085116 -0.057372 0.579962 0.559560 0.354837 -1.462308 -0.173151 -1.478567 -0.526541 0.616232 -0.868669 -1.021910 -0.312342 0.076301 
0.723618 -0.557656 -0.166806 0.769741 -2.157685 2.151644 1.896050 0.131924 -1.985918 0.655073 -1.302858 -0.641496 1.135940 0.246950 -0.746399 0.728760 -0.772126 -1.187783 -0.377243 0.220641 -0.993080 1.805244 1.097649 -0.004909 -0.633188 0.269594 0.114078 -0.344242 -1.440902 -0.136668 -0.423111 -0.053235 0.307271 1.370869 -0.389558 -0.277695 0.907259 0.708302 0.003363 0.995445 -0.010943 -0.718418 1.574866 0.224284 -0.286279 -0.661413 0.800299 -0.491290 1.335740 -1.367289 0.182974 0.493065 0.489266 0.211205 -0.778678 -0.024411 -0.175812 -1.850323 -0.103425 -0.469255 0.223091 -2.232434 0.124130 -0.045510 
1.141289 -0.640166 0.932279 -0.530501 -0.596018 -0.128911 -0.209667 -0.356872 1.290398 0.152236 1.112161 -0.162082 1.254963 0.975825 -1.433186 1.115112 0.193675 -0.961541 -0.225086 -1.269457 -1.364551 0.598665 0.722238 1.493724 1.466901 -0.551679 -0.856993 -0.800174 -1.364772 -0.938258 -0.806733 0.139120 -0.145686 0.601266 -2.415518 0.471423 0.615217 0.013772 0.727701 -0.640421 -1.155320 0.991735 0.389444 1.118724 -1.180136 -0.982370 -0.313989 -0.048355 -0.373623 -1.145345 -0.336455 -0.848055 0.513977 -0.720677 -1.141131 -0.319166 -1.226227 -1.370610 0.117985 0.681736 -0.979232 -0.194674 1.197015 -0.626652 
-0.558671 -1.754931 0.808791 1.364593 0.269456 0.054138 0.748979 0.016134 -0.663517 0.442352 2.530802 -1.318764 0.560616 0.218048 -1.426752 0.419304 -1.578520 -1.294736 -1.173950 -0.449306 0.438398 2.193560 2.230852 -0.483947 0.198886 -1.811175 -1.080157 -0.092946 -1.701509 -0.561723 0.072610 -0.849093 -0.550720 0.521190 -0.713567 -0.420676 0.512309 -1.540725 -1.014744 0.192043 0.779317 0.720417 -1.517237 -0.737893 -0.668127 -1.202177 -0.888418 -0.430948 -1.518603 -1.368417 -1.680428 -0.365763 2.241019 -0.641495 0.310862 -1.211324 -1.293096 0.731140 -1.192158 1.067354 -1.262721 0.290147 0.730150 -0.220300 
-0.512495 -0.390914 1.374022 0.619377 0.834547 -1.764584 -1.016380 -1.289540 -0.488759 0.140577 0.309754 -0.036512 0.668607 1.485400 -0.813482 -0.901734 -1.654298 -1.438760 -0.157816 -1.026072 -1.131526 0.931581 1.345688 -0.447682 0.354480 -2.101479 -1.615257 0.612772 -2.262537 0.093582 -0.218810 1.084412 -0.778710 1.772194 -1.069014 0.473630 -1.202148 0.024365 0.337340 -0.498598 0.925201 -0.573057 -0.262296 0.261401 -0.162581 -0.844927 -1.497577 -1.294625 -1.342272 0.418758 -0.224186 -0.731106 1.036351 -1.100245 -0.765374 -1.112198 -1.119618 2.434691 0.248914 0.175780 0.604793 0.789722 -1.409080 0.483803 
0.533625 -0.285997 -0.529750 1.753122 -0.398371 -1.281387 -0.568986 -1.474993 -1.536504 -0.293715 1.711665 0.168329 -1.525563 0.073673 0.375875 -1.023793 -1.366760 -1.040250 -0.279019 0.047479 -0.686073 0.193126 2.437752 0.405549 0.954966 -0.738156 -0.510345 0.760361 -2.331564 -0.904527 0.145226 0.648237 -1.737270 -0.424422 -1.111094 0.915141 0.544194 -0.415058 -0.266743 1.051606 0.495044 0.195768 -0.476833 2.698901 -0.068214 0.429631 -0.035870 0.675226 -0.482523 0.797758 -0.303594 -0.148334 -0.532958 0.605544 0.113240 -0.535683 0.480156 1.055412 -0.230415 0.310255 -0.728091 -0.342924 -0.925387 -0.082155 
-0.005609 0.860786 -0.148178 2.395537 -0.537871 -0.799182 -0.095073 -1.229823 -0.970668 0.794373 -0.184604 0.013897 -1.563035 -0.280630 -0.354026 -0.133499 0.070835 0.749137 0.968528 1.004210 0.334216 -0.740780 1.574959 1.671498 0.691532 -1.115352 0.293264 0.656718 -1.624848 -0.768400 -1.253053 -0.057646 -1.219232 -0.275580 -0.848556 0.519561 0.532213 -0.246144 -1.128195 0.285231 -0.630177 0.597266 -0.866691 1.357158 -0.597157 -0.727935 0.522807 1.142615 0.012242 0.368060 -1.099254 -0.533556 0.095510 0.469084 0.429492 -0.662929 0.711876 -0.723624 -0.321475 0.859154 -0.992444 0.445246 -0.478995 0.444221 
-0.283790 0.178529 0.773303 0.958528 0.441975 -0.696228 0.305061 -1.488707 -0.606915 -0.041396 0.074253 0.745399 -1.009432 1.446742 0.442422 0.332197 -0.742899 0.278876 0.144196 0.451880 1.798485 -0.042112 0.359660 0.235172 1.198892 -1.064884 0.495763 0.331333 1.345384 -0.589209 0.672561 -0.053621 -1.148428 -0.924934 0.320546 0.255541 0.288045 1.284192 -0.784373 -0.234901 -0.797609 0.154591 0.393911 1.633527 -0.401152 -0.175622 0.179878 1.062920 -0.437332 -0.360230 -1.898497 -1.332535 0.701522 -1.091139 0.317631 -0.844446 -0.116308 -0.632700 0.818877 0.907249 -0.696674 0.229119 0.232995 0.295179 
-0.035412 0.301360 0.002060 -1.122262 -0.262687 -0.508803 -0.083743 0.045518 0.485215 -0.668531 0.922462 -0.318470 0.223679 0.102757 0.298584 -0.827769 -0.509011 -0.683535 0.253002 1.743776 1.680782 0.359048 1.425188 1.155722 -0.280452 -0.085959 -0.629669 0.265436 0.603183 -1.294705 0.825828 -0.352845 -0.448378 -1.468846 -0.107178 -1.242907 -0.151883 1.053748 -0.599273 0.258727 -0.876465 0.699554 -0.765717 0.149496 -0.963047 0.594084 0.873727 -1.322629 -1.003456 -0.401410 0.231988 -1.254983 -0.254804 -0.709387 0.584537 0.709178 0.634541 0.080402 -0.282234 0.821871 -0.584054 1.587622 -0.149795 -0.658517 
-0.440994 -0.507098 -0.075117 -0.928364 -1.048949 -0.112601 -0.178021 0.149715 -0.212335 0.693271 -0.281214 0.155623 -0.097040 -0.434822 -0.870574 -1.276930 -0.446035 -0.239397 0.831423 0.271245 1.809915 0.086981 0.958302 -0.179742 -0.088022 -0.727890 0.123316 0.463068 0.902651 0.485976 -0.247782 -0.964651 0.898827 -0.772898 -0.258876 -0.409788 0.589082 0.183646 0.329673 -0.577912 -0.899031 -0.403514 -0.042134 -0.669248 0.775202 -0.947406 0.757703 0.764449 0.117796 0.811536 -0.265641 -0.447990 0.557276 -0.631731 -0.228044 -0.707271 -0.284436 -0.179883 0.705540 1.111442 0.777135 1.024928 0.035311 -0.516990 
0.362099 0.501094 -0.258555 -0.690065 -0.099020 0.173686 0.110300 0.821663 0.663558 0.824913 -0.139412 0.738809 0.413252 -0.061707 -0.229348 -0.433646 -0.195195 -0.429672 -0.813575 -0.423391 0.321644 -0.513502 -0.635043 -0.004689 -0.063893 -0.083816 0.220006 0.149775 -0.166940 0.775749 -0.451269 0.478576 -0.242461 -0.030596 -0.698497 -0.586791 0.195804 -1.020160 0.842953 0.469738 -0.624622 -0.288310 -0.223222 -0.963965 0.381192 -0.210348 -0.200986 0.245993 0.702370 -0.493182 0.865235 -0.129655 -0.710898 0.891379 -0.392931 -0.200496 -0.474703 -0.088670 0.550368 0.085285 0.086915 0.576177 -0.525129 0.074987 
0.978744 0.798087 0.715094 -0.831959 -0.774613 -0.287312 0.543483 -0.644780 -0.531002 -0.878475 0.246942 -0.583361 0.902235 0.591664 0.697798 -0.992438 0.730219 0.971417 0.934305 -0.749468 -0.084884 -0.573620 0.318104 0.482505 -0.849428 -0.248568 0.851685 -0.426153 0.147646 0.769325 -0.810505 0.162220 0.269317 0.666657 0.922963 0.004513 -0.391537 0.028515 0.700853 0.905305 0.531367 -0.547258 0.739660 -0.592252 0.806255 0.394308 -0.712925 -0.337794 0.299355 -0.657911 -0.375151 0.681264 0.391890 -0.166200 -0.877512 -0.591201 0.105110 0.306315 0.965962 -0.197602 0.038074 0.542981 0.070765 -0.678359 
0.164997 0.519822 -0.222533 -0.888054 0.565903 0.491161 0.875667 -0.826734 -0.867217 0.093132 -0.478523 0.859615 -0.662509 -0.703966 -0.390461 0.005189 0.108587 -0.959155 0.176128 0.985104 0.882377 0.312423 -0.633351 -0.959104 -0.102989 -0.475668 -0.436720 -0.838230 0.782022 0.991024 -0.790092 0.851556 -0.485458 0.311736 -0.087987 -0.915483 0.801926 -0.522386 0.363810 0.765586 -0.051543 -0.486865 -0.319194 -0.990598 -0.722830 -0.534348 -0.333109 0.539659 -0.836554 -0.444746 0.629142 0.542240 0.742055 -0.703229 0.252630 0.263353 0.358623 0.408050 0.136474 -0.322874 0.814162 -0.686575 -0.486193 0.531846 
-0.509068 -0.939085 0.790589 0.087242 0.334988 -0.524589 0.279745 0.850446 -0.032380 -0.749871 -0.882302 0.661609 0.714231 -0.876680 -0.727971 0.328481 0.780350 -0.529180 -0.180965 -0.703684 0.639393 -0.718258 0.798022 0.527878 -0.364882 -0.977721 0.986795 0.932382 -0.134474 0.769286 -0.302694 0.707783 -0.469893 0.853132 0.616138 -0.154238 0.451921 0.961734 -0.442423 -0.824855 0.492237 -0.101488 0.542965 0.182444 -0.950565 0.583906 0.050331 0.980175 0.587756 0.289856 -0.539967 0.753960 0.555485 0.825508 -0.165685 -0.152030 0.184836 0.494796 -0.758439 0.074070 -0.955979 0.673208 0.304972 0.275811 
-0.520602 0.816220 0.521224 -0.357782 -0.123080 0.608624 0.914204 0.022177 -0.874099 -0.883956 -0.541414 -0.509100 -1.039804 0.170026 -0.557051 0.697251 0.527508 0.830955 -0.061859 -0.017433 -0.212451 0.545559 0.026723 0.801841 0.765306 -0.983128 0.835809 -0.160737 0.671484 0.422137 -0.322692 0.706127 -0.633178 -0.862290 0.379061 0.315503 0.513494 0.983263 0.887520 0.250386 -0.194281 -0.387954 0.277741 0.114390 0.578717 0.315108 0.689168 0.239084 0.851573 0.663515 0.676486 -0.353560 0.934162 -0.851499 -0.256859 0.550028 0.485544 -0.160093 0.458959 0.413839 0.443330 -0.540359 0.001026 0.033471 
-0.494920 -0.807878 0.715232 0.261135 -0.536886 0.723988 -0.215327 -0.549045 0.774282 -0.861483 0.361988 -0.954278 -0.842677 -0.349079 0.815576 1.161337 0.072440 0.342808 -0.154376 0.017217 -0.100760 -0.587641 -0.395380 0.706532 0.659838 -0.615283 -0.456810 -0.137510 -1.219743 -0.711214 -0.727278 0.559403 -1.066884 -0.987123 -0.594865 -0.366555 -0.100661 0.829522 0.079284 -0.901918 0.435050 0.682418 0.722710 1.054760 -0.661476 0.250741 0.764019 0.724015 -0.750802 0.737116 -0.276897 0.621036 -0.019107 -0.015608 0.841496 -0.337491 -0.936712 0.721932 -1.003262 -1.008045 0.103549 -0.404568 1.226974 0.246943 
0.397398 0.718934 0.317120 -1.086012 0.513663 -0.283973 -1.128417 0.775848 0.134413 -0.082287 -0.789084 -0.213505 -0.799528 -0.715534 -0.819035 0.752160 -0.783761 -1.120403 0.933432 1.095598 -0.789916 0.102315 0.512304 -0.130675 -0.281963 0.742263 -1.082680 -0.536355 -2.277451 -0.513406 -0.597891 -0.217709 -0.580299 -0.895759 -0.845358 0.166558 -0.086991 0.068321 -0.478213 -0.531686 0.559434 0.199669 -1.210999 0.132397 -1.091090 -0.992737 0.567298 -1.515922 0.385743 0.285333 -0.444421 -0.554837 0.884534 0.073069 -1.140257 -0.492719 -1.155414 0.347605 -0.661318 -0.705875 0.919204 -0.844478 -0.031672 1.158492 
-0.646510 1.334663 -0.889179 -0.090798 -0.532804 -0.329641 0.492655 -0.003341 -0.585509 -1.323997 0.069386 -0.944092 -0.493364 1.464518 -0.416246 1.478657 -1.057167 -1.924271 -0.247634 -0.110154 -0.034731 -0.763588 2.053941 -0.810084 -0.617537 0.701691 0.989522 -0.450508 -0.716957 -1.484612 -0.438525 0.941071 -1.345411 -0.192115 -0.330504 0.371763 0.649984 0.415232 1.740718 -0.906293 0.644931 0.678805 -1.391861 0.126161 -1.865658 0.139632 0.420530 -0.505720 0.985583 0.427923 -0.595908 -0.103248 -0.625394 1.119876 -0.941037 -0.825461 0.226217 -0.050427 -0.394525 -0.021851 -0.524919 -0.065505 -0.003232 0.147068 
-0.762265 1.476760 -0.371700 -0.273796 -0.634442 1.417687 1.536308 0.828570 -0.731773 -1.458932 0.384855 -1.044084 -1.243701 0.832219 -0.167780 1.674226 -0.789939 -2.859689 -0.108757 1.089755 -1.056646 0.283377 2.668056 -0.117237 1.333539 0.122728 -0.606182 0.252604 -0.401865 -1.359588 -0.836798 -0.729421 -0.282897 -1.586381 0.707222 0.467990 -0.677151 0.519053 0.761965 0.249070 -0.225084 -0.815008 -1.218433 0.800046 -2.038184 0.070119 0.523649 -1.398410 -0.494117 1.004873 -0.130350 0.451482 0.128593 -0.856818 -0.967216 -0.682642 -0.610167 1.402488 -0.840183 0.607401 -1.069392 1.764340 0.274403 0.891104 
0.340741 0.490957 -1.404562 0.329914 -0.247756 1.484313 0.797196 0.639111 0.611397 -0.953286 0.603783 0.410120 -1.874585 2.026535 0.456851 0.929794 0.506163 -2.923967 0.706931 0.449643 -1.250812 0.628482 2.497576 -1.728442 0.649537 -0.752126 0.590007 0.140264 0.187453 -0.409933 1.521526 -0.260246 -0.563228 -0.267119 0.271160 1.016865 -1.064014 0.951000 1.299516 -0.259867 0.826229 1.026094 -1.263754 0.948855 -1.496706 0.375546 1.817901 -0.081025 0.903917 -0.386025 0.161530 0.391549 -0.959789 0.924417 -0.387589 -0.862500 -1.281484 0.184669 -1.390035 -1.300854 -2.359435 1.405854 0.160019 0.512807 
0.005755 1.469921 0.576270 0.345470 0.222644 0.788300 1.676461 0.165919 -0.640167 0.190253 0.675301 0.635338 0.235383 1.494437 -0.909943 1.185771 -0.887663 -2.700202 -0.055958 -0.083803 -1.244292 0.131956 0.387751 -1.356764 0.440791 -0.067846 -1.060105 1.347219 -1.340410 -0.628606 1.266089 -0.741879 0.074524 -0.596311 0.724223 2.101052 -0.355067 0.783478 1.036898 0.913018 -1.351813 -0.026835 -1.721031 -1.098436 -0.846436 0.218993 0.742919 1.088887 -0.315552 -0.250903 0.480020 -0.762376 0.034114 0.451566 -0.111183 0.545121 -0.955028 -0.531604 -1.068084 -0.682342 -2.863956 2.688804 0.270634 1.883759 
1.388561 -0.167316 -0.356890 -0.774410 0.581817 1.276155 0.142539 0.180551 -0.574601 0.273498 0.734653 0.185670 -0.534225 2.961347 0.482757 0.771436 0.675200 -1.171547 0.133289 -1.037126 0.787632 1.899841 0.153543 -0.810889 -0.282024 -0.790165 -0.355533 2.014969 0.098882 -0.137027 0.918045 0.380382 -0.255826 -1.710163 0.325492 1.465026 0.589016 1.038231 1.080858 -1.030590 -0.749714 2.005439 -0.737130 0.718896 -0.437255 -1.547884 0.814395 -0.452250 0.058381 0.256775 0.565710 -1.050032 -1.108872 0.076309 0.409669 0.628976 -0.183982 1.479842 0.049148 -0.962690 -3.652321 2.861403 -0.310680 0.279046 
1.155369 -1.252680 -1.290691 -0.758294 0.201299 0.045240 -0.327682 0.367325 -0.689953 -0.150314 2.286437 1.104518 0.444337 2.866760 -0.546176 1.588263 0.438446 1.062057 1.182714 -1.864361 0.641177 1.247232 0.785876 1.154306 -0.088389 -1.509765 0.588702 0.289119 -0.163153 -1.797027 1.483201 0.009711 -0.844603 -1.608005 -0.615453 0.829592 0.237426 0.909611 0.365645 -0.437045 -1.494636 0.666310 -1.477835 -0.333158 -1.449138 -0.168164 0.246171 -0.083501 -0.090501 -0.775905 0.345219 -1.031459 -1.551445 0.013164 -0.860553 0.956864 -1.209941 -0.337217 -1.142917 0.213915 -1.846230 -0.797965 -0.626976 -1.359802 
2.146738 -1.750909 -0.917242 0.584985 -0.677785 0.167270 -0.121246 0.934865 0.302714 -0.155612 1.223655 0.668747 -0.452154 2.432464 0.511996 1.064593 1.185027 0.380578 -0.758282 -1.092476 0.456090 -0.132852 0.047755 -1.437968 1.745517 -1.865514 0.232450 -0.155191 1.078231 -0.857984 0.895012 -0.361746 1.398670 -0.381290 0.448250 -0.979832 0.655807 -1.469241 -0.278578 -0.572609 -1.280561 0.412511 0.306017 -1.206001 -0.457793 -0.871237 1.004778 -1.328176 -0.625570 -0.831329 -0.821916 -2.250795 -0.951057 -0.311726 0.139051 1.776777 0.511808 0.680054 -0.188376 0.200877 -2.204773 -0.823682 -1.383641 -1.368942 
0.833995 -0.047726 -0.171779 -1.087015 -1.070928 -0.282385 0.167453 1.710441 -1.581155 0.054229 -0.634417 -0.282820 1.228476 0.964952 -0.722494 0.921444 -0.736589 2.019228 -0.739599 -0.874611 0.086219 -1.033002 -0.639867 -1.166297 0.328575 0.316739 0.193563 1.278924 0.206856 -1.456106 0.373773 0.112501 -0.126640 -0.623293 -0.785350 0.287733 -0.842995 -1.942118 -0.222240 -0.655514 0.009656 -0.451822 0.520674 -0.987742 1.132375 -1.609878 0.816783 0.010260 -0.765639 -0.428546 -0.160593 -3.422330 -0.127800 -1.313901 -0.976315 1.688945 -0.200741 1.109844 0.931100 0.337518 -1.619399 0.337957 -2.621886 -0.389460 
-1.094933 -0.748389 -0.562684 -0.259525 -1.499145 -0.449163 0.955706 1.253017 0.615019 -0.204005 -0.727447 -1.224001 0.584015 -2.011490 -2.280393 -0.251343 -0.935436 1.468683 -0.905334 -0.298459 0.516050 -0.741349 1.409152 -1.156037 0.387547 0.213204 -1.500341 0.901953 -0.063487 -1.882297 0.888257 0.382279 -0.463673 0.788390 0.031526 -0.994471 1.364331 -1.915981 0.822549 1.701870 -0.613536 0.025363 1.886118 -1.744112 3.338296 -0.315492 0.098213 1.680607 -0.770469 -0.660397 -0.468703 -3.338814 0.411653 -0.347084 0.291538 -1.681295 0.398765 -0.451841 -0.294775 -0.463318 -1.787480 -1.316616 -1.776519 -0.236847 
1.028757 -1.023241 -0.182881 0.195379 -1.455552 2.182934 -0.006683 1.448404 1.950822 0.617577 -1.572513 -1.264122 0.881946 -0.847580 -0.801463 0.166447 -0.567259 0.608130 -0.280704 1.110771 0.284564 -0.016851 1.966445 -1.161914 1.310432 0.268324 -2.952968 1.676300 0.245854 -2.402090 1.684773 -0.680715 -0.557497 1.420198 0.577550 0.507938 2.091211 -1.187485 0.631126 1.322988 -0.753985 -0.175071 1.272218 -0.720745 2.040749 -1.551042 0.623037 0.524661 -0.032974 -1.299681 -0.411365 -1.214819 -0.045470 -0.325756 -0.805917 -2.000622 0.914700 0.970626 -0.584966 -0.898813 0.205205 -1.025485 -0.320260 -0.847714 
0.795614 -0.557316 -0.316378 1.284504 -0.424558 2.307550 1.149241 1.876690 1.556674 0.231871 -1.939447 -0.079630 1.508566 0.307844 -0.436547 -0.878703 -1.659668 0.318746 -1.068856 1.155926 0.737834 1.306965 -0.618462 -0.271154 0.644538 -1.017407 -1.998269 -1.185995 0.161883 -1.675390 0.629472 -0.109443 -0.350197 1.201843 0.540942 -0.203719 1.454963 0.318403 1.000528 -0.607250 -0.618713 0.112053 -0.554437 -1.010056 -2.385298 0.844333 0.526410 -1.001251 -1.135173 0.324128 0.147543 0.897721 0.833959 1.137336 -1.431433 -1.228313 0.073885 -1.071368 -0.435497 -0.362312 -1.090720 -0.057531 -1.199974 -0.483838 
0.601383 -1.168378 -0.399458 -1.318402 -1.249670 0.682682 -0.172568 1.563257 -1.336397 0.215792 -3.362761 0.086073 1.282307 0.978670 -1.991203 0.652703 -1.731970 0.434531 0.223866 -0.771520 -0.767471 1.875302 -0.255341 0.109064 -0.140356 -1.005601 -0.737084 -0.494114 -0.619330 0.028822 1.437758 0.687215 0.231588 -0.062076 1.382653 0.269967 1.201948 -1.282751 -0.473569 0.221336 -1.173231 -0.354052 -0.232037 -1.019995 -1.505673 0.222053 1.648234 -0.702823 -0.664053 -0.617101 -0.571857 -0.445889 -0.826184 0.824482 -0.647006 -0.010894 -0.714783 -2.306604 -0.327719 -1.169465 -0.193825 -0.609113 0.032905 -0.238602 
0.450071 -1.724824 -0.153085 -0.828420 -1.182592 0.961666 0.342614 -0.128718 -1.169428 -0.735942 0.650392 -0.239459 2.493776 -0.141021 -1.000671 0.848893 -0.616182 0.373520 -1.054479 -1.812652 -1.264400 1.106019 -0.722377 0.500077 -0.674140 -0.620669 -0.775973 -0.504959 0.571582 -0.942097 0.938862 -1.544648 0.000570 1.395797 -0.757626 0.783848 1.416484 -0.878372 -0.070990 0.938915 -1.430601 -0.711563 -1.160810 -0.231092 -0.875902 -0.520227 1.533356 0.100162 -0.151237 1.359218 -1.197405 -0.464128 1.548260 0.386632 -1.050115 -1.774495 -1.367403 -1.884590 -0.618172 -0.149473 0.377957 -0.537588 0.029845 -1.134295 
0.072990 -0.527557 1.105961 -1.359845 0.374899 0.790667 0.214543 -0.340202 0.369704 -0.864798 2.228949 -0.492477 0.145975 0.819416 -0.559370 0.560297 -1.054138 0.079854 -0.214834 -1.802312 -0.741650 1.823907 1.418624 1.423015 0.645569 -0.293616 -0.232852 -0.376243 0.870672 -0.345212 0.130234 0.190916 0.611057 -0.227548 -0.400992 -0.359693 -0.618654 -1.565221 0.507852 -0.249809 0.476133 -0.403006 -0.294443 0.336374 -0.515476 -0.487058 0.508133 1.049338 -0.308952 -0.328336 -0.633404 -0.906761 1.352176 -1.165158 -0.898204 0.662892 -0.644058 0.128452 -1.484790 -0.528393 -0.470895 -0.257816 -0.150301 -0.750867 
-0.093859 -1.385627 1.236847 0.186069 0.145393 -0.670957 -0.278317 -0.853340 -0.084017 -0.813085 1.241883 -2.011832 0.533966 0.662307 -0.268773 0.028617 -1.151563 -1.296561 -0.759489 -1.208892 -0.652176 2.011187 1.658526 0.263796 -0.750174 -1.279766 -0.411215 0.165017 -0.224723 -0.192869 -0.023372 0.738003 0.324254 -0.400759 -1.311070 0.637340 0.492022 -1.680076 -0.366625 0.367465 0.562049 -0.390618 0.800948 0.297438 -0.105359 -1.599076 -0.077897 -0.922373 -0.958335 -0.309925 0.168946 -0.588771 0.290273 0.360761 -0.410441 -0.499155 -0.939534 1.467798 -2.075803 1.916909 -0.167466 -0.189481 0.534219 -0.682522 
-1.095467 0.063486 0.420920 0.034669 -0.650654 -1.290340 0.029253 -1.416227 -0.032206 -1.642090 0.703286 -0.530500 0.661970 1.360822 -1.218802 1.042412 0.579114 0.428882 -1.088287 -0.314922 0.446957 1.018483 0.050312 -0.216306 0.928537 -0.714625 -0.663649 -0.135501 -1.136718 0.418572 -0.096080 0.519767 -0.682860 -1.157902 -1.053148 1.188626 -1.408171 -1.224618 0.119957 0.565565 0.331421 -0.757612 -0.017774 1.543048 -0.874041 -0.729870 -0.381441 -0.893251 -0.394833 0.268794 -0.085400 -0.394760 0.330983 -1.072073 -1.833027 -1.743665 -1.929253 2.989531 -0.770518 1.072950 -0.570986 -0.277714 1.021038 -0.867744 
-0.248138 0.524292 1.618330 0.260647 -0.123707 -1.437965 0.245482 -2.224261 -0.375796 -0.764982 -0.506281 -1.025917 1.162659 0.847373 -0.101991 0.300872 -0.026299 1.275100 -0.272765 0.007005 1.370118 1.059960 1.604528 0.536525 0.277052 -1.524010 -1.267581 0.548345 -2.291634 -0.766153 -0.395708 0.795541 0.104078 -1.470367 -1.267184 0.110830 0.338578 -0.642762 0.436801 -0.355260 -0.703459 0.243032 -1.571243 0.973015 0.338586 0.078694 0.224850 0.345460 0.277227 0.154621 0.130692 0.534377 -0.320085 0.583716 -0.575922 -0.698208 -1.035176 0.507532 -0.399810 1.228295 -0.019665 -0.719499 0.240547 0.396588 
-0.479342 -0.528624 2.136957 0.682391 -0.299572 0.435385 0.051273 -2.373712 -1.202495 -0.084268 0.097987 -1.514750 -0.189498 0.802136 -0.184903 -0.849495 -0.067078 -0.357732 -0.617867 1.016050 -0.330048 -0.119228 1.421990 0.421746 0.194016 -0.198369 0.529457 -0.061859 0.436229 0.047621 -0.221643 0.393786 -0.268717 -1.554003 -0.434711 0.045096 -0.444480 0.432392 -0.774573 0.273618 -0.869247 -0.114997 -0.096707 1.053894 -1.524969 0.621073 -0.279653 0.945004 -0.506075 -0.144761 -0.476564 -0.904993 0.214376 1.811585 -0.909999 -0.156039 0.588403 0.561554 -0.467032 1.443855 -1.135417 -0.410770 0.709277 0.233658 
0.184683 1.072423 0.820108 -0.422236 -0.140150 -1.001581 -1.165521 1.008213 0.185675 0.149217 -1.257203 0.387348 -0.146542 -0.114745 -0.414299 0.570859 -0.085757 1.090590 0.065475 0.795433 1.454011 -0.531146 1.423928 0.970170 -1.217191 -0.490379 0.966777 0.785175 1.496007 -0.937343 -0.200639 0.627220 -0.211767 -0.394122 0.169675 0.600202 0.257868 0.373256 0.095789 -0.234765 -0.801354 0.252273 0.520266 0.873757 -0.088935 1.016664 -0.237387 0.062821 0.522793 0.981494 -1.392967 0.815515 0.612156 -0.224200 -0.976569 1.169412 0.581928 0.231406 0.107668 1.090614 -0.250663 -0.020329 0.450365 0.518836 
-0.727234 -0.650569 1.049765 -0.636080 0.726733 -1.838189 0.712410 1.057052 0.419451 -1.133588 -0.176325 -0.953649 -0.727923 0.381142 1.190227 -0.969988 1.066197 0.337806 0.671023 -0.075700 0.362647 -0.839672 -0.156997 0.073080 0.861940 -0.682733 -0.189294 -0.365224 0.847335 0.411612 -0.106422 -0.564709 -0.644783 0.016212 -0.186312 -0.453443 0.996587 0.181261 0.089523 -0.258260 -0.306066 -0.764263 -0.368249 0.057862 0.408450 -0.172233 0.418772 0.092947 -0.450121 -0.283310 -1.572975 0.267665 0.197092 -0.542734 -0.424506 -0.116083 -0.354624 0.265287 -1.281400 0.830163 -1.085168 1.647521 -0.520174 0.643489 
0.103200 -0.298413 0.557475 0.671260 0.622841 -0.729403 0.633311 -0.395950 -0.508098 0.561805 -0.462751 0.469281 0.909490 -0.640162 0.689329 0.766432 0.007905 -0.368346 0.497565 0.041039 -0.264904 0.337671 -0.091116 0.491836 -0.330621 -0.786111 -0.361954 -0.645798 1.416790 -0.452904 1.356845 -0.224189 0.400795 -1.364100 0.700650 0.550839 0.134946 -0.817899 -0.128212 -0.514721 -0.874141 -0.829942 0.694232 0.526543 -0.507208 0.601869 0.970241 0.535896 0.326739 0.140388 -0.422183 -1.187908 0.143933 1.104475 -0.187221 -0.495157 0.349051 0.853075 0.139260 -1.230629 0.916071 0.713077 -0.299759 -0.154849 
-0.833510 0.912562 -0.586916 -0.641832 -1.025964 -0.567509 0.496525 -0.025616 0.740364 -0.727298 -0.723521 0.926333 -0.989828 0.019446 -0.845907 0.250318 -0.728251 -0.064506 -0.451489 -0.441089 -0.562796 0.959183 1.132383 0.116835 -1.091278 -0.007465 0.504663 0.598487 0.968369 0.313708 -0.596370 0.132456 0.130395 0.464794 0.189448 -0.174145 -0.415201 0.632343 -0.981623 0.297609 -0.344404 0.802696 -0.696513 -1.011829 -0.469301 -0.086696 -0.346724 0.085774 0.438834 -0.058854 0.272027 -0.042998 -0.026686 0.275567 -0.786392 -0.558324 -0.872438 -0.814600 -0.162948 -0.466663 -0.494419 0.912624 -0.911658 0.489399 
0.655362 0.251229 0.378071 0.859841 -0.174920 -0.518588 0.024561 -0.749502 0.478885 0.712594 -0.823741 0.114297 0.261633 -0.870811 -0.997801 -0.915403 -0.814270 -0.054397 0.106434 -0.221173 0.299387 -0.326193 -0.635108 0.749021 -0.077422 -0.490669 -0.924760 -0.858289 0.311744 0.117385 -0.383601 0.429139 0.536388 -0.725347 0.572010 -0.693534 0.647515 0.931560 -0.404647 -0.330211 -0.365069 0.595482 -0.410529 0.952413 -0.228301 -0.534171 -0.037442 0.754030 -0.469843 0.948097 0.444108 -0.225795 0.165609 0.181841 0.874879 0.739690 0.360758 -0.531677 -0.549517 -0.789274 -0.969029 0.793133 -0.188262 -0.266963 
-0.257424 0.050569 0.144890 -0.119219 0.397002 -0.664231 -0.920347 -0.900206 -0.514084 -0.618583 0.352725 -0.992431 0.710882 0.475182 -0.073458 0.240819 -0.411489 0.785979 0.134617 0.276712 -0.745569 -0.794183 0.407880 -0.497052 -0.496506 0.475319 -0.853642 -0.146472 0.132786 -0.592029 0.297281 -0.676505 0.646168 0.024079 -0.796869 0.675405 -0.614246 0.407390 -0.718375 -0.350566 0.151538 -0.903012 0.099948 0.990295 -0.629075 -0.173132 0.406476 -0.397931 -0.117283 0.425396 0.681659 -0.853999 0.396161 0.687857 0.771294 -0.609370 0.688345 -0.966220 -0.836360 0.629444 -0.397382 0.762261 -0.525192 0.476730 
-0.084077 -0.283561 0.710879 -0.644669 -0.898829 0.180948 0.803436 -0.014263 0.141749 0.764634 0.213381 -0.794474 -0.665413 -0.763598 0.707918 -0.616085 -0.764704 -0.041388 0.439009 -0.179769 -0.240883 0.618627 0.445365 -0.638023 -0.441140 0.709335 -0.699819 0.625039 0.658545 -0.426810 -0.438359 -0.957788 0.508126 0.714546 0.396024 -0.853990 0.350069 0.659905 0.100881 -0.651514 0.257886 0.480290 0.907876 -0.480306 -0.484495 0.531546 -0.033117 0.703136 0.774816 0.445613 0.593695 -0.701451 0.811832 -0.941309 -0.238547 0.935327 0.079882 0.142114 0.177511 0.488696 -0.117512 0.662817 0.595241 -0.583054 
-0.119469 -0.356638 0.921550 0.818841 -0.661394 -0.003690 -0.653779 -0.483386 -0.544744 -0.609990 -0.819221 -0.643493 0.088161 -0.468454 -0.888416 -0.742678 -0.057883 0.174548 -0.962247 0.220604 0.388630 0.131698 0.909049 0.167451 0.503774 0.981944 -0.783833 0.417156 -0.909938 0.866280 0.391074 0.556335 -0.835233 0.236164 -0.535183 0.769842 -0.559829 0.209811 0.730684 1.048854 -0.432542 -0.264588 1.082395 -0.213921 0.615632 0.150234 0.909255 -0.705316 0.491890 0.161173 0.758720 0.537289 0.511371 0.052693 -0.310846 -0.261976 -0.550106 0.038768 0.682725 0.241821 -0.416515 -0.779259 0.678136 0.056337 
0.640870 -0.837521 0.430938 0.770263 -0.690995 -0.551652 -0.289317 0.494661 -0.118257 0.780024 0.957942 -0.898082 -0.075569 0.470309 -0.089818 -0.221242 0.516499 0.468631 -0.819781 0.467079 0.720901 0.883785 0.533024 0.740308 -0.323187 -0.806167 -0.805563 -0.866715 -0.752973 0.679605 1.021544 -0.281286 0.521937 0.312036 0.641179 0.468032 -0.509021 0.525199 1.060660 -0.474541 0.818353 0.815098 0.441945 -0.181976 0.327494 0.283679 0.209580 -0.282172 0.384917 -0.380099 0.669596 0.305555 -0.517579 -0.462110 -0.566421 -0.863617 0.796607 1.022777 -0.200163 0.179268 -0.242270 0.605690 0.509242 0.729514 
-0.888515 0.835832 0.272157 -1.572175 0.415686 -1.342727 0.091859 0.461202 0.567519 -0.774815 -0.509015 -0.898703 0.940142 0.023812 0.914543 0.001061 0.274955 -2.336016 0.343252 -0.055137 -0.942435 -0.377432 0.241125 -1.040329 -0.226062 -0.378246 -0.537141 -0.665735 -1.416964 -0.930457 0.150130 -0.334636 -0.165794 0.173149 -0.558782 0.646112 -0.245798 0.771906 1.566139 0.781125 0.096264 -0.944229 -0.475279 0.804180 -0.032552 -0.445185 1.019153 0.503901 1.159734 0.571715 -0.905466 0.124641 -0.856275 -0.429093 0.758592 -0.221824 0.674058 0.299817 0.071016 -0.412669 -0.503510 -1.327870 0.056647 -0.512688 
-1.090238 0.184305 -0.291574 -1.265692 -0.388522 -1.409967 0.260303 -0.502102 0.107021 -1.176989 0.184834 -1.390070 -0.295485 -0.051931 0.394445 0.307295 -0.864166 -1.701431 0.133281 1.402301 -0.882779 0.721383 -0.132979 -0.547967 -0.312441 0.538882 -0.505930 0.573462 -1.096161 -0.387642 -0.430811 -1.128905 -0.676659 -1.423826 0.144159 0.875023 0.738437 1.076282 1.169920 0.097366 0.753783 0.222001 0.475550 -0.768722 -1.203712 -0.510441 0.468106 -1.407173 1.257401 0.408126 0.058043 -0.633350 -0.137250 0.596433 0.770995 0.135059 -0.556789 0.745555 0.026389 -0.584353 -0.226277 0.812194 0.731602 0.754296 
-2.358792 1.304093 0.275303 0.758052 -1.338383 -0.208784 -0.014518 -0.125906 -0.203867 -0.239166 0.530675 -0.380635 -1.181678 0.187663 0.571836 0.564227 -0.411902 -3.432825 -0.375809 1.820057 -1.038711 0.633191 1.747259 -0.804617 1.695545 0.763168 -0.663981 0.087896 -0.656893 -1.419693 0.566723 0.093026 -0.985540 -1.519552 -0.278004 1.593725 0.034043 -0.117631 1.052329 0.577288 -0.377102 -0.890837 -1.116335 0.271132 -0.684737 0.474224 0.906163 0.002199 0.756493 -0.680451 0.123157 -1.803622 -0.375937 1.205470 -0.866129 -1.590005 -1.022494 0.694248 -0.012723 -1.063082 -0.468656 1.512267 -0.227448 0.871932 
-1.267503 -0.318911 0.622027 0.660068 0.850213 -0.518122 1.938918 -0.542352 -0.394061 -1.441660 0.016600 -1.253332 -0.278626 1.067196 1.126237 0.527289 -0.515812 -4.133625 -1.104555 1.448043 0.331106 0.540285 2.433371 -0.631733 1.321050 -0.290285 0.501114 0.273897 -0.313333 -2.763709 0.400875 -0.377971 0.199750 -2.136089 -1.013288 1.009778 0.030941 -0.602161 0.538601 0.136153 -0.032218 1.127282 -0.494580 1.475081 -0.161198 0.314400 2.059031 -0.684099 -1.632592 -0.495844 -1.052471 -1.190115 -0.912320 0.736238 -1.051929 -1.231418 -1.363560 -0.062085 -0.285982 0.320876 -1.384263 1.995026 0.376322 1.235643 
-2.116806 0.763997 -0.452907 0.794820 0.096534 0.667016 2.571102 0.157604 -0.069897 0.199822 -0.475638 -0.571258 1.173835 -0.452006 0.773626 -0.012675 -0.208981 -4.542455 -1.936670 -0.375400 -0.110442 0.847271 1.055060 -1.574696 -0.500513 0.119646 0.312414 1.757676 0.690552 -1.478241 -1.027250 -1.335334 -0.587601 -0.801727 -0.671238 0.967481 0.312386 0.608846 -0.082163 0.831040 -0.868973 1.535848 -0.573503 -0.314678 -2.230977 -0.250248 0.396872 -0.984783 -0.405773 0.743425 0.705614 -1.639370 -0.041284 -0.412783 -0.016541 0.920896 -1.501238 -0.518549 -0.586165 -0.411343 -1.952251 2.677659 -0.333579 1.626755 
-0.775332 -1.072197 -0.898399 -0.217259 0.017284 0.651784 2.433684 0.705513 -0.271758 0.546352 0.729096 0.501095 -0.506642 2.065610 0.491284 1.662223 0.234323 -3.503469 -0.194635 -0.555370 0.434573 -0.237930 -0.196452 -1.779099 -0.031519 -0.315326 -0.022550 0.438122 1.021027 -1.614853 0.198966 -1.394739 0.231442 -2.303442 0.835809 2.143737 -0.155219 -0.155001 1.213403 0.298997 -1.070868 0.487323 0.765214 0.022672 0.619097 0.175540 0.892458 0.154891 -0.922748 0.318338 0.604037 -1.428594 -1.412304 0.623910 -1.173900 -0.237547 -0.568339 0.465435 -0.771240 0.542788 -2.787819 1.596603 -0.123444 0.903408 
1.442621 -1.756532 -0.814228 1.331444 0.792059 0.130557 -0.004456 0.180341 -0.256925 0.115445 0.876148 0.912945 0.423658 2.483761 0.348599 0.017204 1.950491 -3.485378 0.368381 -0.632496 -1.085746 0.048405 -1.252837 0.836180 -0.227510 -1.770225 -0.299272 -1.240834 0.775059 0.361006 0.682094 -1.535163 -1.253735 -0.855415 0.198713 0.252986 -0.792890 -0.091976 0.795316 0.146457 -2.349575 0.237627 0.169969 -0.805657 1.052507 -0.138932 0.198294 0.196631 0.651208 -0.198940 -0.134945 -2.135276 -0.377085 0.515979 -0.871180 -0.603583 0.259706 0.112012 -1.033859 -0.231374 -2.396190 1.112845 -0.427512 -0.425559 
2.403155 -0.336111 -1.154657 -0.556238 -0.637839 0.558948 1.114872 0.158600 -0.344624 -0.085029 -0.344146 -0.238902 0.402961 3.197332 -1.036253 1.408169 1.093105 -2.729935 0.186805 -2.236621 -1.139526 0.959035 -0.485315 -0.219121 0.076482 -0.876933 0.436297 0.715861 1.321265 0.520265 -1.127618 -0.230911 0.895968 -0.653329 0.283874 1.138576 0.680030 -0.183664 0.010724 0.560083 -1.374621 -0.430970 1.267280 -0.573677 -0.326185 -0.896527 -0.595415 0.229884 -0.401074 0.659126 1.141282 -2.220255 -1.245139 -0.698954 -0.092022 1.688367 0.033122 -0.199661 0.752203 -0.796044 -2.744034 1.279503 -2.130430 0.156823 
2.762812 -1.684094 -2.201535 -0.290249 -1.305703 0.279992 1.084920 1.769860 -0.260926 0.559573 0.091478 -0.042312 1.644569 2.354818 -0.363759 0.567783 -1.361126 -1.125892 -0.103560 -1.979634 -1.025813 -0.316335 1.219376 0.224859 -0.959018 0.689930 -0.246150 1.236170 -0.201974 -0.502516 -0.914627 -0.105534 0.170559 -1.730863 0.993236 0.508530 -1.152579 -0.087963 0.293400 0.654834 -1.851228 0.215902 0.877362 -1.326822 1.444075 0.314605 0.130462 -0.388960 -1.834388 0.613309 0.306373 -2.592613 -0.662906 -0.648018 0.602957 1.751670 0.283572 0.900192 0.613518 0.800447 -1.451673 0.212939 -1.673706 -0.320231 
1.727539 -0.463205 -1.148660 0.117735 -2.034977 2.174135 0.097047 0.152022 0.732794 0.847027 -1.119211 0.864350 0.169424 1.739684 -0.886018 0.481414 -1.794377 -0.067893 0.018533 -0.490130 -0.660894 -1.261936 0.493549 0.368381 0.891942 -0.135000 -2.558544 1.647181 -0.076131 -0.742280 0.384029 -0.213984 0.527590 1.020189 -0.766938 -0.271040 -1.171756 0.030008 -0.096347 0.650472 -0.154400 -1.217476 1.121565 -1.145897 2.469147 -0.049908 0.187430 0.585093 -0.490099 -0.899592 0.402575 -0.940655 0.098614 0.691628 -1.426745 -1.353933 0.335841 0.527581 -0.249199 -1.138809 -0.445790 -0.702071 -0.756308 -0.773304 
0.417459 -0.278514 0.032566 0.118053 -0.247602 0.834636 0.165701 2.221481 0.846881 -1.634403 -1.335832 0.157816 1.139485 0.794066 -1.074697 0.981496 -0.652264 -1.992265 0.255552 2.279807 0.052991 -0.879223 1.334375 0.167428 0.560713 0.473203 -0.316035 2.155914 0.699358 -1.392191 1.551823 0.812741 -0.583028 -0.385279 -0.213978 -0.574635 0.457287 -1.445414 0.729365 1.296912 -0.143055 0.365781 0.096073 -0.872872 2.113026 0.854978 0.581974 -0.410292 -0.709268 -0.679483 -0.690896 -0.312582 1.649481 0.296121 -0.702486 -1.458780 0.382831 0.710328 -0.931945 -1.558432 -0.754941 -0.276212 -1.265865 -0.049948 
-0.668185 -0.696139 0.336642 -0.713599 -0.621063 0.509989 0.199883 1.246915 0.183222 -0.112062 -3.637885 0.330576 0.935632 1.128217 -1.198692 0.308892 -0.539289 0.160557 -2.376094 1.043954 -1.181091 2.683343 0.119227 -0.312374 0.704233 -0.917237 0.409485 0.466538 -0.183052 -0.162161 1.790655 0.314686 0.357719 -0.188357 0.806790 -0.648873 1.493343 0.270696 -0.611185 1.207075 0.116726 -0.730259 0.493013 -0.700698 -0.908994 0.325876 2.201191 0.078891 -0.720780 -0.483459 -0.860513 -0.416046 -0.095840 -0.535145 -0.472939 -0.282736 -1.564761 -0.624960 -0.735391 -1.563233 -0.707092 0.011692 -0.113918 -1.065608 
-1.281106 -0.509601 -1.846488 -0.505365 -0.214858 1.817050 0.502058 0.462818 -1.709542 -0.895562 -2.415294 -0.480214 0.185179 1.406523 -0.540724 0.236528 -1.266413 -0.152690 -0.428078 -0.743175 -0.482586 2.744555 -1.013302 0.938696 1.322762 -0.248558 0.008475 0.420672 1.201139 0.453925 2.342371 -0.579961 1.078308 -1.266949 1.039158 -0.524218 0.901757 0.839848 -1.153135 0.278085 -1.730209 -2.187575 -0.057763 -0.221351 -0.502837 -0.198346 0.838566 -0.165017 -0.650229 -1.179347 0.377647 0.624601 -1.203396 0.457358 -1.610937 -1.266598 -0.725642 -1.050404 0.905195 -1.913654 -1.675675 -0.837138 0.319096 -1.003424 
-0.265758 -0.973411 -1.123787 -1.363659 -1.766346 2.016468 0.283891 -1.375691 -0.841492 0.083193 0.154393 -1.616261 1.203813 1.124778 -0.980728 0.348386 -0.322082 -0.193862 -0.254134 -1.012554 -0.858654 2.178308 -0.806455 0.851232 -0.026097 -0.675560 0.830262 -0.024762 0.158034 -1.002792 0.815503 -0.270873 0.367890 -1.768182 -1.117853 0.659843 0.002574 -0.464524 0.475581 0.588533 -0.343046 -0.372157 -0.880041 -0.108518 0.018652 -1.148080 1.900262 -0.162814 0.897648 0.030822 -0.733986 0.229614 0.293619 0.594589 -0.514203 -0.249232 -0.555346 0.327011 -0.317843 -1.402444 -1.319525 -0.099579 0.641499 0.442685 
-0.316153 -1.159370 1.665312 -0.853814 -0.428029 -0.167622 -1.698989 -0.865317 0.063867 -0.396153 2.961791 -2.971991 0.286128 0.151347 -0.167794 -0.420175 -0.623737 0.697578 0.208282 -0.647303 1.278650 0.831467 -0.541331 -0.445067 0.536525 -1.074607 1.252664 1.346352 -1.145560 -0.819490 0.634052 -0.333613 -0.221642 -1.324441 -1.506054 -0.748360 -0.557409 0.030584 1.356909 0.994518 -0.508830 -2.380464 -0.338236 0.394549 -0.479998 -0.052569 1.552357 1.188344 -1.091126 0.344304 0.452108 -1.003915 -0.090420 0.229817 -1.119251 -2.216301 -2.346948 0.716713 -1.297469 -1.384660 -0.247910 -0.004837 -0.071942 -1.395937 
-0.769341 -1.182749 0.531401 -1.027232 0.063219 -1.794524 -0.329606 -2.086847 -0.542366 0.982266 0.956670 -2.022085 1.382523 0.550733 -0.373785 0.456136 -0.885317 -0.034340 -1.109904 -0.471913 0.687207 2.049402 0.920275 -0.837210 0.339169 0.489481 0.438161 1.090039 -0.194403 -1.450907 -1.330854 0.592138 -0.971041 -2.112071 -1.131856 -0.181902 -0.252081 1.525998 0.079923 -0.250543 -0.485237 -0.742391 0.497834 2.450380 -0.493821 -0.401237 1.256540 0.392710 -0.486261 -1.020442 0.342982 0.102473 0.748250 1.777782 -0.411396 -1.633893 -1.085590 2.541842 -1.413074 1.199003 0.105849 1.088487 -0.082903 -1.841797 
-1.638858 0.197706 1.215176 -1.017687 -1.136090 -1.829325 -0.809871 -1.096830 -1.118261 0.197590 -0.423568 -1.290526 -0.324251 -0.273576 0.696555 0.296145 0.409542 0.968496 0.007217 0.076675 1.270906 0.372382 0.753305 0.539130 0.540166 -0.597760 0.865563 0.491142 -0.739156 -0.969912 0.334681 0.045744 -1.321329 -0.822798 -0.378998 1.278083 0.119601 -0.589528 -1.157598 0.123817 -0.322149 -0.815701 -0.636011 1.421386 -0.266329 -0.175266 0.336343 -0.953616 -0.003084 -0.605184 -1.203321 -0.546957 -1.090628 0.974886 -1.122444 -0.974565 -0.198116 1.284053 -1.564232 -0.364427 -0.282225 -0.701812 0.873679 1.335850 
-0.677354 0.456004 1.422659 -0.593215 -0.799491 0.041287 -0.618790 -0.240134 -0.095867 0.299624 -0.242193 -1.101784 0.143587 0.554252 -1.741255 -0.939844 1.136280 -0.178589 -0.011617 0.244621 0.005238 0.413963 1.279849 -1.136865 -0.527678 -0.233803 1.198939 1.414891 -0.109927 0.109762 1.423879 0.392385 -1.008036 -1.051830 -1.285997 -0.794476 0.746622 0.957801 0.827314 -0.277802 -0.164724 -0.389594 -0.526457 -0.272866 0.834033 0.027189 2.108650 0.167338 -0.936633 -0.801926 -1.153626 0.274087 -0.221218 -0.109278 -0.227938 -0.991557 0.098050 0.986533 -0.039902 0.390500 -0.670790 0.468614 0.665638 0.903524 
-0.662175 -0.210332 1.311866 0.307872 -0.722591 0.518304 -1.388376 -0.236552 -0.540146 0.977711 -0.736569 -0.130843 0.120421 -0.381072 -1.187551 0.643174 -0.026031 0.551547 -0.307538 0.778040 0.191042 1.278378 -0.389743 0.108238 -0.455617 -1.537247 0.882707 0.271646 0.486770 -1.537398 -0.690175 -0.360415 -0.973799 -0.364672 0.132684 1.294895 0.685836 0.251531 0.221888 -0.408355 -0.762528 -0.840100 -0.205999 0.805728 1.016493 0.810780 0.981359 -0.162233 -0.932237 -0.326989 -0.881943 0.100172 -0.193045 0.921909 -0.477626 -0.556695 0.571176 0.857698 -0.040876 0.858637 -0.252813 0.396241 -0.265779 0.585036 
0.443972 -0.691549 0.417455 -0.462128 0.310606 -1.495896 -0.570586 -0.291698 -0.999144 0.932389 -2.239494 -1.326899 0.898516 -0.687267 0.252372 -0.903751 0.324287 -0.508948 0.240947 1.213865 0.475601 1.171891 -0.022944 1.748820 -0.677629 -1.207127 1.684114 0.444439 1.718748 -1.326400 0.101815 0.464500 0.445112 -0.334783 0.291197 -1.311796 0.188652 -0.157481 0.243108 0.882520 -0.747879 0.062378 0.608574 1.018582 -0.303573 1.485001 0.770195 0.273539 -0.743579 -1.068726 -1.877708 1.118515 -0.674488 1.845285 -0.057924 0.203555 0.754974 -0.345364 -1.259469 0.089018 -1.112134 -0.270321 0.087705 0.317281 
-0.887834 0.485085 0.252983 -0.653056 0.035127 -0.030952 0.862325 -0.420379 0.205166 0.224161 -0.064670 -0.755734 -0.499900 -0.126028 0.400770 0.295994 -0.142688 -0.488005 1.465237 0.709714 0.549239 0.427691 -0.424268 0.901434 -0.308287 -0.990995 0.179643 0.792756 1.164247 0.320367 -0.023593 0.384125 0.421022 0.058664 0.164706 -1.282780 2.241778 -0.811650 0.787801 -0.785436 -1.162990 -1.354073 0.126684 0.831371 0.420753 0.360098 1.682939 0.737091 -1.251906 -0.402997 -0.263232 -0.219265 -0.816086 -0.571299 0.007655 -0.798492 -0.709279 0.377067 -1.160806 1.238902 -0.305775 -0.247179 -0.537538 -1.230690 
-1.590668 -0.700020 -0.306305 0.669964 0.191034 0.014870 -0.259423 1.180677 -1.310970 -0.572660 -1.234092 1.216572 -0.207252 -0.993886 -0.284210 -0.859720 -0.751482 0.470010 0.678509 0.479999 0.902873 -0.678432 1.006138 -0.310370 0.295622 0.557748 1.230716 -0.247136 0.920962 0.956991 0.912702 0.343820 -1.039259 -0.085267 0.161872 -0.515816 1.887169 -1.422518 0.577306 0.257472 -0.286760 -0.433261 -0.619398 -1.152518 1.153425 -0.237962 -0.026711 1.558150 -1.067105 -1.058362 0.434843 0.663984 -0.346650 0.616806 0.383222 -0.788306 1.021369 0.881098 0.678671 -1.375351 -0.576503 0.759699 0.735441 -0.487201 
0.636705 -0.080356 -0.275404 -0.896905 -1.146271 -0.088230 0.271601 0.090679 -0.051415 0.080669 -0.240030 1.076794 0.103361 0.089599 -0.791712 0.201732 -0.938428 0.553863 0.847169 0.017791 -0.008313 -0.663169 -0.051424 0.212849 -0.771680 0.807511 0.833988 -0.081082 0.009462 0.348936 0.348289 0.458446 -0.726701 0.317240 -0.412650 0.081916 -0.148548 0.351030 -0.387469 -0.334271 0.123564 0.135836 -0.911448 -0.071907 0.127828 0.063817 -0.551711 0.635845 0.232753 -0.572170 0.780958 0.119240 0.178566 -0.595630 0.423952 -0.525562 0.421460 0.812379 0.275752 -0.874754 -0.216598 -0.072956 -0.829678 -0.819292 
0.777824 -0.390883 0.567087 0.185510 -0.249519 0.517393 -0.048438 -0.944180 -0.014194 -0.005272 -0.704280 0.553986 0.656585 -0.149365 -0.989790 -0.702625 -0.530441 0.647299 0.356156 0.419774 0.664191 -0.738873 0.626279 -0.359342 -0.906928 -0.711667 -0.510825 -0.600585 0.639539 0.227469 0.019718 0.020810 -0.959845 0.419792 0.788417 0.138528 -0.689603 0.255868 -0.532369 0.751394 0.025945 -0.887714 0.646578 -0.855215 -0.957939 0.885736 -0.085719 -0.607837 0.394713 0.956527 0.341648 0.870743 0.188630 -0.975251 -0.627255 -0.899245 -0.192613 0.308271 -0.846422 0.231337 -0.528228 -0.036462 -0.945968 0.890605 
-0.668874 0.798395 -0.888913 0.102939 0.117954 -0.239601 0.792718 -0.250526 -0.079623 -0.322550 0.416486 0.710562 -0.330790 0.148595 -0.989563 -0.573717 0.470199 -0.423750 -0.792230 -0.525254 0.156957 -0.242347 0.723746 -0.608936 -0.917844 0.760674 0.976806 -0.946654 0.209754 0.897641 0.417158 -0.051912 -0.430036 -0.390240 -0.875484 -0.374248 0.140843 0.073763 0.238441 -0.338298 -0.782830 -0.656789 0.781976 -0.567858 0.331156 0.838679 -0.555956 -0.979797 -0.214759 0.996948 -0.120029 -0.437422 0.862056 0.893490 -0.905515 0.350261 -0.228797 0.650136 -0.530198 0.996033 0.398175 -0.560228 -0.000458 -0.019562 
-0.078429 0.901969 -0.701775 -0.110557 0.321490 0.783306 -0.088072 0.653208 -0.040279 0.597610 0.603768 -0.882861 0.107590 0.170782 -0.020116 0.201972 0.654628 0.811917 0.232041 0.058638 -0.028044 -0.071974 0.429311 0.434592 -0.982235 -0.956380 -0.077211 0.639207 0.734230 -0.234206 -0.480398 0.344202 0.840864 -0.242968 0.875859 -0.380914 0.978849 -0.592776 -0.254492 -0.537566 0.449210 -0.967042 -0.407325 -0.869394 -0.598350 -0.557195 -0.756104 -0.407457 -0.292766 -0.385404 0.937845 -0.531482 0.467119 0.418923 0.556922 0.665753 0.278811 0.069429 0.455045 0.130102 -0.705305 0.191960 0.511765 0.936281 
-0.697011 0.311314 -0.009288 -0.899681 -0.220488 -0.449719 -0.546423 -0.598961 -0.938394 -0.702552 0.263825 0.404299 -0.104795 0.032416 -0.326966 0.381458 -0.140904 -0.930625 -0.532214 -0.026134 0.647128 -0.018231 -0.564029 0.589657 -0.675960 0.906984 -0.000661 -0.777369 -0.620187 -0.929598 0.329192 0.183855 -0.122453 -0.268574 -0.697310 0.182683 -0.324590 0.873949 0.698283 0.544288 -0.757342 -0.838609 0.219113 -0.448764 0.666812 -0.731454 -0.376974 0.340300 0.418073 -0.039325 0.107013 0.921846 0.059001 0.411621 -0.426623 0.407543 0.245424 -0.136456 0.313886 -0.940479 -0.169462 0.861646 0.099283 -0.756454 
0.610226 0.337826 0.824577 0.127342 0.716912 -1.196804 0.417574 0.636814 -0.015642 -0.630077 0.724922 0.194596 0.082212 0.771290 0.827845 -0.227135 1.043985 -0.125065 0.125426 0.229868 -0.259924 -1.156557 -0.160239 0.662834 -0.511512 0.067230 -0.646022 0.477317 0.164424 0.081852 0.892576 -0.417753 0.537586 -0.523839 0.731200 0.258909 0.588236 -0.355068 1.040816 -0.538777 0.693392 -0.303937 0.270221 0.414184 -0.140284 -0.100223 -0.627070 -0.493426 -0.451107 0.142280 0.900080 -0.836041 -0.353981 0.632790 0.980476 0.896869 -0.047316 0.306471 0.029139 0.232943 1.202731 -0.311923 -0.676517 -0.770946 
0.083099 -0.276979 0.892083 -1.201187 0.449041 -1.688359 -1.219059 0.046582 -0.625548 -0.704599 1.022256 -0.790462 0.472923 0.601119 -0.807505 0.967900 -0.709362 -0.991722 -0.469059 0.008378 -0.158799 -0.582939 1.271090 0.610372 0.019908 -1.018985 -1.410152 -0.822677 -1.093741 -0.804403 0.632472 -0.927394 0.255416 -0.636008 0.607826 -0.154332 0.423684 1.018311 0.960493 0.449414 0.435663 -0.255740 0.632454 -0.607658 0.642934 0.022555 0.018616 -0.033918 1.376339 -0.755377 -0.413753 -0.034095 0.796468 -0.553248 0.730985 0.908646 -0.537150 0.619051 0.087241 0.792975 -0.030110 0.598049 -0.639294 0.683986 
-0.548494 -0.426563 -0.680649 -0.917096 -0.043414 -0.265719 0.740337 0.130637 0.026555 0.866105 0.086008 -1.007842 0.067773 0.429968 -0.534701 -0.144836 0.158188 -1.947418 -0.017872 -0.294854 -0.191276 0.430040 0.737639 -1.087511 0.172827 0.306540 0.730625 0.702437 -0.098305 -0.584670 0.466627 -0.218938 -0.759659 -2.175840 -0.764955 0.472433 -0.434718 0.036862 1.198265 0.570217 0.143892 -0.697776 -0.711618 0.873345 -0.437568 1.011774 1.659674 0.390360 0.451739 0.650127 1.055400 -1.247159 -0.941834 0.658549 -0.731863 1.038325 0.930570 1.026299 -0.145977 -0.245993 -0.327817 0.650440 -0.691163 0.385880 
-3.191248 0.032191 -0.113383 -0.242216 -0.611252 -1.216174 0.024429 0.136008 -0.221884 -0.214790 -0.014850 0.427695 -0.797082 -0.787486 -0.154775 1.319187 -0.745983 -2.574947 1.171571 0.277023 0.202125 0.097705 0.591976 0.208312 0.708473 1.372658 0.683586 0.380365 -0.256332 -0.527716 -0.522722 0.083657 -0.201919 -1.155404 -0.493856 0.252309 -0.291952 -0.019332 -0.629091 0.519436 -1.579846 -0.825042 -0.894972 1.055267 1.066223 -0.763466 1.268565 0.348765 0.350781 1.195599 0.390233 -1.180601 -0.307400 0.716754 -0.663236 -0.332113 -0.480353 1.068934 0.662599 0.306112 0.509895 0.357920 -0.129911 0.695758 
-2.878019 2.048192 1.376134 0.784762 0.912734 -0.606586 0.909187 0.189344 -0.187227 -1.555620 -0.485152 -0.898561 1.144333 -1.082786 0.312693 0.398449 -0.407713 -5.200800 0.413028 0.869626 -0.474040 0.079977 -0.361427 -1.494451 0.381810 -0.497999 0.362469 0.748919 0.548043 -1.628786 0.926061 0.354016 -0.523196 -0.862618 -1.848469 0.601100 0.271217 -0.984179 -0.976917 -1.288615 0.914199 0.086171 0.260234 1.259704 -0.099673 -1.283797 0.867090 -1.217493 -0.810235 -0.376858 -0.224799 -1.025842 -0.952104 0.684691 -0.596480 -1.554893 -1.027298 0.507709 0.545337 0.109101 -0.324192 1.221142 0.557147 0.138525 
-3.101796 0.957190 -0.777783 -0.634115 -0.665351 0.563769 2.203064 -0.099621 -0.662108 0.175296 -0.094116 -0.103936 0.837020 -0.742603 -0.038160 0.129955 -0.556563 -5.565184 0.108786 -0.563710 -0.909729 0.250309 -0.839300 -1.959934 -0.080529 0.976062 0.156091 0.517194 0.278760 -1.832203 -0.688859 0.206209 -0.967223 -0.687280 -0.547133 1.497157 1.531919 1.379816 -0.684136 0.831316 -1.179137 0.654227 0.582643 -0.592285 0.417231 0.356537 -0.611922 -1.205644 -0.051194 -0.183297 -0.296210 -1.912291 -0.289551 1.310293 -0.765608 0.297929 -0.879642 0.762023 0.158516 -0.070574 1.314120 2.735815 0.536320 -0.619432 
-3.334444 0.033921 -0.522677 -0.854577 -1.047825 1.039002 2.342854 -0.566515 0.767669 0.298913 0.585185 0.824650 -0.478065 0.509644 -0.741794 -0.724656 -0.124091 -5.994890 -1.446480 0.411067 -0.743977 1.742373 -0.984821 -1.006918 -0.002644 -0.967779 -0.181573 -0.020493 0.480024 -0.311569 -0.884624 -0.487799 -0.004380 -0.323412 0.710638 0.646869 -0.681826 0.292079 -0.384625 -0.072645 -0.019984 1.091338 0.933999 -0.184788 -0.348506 -0.566227 0.774097 -0.713816 0.678433 0.523821 0.997171 -2.762614 -0.641387 -1.461853 -0.810994 1.447904 -1.770774 1.053700 0.856217 -0.610946 0.662794 2.963041 -0.823961 0.889979 
-1.707746 -1.257086 -0.387572 0.292629 -0.166558 -0.635554 1.531763 0.317425 0.433650 0.583061 -0.208150 -0.055263 2.008100 1.441907 -0.845290 -1.347059 0.490420 -7.575995 0.979360 -0.197869 -0.187344 0.663006 -0.376552 0.422509 0.791612 -0.428402 0.664679 1.372523 0.071309 -0.430369 0.324986 -1.369995 0.758235 -0.923615 0.577833 0.711954 0.877942 0.643921 -0.427982 -0.041041 -1.608136 0.527923 1.111396 -0.631497 0.543154 -0.396845 -0.604185 0.424480 0.674757 -0.037947 -0.064522 -2.015342 -0.162897 -1.087801 0.101728 0.656233 -0.181114 0.923783 0.106215 0.219730 -1.314693 2.041709 -1.269838 -0.706422 
-0.062600 -0.838922 -0.389773 -0.157048 0.239896 0.653442 1.670004 0.885716 0.203271 0.151940 -0.507831 0.973783 -0.029937 2.025338 -1.068173 0.762381 0.162911 -6.224704 -0.270088 -0.574623 -0.039407 0.895310 0.383083 0.783410 -0.773067 -0.857520 -0.583977 1.450896 -1.256679 0.899804 0.433884 -0.897550 0.866366 -0.767217 0.247405 1.340686 -0.226754 -0.444153 0.391859 0.833201 -0.750216 0.306871 2.225613 -0.550214 0.915027 -0.396826 -0.469380 1.131722 0.568566 -0.013674 0.568860 -1.504575 -0.304232 -0.764557 -1.271234 0.845084 0.255436 1.253949 -1.137161 0.111346 -0.341161 1.201531 -2.393329 -0.253394 
1.461069 -0.352823 0.513561 0.109257 -0.441981 1.245544 1.241451 1.762699 0.975617 1.696527 -0.184361 0.924536 0.581363 3.335634 -1.890480 1.425313 -2.440190 -6.786817 0.753087 -0.938663 0.603313 0.062808 -0.669316 0.685995 0.525947 -0.853899 -1.721320 1.112344 -0.044958 -0.806136 -0.523444 -0.924613 1.031422 -0.418719 0.333831 0.095123 -0.770204 -1.902304 -0.573154 -1.102237 -1.299535 0.952798 3.055652 -0.568015 2.226478 0.215648 -1.547211 -1.120216 -0.384753 -1.120023 0.733176 -0.592408 -0.190985 -1.514674 -1.183810 0.876139 1.371946 2.652357 0.049306 -0.247490 -0.941742 0.666478 -1.853861 -0.199351 
1.348036 0.197961 0.638621 -1.399086 -1.665084 1.678363 0.981134 1.090612 0.951455 0.265449 -0.878182 0.753800 1.900972 2.370420 -0.411942 0.329002 -2.630315 -4.607037 1.094109 0.057814 0.374358 -2.248792 0.308908 -0.416842 0.009646 -0.529840 -1.116515 1.616183 -0.301263 -0.719179 2.089230 0.005448 -0.068107 1.544402 -0.550244 -0.040286 0.065045 -0.854320 -0.319996 1.632917 -0.515094 -0.609109 1.164672 -0.286942 1.725983 -0.397203 -0.154783 -0.615333 0.120775 -0.086362 0.277235 -1.220175 0.743089 0.268453 -1.479097 -1.140942 1.597608 0.131638 0.682043 -0.349818 -1.618236 -0.246698 -2.431276 -0.892555 
-0.173034 -0.288350 0.480460 -0.034309 -1.086667 0.287935 1.108698 0.553510 1.214212 0.470301 -1.335561 -0.988071 1.660996 1.440326 -0.320512 0.319262 -2.628574 -4.413341 -0.313177 -0.149459 0.531201 0.673411 1.172466 -0.154328 0.044723 0.310523 -1.178321 1.668677 -0.066831 -0.451823 2.108510 0.272042 0.051824 -0.287318 0.202347 -0.326040 0.880085 0.050494 1.030010 1.263357 -0.794595 -0.000395 -2.016787 -1.189466 2.741702 -0.327693 0.236215 0.496640 -1.102897 -0.696871 -0.009588 0.675104 0.413236 0.427884 -1.913348 -0.439291 -0.368743 -2.109614 1.386454 -0.911812 -0.187896 -0.694523 -1.833592 -0.495911 
-0.060964 -1.846904 0.434455 -0.323282 -0.582482 0.616828 0.617317 -0.577712 -0.424013 -0.944519 -1.991076 -0.982429 2.494443 -0.263195 -0.160603 0.868903 -1.373860 0.051912 0.535039 -0.248858 -1.540665 2.871124 0.223394 -1.021320 -0.922788 0.136904 0.572793 0.111445 0.782600 -0.007652 0.122929 1.177857 0.070478 0.050735 -0.509502 -0.791299 1.525718 -0.930280 -0.156007 0.523225 -0.643509 -0.805274 -2.380996 -0.602811 -0.510899 0.624464 0.524292 1.192589 -0.264602 0.078812 -1.786537 -0.137068 -1.798851 0.406206 -0.545975 -1.181526 -1.649996 -0.536396 0.143644 0.457738 -1.441834 -1.530834 0.089442 -0.314149 
-0.766613 -0.675786 -0.848060 -0.579479 -1.137791 1.099423 -0.210526 -1.383111 -2.443868 -0.053930 0.223204 -0.590086 0.014328 -0.551888 -1.608110 0.587516 -0.410425 -0.547171 -0.316052 -0.060391 -0.897781 2.477608 -0.067984 -1.194665 -0.343968 1.752538 -0.414114 -0.462476 -0.114718 0.362582 1.189616 0.198298 0.742273 -0.681581 -0.079427 -1.263022 0.900460 0.350931 -0.987659 0.903990 -0.858570 -1.724572 -0.690147 0.161312 -1.059755 -1.561046 0.331849 0.985407 0.201104 -1.507921 -1.468909 -0.451369 -0.648252 1.388254 -1.237502 -0.765167 -2.490629 0.449720 -0.296919 -0.414180 -1.028606 0.157682 0.745879 -0.445620 
-1.216675 -0.235716 1.420578 -0.063235 -1.036570 0.214964 0.926377 -0.979570 -1.598082 -0.553230 1.192151 -1.836612 0.682529 0.056182 0.185788 1.238215 0.560569 -0.286121 0.763344 -0.200404 -1.435523 0.715347 1.074716 0.073720 -0.713811 1.343371 1.454159 -0.815478 -1.776863 -0.645020 1.663389 0.053486 0.098212 -0.755676 -1.451868 0.312758 0.023690 -0.238585 0.511530 -0.297367 0.510769 -1.349930 -1.740647 0.093948 -1.043917 -1.448155 0.431958 0.498672 0.259107 -1.207557 -0.786262 0.280362 -0.292001 -0.138507 -2.017258 -1.340402 0.047064 0.883850 -1.086895 -1.378674 0.875688 -0.442087 1.715444 -0.673066 
-0.347458 -0.125947 1.029534 -0.768289 -0.250904 -1.744517 0.116104 -2.242245 0.178532 -0.314546 1.445938 -1.625009 -0.184522 0.614456 0.253103 1.035696 0.840069 -0.565610 0.542183 0.212082 -0.238555 2.345519 1.147895 -0.535220 -0.077106 1.324256 2.260810 2.299207 -1.290239 -1.135385 0.354071 0.234590 0.409981 -1.839145 -2.224976 -1.445976 0.470349 -0.876058 0.437211 -0.068675 1.362818 -1.197653 -0.873406 0.720323 0.324114 -0.712777 0.792058 1.724432 -0.095373 -1.477492 -0.570513 0.719625 0.640663 0.772555 -1.326244 -1.575452 -1.689390 1.362965 0.427009 -0.471078 -0.143866 0.087345 0.066568 0.166603 
-0.831503 -0.799920 1.940106 -0.366714 0.693327 -2.160881 -0.386085 -0.421980 -0.550740 0.123619 -0.684992 -0.651963 0.412637 -0.235864 -0.604157 -0.715097 0.612283 0.138634 -0.488977 -0.767931 0.351826 -1.012754 -0.348094 -0.447155 -0.023875 0.074480 0.214197 1.300128 0.029015 -0.306967 0.495340 0.121834 -1.296085 -0.562465 -1.888131 0.382885 1.199884 -0.490421 0.426718 -0.192716 0.732222 -0.792703 0.128938 0.560864 -0.909246 -0.004594 0.237820 0.094024 0.361945 -0.859503 0.664935 0.462664 -1.413523 0.826150 -0.673915 -1.362244 -0.396581 2.793494 -0.609674 -0.181780 0.140540 0.552892 -1.316497 0.523280 
-0.952787 0.840068 -0.199537 -0.275129 0.193053 -0.182184 0.502958 -1.067741 -0.431980 0.079132 0.216962 0.442881 0.762233 -0.174910 0.315002 1.447883 -0.228726 0.337401 1.397371 0.722801 -0.470911 -0.797134 -0.525069 0.703377 1.359741 -0.095248 1.516265 1.014488 -1.600170 -0.880370 0.752480 -0.014753 -1.384699 -0.216760 -0.060161 -0.042838 0.828350 0.670320 0.447174 0.324301 0.307455 -0.529250 -1.226826 1.741210 0.482068 -0.383062 1.048705 0.066065 0.287970 -0.888850 -0.990696 -0.148757 0.055721 -0.292148 -1.787026 -1.243157 0.009030 0.767016 -0.963764 1.185209 -0.917490 -0.235870 -0.506480 0.666199 
-1.072683 0.120453 0.516992 1.097715 -0.971312 0.409685 0.014121 -0.808354 -0.390994 -0.638522 -0.632952 -1.300046 0.267163 0.178897 -1.858414 0.478219 -0.274015 -0.682174 0.898554 0.322077 0.602194 -0.794352 -0.629908 -0.539990 -0.170170 -0.436710 0.911266 1.140506 -0.833535 0.437969 0.966297 0.112023 0.123453 -0.550917 -1.108943 -1.476080 1.811285 1.495261 0.003908 -0.276295 -0.447326 -0.625169 0.020852 0.341431 0.416799 -0.640941 0.380549 0.982243 -0.588259 0.217723 -1.888728 0.245571 -0.504097 1.676338 -0.121491 -1.469812 1.123151 -0.120571 -0.886366 1.083913 0.054636 -0.204774 0.858557 -0.270506 
-0.586891 0.908886 0.484370 0.670740 1.825760 -0.034481 -0.881368 -0.803597 0.598767 -0.473726 -0.949317 -0.284701 -0.025121 -0.798717 -1.427443 -0.905040 1.071121 -1.004031 0.278644 0.344717 -0.771525 -1.268658 -1.168353 -0.419048 -0.404795 -0.565646 0.218703 1.227149 0.836375 -1.172070 0.814868 -1.134676 0.122846 -0.960914 -0.988712 -0.374171 1.190597 0.443474 0.416023 0.077368 -1.636447 0.381973 -0.473054 1.500647 -0.459751 0.196480 0.371468 0.620547 -0.384823 0.605827 -0.721654 -1.312726 -0.079694 1.666790 -1.006084 -0.845287 0.894863 0.892574 -0.465613 1.328937 -0.168136 0.035091 -0.663618 0.382815 
-0.135847 1.319256 -0.005668 0.524079 1.909314 -0.202201 0.823782 1.310175 0.344390 1.147489 -1.875458 0.983266 -0.450366 0.226811 0.381629 -0.183392 -0.502898 -0.259226 0.208868 1.058516 0.354734 -0.716296 0.356765 -0.156270 0.012946 0.021111 1.443313 0.995773 0.179870 0.621046 0.098248 0.087559 0.585669 0.238635 0.580210 -1.588738 0.043982 0.592018 0.512842 -0.164763 -0.968369 -0.283348 0.476534 1.607596 -0.034095 1.264442 0.378104 -0.847527 -1.053887 -0.444810 -1.404400 0.512307 -0.940728 1.237181 -0.980302 0.787272 0.429005 0.155834 -1.639031 0.070555 -0.914501 0.019646 -0.144144 -0.852344 
0.019945 0.700266 1.110832 -0.515710 0.401751 -0.082510 0.493044 0.062038 -0.157913 0.809413 -0.935933 1.156266 0.504909 -0.998823 0.031774 0.283003 0.915587 0.694047 0.846028 1.743575 -0.483161 -1.163508 -0.072414 0.557377 0.356185 -0.571019 0.006059 -0.181052 1.294057 1.050214 -0.585300 0.918278 0.587867 0.067772 0.646966 -1.691942 1.425387 -0.188502 0.398785 -0.781606 -1.005622 -0.578972 -0.034926 1.661941 0.114034 0.667290 -0.497468 0.478341 -0.423238 -0.493033 -0.228891 0.838332 -0.735982 -0.874877 -0.463684 0.533428 0.710673 0.576042 -0.157865 0.515369 0.115192 0.443731 -0.360381 -0.417853 
-0.025605 -0.921676 -0.638848 -0.408848 -0.256557 0.105907 1.089551 -0.854707 -1.039857 -0.055875 -1.013020 1.121517 0.548739 -0.564074 0.333248 0.545689 0.865562 -0.988078 1.632885 0.521737 1.374639 -0.249676 -0.280453 0.900810 0.534054 0.179168 0.560076 -0.486325 0.986189 1.138269 -0.883718 -0.505927 0.236988 0.199188 -0.126992 -1.044282 1.401222 0.350100 -0.114695 0.338895 0.597304 -0.210870 0.067210 -0.730800 0.007870 -0.587599 -0.514062 1.261994 -0.080190 0.571674 0.039207 -0.353947 0.571292 0.582784 -0.738221 -0.874441 -0.649334 0.646534 0.098372 -0.501047 0.060275 1.685189 0.961118 0.819879 
-0.832568 0.283382 0.344790 0.007137 -0.557413 0.364647 -0.749733 -0.225053 -0.227368 0.104326 -0.906736 -0.246936 -0.567942 0.925829 -0.343861 0.139098 0.834660 0.623651 0.651264 -0.709916 -0.474266 -0.517811 -0.562338 0.822712 0.432379 -0.850802 0.929554 -1.048654 -0.105346 -0.518090 -0.274275 0.187139 0.780935 0.178530 -0.727180 0.762147 0.391014 -0.444067 -0.293301 -0.808121 0.081291 0.200044 0.750367 0.542276 0.386443 0.908320 -0.821948 0.375150 -0.161029 0.805162 0.052603 -0.850979 0.157183 -0.537890 0.952908 0.445198 -1.032627 -0.485542 -0.371444 -0.651915 0.674756 -0.095092 -0.569822 0.389235 
-0.805192 -0.385396 -0.920722 -0.129327 0.826251 -0.431207 0.090441 -0.468734 -0.225733 -0.216043 0.465387 -0.586846 -0.151510 -0.498404 0.473404 0.422193 -0.536323 -0.000149 -0.603057 -0.246094 0.678413 0.944902 -0.151175 -0.126455 0.376572 -0.166619 -0.201342 -0.758047 0.849925 -0.219757 0.105655 -0.290187 -0.466231 0.870067 -0.650295 -0.771043 -0.789462 0.926323 0.056703 0.895990 -0.456421 -0.159219 -0.392664 0.724086 0.375375 -0.603751 0.879313 0.183389 0.725278 0.254884 -0.874462 0.667904 0.210800 -0.991373 0.280502 -0.635960 0.191464 -0.420927 -0.192362 -0.284586 -0.941989 0.679473 -0.452450 -0.447021 
0.678517 -0.486753 0.426947 0.528428 -0.521165 0.517558 -0.236752 -0.132304 0.186133 -0.270790 -0.538072 0.718376 -0.031471 -0.933360 0.611936 0.311137 0.502741 0.141505 -0.854588 -0.659983 -0.659946 0.718329 0.060248 -0.544244 0.382799 -0.884016 0.805222 -0.501199 0.762574 0.209696 -0.691919 -0.525111 0.033487 -0.176063 -0.574175 0.685842 0.816848 -0.773950 0.985478 -0.446716 0.895396 -0.996568 -0.523051 -0.914973 -0.092254 -0.748712 0.522275 -0.452624 0.618710 0.020206 -0.025976 0.542076 -0.109695 0.663565 0.973380 -0.116694 -0.642742 0.005438 0.804126 -0.473005 0.951289 0.094786 0.838559 -0.207007 
-0.753880 -0.633286 0.296690 0.439436 -0.254680 0.030761 -0.662531 -0.391588 -0.828602 -0.501383 0.038084 -0.854313 0.776024 0.654100 0.828139 -0.467693 0.788074 0.778053 0.948981 0.767970 -0.972288 -0.042329 0.499633 0.499361 -0.239828 0.774467 0.604927 -0.276483 -0.150771 0.089396 -0.677640 -0.641974 0.278243 0.737937 -0.205049 0.014374 0.088448 -0.046414 0.245595 0.271905 0.815510 0.317785 0.357595 -0.234029 0.470322 0.067327 -0.368451 0.399371 -0.865382 0.547596 0.238704 0.013674 -0.764800 -0.343270 -0.030082 -0.207157 0.548853 -0.939752 -0.177038 -0.251660 -0.979865 0.010805 -0.195531 -0.426314 
-0.464318 -0.427244 -0.451323 -0.806558 1.003546 0.081921 0.923702 0.336688 -0.170261 -0.393576 0.426799 -0.625799 0.196945 0.364811 0.896991 0.843148 0.075606 0.444794 0.831940 -0.086414 0.307246 0.839680 0.730404 0.833321 0.983696 -0.448623 0.844864 0.797116 -0.683682 -0.290782 -0.883593 0.345766 -0.725250 0.579059 -0.272129 -0.692530 0.882540 -0.410405 0.590590 -0.700057 0.847598 0.610794 -0.689673 0.045753 0.437258 0.401664 0.424246 0.087744 0.427823 0.877639 0.474963 -0.547283 -0.707409 0.912267 -0.863829 -0.712599 0.682179 0.034057 -0.918168 -0.315642 0.965446 -0.810386 -0.030159 0.375683 
1.000591 -0.715467 -0.311638 -0.787901 -0.479306 -0.742203 -0.500061 0.787345 0.491992 -0.392842 -0.308916 -0.960011 -0.788633 -0.954171 -0.813118 -0.100395 -0.727201 1.442003 -0.127495 -0.138968 0.765771 0.190334 1.148595 -0.693377 -0.432498 -1.032351 -0.380279 0.784549 -0.602005 0.185539 0.863256 0.647546 -1.154808 -0.991864 -0.658499 -0.251807 -0.197452 -0.462422 -0.102932 -0.441004 -0.054753 -0.338198 0.198944 -0.258593 -0.115547 -0.182000 -0.047487 0.911731 0.320990 -1.366244 0.115678 -0.300956 0.114669 0.347247 -0.688634 -0.333821 -0.109528 -0.724991 -0.355920 -0.186226 0.000948 -0.462817 -0.322850 0.571949 
-0.658711 -0.390915 0.059763 0.369850 0.749012 -0.585123 -0.967716 0.160601 0.399901 0.199375 -0.472508 0.925650 -0.237847 -0.691030 0.058963 -0.482182 -0.360193 0.443784 0.097945 -0.155831 -0.912545 -1.127896 1.345825 -0.361752 0.431349 -0.154766 -0.033323 -0.118738 -0.155073 0.414410 -0.214118 1.193216 0.564059 -1.507828 0.433322 -1.028934 -0.389769 0.056106 -0.014634 1.069478 -0.402787 -0.956080 -0.185085 0.683088 0.289679 1.107946 0.823149 -0.223004 0.340484 -0.014667 -0.302489 -0.907739 -1.271855 -0.074730 0.408376 -0.263248 0.795951 0.015639 -0.153729 -0.647520 0.393702 -0.295976 0.566507 -0.281362 
-1.914271 -0.385818 0.119949 -1.561469 -1.072099 -1.329652 0.015888 0.330147 -0.665541 1.137604 1.031506 0.269865 0.712494 -0.588261 0.616454 -0.575439 -0.782436 -1.254121 0.441653 -0.463854 -0.045326 -0.605771 1.495639 -0.997865 2.132491 -0.703250 0.451710 -1.059045 -0.561383 -1.038682 0.971892 -0.226117 0.275172 -1.498582 -0.994462 -0.162171 -0.617123 -0.356641 0.789965 -0.937241 0.467625 0.647182 -0.038752 0.254450 0.161206 -0.908975 0.147382 -0.954773 -0.215010 -0.064101 -0.483641 -1.971643 -0.770299 -0.483470 -0.987118 0.364385 0.642545 0.278164 1.304739 -0.556305 1.043936 -0.477548 -0.538137 0.031402 
-3.221406 0.685783 -0.121874 0.054715 -0.911961 -1.280576 -0.063603 1.142837 -1.345464 1.345746 0.082742 0.144210 0.067652 -0.261215 0.014888 0.397451 0.334848 -0.893555 -0.266628 -0.656584 -0.440004 -0.787822 -0.816945 -1.243076 0.312842 1.150027 0.132947 -1.272454 0.916569 -1.895403 0.039781 -1.025401 -0.379242 -0.846255 -1.877328 -0.184324 -1.386678 -1.199383 0.713401 -0.182220 0.256713 -1.045275 -0.520266 0.122924 0.297655 -0.637611 1.704332 0.823825 0.530329 0.423605 -0.380896 -2.824639 -0.321947 0.333465 -0.189719 -0.388128 -0.327755 -0.290446 0.629046 0.583255 2.685164 -1.148924 -1.169964 0.020367 
-3.074742 0.839641 -0.750331 -0.176912 0.275045 -0.734180 0.465954 -0.710004 -0.849542 -1.205624 -1.118588 -0.857009 -1.316782 -1.266159 0.247864 -1.312715 0.069433 -0.495394 -0.385483 1.318387 -1.160847 -0.261287 1.368426 -1.640871 -0.452438 0.365265 0.764796 -0.337311 0.020002 -1.277270 0.955890 -0.356076 -0.674373 -1.473539 -0.813817 -0.186232 0.437094 -1.894572 -0.229561 0.036063 -0.007509 0.376816 -1.508130 0.718684 -0.061457 -0.963374 0.015422 0.420905 1.019494 -0.583645 -0.898596 -2.527083 -0.286361 0.076246 0.808828 -1.008739 -0.862122 0.535671 0.706207 0.641010 1.865919 0.201719 -1.439547 0.260299 
-3.868196 1.836465 -0.273047 0.628647 -1.052092 -1.714181 1.364157 -0.208733 -0.031049 0.350914 -0.132459 0.814342 -1.209562 -0.683274 -0.183220 -1.708014 -0.923990 -0.714057 -0.502967 0.737522 0.039991 0.214316 0.291655 -1.406524 0.743814 0.321569 -1.116044 -0.357210 1.432672 -0.972593 -1.860475 0.679242 -0.728765 -0.652400 -1.273127 0.296433 -0.300624 -0.254200 0.031889 1.189513 0.968843 0.957628 -0.529666 0.654329 1.049706 0.858263 -0.138791 0.824193 0.013800 0.780341 1.072684 -1.003745 -1.104848 -0.171310 0.015672 1.364257 -0.389812 1.510601 -0.477968 -1.055068 2.773811 1.807094 0.134379 0.475360 
-5.053544 0.641391 -1.049115 0.576104 -1.137341 -1.140032 1.127095 0.281423 2.257262 -0.306871 0.447170 0.855028 -1.868969 -0.161535 -1.319256 -0.057824 0.278151 -2.861459 -0.519515 1.845745 0.020070 1.475245 -0.308831 -1.495007 -0.113610 -0.090454 0.616679 1.515433 -1.002265 -0.589479 -0.420249 -0.460252 0.573526 0.531013 -0.774529 1.046088 0.338906 0.591688 -1.047064 -0.084539 0.566067 1.184539 0.345375 0.604420 -0.136806 0.321181 1.527722 1.454410 0.333923 -0.958227 1.256970 -1.989916 -1.836786 -0.677766 -0.888075 1.203302 -0.160582 1.368431 -0.525912 1.188046 2.246035 2.877072 0.175121 0.198838 
-5.431186 -0.846110 0.041612 -0.544741 -0.901128 -0.676415 0.886435 0.289725 -0.625411 0.614883 -0.691213 -0.299541 1.104056 0.100859 -1.727919 0.901280 0.406538 -3.827678 1.068544 0.560177 -1.219977 0.833340 -1.058846 1.536664 1.476105 -0.527953 -0.150046 0.365497 -1.624988 0.729955 0.583019 -0.968751 0.932351 0.110260 -0.391945 0.457404 -0.287429 -0.390713 -0.705313 -0.254515 0.248522 3.258433 0.913642 -1.143666 0.955120 -0.509148 -0.449781 0.420840 0.767488 -0.145391 0.333659 -1.668566 -1.517232 -0.749482 -0.409725 0.866114 0.945549 1.434477 -1.398392 0.059018 2.698361 2.523584 -0.791182 0.802708 
-4.061755 -0.844611 -0.318882 -0.909825 -1.237360 0.418173 1.937111 1.448818 0.272129 -0.029700 1.151246 0.891564 -0.479209 0.243961 -0.650149 1.517020 0.184806 -3.967251 0.911025 0.348967 0.793917 0.190641 0.868625 0.263838 -0.095707 0.060313 -1.577591 -0.362422 -1.517271 -0.302846 -1.365334 -1.250049 1.279062 0.765197 0.734259 0.623808 -0.123066 0.074967 0.752901 1.116491 -0.019088 2.693610 1.854032 1.204599 0.656164 0.811191 1.268879 -1.101317 0.896856 -0.004793 0.300546 0.732824 -0.119603 -0.691600 -1.064650 0.610315 -1.669550 2.399658 -0.334807 1.002856 2.749266 0.078000 -1.747186 -1.568772 
-2.380488 0.299695 -0.073804 -0.184264 -0.083280 0.357087 1.994260 1.418998 0.875389 -0.004718 -0.831893 1.349531 -0.646208 1.748156 -1.662140 0.638015 -1.841801 -4.205097 1.693186 -0.398408 -0.606533 -2.974969 1.781123 2.854110 1.114406 -0.234332 -1.642260 1.500934 -0.864258 0.007358 0.926245 -0.707352 0.172266 0.068531 0.034044 1.120300 0.305454 -1.002052 -1.015385 -0.535023 0.292044 -1.222520 3.068935 1.173276 1.248922 0.915711 0.202053 -1.151436 -1.268862 0.704307 1.536980 -0.164745 0.138936 -1.789056 -1.176594 0.699895 0.087997 2.447626 -0.126256 -0.573657 1.091862 -0.200315 -1.291207 -1.201799 
-1.728823 -1.301964 1.381271 0.669454 -2.055877 0.300320 2.488357 1.569817 -0.734051 -0.322418 -1.300888 0.671356 0.297183 2.405267 -1.574306 1.792531 -2.792043 -3.170007 0.298611 -0.777917 -0.561373 -1.425506 1.031050 0.544449 -1.114829 -0.152826 0.020370 2.026710 -0.037978 -0.638688 2.349004 1.216071 -0.116581 0.699596 -0.762693 -0.217576 -0.706702 -0.227824 -0.604863 0.065482 1.131759 -3.051920 -0.944158 -0.628240 2.017776 0.153351 0.258549 -0.213201 0.154182 -0.174801 0.340688 0.024425 -0.948339 -0.783104 0.173852 -1.932768 -1.650859 -1.060351 0.122738 -0.556470 -1.007674 0.402897 -0.430730 -0.897384 
-1.762343 -0.074333 -0.012627 0.609560 -1.582937 -0.799922 1.247841 0.253950 -0.381806 0.864026 -0.485107 -1.401338 0.563462 0.657578 -0.578453 0.872632 -3.199482 -2.040490 -0.335528 -1.098529 -0.954291 0.215928 0.357200 -0.138720 0.580429 1.470530 -0.075861 0.750802 -1.735417 -0.737947 0.830043 0.992167 -0.661913 -1.046717 0.524011 1.047783 1.001508 0.809379 -0.134447 0.313264 1.445732 -2.362370 -2.688021 -0.101429 1.386569 0.140646 0.295385 0.450893 -0.177790 -0.683039 -0.392126 -0.096907 -0.765657 -0.218551 -0.558459 -0.290361 -1.076357 -1.371746 0.545322 -0.177786 0.072609 0.444977 -0.445564 -1.437320 
0.001321 0.036200 -0.144311 0.329060 -0.701993 -0.638164 1.200511 -1.536684 -0.770015 -1.335960 -1.406061 -1.809698 -0.262672 1.850540 0.199211 0.628712 -1.287798 -1.867165 -1.236039 -0.271853 -1.869692 0.965582 -0.802339 -1.055096 -0.538328 -0.401184 0.166246 -1.225193 0.761395 -0.675438 -0.432528 -0.189312 -0.543719 -2.038689 0.182138 -0.100184 2.038209 -0.416435 0.230829 0.850052 0.356957 -1.253828 0.430386 0.538184 2.630070 -1.077036 -0.396267 0.241348 -0.322316 0.569132 -0.926490 0.471512 -2.048393 0.551107 -1.771817 1.189697 -1.649094 -0.129511 0.042502 -0.560963 0.079147 -0.397029 -0.878249 -0.880325 
-0.848388 0.066798 0.869486 -0.082914 -2.837139 -1.537994 -0.571259 -1.462920 -1.654966 0.597123 -0.920387 -2.609819 -1.524233 0.765246 -0.533572 1.412785 -0.476012 0.256725 -0.051830 -0.515198 -2.026060 0.834167 -0.015039 -1.532091 -0.019653 0.343158 0.655706 -0.017715 -0.432417 -1.062626 0.641856 -0.282573 0.865119 -0.998446 -1.579186 1.000560 1.727595 -1.047230 1.087934 -0.220083 -0.369792 -0.932964 -1.080330 0.308199 0.870131 0.439266 1.371100 0.561701 0.914989 -0.320896 -1.196584 -0.094730 -0.232701 0.349038 -1.133429 -0.027184 -0.123787 -0.322256 0.654613 -1.406573 -0.489600 -0.615137 0.964358 -0.464240 
-0.259465 -0.877551 0.820034 0.340651 -1.087921 -0.725699 0.367509 -1.231771 0.201573 -0.210277 1.381969 -1.077993 -1.436412 -0.137346 0.013971 0.351133 -0.065370 -0.593606 0.766045 -1.054090 -0.334636 -0.282696 -0.275327 0.136552 0.246235 0.547678 0.665441 -0.193220 -1.744136 -0.390761 0.198198 -0.734054 -0.822525 -1.152397 -0.959639 0.442356 0.675047 -1.393263 0.392160 1.023618 0.290503 -0.387191 -1.008810 -0.545863 -0.570600 -0.809888 -0.451015 1.664010 -0.026093 0.866932 -1.080531 1.416808 -1.246747 1.134946 0.044148 -1.964312 -0.067416 2.441388 -0.126416 0.162405 1.051850 0.092400 0.364968 -0.099049 
1.082784 -1.495242 -0.260976 0.275493 -0.500792 -1.302842 0.159762 -1.256688 0.065007 -0.041928 0.573378 -0.988626 -0.945354 1.150856 0.023239 0.676126 0.250045 -0.079188 0.002487 0.502277 0.377369 -0.947633 0.746662 0.384646 0.569528 -0.011248 1.498605 1.337781 -0.402814 -0.987725 0.305684 -0.395126 -1.240238 -1.996691 -1.585692 -0.745846 1.765234 -0.729303 0.381294 -0.193684 1.304528 -0.765377 -0.373084 0.853288 -0.860465 -0.885793 0.673488 -0.294957 -0.596526 -0.330141 -0.271887 0.527326 0.503100 0.514585 0.065971 -1.218408 0.241227 1.443013 1.031824 0.916739 -0.686173 0.005890 0.048358 -0.231858 
-0.288650 0.098262 1.090914 0.288809 0.108141 -1.306592 0.474867 -1.137977 -0.791512 -0.916417 -0.021739 0.019305 -1.515279 -1.226397 0.124428 -0.540569 -0.421900 -0.630809 -1.062411 -0.262655 0.084849 -1.458679 -1.621262 0.360128 1.035845 -0.877026 0.215470 -0.159224 -0.173585 -0.737491 -0.116947 -0.987278 -0.291551 -0.854149 -1.008573 -0.206397 1.883729 -1.211929 0.912284 -0.585820 -0.642238 -0.952855 0.724255 0.673428 -0.344778 -0.546543 0.275958 -1.663048 -0.100203 -1.158798 -0.191009 1.265482 -0.187113 -1.708594 0.510064 -0.359976 0.598950 0.554776 0.699388 -0.856810 0.391336 -0.248537 -1.130114 1.108909 
-0.440800 1.296545 0.072399 0.641963 1.867793 0.732915 -0.036904 -0.417049 0.624805 0.504323 -0.641023 0.238236 -1.698596 -0.025900 -0.249164 0.200876 1.316489 -0.330136 -0.570526 0.412874 -0.249582 -1.485177 -1.533653 -1.149388 -0.458272 -0.623358 1.117813 0.236487 -0.510167 -1.355372 -0.069918 0.542752 -0.636069 -0.812164 0.054442 -0.326959 1.410894 -0.142366 0.756124 -1.016092 -0.840592 -0.937214 -1.222911 -0.285539 -1.058686 0.778814 0.683073 -0.421599 0.902277 -0.332559 -0.111594 0.412996 -0.814735 0.380253 -0.732349 0.827476 -0.651490 0.399414 0.438230 0.500892 0.080346 0.746993 -0.657982 1.744081 
0.695324 1.488705 -0.479032 0.678956 1.563907 -1.677331 -1.356617 -0.442949 -0.695359 -0.924905 -0.365835 -0.755786 -0.956073 0.427450 -0.632571 -0.347276 0.894264 -0.026010 -0.544265 0.871851 0.451338 -0.517312 0.047197 -0.900138 -0.435810 -0.255653 1.231590 -0.511325 1.502165 -0.182628 -0.199255 -0.340102 -0.316502 -0.272389 -1.249243 0.675072 0.498317 1.653322 0.396283 -0.830900 -0.993999 0.422362 -0.768392 0.672707 -0.395927 0.765689 -0.271098 0.403524 -0.791705 -0.495262 -1.653820 -0.752408 -1.370498 1.371724 0.519346 -0.277507 0.580153 0.089991 1.068212 0.532598 1.116787 -0.398799 0.202207 0.897633 
-0.259548 1.836310 0.901988 0.077461 1.470898 -0.043393 -0.022756 -0.836520 -0.671773 0.137405 -0.170679 -0.303283 -0.881265 1.523096 0.482285 -0.839147 -0.744859 -0.592651 0.769007 1.234115 -0.897419 -0.703911 -0.970047 -0.714576 0.539677 -0.816570 0.473439 0.320086 2.106785 0.313834 -0.193810 -0.466833 -0.706442 0.107930 -0.468280 0.326217 1.197806 -0.556266 -0.178645 -0.639535 -1.651748 0.799396 -0.797266 -0.093377 0.487771 0.066238 0.753496 0.527216 -0.177864 0.807860 -0.162177 -0.364726 -1.516694 0.151218 -0.536541 -0.371434 0.565193 -0.583608 -0.021601 2.098808 0.483470 -0.325499 -0.574308 0.250971 
-0.700130 0.876082 0.975430 -0.190843 1.196851 -2.219846 -0.781730 1.367181 0.802921 1.090332 -0.493449 1.090276 0.049640 0.261793 -0.660745 -0.616113 -0.552391 -0.558885 0.820452 1.904341 0.593982 -1.644052 0.503095 -1.132973 0.507068 -1.300270 0.439636 -0.864306 1.315530 -0.658813 -0.606090 1.434612 0.479624 -1.247899 0.408209 -0.009198 1.543117 0.489288 0.326490 -0.508745 -1.232953 -0.597522 -0.123549 0.280162 -0.122260 1.697991 0.635440 0.312534 -0.973689 -0.009720 -0.716794 -0.109350 -0.544305 0.652089 0.538343 0.861190 -0.100966 0.140416 -0.933489 1.308123 0.309559 0.139189 -1.221050 -1.794779 
-1.564033 0.182356 -0.135608 -0.646011 -0.155395 -0.471785 0.036916 -0.220917 0.740058 0.640688 -1.272222 0.180862 0.129935 -0.649809 -0.302903 -0.635133 -1.069107 -0.769946 0.946512 0.734372 0.536514 -0.655484 0.781963 -0.645191 0.511464 -0.758720 -0.827853 -0.727008 -0.409686 0.583587 0.855550 -0.131343 0.046638 -0.329948 -1.043080 -0.140114 1.537568 -0.034672 -0.291508 0.608670 -1.227904 -0.967949 -0.659306 0.746504 0.054315 0.395810 0.791768 -0.403609 0.733647 -0.369355 0.032835 -0.181503 0.364942 0.089609 0.611816 -0.407711 0.593443 -0.005900 -0.601168 -0.847600 0.378254 0.886440 -0.446224 -0.757054 
0.283353 -0.373849 0.797982 -0.058503 -0.917351 0.339840 0.042189 -0.243893 0.485463 -0.552186 -0.244755 0.064980 0.475753 0.409941 -0.013614 0.094559 0.868633 0.566043 0.474965 0.210246 -0.331043 0.439856 0.027850 0.247448 1.557822 0.641319 -0.567140 0.089300 -0.555060 0.671982 -0.678128 -0.039111 0.304602 -0.027953 -0.530589 -0.183019 1.218098 -0.472891 -0.271069 0.712518 -1.032156 0.200780 0.252543 -0.278325 0.945825 0.161788 -0.230676 0.364689 0.910692 -0.437311 0.137197 0.361832 -0.786483 0.073518 0.430305 -0.139498 -0.600640 0.854682 0.207068 -0.012123 0.332961 0.133278 -0.042273 0.991282 
-0.021851 0.720959 0.904492 -0.199466 0.129826 1.027442 1.040240 0.386716 0.209393 -0.008270 -0.970699 -0.107402 0.607254 1.018161 0.229771 0.946660 0.348759 0.549751 0.937963 0.395747 -0.041825 0.200863 -0.206742 0.717907 -0.166369 -0.400820 0.755136 0.320742 -0.877431 0.594886 -0.473832 -0.188018 0.448880 0.785589 0.932823 0.692562 0.045489 -0.045100 -0.646490 -0.232767 -0.884755 -0.170321 -0.001363 -0.723302 -0.104675 -0.716464 0.602295 0.550449 -1.013961 0.728020 -0.141652 -0.049772 -0.943940 -0.749331 0.808943 -0.962327 0.798801 0.113185 -0.352993 0.922867 -0.092249 0.220022 -0.373864 -1.021364 
-0.498631 -0.975549 -0.404493 0.775949 0.663574 -0.623459 0.170470 -0.575090 -0.369471 0.730921 -0.026101 -0.431695 -0.530170 0.850524 -0.859123 -0.833983 0.721465 0.487697 0.917795 0.771230 0.212401 -0.511893 0.775652 0.173707 -0.275733 -0.115611 -0.168488 -0.774354 0.724769 -0.365492 -0.298616 0.324262 -0.223654 -0.533498 -0.034921 -0.494040 0.338088 -0.588685 -0.856560 0.859544 -0.152838 -0.915440 0.273668 0.440549 -0.500997 -0.280139 0.440211 0.231794 -0.050088 -0.797458 0.447700 0.023650 -0.018169 -0.760670 -0.496959 -0.121187 -0.733014 0.047550 -0.816663 0.059089 -0.363275 -0.120266 -0.957698 0.454000 
-0.458846 0.945189 -0.159825 -0.092685 0.229652 0.350745 -0.254127 0.217588 0.033178 0.287871 -0.760918 -0.218848 -0.658421 -0.021391 0.478805 -0.354289 -0.561632 -0.707633 -0.302287 0.590440 0.553636 0.836787 0.179481 0.445316 -0.844794 0.333903 0.379620 -0.022734 -0.458855 0.094339 0.754264 0.655080 -0.205664 -0.598986 -0.142245 0.605457 -0.835749 0.616138 -0.727201 0.073580 0.936171 0.822687 -0.065096 0.699511 -0.149128 -0.185917 -0.586413 -0.076327 0.138889 0.244179 0.713858 0.833979 -0.770926 0.748894 0.158851 0.766289 -0.803522 -0.145850 0.917723 0.972106 -0.989502 -0.518845 -0.259865 0.664418 
-0.475817 -0.138884 -0.492482 -0.250099 -0.877262 0.676838 0.833015 -0.411366 -0.477042 0.215057 0.268264 0.041570 -0.875966 -0.528742 -0.854314 0.124735 -0.614724 0.526318 0.339663 0.727422 0.723148 -0.543674 0.371819 0.352651 -0.463122 0.651452 -0.903763 0.596143 -0.250935 -0.701117 0.639930 0.814436 0.567567 0.446732 0.898690 -0.918809 -0.575303 -0.950916 -0.647409 0.522014 -0.877442 -0.910789 0.948006 0.182492 0.468186 -0.862768 0.855571 -0.103558 0.806243 0.043783 0.242694 -0.279151 0.876910 -0.496487 -0.248272 -0.941173 0.634764 -0.145251 0.004389 0.260346 0.818526 0.869503 0.223638 0.081423 
0.451084 0.174720 -0.708803 -0.139589 0.920260 0.364129 -0.510136 -0.905347 -0.713443 -0.960192 -0.484416 -0.991807 0.719778 -0.669197 0.533874 -0.534635 0.414444 -1.014639 0.961646 0.889157 -1.033750 -0.499461 0.850645 -0.389110 -0.562740 -0.338872 -0.403431 -0.009556 0.589916 -0.265439 0.541385 -0.189047 -0.927138 -0.594300 0.385305 0.920788 0.870381 -0.841330 -0.160981 0.274869 -0.050556 0.830521 0.333722 0.163398 -0.319707 0.307504 -0.900959 -0.695688 0.704368 -0.370369 -0.396019 0.939898 -0.050590 0.279048 -0.224770 -0.796684 0.517474 -0.633123 0.793821 0.820902 0.729077 0.915636 0.014508 0.213551 
-0.558663 -0.895467 -0.910224 0.665867 -0.405864 -0.167371 -1.159358 -0.530999 -0.991948 0.158084 0.105287 0.415692 -0.971581 0.520388 -0.711913 -0.838812 -0.979772 1.109309 0.409578 0.114665 -0.689866 0.231503 0.230908 -0.758541 -0.414561 -1.018443 0.108227 0.261368 0.452107 0.217191 0.352682 -0.247224 -0.712997 -0.022426 0.277104 -0.640657 0.581900 0.361885 0.776666 0.518704 0.452191 -0.456914 0.058540 0.375362 -0.377463 0.837000 -0.658317 0.673846 0.594350 -1.220394 0.180051 -0.581158 0.539151 1.269169 -0.172788 0.440347 0.795786 0.571959 0.212153 -0.424766 0.024608 -0.460568 -0.585626 -0.548562 
0.268454 0.067739 -0.123964 0.023131 0.655771 -0.455683 -1.431334 0.025428 -0.932875 0.550662 -0.583294 0.874098 0.484488 -0.712685 0.022329 -0.227584 -0.581781 -0.440386 -0.890931 0.051617 0.355440 -0.701925 1.750280 -1.088704 -0.236378 -0.573189 -0.311411 -0.597265 0.563955 -0.416055 -0.705537 -0.021398 0.287311 -1.251177 -1.355115 -0.027463 0.610098 -1.141966 0.923328 -0.612478 -0.478641 -0.122333 0.886758 0.514963 0.544914 -0.487326 -0.386902 0.668339 0.296900 -0.047741 -1.268016 -0.056713 -0.483388 -0.210703 -0.545263 -0.878294 0.636405 0.946484 0.576249 -0.016905 1.130969 -0.823100 0.287254 -0.845347 
-1.155975 1.409601 0.809439 -0.310293 0.138678 -1.248985 -0.830798 0.456048 0.669712 -0.165243 0.213677 -0.229571 -1.224886 -1.453111 -0.863076 0.081679 0.781749 1.279498 -0.748912 0.598046 -0.819851 -1.649265 0.606540 -0.185637 0.111905 -0.357254 -0.039014 -1.280954 0.306360 -1.606152 0.931882 0.890018 0.499067 -1.046967 -0.564082 0.102847 0.361954 -0.987914 0.855834 -0.234584 0.893244 0.647766 0.312765 -0.752858 0.798119 -0.783110 -1.095348 -0.710789 -0.527444 0.696043 -0.934260 -0.526390 -0.443869 0.161525 -0.720975 1.072217 0.781721 0.864109 -1.039355 0.384456 -0.051375 -0.363419 -0.839031 -0.352977 
-2.144495 0.500661 -1.292683 -1.120643 -0.150714 -1.221023 0.457280 0.423155 -1.149420 0.389315 0.478120 0.163649 -1.178901 -1.694087 0.559258 -0.909029 -0.414796 0.864518 0.471107 -0.570128 -1.202464 -1.600661 -0.186194 -0.190070 1.250573 1.044518 -0.117154 -1.310252 -0.103943 -1.926858 0.802758 -1.710278 -0.702411 -0.456412 0.011066 -0.186229 -0.900808 0.748759 -0.298150 0.415996 -0.344779 0.687271 -0.091638 0.699316 0.815354 -0.649624 -0.279471 -1.213984 0.513115 0.220007 -0.799819 -1.389387 0.028856 -0.386619 -0.039257 0.206247 -0.751197 0.698256 -0.248953 0.033784 1.896355 1.023722 -1.486227 -0.151904 
-2.594456 0.458297 -1.241039 0.063361 -0.548869 -3.087043 0.623149 -0.366339 0.752267 -0.499946 0.428036 0.510841 -2.139866 -1.170860 -0.511193 -1.126951 0.222874 0.139739 1.673511 0.362652 -0.553773 -1.442706 1.311993 -1.103350 0.223460 0.497167 -0.189148 -0.608567 1.888747 0.441020 0.594645 -0.604428 -0.833366 -0.878829 -1.381938 -1.015639 1.085653 -1.488180 -0.960106 0.172104 0.467523 0.345627 0.927360 -0.901554 0.191027 -0.551937 -1.415659 -0.347032 -1.053667 -0.255501 -0.272292 -1.010121 0.373918 0.442687 -0.503372 1.121811 0.135251 1.495266 -0.163076 -1.093671 2.947045 -1.036413 -0.118196 -0.388630 
-4.139013 0.468845 -0.451917 -1.388001 -0.838373 -1.845298 0.161898 0.196488 0.840996 -0.749977 -0.424461 0.554344 -2.415642 -1.177803 -0.574005 -1.335926 -0.826978 1.956036 1.108512 0.765036 -0.179980 -0.192088 1.187811 -0.628787 0.705242 0.075753 0.376734 -0.489511 0.194621 0.855223 -0.827222 -0.873918 0.484597 1.250788 -1.486056 -0.972777 0.670411 0.122786 -0.215604 0.808422 0.837559 0.779962 -1.029297 0.362187 0.043120 -0.430378 0.733018 0.751598 0.476093 -0.045800 -0.519750 -1.140793 -1.358671 -0.792526 -1.089001 0.057619 -0.588550 0.988661 -0.085378 -0.387754 1.762607 -0.243601 -0.230799 -0.392461 
-4.627798 0.791618 -0.641717 0.593179 -0.083536 -2.147383 0.698805 -0.829910 1.308260 -0.787495 0.775030 1.608615 -1.870510 0.146301 -0.722927 0.349362 -0.369707 1.977551 0.102508 -0.492330 -1.059919 -1.150374 -0.712002 -0.523463 -0.032604 1.014578 -0.408755 0.265060 0.167531 1.150878 -0.526406 -0.021054 0.103845 0.047904 -0.407603 1.026821 0.463053 -0.760658 -0.962466 1.026577 -0.030486 1.526716 1.360378 0.716148 1.696248 -0.527511 0.570040 -0.136908 0.444816 -0.013438 -0.047507 -0.960023 -0.541069 -1.206559 0.216192 0.663672 -0.452783 1.725842 -0.819537 -0.747237 2.539821 1.370760 -0.485974 0.574350 
-4.456229 0.295395 -0.290766 0.381885 -0.327179 -2.075108 0.784013 -1.562637 0.449581 0.554746 -0.458631 -0.093426 -0.044636 -0.258016 -1.485488 0.349928 0.579672 1.847167 0.974101 1.005758 -0.055169 -0.700252 0.269911 1.571057 0.884597 0.082731 0.310460 -0.994973 -1.102555 0.968752 1.594942 0.671917 -0.069993 -0.363752 -0.917222 0.059485 -0.077303 -0.566488 -1.613448 1.145150 0.520101 4.343338 2.040562 0.304472 0.618405 0.163015 -0.564466 -0.810492 -0.183816 -0.720304 0.074044 0.171224 0.591370 -0.970326 0.356192 -0.849959 -1.076151 0.806341 -0.626478 0.465344 2.645145 2.387519 -2.934948 0.195373 
-5.531804 -0.267530 -0.887921 -0.918529 -0.106434 -2.976409 1.731096 -1.358774 0.600578 -0.529767 -0.813770 1.996883 -0.656716 0.004471 -1.577723 0.027099 0.539563 1.368257 1.360408 -0.743075 -0.346168 -1.355314 0.127995 1.892513 1.004637 -0.748992 -0.585682 0.310547 -0.089282 0.510246 1.307820 -1.141155 0.867480 -0.583198 -1.080943 0.183185 0.411391 -0.040085 -0.429780 1.575545 -0.353515 0.141036 2.040444 0.227078 0.693050 -0.645280 1.514459 0.146434 0.618624 -0.941361 0.859218 -0.057368 -0.291098 -0.081157 0.237050 1.442914 -2.158001 0.737328 -0.092753 -0.579853 2.707721 0.923642 -2.551506 0.015021 
-5.389820 -0.386106 1.512600 -0.654872 -1.335689 -1.191622 1.195816 -0.880940 0.773579 0.061409 -1.742124 0.669327 -1.842425 1.041363 -0.353342 0.582016 -0.321799 0.607720 0.907511 -1.298127 0.184825 -2.715530 -0.099222 3.477296 0.908023 -1.218788 -0.929574 -0.961489 -0.149299 -0.185508 -0.109167 -0.432371 2.562800 0.307937 -0.601618 0.762143 -0.606263 0.346293 -0.976769 0.765352 -0.100627 -1.468051 0.702649 1.551930 -0.533951 0.891392 -0.251903 -2.132128 0.667149 0.668244 -0.381052 -0.118823 -0.464992 -1.585432 -0.119493 1.084506 -0.786937 -0.074468 0.454033 0.493400 0.598624 -0.025511 -0.942453 0.390661 
-3.771086 -0.766841 0.857500 0.320150 -3.216573 -1.772699 -0.207654 0.031801 -1.065643 0.926933 -1.190214 -0.373948 -1.149816 2.691082 0.202480 0.553974 -1.781758 -0.681869 0.537973 1.468148 -0.523790 -2.266557 1.223780 -0.238098 0.794750 1.162772 0.305853 0.894556 0.331789 -0.285168 -0.626900 -0.294014 1.079166 -1.283613 -0.580960 -0.710296 -0.865357 0.115267 0.928744 0.460766 0.182980 -2.538648 -2.845955 0.250255 0.101121 0.270068 -0.550097 0.467363 1.225186 -0.616129 0.611957 -0.541518 -0.363094 -0.017417 0.681721 0.759929 -0.855079 -1.355516 -0.557384 -0.816376 -0.002236 -0.080131 -1.082886 -2.087859 
-2.421360 -0.091835 -0.535388 1.161127 -1.671271 -1.905040 0.140410 0.494207 -0.417490 0.762495 -1.515908 -1.275183 -1.247200 1.629871 -0.470166 0.726476 -1.186239 0.368723 0.125748 0.204233 0.172316 0.796131 0.098809 0.174275 0.771884 0.429444 1.168939 -1.151789 -0.392460 -0.303652 0.520218 0.717903 -1.745619 -1.515028 -0.119764 0.299818 1.006979 0.086556 -0.222629 -0.071570 1.523820 -1.305368 -1.813850 2.593134 2.259032 0.445934 0.649545 1.036408 -0.706359 -0.795051 -0.257567 0.148937 -2.937813 0.362424 -0.651889 0.800062 -1.037693 -2.018316 0.090429 -0.583961 -0.938618 0.478887 -0.526919 -0.667623 
-1.550281 -0.709784 -1.332980 0.339853 -1.169844 -0.674447 -0.431058 -0.218644 -0.135910 -1.287379 -0.619494 -0.628991 -2.256266 0.703293 -0.039041 0.376879 -0.663090 -0.813573 -1.302713 -0.447342 0.417640 0.813425 -0.401489 0.569180 0.339579 1.453766 0.393004 -0.462147 0.685367 -0.455698 0.266197 0.359239 -0.242433 -0.902046 -0.503584 1.284150 1.339940 -0.075383 -0.483827 0.098634 1.612710 -0.768433 -0.358599 0.765224 3.075329 -1.356253 0.990259 -0.254451 -0.157693 0.233106 -1.325594 -0.275717 -0.922082 0.295683 -1.553543 -0.821965 -1.439056 0.415469 1.507444 -0.010161 -0.786851 -0.311369 -0.533766 -0.893694 
0.509808 0.713940 -0.785805 -0.012340 -1.347214 -1.334448 -2.209050 -1.750365 -0.312219 -1.261193 -0.250075 -0.923561 -1.722780 -0.619743 0.221074 1.537197 -0.529872 -0.389981 -0.119771 0.395106 0.224765 -0.176661 0.274515 -0.742791 -0.659254 0.178067 0.354775 -0.367190 0.099639 0.151112 -0.117983 0.222104 -0.146400 -1.088451 -0.535948 0.017014 1.344316 -0.976202 0.805061 0.455705 0.547756 -0.866218 -1.602470 0.146016 1.056863 -0.650553 0.677975 0.637943 -0.171822 -0.823988 -0.239935 -1.488740 -0.041842 1.275155 -0.583395 -0.161881 1.574660 -0.313395 0.615338 -0.346576 0.716017 -0.224269 0.689334 -0.369786 
0.339386 -0.607272 1.278625 -0.108739 0.101371 -0.437929 -0.812690 -0.384223 0.755991 -0.436718 1.041343 -1.182242 -0.838135 0.452127 0.918210 -0.352382 0.724263 -1.902641 -1.513785 -0.906918 -0.809016 -2.412192 -1.176227 0.439986 0.682350 -0.963436 -0.263691 0.401769 -0.375126 -0.024518 1.296880 -1.058891 -0.738394 -1.783247 -0.166743 0.538805 1.622660 0.026689 0.774756 0.647555 -0.167598 -0.152576 -1.111798 0.926633 0.059132 -0.397671 -1.674746 1.116570 -1.067182 0.751902 0.403117 -0.250997 -1.095924 0.071926 0.742221 -1.395453 0.307036 0.170745 1.925120 0.606292 0.206973 0.317791 0.385663 0.121428 
0.065792 -0.656194 0.319055 -0.759942 -0.434274 -2.005181 -0.615733 0.784397 0.070920 -0.819821 1.873669 0.010998 -1.660408 0.470214 -0.287487 0.639020 0.774559 -0.811482 -1.179830 -1.091388 0.996538 -1.581047 0.035376 -0.409638 0.442147 0.942518 -0.741954 -0.989323 1.254919 -1.475332 -0.123144 -1.265320 -1.308713 -2.292641 -0.701479 -0.366352 0.911227 -0.871555 -0.434996 0.906311 -0.278686 -1.322855 -1.129307 0.045191 -0.887570 0.936795 -0.365361 -0.714312 -0.933480 -0.632691 0.040445 -0.094066 -1.334455 -1.326520 -0.480219 -1.307678 0.131867 0.603258 1.786541 0.579936 0.675039 -0.553825 1.858041 0.668738 
0.083721 -0.547524 1.104066 0.590891 0.207231 -1.089598 -0.494241 -0.872425 -1.183228 -0.062756 0.024457 -0.298345 -1.292279 0.502575 0.196140 -0.641607 0.543360 -0.675622 -0.590887 -0.272255 0.914351 -1.345244 -1.726712 0.160323 0.085567 -0.327579 -0.580096 -0.015476 1.016753 -1.026173 0.200175 -0.076647 0.356997 -0.271774 -0.304665 1.032099 1.262556 -0.242673 0.050640 -1.144400 -0.348550 -0.646201 -1.560500 -1.592306 -0.169495 0.669299 -1.626355 -1.191300 -0.499107 0.244243 0.715938 -0.491599 -1.968275 -0.211429 1.136755 -0.350841 -0.262119 0.029827 1.436483 -0.243710 1.284491 0.479563 -0.100096 1.035286 
0.437583 0.641780 0.031939 -1.155416 0.604247 -0.346011 0.078949 -0.274803 0.546594 -0.386016 0.494339 -0.178011 -1.153091 -0.471693 0.386498 -0.123317 0.106089 -0.792021 -0.171603 1.256717 0.768794 -2.528759 -1.141888 0.702501 0.496669 -0.098799 0.500793 -0.187504 -0.135907 0.412090 0.367071 0.234757 -0.679011 -1.047618 -0.663457 0.954179 0.586502 1.664053 1.604108 -1.267763 -1.237179 -0.296495 -0.222952 0.367001 -2.011581 0.202477 -0.705702 -0.538616 0.109216 -1.527457 -0.586468 -0.436417 -2.034275 0.055276 0.403999 0.717366 0.405385 0.539918 1.099948 -0.089330 -0.328535 0.101696 -0.595417 1.192946 
1.042408 0.431119 0.036047 0.776404 0.993480 -1.777690 1.278923 1.214709 -0.467886 -1.804510 -0.534382 0.315060 -0.918814 0.554911 -0.982839 0.857795 1.132485 -0.173106 -0.465474 0.652343 -0.608989 -2.555457 -0.415603 -0.604466 -0.794982 0.264422 -0.578601 -1.196053 1.292674 -0.125310 -1.166322 0.725573 -0.311884 -0.811460 -0.046638 -0.434412 1.218354 0.492409 -0.234128 0.328931 -1.868449 0.592885 0.103292 0.372038 -0.862873 0.390825 0.833146 0.011482 1.366843 -1.283059 -0.850663 0.233040 -1.445259 0.757336 0.459318 -0.513251 -0.920027 0.241315 0.521010 -0.132611 0.835735 -0.096135 -0.252653 0.280347 
0.091395 0.180135 0.255162 0.359972 0.004066 -1.434294 -0.254987 0.950714 0.067654 0.706307 -1.095076 -0.049075 -0.216554 -0.429601 -0.558992 -0.357170 -1.331083 0.275805 0.104065 0.204025 -0.332593 -1.683240 -0.457841 -0.661150 -0.052580 -1.340717 -0.203154 -1.217557 1.948430 -1.309713 0.523037 0.542442 0.329729 -0.563901 -0.814349 -0.144011 0.236234 0.993697 -0.351201 0.789862 -2.297860 -0.682110 -0.022023 -0.057608 0.554341 0.161896 0.176924 -0.351298 -0.339532 0.152841 0.523410 -0.765757 0.412259 0.146795 0.470427 -0.357789 1.544275 -0.851711 0.797009 0.242216 0.145419 1.344110 -1.188380 0.508506 
-0.916401 -0.931980 -0.386933 -0.852074 0.823878 -1.581522 -0.565860 1.742240 -1.212839 0.055607 -0.713255 -0.450859 -0.969394 -0.539618 -1.084704 0.133290 1.010969 -1.020605 1.368323 1.134167 -0.087637 -0.979089 -0.292006 -0.400567 -0.492611 -0.918884 0.912084 -0.219154 0.840001 0.075174 0.172692 0.846727 -0.248355 -0.783383 -0.209581 0.272243 1.566298 -0.761200 0.787097 0.055855 -0.849899 -1.630133 0.348151 0.798520 -0.404124 1.114974 0.301181 0.346152 0.013716 0.502763 0.145946 0.669193 -0.341717 -0.106456 -0.048235 -0.008324 1.524730 -1.098589 0.108096 -0.923105 0.122039 -0.163701 0.045025 -0.508836 
0.681746 0.051621 0.597389 -0.747576 0.896122 -0.923281 0.372952 0.803193 0.226041 -0.058396 -1.110911 1.497227 0.617246 -0.522653 -0.826403 0.465185 -0.360479 0.316165 0.208405 0.087879 0.959051 -1.118151 -0.105276 -0.948517 0.947606 -0.302779 -0.386743 -1.121676 -0.020151 -0.084715 -0.009695 -0.043057 0.510753 0.504145 0.843671 0.137075 0.078296 -0.021215 -0.468991 0.051424 -1.188727 0.142067 -0.042574 -0.428459 0.102569 -0.548284 0.218024 -0.149884 -0.302469 0.312052 0.759253 -0.261496 -0.310117 0.862253 0.590952 1.104703 0.238750 -0.573391 1.252278 0.641943 0.893717 -0.473188 -0.992595 0.590704 
-0.892493 -0.299357 -0.225422 -0.156812 -0.037117 -0.147124 0.641626 1.020182 0.357752 0.280335 0.701022 -0.568505 -0.437221 -0.787475 0.403040 0.459762 0.772361 -0.509971 1.379559 0.600824 -0.001588 0.379870 -0.324711 0.961440 0.494891 0.816759 -0.251890 0.141616 0.643437 0.799141 0.662924 0.414720 0.960640 -0.137070 0.677592 -0.954504 0.491511 0.821382 0.896474 0.044989 0.747783 -0.708967 -0.230401 -0.152540 0.450778 0.818469 0.397518 1.248074 -0.387206 0.447959 0.653866 -0.275376 0.479075 -0.150188 -0.668447 0.189263 0.688245 0.444830 0.596808 0.654114 0.119657 1.426690 -0.413427 0.165986 
0.849257 0.028814 -0.928604 -0.344031 0.803926 0.683283 -0.610348 0.411417 0.629846 0.481960 -0.652378 0.210618 -0.576318 -0.839656 0.687906 -0.644618 -0.462724 -0.915555 -0.359696 0.245602 -0.837562 0.216948 0.578624 0.645524 -0.890930 -0.889910 -0.040232 0.809148 -0.648246 0.429647 -0.483177 0.145803 0.022666 0.791725 0.329840 0.532690 -0.025503 0.637762 -0.018479 0.104172 -0.907533 -0.263387 0.701723 -0.825647 0.475267 0.004099 -0.437864 -0.182125 -0.534450 -0.040479 -0.094558 -0.804187 0.907742 -0.398506 -0.482619 0.102670 -0.365038 -0.635531 0.040780 0.357807 -0.678161 -0.522938 -0.488421 -0.244937 
-0.497007 0.607105 -0.098138 -0.466907 -0.883850 0.735374 -0.059844 -0.559753 -0.777843 -0.379451 0.079714 -0.288429 -0.581527 0.609665 0.762560 0.312745 -0.932983 0.949545 0.789500 0.110872 0.901450 -0.382061 -0.830710 -0.588536 0.627467 0.271396 -0.719078 0.104330 0.036462 0.500480 0.498506 0.464473 -0.563726 0.829348 0.392078 -0.503026 0.253342 0.566810 0.448340 -0.610755 0.661536 0.135551 0.413644 -0.877745 0.155036 0.640582 0.503642 -0.018486 0.189522 0.890323 0.104915 -0.392132 -0.747665 0.085468 0.644594 -0.194260 0.785316 0.422778 -0.980620 0.378416 0.850598 0.253516 -0.711722 0.371209 
-0.337321 -0.155858 -0.896970 0.989624 0.120273 0.016388 0.486007 -0.463973 -0.788507 0.102206 -0.502060 0.648915 -0.444441 -0.364788 0.363262 0.179662 -0.975158 -0.281838 0.614490 0.008026 -0.452254 0.863948 0.819330 -0.888546 -0.850337 -0.878170 -0.548021 -0.798700 0.295572 -0.698599 0.471480 0.237403 0.594897 -0.893429 0.169530 0.134678 0.932737 0.992248 0.850459 -0.026765 -0.910642 -0.444075 -0.094272 -0.975097 -0.089633 -0.722221 -0.154515 0.908994 0.089999 0.419965 -0.150609 -0.811274 0.630299 -0.101413 0.399884 -0.277322 -0.961058 0.941954 -0.440474 0.081576 0.327311 0.345012 0.456038 -0.655385 
0.873933 -0.865046 0.543476 0.586968 0.201744 -0.540757 0.151171 -0.628511 0.766602 -0.491662 -0.956109 0.554608 0.805424 -0.713183 0.260613 0.728911 0.199682 -0.954030 0.159603 0.593654 0.672754 -0.824589 -0.102119 0.590817 0.097970 -0.573868 -0.852792 0.079433 0.187182 0.143245 -0.539097 -0.465468 -0.538543 -0.490237 -0.039782 -0.428463 0.742544 -0.556381 0.809876 0.963173 -0.934119 0.058826 -0.884550 -0.870155 -0.854546 -0.544758 0.740082 0.756375 0.474625 0.723926 0.704025 -0.772897 -0.857066 0.770607 -0.348368 -0.761478 0.286568 -0.797753 0.829951 -0.085043 0.434505 -0.480428 -0.481411 -0.789512 
-0.278287 0.851256 -0.964626 -0.126040 0.833331 -0.961085 -0.980083 0.522177 -0.894922 0.346338 -0.795062 0.095532 -0.833465 -0.318418 0.187015 0.768434 0.437342 -0.505661 -0.413911 -0.304201 0.714069 0.700707 -0.189933 -0.286964 0.050710 -0.043819 0.102316 -0.354313 1.037438 -0.411064 0.440259 -0.683910 -1.003206 0.935255 -0.971861 -0.197253 -0.465144 0.360440 0.826738 0.427083 0.241481 0.617107 1.078171 0.514836 0.321104 -0.255193 -0.524580 0.774637 0.022623 0.865563 -0.738279 0.065881 -0.291647 -0.587363 -0.013162 0.768884 -0.526754 0.562268 -0.920397 -0.755082 0.897724 0.656995 -0.019745 -0.537970 
-0.133667 0.350174 0.493313 -0.787959 0.188996 -0.621261 0.066684 -0.372067 -0.104393 -0.016540 -0.788132 1.076617 -0.384791 -0.034814 0.692839 -0.138290 0.313718 1.386500 -0.112405 0.335882 -0.497326 0.547213 1.228390 -0.659296 -0.044130 0.271899 0.477480 -0.224240 1.243948 0.687382 -0.697839 -0.362507 -0.769283 -0.919134 -0.570831 -0.084331 0.247322 -0.789235 1.084568 -0.385637 -0.774859 -1.088636 0.049211 -0.705403 1.338312 -0.260138 -0.691614 -0.672593 1.523100 -1.027615 -0.991725 0.776217 0.395112 -0.043684 -1.196135 -0.484486 0.772478 1.178542 -0.500248 0.456663 0.935190 -0.322291 0.069200 0.437126 
-0.853665 0.864492 -0.389410 0.454098 -0.284675 -1.379688 -0.709720 0.177999 -0.527714 -0.793825 0.295740 0.162989 0.308142 -0.454646 -0.241104 0.723369 -0.236929 0.006993 0.866696 0.175551 -0.371832 -0.870861 0.894437 -0.728808 0.642462 -0.545805 -1.112274 -1.053953 1.716490 -0.333523 -0.765747 0.072916 -0.717369 -1.022867 -0.844701 -0.206739 1.094811 0.182928 -0.366978 0.623062 -0.066194 -0.895428 0.118055 -1.513581 0.745721 0.160043 0.316141 -0.775322 1.159607 0.472491 0.538628 -0.291892 -1.177108 -0.056752 -0.345512 0.491014 1.150768 0.311108 -0.016933 -0.507645 1.414871 0.938749 -0.115189 -0.382112 
-1.110663 0.556898 -0.472226 -0.282652 -0.265575 -1.642549 -1.967028 -0.536170 -0.101947 0.177698 1.708151 0.564605 -1.458607 0.168321 0.802009 -0.570221 0.698126 0.835847 0.388386 0.758379 0.536995 -0.740074 -0.596232 0.460901 -0.814734 -0.025305 -0.597603 -1.829813 -0.075013 -0.431368 0.134214 0.539073 -0.495394 -1.048231 0.647497 -1.127195 -0.526767 -0.741114 -0.056661 0.067721 0.589553 0.238290 0.335494 -0.714292 0.499522 0.260334 -0.265446 -1.228416 0.165688 -0.580264 -0.540797 -1.684343 -1.021136 -0.529436 -0.650640 0.088103 1.051430 0.749656 -0.285264 0.160363 1.564317 0.907713 -0.257239 -0.318950 
-1.495036 -0.260500 0.280560 -1.049482 -1.157118 -0.395125 -0.743666 0.195972 0.944733 -0.540580 1.631039 -0.802904 -1.591802 -0.598090 0.696863 -0.104916 0.447276 0.729218 1.536179 0.549234 -1.064075 -2.081741 0.036612 0.640980 0.421878 0.454728 1.004034 0.629075 0.233375 -0.294946 -0.216319 -0.078336 0.310187 -0.285865 0.139347 -1.329687 0.639906 -1.066249 0.842894 1.117154 -0.677857 -0.542866 0.600598 -0.000273 1.615156 0.588929 -0.977098 -0.876567 0.593782 -0.014270 0.023698 -1.192943 -0.571628 0.359665 -1.069434 1.798736 0.220231 0.454664 0.002530 0.068995 1.020300 0.031908 0.241869 -1.139638 
-1.450097 -0.191791 -0.217981 -0.201290 -2.097105 -2.397429 0.595924 1.261866 0.387336 -0.595905 0.060662 -0.097826 -2.034719 0.577458 0.174471 -0.727543 0.077661 0.973988 -0.507274 0.552934 1.416439 -2.140604 -0.118423 -1.190692 -0.866645 0.328724 -0.096914 -1.338891 1.660379 0.391120 1.865206 -0.238350 -0.652665 0.408143 0.350084 -1.042435 0.572544 -0.695580 -0.433410 0.487703 0.406637 0.557067 -0.030672 -0.919156 0.455238 -0.440876 0.269872 0.443055 0.534135 -0.319748 -1.701409 -1.063508 -1.128842 0.392440 -0.279727 1.009647 0.184067 0.890228 0.118910 -0.557454 1.337738 -0.299112 -0.773685 0.596933 
-1.487828 0.882728 -0.068056 -0.841121 -0.590761 -1.403188 -0.203663 0.649029 -0.901231 -0.085823 0.038536 0.179051 -2.576087 0.254188 -0.534834 0.046266 0.307709 1.496422 0.519540 -1.032243 0.152486 -1.781418 -1.120407 -2.208572 0.890130 -0.163403 -0.484119 -0.808103 0.516510 -0.270386 -0.453236 0.413739 -0.043233 -1.561254 -1.377800 -0.792913 2.255919 -1.962233 0.917835 1.496094 0.002492 0.817536 1.165079 -0.433670 0.960669 0.705848 -0.977372 -0.391386 1.110824 0.599266 -1.661461 -1.039350 -0.158790 -0.025665 -0.067057 0.991635 0.539097 1.412022 -0.002923 0.176908 0.862725 -0.595930 -0.226812 0.565321 
0.641741 0.386040 0.510036 -0.317258 -0.122204 -2.299568 -0.463615 -0.367234 -0.725416 0.222217 -0.990104 -0.728123 -2.231897 0.304171 0.246245 -0.021675 0.688494 1.210200 0.055801 0.060792 -0.703901 -2.728477 -1.400521 -1.056338 0.179505 1.474580 0.167577 1.417305 1.076100 0.549756 0.706749 1.039704 -0.953833 -0.199037 0.407417 -0.660362 0.098731 0.638757 0.199207 0.298968 -0.646509 1.519948 -0.033917 0.708869 1.310595 -0.640840 -0.166561 -0.144470 -1.301430 -0.082289 -1.480124 -1.011484 -0.700197 -0.026385 1.727609 0.279863 0.384727 0.958256 0.552514 -0.386794 1.497396 0.811373 -1.005377 1.711509 
-1.188667 -0.612260 0.305992 -1.684148 -0.117867 -2.563357 1.127248 -1.076970 0.778593 0.843338 -2.342035 1.454063 -2.405481 -0.770880 -0.874764 0.026369 0.582545 2.514929 -0.206682 0.376905 0.391028 -1.296169 -1.537582 0.236824 1.470607 0.036085 -0.375858 -0.972343 0.387891 0.872624 -0.174118 0.148732 0.778747 -0.130797 0.149803 -0.832911 -1.623129 0.097344 0.314306 1.625579 -0.138300 4.065604 1.679310 0.678305 0.362094 -0.009795 0.752641 0.147335 -0.235957 0.144334 -1.006477 0.534200 0.250780 -0.557399 0.998811 0.300482 1.246827 0.619230 0.537809 -1.092308 0.212482 1.630412 -1.145691 -0.223483 
-1.609252 -0.800834 0.365239 -0.957218 0.053687 -2.672074 -0.242062 -0.439976 1.445097 0.018847 -1.103984 1.777399 -2.466772 0.543099 0.412856 -0.784043 1.355335 1.643597 -0.145127 0.085555 0.353480 -2.019571 -0.460782 1.284617 0.250363 -1.359075 0.142764 -0.657648 0.110523 1.472536 0.026398 -0.336677 1.022208 -0.322300 -0.315429 -0.517503 -1.043211 -1.214679 -1.546719 -0.392909 -0.326725 2.403929 0.856350 0.215161 -0.860861 0.170911 0.677115 0.266830 0.456735 0.019622 -1.481100 0.357995 -0.718281 -1.111702 0.561540 1.560193 0.445902 0.764233 0.716736 -0.476551 -0.376462 1.013304 -1.010656 -0.389927 
-2.598224 0.051580 0.654440 0.249157 -0.575982 -2.041113 -0.073257 -0.919674 0.456925 -0.225213 -1.132802 1.036581 -2.328368 0.569549 0.270090 -0.203507 2.535606 0.629948 0.596842 0.262880 -0.676549 -2.852870 -0.304677 2.289428 0.296936 -0.384206 0.648096 -0.512857 1.058425 1.358040 0.443746 -1.244457 0.783419 -0.704883 0.199562 -1.240029 -1.356677 0.338127 -0.200598 0.736499 0.748970 -1.727181 -0.554887 1.017642 0.365746 -0.355062 0.276365 0.293849 0.028377 -1.148728 -3.500031 -0.647371 0.875719 0.158115 -0.089908 0.807394 1.028351 -0.798622 0.865920 -1.799055 -0.288025 -0.505822 -0.889360 -0.899425 
-2.445815 -0.340850 -0.425123 0.433771 -0.644428 -0.412088 -2.296037 -0.169208 -2.209229 0.865620 -0.153869 0.538806 -1.208316 0.665106 -0.014427 0.056328 1.183325 0.218378 -0.393348 0.056986 0.084045 -0.198648 -1.062752 0.685247 0.202172 0.099064 -0.267172 0.194464 1.264027 -0.543462 -0.521879 0.298001 -0.962112 -0.201136 0.422596 -1.475373 -1.809795 0.917997 -0.363242 0.845135 1.407519 -0.978911 -3.804361 0.757703 0.486058 -0.644543 -0.360766 -0.608170 0.245514 0.066287 -1.134318 1.259102 0.018307 -0.605412 -0.067870 0.415277 0.291789 -1.753273 -0.547256 -0.558663 -0.572784 -1.769009 0.663676 -0.856041 
-0.131249 -0.240957 0.270277 1.215500 0.300869 -1.935488 -1.163187 -1.660187 0.600697 -1.281290 -1.903848 -0.791084 -0.955941 1.331769 -1.159200 -1.617682 -0.626869 -0.639343 -0.459508 0.581833 0.632952 -0.819236 -0.440102 1.321007 -0.525767 -0.859168 -1.204145 -0.696019 -0.569456 1.314558 0.546106 0.820772 1.045533 -1.315339 0.387984 0.095287 -1.184795 0.878186 0.045970 -0.714266 2.021363 -1.214111 -1.894155 2.633541 0.304729 -0.470682 -0.038863 0.486390 -0.591017 -0.126745 -0.426745 0.367503 -2.618875 1.215761 0.654294 -1.528991 1.469530 -2.125390 0.461156 -0.630818 -1.924819 0.078589 -0.993038 0.368717 
-0.302572 0.333907 -0.593287 0.325077 -0.238780 -0.424860 -2.182148 -0.246777 0.323846 0.116287 -0.569918 -1.434937 -2.234347 1.275671 -0.486316 -0.274872 0.341996 -1.045917 -0.474527 -0.876013 0.281715 -2.440056 -0.687338 0.236131 0.695269 0.332506 -0.006126 -1.246528 -0.087417 0.354718 0.701146 0.803749 -0.353050 -1.571963 0.610740 -0.330946 0.120118 -0.182884 -0.262820 0.702900 0.295623 -1.227185 -1.198242 0.210581 1.861429 0.315253 -0.625782 0.532753 -0.323119 -1.962117 -0.373486 0.329907 -1.443367 1.769691 -0.119688 0.119862 1.850712 -0.889575 0.941718 0.007023 -0.194520 -0.483567 -1.324189 0.067629 
-0.579341 -0.379101 0.580460 0.133068 1.830221 -0.199843 -1.083152 0.205871 0.846946 0.170318 1.104236 0.819188 -0.317426 -0.320713 -0.957212 -0.970982 -1.136749 -0.236377 0.457563 -0.341889 0.279089 -1.091948 0.400727 -0.946039 0.454114 0.500763 0.251032 -0.746901 -0.280250 -0.604800 -0.617495 0.103808 -0.114739 -0.033184 -0.431151 1.088221 -0.232314 0.632868 -0.170951 -0.150755 -0.087271 -1.618193 -0.881534 -0.360501 1.758094 -0.403270 -0.610623 0.449701 -0.150303 -1.223938 -0.062777 -0.764506 -1.228032 2.153814 -0.839215 -0.970445 1.111580 -0.576423 1.241852 1.069957 2.367314 1.423131 0.274612 0.576652 
-0.230674 -0.882891 1.682481 0.586087 1.832134 -1.384305 -1.428946 0.700705 0.027676 -0.281721 0.655485 0.400862 -1.274986 -0.272191 0.688277 0.349699 1.234392 -0.563441 -1.216920 -0.120373 -0.785886 -0.063081 -1.063525 -0.870681 -0.096627 0.917996 -1.097528 -0.900748 2.215131 0.369937 0.789605 0.080763 -0.658706 -1.785343 -0.579514 -0.121275 1.542796 0.017495 -1.670690 1.302653 -0.280162 -2.219160 -1.047991 0.727847 -1.196129 -0.631721 -2.243847 -0.244040 0.844710 0.104773 -0.598075 -0.497898 -1.478336 0.372666 0.391939 -0.063916 1.141705 -1.035056 0.292050 0.264229 1.021784 1.047739 0.190761 -0.229508 
0.616111 -0.212054 -0.255368 -0.037517 0.724837 -2.669909 0.697232 0.002080 -1.783439 -0.109277 -0.767707 -0.272009 -1.993244 -0.540932 -0.187103 0.773780 0.475382 -0.254594 -1.874178 -0.173080 -0.615970 0.090788 -0.745827 0.630011 0.108672 0.504992 -0.243997 -0.475660 0.477928 0.324035 0.622703 1.151069 -0.158529 -0.259367 -1.042246 1.150967 2.464165 0.907289 0.053584 -0.140972 -0.593105 -0.848913 -0.891315 -0.451071 0.386426 0.469180 -1.184347 0.028324 -2.127926 -0.274698 -0.971817 -0.359164 -2.167324 0.465035 1.023408 0.716214 1.649971 0.942787 0.900776 -0.463071 0.707729 -0.248545 0.954033 0.892697 
-0.190435 0.217918 0.035978 0.627221 -0.143388 -1.453991 -0.981863 0.049313 0.622165 -0.644849 -0.074987 0.325835 -2.303319 -0.193967 -0.453861 -0.003065 -1.117769 0.138574 -0.560592 0.371904 -0.478137 -0.408233 -1.837595 -1.151650 1.561480 0.906072 0.029537 -1.118515 -0.967327 -0.144973 -0.048861 -0.502871 -0.516573 -1.249598 -0.530414 0.574474 1.343181 0.761997 0.855274 -0.403476 -2.072816 -1.016850 -0.077769 0.236546 -0.807500 0.200813 -0.931805 -0.997140 -0.513304 -0.303010 1.264413 0.884106 -0.363445 0.620278 1.207772 0.148328 1.532228 0.067974 1.345429 -1.182668 -0.763150 -0.903051 0.126681 -0.168864 
0.186630 -0.689741 0.522438 -0.263950 0.459516 -1.034597 -0.159213 1.335080 -0.852332 -1.465531 0.452612 1.126801 -1.053643 -0.707311 0.267202 -0.158784 1.425046 -0.425221 -0.034485 1.016369 -0.812990 -1.505102 -0.720205 -0.108135 -0.127249 -1.409545 -0.573936 0.237696 -0.061953 0.534581 -0.765568 -0.202018 -0.537222 -0.801189 0.048870 -0.007290 1.165197 0.320777 -0.103199 0.123222 -1.368004 -0.637627 -1.186841 -0.269241 0.000139 0.463856 0.474680 -0.569008 -0.763944 -0.262796 1.114601 0.121985 -1.550733 0.699607 -0.466748 0.894729 1.949478 0.308837 0.819398 0.345976 -0.799975 -0.720996 0.561724 0.952395 
1.353117 0.932004 -0.529681 -0.921419 -0.288850 -1.127043 -0.322293 0.318581 -0.154984 0.306543 0.698316 -0.008151 -0.083365 0.337408 0.417506 -0.249541 1.913580 -1.626711 0.922990 0.796574 -0.447175 -1.388905 0.284265 -2.072195 0.614282 -0.611852 -0.344952 -0.657395 0.373838 -0.087773 -0.087253 1.542329 -0.741819 -0.141237 0.260621 -0.285463 0.704782 0.058420 0.099450 -0.393920 -1.994675 -0.961826 -0.165999 0.897126 0.219286 -0.635841 0.061560 -0.149847 -0.432258 -0.109805 -0.538173 0.616437 -1.443199 0.992446 -0.893119 0.334691 1.525253 -0.563561 0.261906 0.903703 -0.578020 1.074896 -0.599647 -1.486540 
-0.272513 0.477092 0.063953 -0.359575 0.902147 0.091055 0.011855 0.866424 -1.418778 -0.329433 0.050447 0.641359 0.248939 0.071239 -0.356673 1.050079 0.212670 -0.304913 1.109306 -0.243921 -0.445569 -0.541588 -0.635838 -0.883944 -1.265018 0.101866 -0.021876 -0.770054 1.872309 0.306107 0.679895 1.189795 0.647254 -0.089576 0.326202 -0.813374 1.050487 0.583364 -0.092764 -1.117945 -1.956737 -1.279387 -1.088826 0.315659 0.132511 0.209413 -0.400458 -0.866890 -0.390040 -0.589534 1.563384 0.101793 -1.052715 0.266236 -0.352336 1.154215 0.368303 -0.543108 1.086914 0.730505 0.808470 1.209862 -0.778650 -1.249855 
-0.267145 -0.669690 0.292682 -0.408511 0.778146 -0.258468 0.106864 -0.356323 -0.060964 0.017219 0.945481 -0.159883 0.256934 -0.662189 -0.903715 0.203660 0.870394 -0.645685 1.778775 0.182446 -0.429489 -1.077046 -0.217352 -1.395057 0.116764 0.538959 0.171683 -1.174358 1.615024 -0.347781 1.271146 0.724609 -0.181336 0.493695 0.512918 -0.022065 -0.260750 -0.702491 0.285388 0.512826 -0.693280 -1.125836 -0.471927 0.201739 0.427889 0.754477 -0.683096 0.237829 -0.518791 0.953940 1.169106 -0.686814 -0.921141 0.094800 0.492098 -0.173531 0.442651 -0.611959 0.097914 -1.366602 -0.023900 -0.135865 -0.457388 -0.164116 
-0.836092 -1.110229 0.513627 -1.235728 -0.121313 -0.541212 -0.523284 -0.004758 0.557013 -0.200011 0.928777 0.420530 -0.195089 -0.063912 0.112174 0.213499 0.156364 -0.062532 0.386232 1.306991 0.673049 -0.083580 -0.901613 0.472257 0.204525 -1.089884 -0.707602 0.703818 -0.149575 0.599580 0.370953 -0.510419 -0.663123 -1.352435 0.154663 -0.203538 -0.091884 0.132248 0.484606 0.308227 0.120112 -0.260135 -0.301705 -1.365577 -0.233334 0.868851 -1.687446 0.219807 0.001614 0.205803 -0.658655 0.909726 0.670885 0.338810 1.169302 -0.052848 1.046027 -0.453738 1.073620 -0.714126 0.125785 1.456618 -0.199656 -0.625778 
0.176286 0.061097 0.224145 -0.943215 0.248197 0.603250 0.691595 -0.703425 0.620812 -0.812589 -0.259943 -0.200932 -0.414402 0.654556 -0.609480 0.596100 0.229707 0.299654 0.573109 0.334059 -0.057767 -0.131251 0.285801 -0.142978 0.010142 -0.705814 -0.958644 0.438395 -0.061391 0.029862 0.753074 -0.551439 -0.504482 0.567008 -0.725385 -0.650252 1.232025 0.819662 0.225344 0.974407 -0.493403 0.183136 0.380223 0.110304 0.028221 0.259103 -0.963703 -0.526756 -0.105426 0.129574 1.188287 0.284250 -0.249560 0.326663 -0.177008 -1.094392 -0.972884 -0.022584 0.966624 0.248799 -0.776772 -0.127869 -0.446925 -0.328839 
-0.389804 0.911258 0.776820 0.357155 -0.655412 0.447539 0.168726 0.397242 -0.866408 0.395143 -0.244393 -0.573655 -0.202372 0.194549 0.812436 0.103039 -0.092090 -0.951895 0.273742 -0.850595 0.728848 0.286130 -0.514131 -0.630654 0.247058 0.291492 0.230973 -0.793683 -0.015173 -0.315163 -0.564827 0.105145 -0.761945 -0.916982 -0.760726 -0.833785 -0.155054 0.513516 -0.463037 0.935858 -0.177104 0.624481 0.502074 0.931743 -0.287125 -0.329062 -0.405043 0.699500 -0.995465 -0.706465 -0.019936 -0.377920 -0.529872 -0.850192 0.937060 0.363399 0.929901 -0.104147 0.582204 0.610488 0.584166 0.236243 0.835710 -0.490130 
0.953249 -0.917478 -0.254828 0.928709 -0.105625 0.357958 -0.842402 0.369991 0.350507 -0.800473 0.350383 0.595874 -0.610166 -0.455914 -0.911557 0.585313 0.251808 0.143653 0.707048 0.560533 0.586962 0.093661 0.775549 0.243768 0.936343 -0.352641 -0.093478 0.681587 0.510473 -0.873182 0.271645 0.945311 0.333062 -0.255522 0.387281 0.026948 0.808161 -0.853062 -0.269079 -0.764092 -0.221545 -0.504258 -0.245766 -0.586844 0.131871 0.892339 0.852154 0.274331 -0.976322 -0.033113 -0.149022 0.193945 -0.227729 0.437173 -0.422086 -0.255749 0.494186 -0.546068 -0.921915 -0.700613 0.540386 0.543443 0.035493 0.019440 
0.795160 0.960143 -0.035189 0.525254 0.900876 0.262348 -0.264808 0.577318 -0.528916 -0.077365 -0.011505 0.071505 0.354778 0.786248 0.014557 0.663014 -0.986999 0.189123 -0.354350 0.332133 0.072361 -0.450423 -0.266212 0.203710 0.116060 0.244057 -0.228309 -0.066602 0.775859 0.581129 0.221238 0.972352 0.187660 -0.314554 0.111425 0.023530 -0.127720 -0.895197 -0.531663 0.002045 -0.894833 -0.048433 -0.860473 0.811639 -0.163609 0.392189 -0.424543 -0.750054 0.223914 -0.702933 -0.869320 0.356304 -0.156774 0.863033 -0.553262 -0.488632 0.634572 0.020092 0.479904 -0.394635 0.651173 -0.562484 0.735649 0.583666 
0.672846 -0.061556 -0.727133 -0.315471 0.734311 -0.862263 -0.959786 -0.318876 0.668486 0.115983 0.110818 -0.562303 -0.332985 0.939210 0.346853 0.092132 0.974451 0.840894 0.161952 -0.789487 0.753837 -0.128959 0.732852 0.120235 -0.804233 -0.152851 0.512855 0.899779 0.915309 -0.626917 -0.699623 0.195470 0.718929 0.799716 0.707193 0.233176 -0.181764 -0.112704 0.373639 0.345869 0.459961 0.012066 0.601639 -0.690450 0.256857 -0.281073 0.958129 -0.174529 -0.110819 -0.569669 -0.608547 -0.601733 -0.216534 0.138880 -0.579130 -0.959540 -0.746099 -0.147371 -0.026372 -0.036438 -0.378804 0.713513 -0.560047 -0.288660 
-0.810484 0.366095 0.534410 -0.042708 0.738192 1.007487 -0.852184 -0.721660 -0.913886 0.280404 -0.721740 -0.645476 -0.673980 0.178639 -0.218897 -0.398874 -0.041255 0.737262 0.311145 1.014034 -0.771217 -0.882648 -0.832918 -0.166471 0.583703 -0.824675 0.045508 0.488953 0.295637 0.087209 0.475022 -0.410702 0.905511 -0.012142 -0.532223 0.702509 0.516579 -0.058444 -0.787742 0.375636 -0.490302 0.715637 -0.751859 0.029140 -0.023303 -0.545798 -0.760847 -0.767422 0.300520 -0.558954 -0.801006 -0.394536 0.500751 1.083266 -0.625848 0.735177 -0.684644 0.290252 -0.240525 -0.241727 -0.797272 -0.751882 -0.348477 0.884422 
-0.033238 -0.280181 -0.441832 -0.155141 -0.813553 0.488749 -0.902164 -0.040029 0.983454 -0.128373 0.503891 -0.233441 0.358692 -0.449736 -0.946404 0.903829 0.653439 -0.335299 -0.607904 0.589208 -0.904127 0.601615 -0.396071 0.260631 -0.247712 -0.104066 0.563915 0.545386 1.230306 -0.150061 -0.286260 -0.775013 0.696215 -0.892242 0.568777 0.444380 0.880538 0.751977 -0.378010 -0.719150 0.737572 -0.012562 0.955206 -0.777665 0.479198 -0.799494 -0.275048 -0.257045 0.761338 -0.414139 0.091568 0.240727 -0.027951 -0.530701 0.141910 -0.014639 0.959706 -0.480187 -0.757847 -0.669972 0.423841 0.848357 -0.385139 0.475896 
1.278836 0.744072 1.005227 -0.914888 -0.200232 -0.078521 -0.964841 -0.498433 -0.994501 -0.051102 0.854218 1.152184 0.404727 0.575428 -0.167687 0.712441 0.935147 0.040424 0.902442 0.075627 0.832695 -1.456082 0.656802 -0.710149 0.685409 -1.021109 -0.027359 -0.253638 0.852689 0.782330 -0.048347 0.361876 -0.606155 -0.980822 -0.440153 -0.651647 0.566049 0.478784 -0.852705 0.999463 0.579665 -0.866743 0.221836 -0.470926 0.663578 -0.387838 0.509725 0.534826 0.046117 -1.051050 0.602703 -0.560185 -0.092288 -0.769204 -0.637207 1.643970 0.759570 0.663694 0.128290 0.421944 0.398808 0.016356 -0.397420 -0.045359 
0.150433 0.605520 0.601144 -0.134722 0.622117 0.816959 -2.215569 -0.151201 0.212473 0.950735 0.623876 1.071881 -0.070234 -1.327922 -0.498666 -0.995742 -0.155574 -0.051886 0.838904 1.287975 -0.099889 0.081682 -0.201909 -0.527183 -0.749307 0.643322 0.983973 -1.318317 0.124021 0.267485 -0.725198 0.453578 -0.447967 -0.316524 -0.712949 -1.118389 0.798240 -0.679018 -0.688931 0.767445 0.438205 0.353039 -1.313120 0.235978 -0.026293 0.102258 -0.652735 -0.830035 0.668053 -0.226470 0.230293 -1.078640 -0.421346 0.716318 0.471805 0.464395 0.169952 0.325808 -0.430499 -0.895426 0.251813 -0.866832 -0.483079 0.274836 
-0.207157 0.955432 -0.209231 -0.566111 0.587945 -0.558428 -1.191570 0.042371 -0.583406 0.098599 1.305179 -0.848484 -1.640005 -1.846110 -0.333585 0.136685 1.042445 1.421040 0.115003 1.370373 -0.926345 -0.468188 -0.625585 -1.061957 -0.080536 0.043173 -0.787905 0.015118 -0.287070 0.832137 -0.964897 0.431603 0.156841 -0.057773 0.054979 -1.058088 1.121379 -1.113586 -0.408827 0.850991 -0.028446 -0.344467 1.077314 -0.090212 1.244382 -0.624912 -0.366806 -1.236468 0.769804 -1.262602 -0.302732 -1.083907 0.424805 0.807721 -0.699653 2.617633 0.943969 -0.304012 0.500383 -0.753616 1.234139 0.669016 0.242451 0.744693 
-0.170392 -0.092425 0.417516 -0.094025 0.039580 -0.064074 -1.547187 -0.710430 0.243548 -0.777497 -0.200390 -1.021837 -2.565136 -0.554152 0.211986 0.861979 -0.132453 1.135665 -0.396750 1.504834 -0.553617 -1.184892 -0.188522 -1.816648 0.684226 -0.995323 -0.649873 0.025105 -0.162269 0.694097 -0.434795 0.273400 -1.127117 -0.515111 0.354222 0.104888 -0.006451 -1.010130 -1.171465 0.393064 -0.292591 0.032231 0.764730 -0.862085 0.664924 0.811745 -1.127664 0.420217 -0.109384 -2.111432 -1.508515 -1.495470 -0.662156 -0.306353 0.245432 0.666881 1.061996 1.048813 -0.585358 -1.506693 0.822201 0.726627 -0.827594 -0.755552 
0.167013 0.705124 0.554211 0.238717 -0.161707 -0.593867 -1.303147 -0.227062 -0.301100 0.058132 -0.256949 0.507327 -1.538806 0.132703 -0.263085 0.988455 -0.270813 2.118145 -0.630467 -0.968212 -0.291660 -1.114332 0.444467 -0.820878 0.096338 -0.594196 0.012968 -0.842199 1.371191 0.016259 1.501720 -0.597293 0.177300 -0.233266 -0.149107 -0.124343 -0.119222 0.017466 -0.714129 0.750585 0.228266 -0.663606 1.115526 0.085480 0.197198 -0.724085 -0.336128 0.548782 0.100386 0.167868 -1.416404 -0.185546 0.063603 0.215483 0.117075 -0.034124 1.332473 1.515869 -0.960068 -0.991684 -0.394224 0.183069 0.024412 0.185937 
-0.270134 0.603350 1.315498 -0.406419 -0.225299 -0.615156 -0.880653 0.255197 0.529586 0.527274 -1.261597 0.084963 -1.430109 0.588749 0.658223 1.207875 -0.187945 0.128385 1.814638 -0.100639 0.441767 0.068536 -0.930636 -1.938388 -0.539526 -0.196830 1.012242 -0.068110 0.120595 0.538301 1.254714 -0.206084 -0.203238 -1.872373 0.858224 -1.463746 -0.001436 0.914842 -1.688254 0.243664 -1.114684 2.163250 0.733695 -0.265387 0.371312 0.260382 -0.119824 0.617640 -0.280344 1.100431 -1.217668 -0.562675 1.107924 -1.723347 0.948569 0.707866 2.925707 0.643050 0.642233 -1.022243 1.430704 0.484356 -1.329800 0.237361 
1.126904 -0.498056 0.561249 -0.023677 0.221173 -1.203192 -0.112748 -0.303353 0.420295 0.555922 -0.867045 0.204051 -0.564073 0.851723 -0.194782 -0.618874 -0.512086 1.416954 0.751010 0.365891 -0.617492 -0.412195 -1.100969 -0.064939 0.364994 -0.094199 -0.259516 -1.111853 0.331136 0.533925 -0.280074 0.305979 1.382601 -1.534356 0.504471 -1.844794 -0.841531 -0.501980 0.812739 -0.463927 -0.212493 0.857621 1.453158 0.429755 1.021234 0.097887 0.417165 -0.443499 0.884363 -0.021467 -2.446071 0.784038 0.425839 -1.148109 0.354944 0.217337 3.095407 -0.049615 -1.055785 -0.349150 0.137611 0.807520 -0.878745 1.037581 
1.015393 -0.608675 1.110242 -0.528543 -0.160841 0.240108 -1.528826 -0.413143 0.515144 0.269284 -0.683656 0.235879 -0.688804 -1.247443 0.336858 0.779967 1.373084 -0.045956 -0.417166 -0.154738 0.291485 -1.743639 -1.237582 -0.368530 0.100951 -0.361799 1.006599 -1.301792 0.217994 1.892549 0.689891 0.537446 0.229998 -0.682322 -0.507131 -0.429921 -0.428245 0.640047 -0.217457 0.475441 -0.171307 0.632853 0.149559 1.913590 1.676931 0.547644 -0.035005 0.964853 0.721440 0.128110 -2.851670 -0.699665 0.630754 -1.210032 -1.022412 1.850740 1.023925 -0.960421 -1.494283 -1.403211 -0.583276 -0.110456 -0.204782 -0.230431 
1.116909 -0.956004 0.127284 -0.323689 0.163795 -0.495580 -2.063087 -1.776982 1.161547 0.323279 0.599582 0.524529 -1.211369 -0.472669 -0.548167 -0.484421 0.261607 0.712634 0.292774 -0.110519 -0.767490 -0.112702 -1.061619 1.073335 0.283857 1.000176 0.903734 -0.308484 1.440462 1.424615 1.042198 0.183820 0.400452 -1.370663 0.340139 0.255109 -1.111710 0.276944 0.113626 0.059742 -0.218443 -2.051846 0.125417 2.018967 0.641967 -0.195694 -0.052902 1.303230 0.426446 0.356103 -2.201493 -0.657453 -0.611879 -1.030336 -0.278148 0.034798 3.128938 -1.489665 -0.752767 -0.073963 -0.066091 -0.582116 -0.076862 -0.476067 
1.056779 -0.285095 -0.492646 0.797599 1.241581 0.659895 -1.775775 -1.059637 0.241808 -0.688194 0.680990 0.737409 -1.130294 0.975253 -1.036127 -0.040469 1.622862 0.867221 1.116096 0.354721 -0.521365 -0.968590 0.115720 1.492683 -0.100907 0.512366 -0.580340 0.219446 1.293416 0.092637 2.472737 1.208506 0.080798 -0.247463 0.579416 0.922071 -0.715312 1.217711 0.143663 -0.665646 0.712741 -0.583344 0.136289 0.676972 -0.022153 -1.649394 0.445750 0.014644 0.014999 -1.327717 -1.764642 0.180397 -1.178528 -0.416812 -0.883815 -0.322223 3.305770 -0.624414 -1.262138 0.060664 -0.328541 -1.581383 0.604051 -0.611416 
-0.943862 -0.722451 -1.019838 -0.364984 0.029001 -1.135090 -0.557967 0.227439 0.364608 -0.513973 -1.115255 -0.599692 -0.543527 -0.845110 -0.983676 -1.153801 1.335902 0.184862 -0.444381 -0.355212 -0.907201 -2.513799 -0.041614 0.299935 -0.481259 -0.689576 -0.052164 -0.758412 0.379600 0.639916 0.823050 0.695697 -0.159391 -0.778777 0.457336 1.110006 -1.832999 -0.359278 0.723415 0.273752 0.238273 -1.188174 0.026487 0.996693 -0.016301 -1.425360 -0.854403 -0.251692 0.773852 -1.443714 -1.507125 -1.023803 -2.857826 0.221706 0.059608 -1.023802 2.153937 -0.933603 -0.808216 -0.725164 -1.382380 -0.946997 -0.108781 -0.433773 
-0.841698 -0.423437 -1.373904 -0.003144 0.559481 -0.734417 -0.486524 0.574250 -1.072577 0.842382 -0.086572 -1.787044 -2.129706 0.467720 0.007815 -0.815130 -0.363563 -0.152367 0.022576 0.587464 0.810153 -2.784168 -0.241766 0.682373 -0.240732 1.499422 0.087029 -0.186973 -0.056787 2.457016 0.832097 1.845740 0.464633 0.591807 0.082521 -0.470856 -1.898894 -0.390279 -0.117718 0.239339 0.895879 -1.204842 -0.418859 0.839340 -0.091297 0.594667 -2.050532 -0.648966 -0.746927 -0.756922 -0.971170 -1.226818 -1.744434 0.462155 -0.335320 0.989031 1.034883 -0.740517 -0.534027 1.132485 -0.335086 0.154356 -1.014152 -0.236717 
-0.361253 -0.254499 0.285623 -1.022900 0.859782 -0.459057 -1.576259 -0.012018 1.240423 -0.114696 0.448433 -0.366368 0.335483 0.606317 0.472264 -0.451469 -0.727726 -1.597003 -0.046899 -0.822270 0.654551 -0.556745 1.090944 1.051344 0.569849 -0.289157 1.302519 -0.349097 1.287045 0.931163 -1.202161 0.177442 -1.201005 0.678742 -1.496671 -0.272180 -0.870906 0.206047 -1.135630 0.642339 -0.027895 -1.011520 -0.961171 0.569345 1.790394 0.199450 -1.282732 -0.414197 1.034601 -1.891866 0.624491 -0.324279 -1.279206 0.339694 -0.311857 0.206072 2.819742 -0.191287 -0.134203 -0.327803 2.396371 -0.125091 -0.067423 0.126089 
-1.408697 -1.787486 -0.111209 0.692721 0.434666 0.059372 -0.687159 0.970221 -0.798413 -1.276144 -0.165198 -0.564249 -2.125092 -0.797589 0.557206 -0.210932 0.515674 -1.758373 0.224632 -1.865988 -0.867485 -1.299627 0.131098 0.352227 -0.413686 0.399625 0.329713 0.233428 1.046619 1.479911 -1.050944 1.109065 -1.114246 0.064357 -0.218786 0.763442 -0.517934 -0.261888 -0.209537 1.532086 -1.439208 -2.383109 -0.796017 -0.117685 1.215222 -0.025456 -0.716723 -1.291026 1.356671 0.456154 -1.181538 -0.448987 -0.843571 0.269955 1.591082 -0.624027 3.425399 -0.683479 0.551467 -0.044189 0.532742 0.682044 0.893715 -1.182760 
-0.423312 -1.036692 -1.128105 -0.291248 0.700668 -0.258462 -0.766822 1.429434 -1.792601 -0.807808 -0.669453 0.170798 -0.404454 -0.271530 0.587788 -0.837723 0.675542 -1.618540 0.250731 0.340457 -0.171207 -0.722204 -0.056350 -0.065877 -0.463785 0.885847 -0.827251 0.422678 1.630396 -0.169186 0.833547 0.222438 -0.132481 0.087375 -0.621966 0.024973 -0.756408 0.214727 0.532222 -1.041116 -2.051854 -0.044864 -1.969012 -0.432844 1.610396 -0.141692 -0.838432 0.347409 -0.742607 -0.677909 0.579098 -0.165856 -0.789042 0.366286 0.626621 0.653935 1.541440 0.372547 0.839942 -0.666473 0.775349 0.496057 0.283392 -0.111545 
-0.824533 0.012694 0.778252 0.930251 0.963743 0.267630 0.581274 1.722284 -0.967949 -0.179166 1.026784 1.148569 -1.877484 0.036689 -1.053312 -0.126972 0.286152 -0.307970 -0.979354 1.161038 -0.470497 0.045043 1.434025 -0.264893 0.754551 -1.328736 0.047559 0.023735 0.926337 0.232300 0.492066 0.012957 -1.279381 0.616850 0.351783 -0.480356 0.124297 -0.016801 0.895238 -0.243610 -1.818836 0.564231 -0.292279 0.047286 1.749042 0.132832 -1.804106 0.243036 -0.865420 0.354605 0.593967 1.232397 -0.077491 0.756831 0.146297 -0.330097 3.458335 -0.278863 0.444019 0.296160 1.345861 -0.144840 1.195451 0.705445 
-0.821390 -0.461396 -0.645246 0.349891 1.126516 0.427864 -0.310840 0.580367 0.082572 -0.520179 0.921184 1.182343 -2.793313 -0.060246 -0.569895 -0.024462 1.128772 -0.641748 0.099724 0.955753 0.266966 -2.039080 1.368135 -2.306319 1.207014 -0.373381 0.540579 0.386548 -0.182308 -0.638710 0.345757 0.866348 -0.860440 -0.592023 0.005567 -0.228819 -0.480727 0.319185 0.615810 -0.293828 -1.691711 -1.488822 -0.416821 -1.310608 0.799947 -1.132271 -1.392159 -0.160528 0.687901 -0.600924 -0.182884 0.119249 0.169914 0.644593 0.607141 -0.378616 1.268618 1.049127 0.228230 -0.373679 0.506691 1.612309 0.556828 -1.273537 
0.574533 -0.779995 -0.197684 -0.855159 0.788364 -0.048343 -0.962459 -0.058939 0.095866 0.579047 0.784469 0.570770 -0.547594 1.417475 0.083922 0.152969 0.947952 -0.386162 1.700623 0.033948 -0.018908 -0.779319 -0.011642 -1.856114 -0.299516 -1.129067 -0.420194 -0.749566 0.389548 0.876446 0.944327 1.300542 0.490672 -0.095849 0.154235 0.300594 0.039069 0.328722 -1.224498 -0.086464 -0.694893 -1.400782 0.024857 0.091139 0.495768 -0.985020 -1.121514 -1.398578 -0.594527 0.041382 0.853963 -0.020338 0.476015 1.305024 -0.925469 0.461292 1.277444 0.432325 1.526232 0.440882 0.228383 1.124203 -0.750520 -0.304543 
-0.040321 0.173472 -1.563562 -0.232326 0.292564 0.272495 -0.686109 0.617164 -1.174629 1.154976 0.752114 1.351925 -0.608457 1.865372 -0.818103 0.004916 -0.000465 -0.710975 0.496786 -0.168675 -0.199744 -0.408354 -0.604955 0.012159 -0.710022 -0.845040 -0.100666 -0.419912 1.818016 0.474895 -0.136614 -0.413189 0.212227 -0.065142 0.812564 0.797296 1.111576 -0.007778 -1.172710 -0.597112 -1.212100 -0.117535 1.125185 -0.124967 1.384723 -0.665265 -1.746580 -1.530959 0.303840 -0.192725 0.936146 0.711478 -0.693730 -0.735728 -0.555781 1.138407 0.496321 0.802503 0.836739 -0.863063 0.546545 0.180533 -1.056872 0.474677 
-0.480930 0.080140 -0.408874 -0.794339 0.109719 -1.659836 0.252486 0.389422 0.456507 0.047819 -0.364695 0.116885 -1.351075 1.768724 -0.457964 0.661849 0.877386 0.079991 1.198557 -0.344227 -0.316206 -1.480826 -0.844836 -0.372357 -0.426605 -1.151468 0.532187 -0.366748 0.931910 -0.197481 0.700838 0.064468 0.607634 0.357365 0.601905 -0.396531 0.373520 0.506238 0.181887 0.145706 0.029831 -0.182432 -0.649382 0.542827 -0.054462 -0.704726 -0.790542 -0.838285 -0.355231 0.115544 0.783671 0.287243 -0.961799 1.174405 0.573554 -0.704143 0.871482 0.043466 -0.062522 0.426943 1.587088 1.224132 -0.217282 -0.357207 
0.031420 -0.563557 -0.483019 0.311505 1.071143 0.204665 0.138677 1.061065 -0.201032 -0.621298 0.504307 1.130324 0.935026 1.048237 0.435046 -0.842478 0.895714 -1.158652 -0.303815 0.813475 0.992831 0.631801 -0.332826 -0.904497 -0.341467 0.232588 -0.130107 -0.416127 0.603500 0.792114 0.264972 -0.388556 0.457777 -0.208148 0.676710 0.704938 0.113233 0.004399 -0.100992 0.199390 -1.167138 -1.238961 0.047016 -1.150857 0.858430 -0.734103 0.044532 0.902281 0.802522 0.486428 -0.355874 0.659535 0.810092 0.934716 -0.282625 -0.396469 -0.933620 -0.851159 0.217414 -0.106648 1.902174 0.779630 -0.191479 0.599605 
-0.663441 -0.582368 -0.141013 0.208201 1.188233 -0.209478 -0.089939 -0.368801 -0.957957 0.918299 0.338714 -0.064661 0.206110 -0.617355 0.748578 0.623993 -0.702007 -0.279983 -0.616914 0.481292 -0.326797 -0.223761 -0.124391 -0.680584 -0.576197 -1.044449 -0.779536 -0.494160 0.747315 1.112675 -0.507795 0.026334 -0.118330 -0.765799 -0.835598 -0.977968 -0.868531 0.323200 -0.730342 0.405004 -0.736884 -0.313010 -0.216485 -1.006781 -0.203783 0.943309 0.155083 -0.653441 -0.742306 -0.712091 1.161384 -0.776112 -1.020692 0.526405 -0.166074 0.834033 0.177645 0.372292 -0.674714 -0.604886 -0.580509 0.330050 -0.233432 0.023801 
-0.002765 0.134949 -0.274241 0.620159 -0.631640 0.884638 -0.905812 -0.692171 -0.685439 0.450658 0.028415 0.294161 -0.640879 0.821824 0.315224 -0.077827 -0.704374 -0.840290 0.702592 0.138320 0.463511 -0.862864 0.280322 -0.251723 -0.961374 -0.108011 -0.579540 0.179317 0.941633 -0.850065 -1.043166 0.293693 -0.219885 0.350037 -0.614394 -0.746272 -0.495646 0.252978 -0.258337 -0.974258 -0.977573 -0.566104 -0.810044 -0.677376 -0.559989 -0.869077 0.555611 0.108728 -0.653021 -0.558457 -0.174518 -0.018451 0.418482 0.622273 0.801547 0.597185 0.619042 0.608893 -0.956891 0.397940 -0.530250 -0.634558 -0.651473 0.943858 
-0.398175 -0.787530 0.877499 -0.284951 0.735056 0.986084 -0.427168 0.975646 0.729850 0.223487 0.543137 0.974425 -0.866085 0.423017 -0.131321 0.744251 0.025612 0.820002 0.434614 0.858089 -0.996338 -0.334635 -0.655629 -0.564440 0.416913 0.789422 -0.520798 -0.282876 -0.107212 0.263161 0.763726 0.515976 0.231056 0.970030 -0.298807 -0.138099 -0.278115 -0.100434 0.741325 -0.850703 0.952940 -0.022431 0.041841 0.100987 -0.833186 -0.757683 -0.812128 -0.138768 0.232459 -0.817743 -0.569811 0.530259 -0.708609 -0.954604 0.005768 0.452681 0.143040 -0.065218 -0.896970 -0.427961 0.430216 -0.499497 -0.966124 0.164586 
0.688650 -0.956847 0.175389 -0.735771 0.321329 -0.161371 -0.756644 0.091525 0.562060 0.499252 0.460799 0.799127 -0.510849 0.181555 -0.817316 -0.154150 -0.847285 -0.544786 0.541429 0.312662 -0.122469 -0.356365 0.672965 0.471907 -0.195717 0.450484 -0.911313 0.923540 0.731974 0.683243 -0.246611 -0.390117 0.322674 -0.112400 -0.566574 -0.977966 -0.266945 -0.295936 0.876583 0.910092 0.733635 0.759514 -0.613700 0.809441 -0.621142 -0.092872 0.353618 -0.303324 0.290750 -0.374310 0.307779 -0.913450 0.617969 0.392132 -0.950431 0.882382 -0.266701 -0.161187 -0.571154 0.293497 -0.267861 -0.491132 0.328959 -0.868465 
0.794259 -0.978637 -0.578471 -0.202002 0.469272 0.459176 -0.749382 -0.724712 0.956252 0.792194 -0.782658 -0.564939 -0.573842 -0.852027 -0.986795 0.974835 -0.536671 0.743087 0.081348 -0.704110 0.681319 0.285399 0.651703 -0.364460 0.575119 0.664905 0.928669 -0.233593 -0.322733 -0.262112 -0.020255 -0.428021 0.075338 -0.974904 0.896827 -0.182836 0.354788 -0.870051 -0.211900 -0.579773 -0.969352 -0.306676 -0.834522 -0.458039 -0.465862 0.695844 -0.711844 -0.196297 0.799826 0.918935 0.026493 0.946207 0.548196 0.381877 0.808103 -0.754089 -0.713119 0.556029 -0.794129 0.989202 0.126853 -0.807061 -0.262429 0.335486 
0.498781 -0.464439 -0.543724 0.867160 0.514654 0.805002 -0.307248 0.126442 -0.938247 -0.398537 -0.627234 -0.453052 0.919335 -0.516735 -0.894695 0.847952 0.752093 -0.698389 -0.799897 -0.353826 0.009286 -0.298651 0.667320 0.767889 -0.855626 0.194923 0.793804 -0.836186 0.006580 -0.135378 0.444861 -0.636174 0.526139 -0.742025 -0.595992 0.299972 -0.507251 0.627843 0.171356 0.792450 -0.539426 -0.199406 0.350608 -0.452351 0.208387 0.190023 0.240668 -0.587085 0.018181 0.196454 -0.849282 0.370889 0.103896 -0.228430 -0.838582 -0.064166 -0.236671 -0.640920 0.607632 -0.918061 -0.654968 -0.451118 0.763459 -0.742650 
-0.563822 -0.010082 0.038535 -1.006060 0.730540 -0.152130 -0.390412 -0.701198 -0.721422 0.407672 -0.117085 0.852972 0.981024 0.159805 0.195068 -0.723039 -0.004418 0.914143 0.898381 0.080378 -0.534534 -0.724838 -0.833030 0.766258 0.876735 0.741272 -0.973839 -1.013379 0.035589 0.158063 -0.828710 -1.020221 -0.448473 0.390453 -0.761893 -0.518616 -0.110411 -0.336412 -0.469198 0.131089 0.670562 -1.038985 0.889118 0.918543 0.583819 -0.036935 0.429425 0.789604 -0.794310 -0.391156 -0.725726 0.692055 -0.694450 0.280982 0.978898 0.285328 1.028840 0.469693 0.949301 -1.100597 0.253932 0.017239 -0.333714 0.320656 
0.140962 0.635028 -0.299405 0.092098 0.682658 -0.330850 -0.828932 0.436539 0.258062 0.168023 0.066813 0.074623 -0.665431 -0.892770 -0.186843 1.018953 0.672956 0.510267 1.227474 0.640176 -0.332540 -1.139845 -0.726805 -0.460422 -0.008688 -0.978437 -0.256548 0.187063 0.837495 -0.793361 -1.029889 -0.171961 0.530719 -0.615336 -0.125960 -0.579062 -0.793082 0.631329 0.865889 -0.422790 0.763815 0.421235 -0.391533 0.328796 -0.278818 0.589620 0.057403 -0.870700 0.832104 0.262231 0.720054 -0.019851 -0.570084 0.401140 0.245327 0.944859 -0.123482 -0.957327 0.215726 -0.098257 0.641692 -0.698563 0.489334 -0.931123 
-0.713770 -0.086091 -0.715381 -0.055024 0.215231 0.982554 -0.054672 -0.502362 0.175244 -0.838397 0.731063 0.944250 -0.659467 0.355328 -0.502395 -0.721187 -0.268994 0.860601 1.123161 0.454870 -0.100441 -0.235333 -0.000335 -0.360463 0.150708 -0.762748 -0.167106 -1.115935 0.683186 0.976165 -0.259750 1.053765 -0.271543 0.589809 -0.237831 -0.859614 0.817628 -0.667242 2.047457 0.338328 -0.182078 1.053753 0.745891 -1.186579 0.750796 -0.362154 0.433507 0.536167 0.157240 0.067084 -0.876724 -0.103227 -0.337711 -0.157979 -0.127945 1.282472 1.027788 -0.276930 -0.412544 -1.063696 0.354066 0.089835 -0.393622 -0.079911 
0.379120 0.493693 0.810038 0.486973 -0.406590 -0.330464 -0.673006 -0.893169 0.501289 -0.797191 0.896676 -0.945010 0.924451 0.018059 0.307238 -0.935029 0.921371 0.668907 0.635808 0.542116 -0.943197 -1.116670 -0.556500 -0.686470 -0.462695 -0.551923 0.284433 -0.700044 0.174045 -0.499382 -1.194301 -0.115956 0.813217 -0.181980 -0.002983 -1.107571 0.313608 -0.152191 -0.403299 0.384641 -1.673371 1.094142 1.289023 -0.992309 1.295181 -0.213482 0.134298 0.461593 -0.747195 -1.289243 -0.657811 -0.730007 1.010940 0.139054 -0.611993 1.563689 0.517113 -0.208824 -0.569690 0.838700 -0.434527 0.794914 -0.009660 -1.634772 
1.271532 0.741000 0.014222 0.722081 0.434066 0.765719 -1.013494 -0.179303 0.411402 -0.157538 0.122144 -0.236906 -0.248829 1.099529 -0.852639 -0.302210 0.856708 0.170299 -1.189539 1.210503 -1.116403 -0.889867 -1.249687 -0.835397 -0.494219 0.058606 -0.420788 -0.874167 0.472549 0.027245 -1.052743 0.955466 -1.529015 -0.817059 0.277581 -0.755672 0.062465 -0.594539 0.006966 0.751442 -0.935187 0.948182 0.662942 -0.155345 0.455388 0.317996 -0.099754 -0.889535 -0.380921 -0.234173 -0.882167 0.919627 0.954993 -0.624275 -0.459085 1.969518 1.915412 0.146035 -0.529084 -0.065598 -0.402579 -1.028771 0.258858 -0.675765 
1.358340 0.652469 -0.149219 -0.292687 0.847136 0.420053 -1.433454 -0.065511 0.645868 1.362095 -0.853260 -0.874911 1.072764 1.330124 -0.098287 -0.533869 0.705389 0.508689 0.367582 0.436816 0.406096 0.584198 0.186609 -0.863692 -0.351606 -0.498043 0.832613 -1.043176 -0.171210 0.684957 0.477725 0.659071 0.092403 -1.008536 0.862428 -1.059473 -1.095998 0.502334 -0.356353 -0.662543 -2.354332 1.689793 1.696566 -0.590045 1.184052 0.751425 -0.980824 0.130761 0.633780 -0.886079 -1.717160 0.588219 0.564135 -0.837520 1.358177 0.624333 1.497508 2.147444 0.887019 -0.067371 0.703701 -0.361996 -1.609285 -0.514170 
1.438640 -0.063172 -0.265653 -0.612858 -0.180963 0.096245 -0.844755 0.466336 -0.406000 0.579073 0.419239 1.539897 -0.737845 0.827174 1.317572 -0.682859 0.809748 0.244571 0.296826 0.390789 0.036498 -0.369150 -0.922530 -1.647071 0.140788 0.098794 1.336762 -0.003110 0.570213 1.003434 0.112250 -0.711770 0.644950 -1.533173 1.361320 -1.906657 -0.995280 -1.174546 -0.445684 0.134990 -0.827841 2.732552 0.779040 -0.627023 0.306069 -0.358638 0.026749 -0.562958 -0.576671 -1.081728 -1.460439 1.805853 -0.552478 -1.390498 0.362349 0.590247 1.451841 0.234065 0.656624 0.203051 0.551865 1.180493 -1.197208 -1.268816 
1.922349 0.543224 0.384370 0.051721 -0.611540 -0.068035 -2.102144 -0.317183 -0.225235 -0.447565 0.734284 -0.319419 -1.423299 -0.557969 -0.058656 -0.833829 0.273593 0.053330 0.466327 -0.021136 -0.909574 0.174107 -0.691314 -1.599522 -0.266470 -0.100459 0.728999 0.074444 0.926433 0.630695 -0.286871 -0.574065 -0.231972 -0.675499 -0.583529 -0.339984 0.215453 -0.699655 0.374276 0.233407 0.552198 0.163647 0.080698 0.048757 1.178479 -0.390530 -1.198341 0.171233 0.433524 -0.762306 -0.960207 0.076828 0.820075 -1.738841 1.016432 0.681703 1.133072 -0.615043 0.001426 -1.458053 -1.121297 -0.101767 -0.739099 -1.172259 
2.106400 0.493357 -1.006470 -0.852881 -0.171979 -0.892400 -2.495787 0.973587 1.383324 0.223639 -0.693186 -0.954889 -0.265685 -0.336812 0.261593 -0.767299 1.068991 -0.251441 0.101357 0.137467 -0.641848 0.014100 0.281319 -1.795994 -0.434911 -0.374967 0.155009 1.616847 1.125509 -0.472885 0.613300 -0.753696 -0.529200 -0.359375 -0.030727 -1.149056 -1.726136 -0.599375 -0.062351 -0.773891 0.507669 1.152948 -0.121144 0.355070 2.507246 0.028048 0.441491 -0.309321 0.174359 -0.664044 -3.188379 0.150547 0.003731 0.021281 0.049811 2.206492 0.235019 0.877929 -0.337109 -1.058910 -1.123705 0.108338 -0.147414 -0.827851 
1.401372 0.013917 -0.736475 -1.514851 -0.660395 0.528603 -1.437057 -0.921237 0.030848 0.669038 0.300472 -0.411732 -0.256776 0.883355 -0.747632 0.052660 1.951614 -0.392230 0.124104 -1.300841 0.168404 -0.744091 0.050280 0.746644 -0.507877 0.872831 -1.232427 0.729858 -0.093648 -0.510554 1.229530 -0.790730 -0.865018 0.290004 0.560760 -0.663465 0.070954 -0.475160 -1.430314 -0.884261 0.417453 0.950911 -0.372219 1.067584 0.258229 -1.500243 0.113732 0.104544 1.368720 0.110372 -2.007478 0.068494 0.908749 -0.773268 -0.963397 0.981458 0.809861 0.992101 -0.481151 -0.156688 -1.354247 -0.657666 -0.618741 -0.299269 
-0.032315 0.621963 -0.075738 -0.511684 -0.027165 -1.091723 0.456685 -1.049295 0.389240 -0.502654 -1.080039 -1.081461 -1.345788 0.208764 -0.074602 -0.364360 1.286524 1.238812 -0.182525 0.662267 -0.600255 -1.379546 -0.216302 0.939226 -1.597412 -1.825802 -1.196835 -0.646707 -0.427721 0.924915 1.085176 -1.128284 0.647899 0.206611 0.575048 0.589962 -0.215368 0.856929 -0.244268 -0.406063 0.089716 0.745689 1.103766 0.010862 0.397975 0.121691 -0.790701 -0.136676 1.410770 0.415107 -1.534230 0.179893 -1.946844 0.151320 -0.406063 -0.097536 1.324769 0.715574 -1.179673 -0.525823 -1.027980 -0.569552 0.279183 0.064653 
-0.622309 0.018864 -1.194572 -0.507046 0.528378 1.116438 0.643169 0.341576 -0.110787 -0.532828 -0.133976 -0.387991 -1.526518 0.269491 0.040511 -1.668914 0.873444 0.069478 0.277586 -0.744567 -0.306429 -0.004030 -0.048853 -0.666472 -1.776103 0.089695 -0.462420 -0.749101 0.131518 1.052475 -0.903455 -0.084453 0.062769 0.848810 0.404283 0.155926 -2.264942 1.025822 -0.132155 0.630142 0.076299 -1.028904 -1.411376 -0.155103 0.150252 0.982032 -0.902509 -0.965341 -0.065877 0.440865 -2.154311 -0.844289 -2.549808 -1.540379 -0.183116 -0.117783 -1.017209 0.773654 -0.836022 -0.483605 -0.226794 -2.068174 -0.368666 0.275939 
0.566128 -1.838406 0.802067 -1.942726 1.153216 0.963615 0.781774 0.072342 -1.314485 -0.048796 -0.839388 -1.986625 -1.647313 0.545691 -0.886369 -0.696859 0.325485 -0.465627 -1.507110 -0.449301 -0.957448 0.172834 1.233634 1.768041 0.597154 0.030679 0.483575 -0.003056 1.022079 -0.005366 -0.904285 0.646912 0.051503 1.060717 -0.411363 -0.726459 -1.576130 0.943161 -0.305411 0.194167 -0.242944 -2.035885 -0.169354 2.068591 1.065670 0.847785 -1.002360 -1.687039 0.585207 -1.500155 -0.863023 1.289942 -0.836782 -0.842729 0.143090 1.107188 0.716760 1.827378 -1.112368 1.065894 -1.116358 -0.048660 -0.891297 -0.455796 
-0.764002 -0.360551 -1.360631 -0.292852 0.081703 -1.040373 -0.943787 -0.179944 0.239066 -0.235600 0.351325 -1.226784 -0.576367 0.146580 -0.687540 -0.443961 -0.061729 -0.476330 0.003286 -1.165717 -0.096603 -0.913342 0.221509 0.299361 0.064839 -0.547674 0.283601 0.620119 0.141892 0.007638 0.571463 -0.664726 -0.279864 1.075525 -1.254544 0.986536 -2.429718 0.409308 0.236640 -0.758222 0.160823 -2.200812 -1.145662 0.143608 0.439039 -1.723661 -0.221540 -0.720753 1.736506 0.004761 -0.084324 0.841634 -0.024991 -0.448297 1.375464 -0.316452 0.373094 -0.493736 -0.985548 0.034934 1.554412 -0.239919 -0.575393 0.710270 
-1.007494 0.345411 0.145448 -1.406962 0.457370 -0.906131 0.288404 0.348855 0.682063 -1.211833 0.314776 -1.508377 -1.496434 -0.734564 0.011198 -0.770287 0.441768 -1.035233 -0.761369 -0.590762 -1.536723 -1.066438 -0.154367 0.433346 -0.126521 -0.277330 -0.812871 -0.044723 1.378835 -0.063470 1.397206 -0.814195 0.228768 0.245197 -1.513871 0.892449 -2.227203 -0.499537 -1.063503 -0.652115 -0.013416 -1.403356 0.799426 -0.188940 0.433353 -1.694156 -1.037010 0.384176 1.468941 0.105754 -0.074904 -0.539062 -1.666299 0.608544 0.079036 0.375325 1.775076 0.450348 -1.564804 0.337215 1.327629 1.047162 0.357967 0.236118 
-0.228958 -0.643532 -1.246323 -0.738806 1.057210 -0.655847 -0.735491 -0.088089 -0.775277 -0.864656 0.138948 -0.625058 -1.037916 0.101806 0.502986 -0.337536 0.212040 -1.206513 0.916722 0.744267 0.862532 -1.815017 0.132535 0.591555 0.049514 1.195423 0.166419 0.695686 0.557614 1.479392 0.854862 -0.459260 -1.256459 2.473424 -0.368428 0.628170 -0.472971 0.049978 -1.247177 -0.066725 -1.784773 0.398175 -0.443108 -1.109946 0.769379 -0.964871 -1.062956 -1.267175 0.997123 0.737360 1.104005 -0.623108 -1.256684 -0.141233 0.719836 -0.143578 1.499219 -2.049864 0.782502 1.103667 0.030190 0.221076 1.413610 -0.127775 
-1.460409 0.795857 0.037132 0.468432 1.583962 0.445133 0.279549 2.103730 -0.330652 -0.119502 0.567097 -0.401656 -1.745519 0.110025 0.312880 0.013583 0.860616 0.393377 -0.436519 0.953164 -0.928503 -0.761910 1.296196 -0.460847 -0.907478 -1.004853 0.553004 0.340432 0.154033 0.774141 2.157386 0.869472 0.686053 0.649671 1.046091 0.872917 -1.950558 -0.043674 1.116055 0.672429 -0.645381 -0.914064 -0.133525 0.274593 1.057550 0.307659 -1.951617 0.632173 -0.827938 -0.869722 -0.098093 -1.164079 0.361660 1.529992 -0.679453 0.315250 0.853367 0.641495 0.865195 0.011687 1.563672 -0.010047 1.914413 0.753218 
-2.363180 0.438890 -0.766741 0.283083 0.453132 1.241573 -1.019835 -0.193235 -0.994799 -0.208163 -0.245263 0.506448 -2.318982 -0.141342 -0.908220 1.259224 0.278223 -0.675171 1.927764 1.281298 0.321274 0.004172 1.226658 -1.538905 0.324291 0.079192 -0.139090 0.056772 0.319071 0.448990 0.327724 -0.486642 0.811806 -0.642282 -0.276012 0.650886 0.024351 -1.253405 0.262701 -0.843364 -1.210621 -1.592821 0.507003 0.215745 -0.117830 0.021461 -0.866297 -0.956929 0.173408 0.167597 0.845195 -1.164873 0.534946 0.142562 -0.016838 -0.297682 0.358091 -0.015905 0.658108 0.256942 0.476166 0.142201 -0.314798 0.948701 
-1.698181 -0.046232 -1.582700 -0.110775 0.410172 1.206382 -0.357847 0.687900 0.062514 -0.708652 -0.000057 1.702735 -1.316698 0.424232 -0.227368 -0.299328 0.238012 -1.764655 0.692101 0.860475 -1.220984 -0.991466 -0.241970 -0.317479 -1.920293 -1.043058 -0.081593 1.038147 0.708549 0.383313 0.088871 -0.055125 -0.913937 0.254305 0.039446 0.287723 0.109394 1.035967 -0.066024 0.173366 -1.384134 -1.226033 0.474179 0.330589 0.143473 -0.533260 -0.990710 0.758118 -0.144420 1.005004 0.616705 -0.047914 -0.715367 1.331951 0.217225 -0.750435 -0.234239 -0.377785 -0.245236 -0.444732 0.210028 0.269195 0.660540 -0.693458 
-1.720215 0.304505 -0.244337 -0.541790 -0.941395 0.224074 0.258259 0.468151 0.419241 -0.056077 0.303231 0.567793 -0.280839 1.541066 -0.328170 -0.607342 0.162288 -0.124339 1.212147 -0.146139 0.199643 -0.080221 -0.759021 -0.133902 -1.144982 0.536445 -0.651974 -0.077201 1.187853 -0.254586 -0.418999 0.137377 0.835672 0.649956 -0.082240 -0.915000 -0.071725 0.124820 -1.604426 0.698690 -0.464600 -1.525557 -1.037656 -0.591468 0.066174 -0.528266 -0.577315 0.368385 -0.058454 0.407243 1.413945 0.550003 -0.428001 -0.160050 -0.929082 0.171480 0.658433 1.236868 -0.132696 -0.827695 0.891816 0.597109 -0.779887 -0.943668 
-0.523620 0.100927 -0.020328 -0.829100 -0.264783 0.003532 -0.684124 0.199131 -0.177890 -0.723514 -0.057973 0.682245 0.622087 0.638462 -0.179381 -0.930477 1.204133 -0.182818 1.811076 0.717692 -0.072209 -1.310241 -1.115175 0.322155 -0.322892 0.660981 -0.922068 0.180558 0.583447 -0.174739 -0.353179 0.320995 0.159852 0.007764 -0.426127 -0.054454 -0.185431 -0.581577 -0.620287 -0.644203 0.156778 -0.574917 -0.482200 -1.107723 -0.429144 -0.489092 -1.456003 -1.028933 -0.042655 0.884817 0.109399 0.345776 -0.556553 -0.227825 -0.933180 -0.533973 0.792518 -0.119790 1.215357 -0.741043 0.641023 0.478123 -0.638349 -1.246501 
-0.833971 0.452980 -0.603203 0.226688 0.768185 -0.026001 0.901969 0.052440 -0.556556 -0.628977 -0.383832 0.251731 -0.167720 -0.355849 -0.262535 0.623089 -0.824072 0.401724 0.016807 -0.279129 0.332356 0.410776 -1.645240 -0.967375 -0.487011 0.210528 -1.217392 0.072288 0.657084 1.023907 -0.600698 -0.898063 -0.324384 -0.594160 0.053782 0.229472 0.411488 -0.060825 -0.407685 0.548271 0.750054 -0.571403 -0.843591 -1.026097 0.728467 -0.265485 0.626250 -0.608377 1.120860 -0.394764 0.987397 -0.564494 0.014668 -0.437639 0.196333 0.514290 0.103998 -0.647460 1.036341 -0.826565 1.660480 0.399123 0.485080 0.195064 
0.278480 0.569597 0.352739 -0.059042 0.986988 0.171251 -0.259089 0.687137 -0.586835 0.010417 0.635579 -1.103923 -0.702860 0.085902 0.186395 -0.185902 -0.448715 -1.087004 -0.336731 -0.449711 0.804716 -0.981696 -0.204612 0.305602 0.646639 0.594528 -0.078457 0.033465 -0.820565 0.815930 0.544130 0.554688 -0.113279 0.300322 -0.029571 -0.675206 0.148863 -0.111542 -0.324009 -0.964899 -0.353788 0.351888 -0.179442 -0.632551 -0.873303 0.043352 0.591589 -0.561573 -0.106951 0.659644 0.592009 0.868145 -0.124574 1.029449 0.722002 0.597997 -0.062014 0.440092 1.003542 -0.956311 0.387288 -0.282584 -0.225041 0.024630 
-0.227470 0.450795 -0.397054 -0.805955 0.805110 0.897507 -0.075514 -0.216171 0.908293 -0.617454 -0.113730 -0.346282 -0.077072 -0.172405 0.961364 -0.430769 -0.533977 0.245171 0.602123 -0.052105 0.114565 -0.490043 0.711847 0.238481 -0.803815 0.748806 -0.780361 0.607764 0.064667 -0.435248 -0.033341 -0.494459 -0.415775 -0.578085 0.555632 -0.399270 0.723957 0.634591 0.391616 -0.880223 0.475965 0.558871 0.517114 0.884981 -0.567286 -0.873571 0.213694 0.769046 0.267321 -0.830542 -0.811285 -0.970906 -0.350425 0.790075 0.852859 -0.481283 0.424539 0.132486 -0.849506 0.467638 -0.145498 -0.416217 0.800186 0.793867 
-0.801019 -0.252968 -0.953855 0.642385 -0.596878 -0.618091 0.934691 -0.008393 0.127964 -0.559069 0.405071 -0.404706 0.400739 -0.016266 0.853328 -0.459830 0.138536 -0.270974 -0.285806 -0.250465 -0.111484 -0.917051 0.625416 -0.259316 0.806940 0.453169 -0.263282 -0.051729 -0.061678 0.659597 -0.274331 -0.073275 0.858821 -0.743585 0.082858 -0.255963 0.744316 -0.423745 -0.770379 -0.120579 -0.072481 0.309305 -0.970152 -0.062530 -0.994324 0.430525 -0.741020 -0.508652 -0.438459 -0.713431 0.592700 -0.633229 -0.440168 0.655907 -0.322977 0.680899 -0.517441 0.593677 0.844050 -0.053499 0.264620 -0.126072 0.033540 -0.443953 
-0.906980 0.843257 -0.515122 -0.043428 0.131687 -0.504746 0.760674 0.828669 0.234291 0.581896 0.664724 -0.418378 0.708792 0.571337 -0.382366 0.478195 -0.805963 0.266518 -0.948424 0.699759 0.713187 -0.103793 -0.613269 0.666128 -0.035493 0.491134 -0.847041 0.921751 -0.086093 0.357891 0.818110 0.900021 0.749931 0.463057 -0.114353 -0.119846 0.264931 -0.460189 0.825068 -0.552843 -0.275491 0.729850 0.395978 -0.231605 0.287759 0.572741 -0.070223 0.999145 0.040437 0.155736 -0.869442 0.129612 0.704459 -0.764092 0.958373 0.585620 0.085238 -0.852046 0.156346 0.895932 -0.679861 -0.691031 0.986023 -0.261696 
0.990051 -0.866146 0.730888 -0.322672 -0.843745 0.173376 0.532762 0.905454 -0.613025 0.286905 0.122654 -0.698965 -0.167028 0.663747 0.008332 0.115329 -0.582507 -0.496628 -0.318400 -0.399701 0.202063 -0.830256 -0.592273 -0.109104 -0.010224 0.629322 0.159215 -0.546556 0.230018 -0.012299 -0.743461 0.413312 -0.713553 0.936460 0.278848 -0.926817 0.130467 -0.078280 0.806085 0.936338 0.522996 -0.150731 0.556139 0.545335 0.747246 -0.864254 -0.521226 -0.549669 0.954833 -0.078524 0.369243 0.618213 -0.812922 0.254799 -0.436323 0.596240 0.135594 0.062349 0.279275 -0.258522 -0.297464 -0.283364 0.161412 -0.170263 
-0.505409 -0.986583 -0.403686 -0.647921 -0.185813 -0.642969 0.339285 -0.163483 0.745814 -0.945026 -0.797055 -0.571958 -0.270863 0.333633 -0.223474 -0.813179 0.613252 0.092422 -0.329790 0.331579 0.948936 -1.015051 0.070362 -0.753170 -0.706892 -0.363470 0.431723 0.471477 0.124627 -0.121518 0.044776 -0.543884 -0.496286 -0.448227 0.572958 -0.626682 0.203661 -0.832721 -0.127998 0.462188 -0.034079 0.687508 0.466328 -0.512933 0.886824 0.701513 0.160041 0.083540 0.562477 -0.271416 0.874831 -0.923565 0.031794 0.453102 -0.631226 -0.909454 0.643719 0.635136 -0.591230 -0.090885 -0.852734 -0.070533 -0.936836 -0.687559 
0.129902 -0.121006 -0.029260 -0.485206 0.442938 0.273075 -0.767767 0.286696 0.280865 0.379679 -0.749015 -0.695507 -0.435351 0.598241 -0.318291 -0.448355 -0.313124 -0.065686 -0.063032 -0.464862 0.560677 0.838173 -0.229289 -0.439381 -0.930142 -0.743007 0.469096 -0.139273 -0.122324 -0.877976 -0.864540 0.021833 -0.617712 0.264094 -0.925916 -0.198009 -0.826265 0.742661 -0.403162 -0.883187 0.796508 -0.966119 0.024445 0.736567 -0.140105 0.801738 -0.886719 -0.885445 0.150449 -0.278510 0.238706 0.899834 -0.753141 -0.378376 -0.732281 -0.653529 -0.742279 -0.881601 0.649809 -0.181898 0.428884 -0.428868 0.197045 0.641899 
-0.367287 -0.062004 0.559105 -0.026606 0.235379 0.490833 -0.563444 -0.100400 0.033158 0.886386 -0.998947 0.305051 1.297680 -0.393725 -0.513964 -0.355317 0.387531 1.342180 0.902226 -0.694002 -0.313307 0.275172 -0.254584 0.916678 0.109928 0.197305 0.267731 0.603593 0.817835 0.443731 -0.375684 -0.917285 -0.115055 -0.351186 -0.942356 0.426322 -1.166229 -0.864382 0.830536 -1.070745 0.924398 0.217642 0.281417 -0.700380 1.088513 0.111990 0.730415 -0.219385 0.038846 -1.035429 0.789838 -0.011341 0.358669 0.151410 -0.831816 -0.208876 -1.281570 0.938727 0.335247 1.135508 -0.724742 -1.064445 -0.921301 -0.693492 
1.126800 -0.898054 -0.694598 0.904793 -0.092538 0.724433 0.212959 0.706760 0.962188 0.064064 -0.063164 -0.283879 1.733583 1.275115 0.119828 -0.605233 1.542704 0.701268 -0.647334 0.265326 -0.217453 -0.839657 0.411498 -0.001881 -0.348668 0.464573 0.673265 0.712233 0.463501 -0.668052 -0.956770 0.439873 -0.156904 0.246899 -0.542884 0.356396 0.123103 -0.160849 1.242467 -0.796488 0.415486 0.319650 1.253898 -0.471986 0.897398 0.106529 0.066132 0.421591 -0.006371 -0.377080 0.192355 0.520036 -0.404180 -0.062738 -0.089722 -0.267582 -0.083279 0.499271 -0.535237 0.031027 0.274935 -0.452358 0.207122 -0.130475 
0.905261 -0.784210 1.370401 -0.000511 0.431856 -0.093023 0.096111 -1.298325 0.566033 0.338611 0.164402 -0.032197 1.042605 0.103715 0.655154 -1.146809 0.602616 1.075052 -0.846436 0.130362 -0.347271 -0.020589 -0.814025 0.522342 0.204729 0.457091 0.140869 0.836528 0.834967 -0.027453 -1.216320 -0.941916 0.855479 0.871045 0.157430 -0.211402 -0.963683 -0.770788 0.283000 -0.006416 -0.002064 0.907325 0.034440 0.575004 -0.250690 -0.650700 -0.111737 -0.119589 -0.596674 -1.094379 -0.681619 0.655685 -0.054847 -0.163601 -0.630340 -0.433622 1.269874 0.499637 0.706093 -0.122216 0.776189 -0.340638 -1.048356 -0.244651 
1.289811 0.165768 1.801955 -0.342805 0.653271 0.095547 -0.598641 -0.836357 -0.311078 -0.979904 0.565532 -0.564070 0.820635 -0.183153 0.364792 -0.665748 -0.546441 0.072439 -0.167384 1.639899 0.625388 0.593012 -0.975041 -0.520641 -1.108713 0.052591 1.178545 -0.532315 -0.022886 0.814585 -1.055440 -0.657367 -0.584475 -0.125245 1.061684 -0.955020 -0.362765 0.111968 0.143449 0.645403 -1.862896 0.844052 1.762409 0.926107 -0.323924 -0.373933 -0.770999 -1.058287 0.113970 -1.185461 -0.148531 0.928477 1.509595 -0.193742 0.263296 -1.056408 0.219711 1.416078 1.224917 0.288502 -0.966237 -1.042270 -0.150306 -1.019448 
1.938462 -0.371351 1.017884 -0.226900 -0.308796 -0.670295 -0.553774 -0.676091 0.274883 -0.146476 0.506094 -0.800790 -0.054520 0.751640 -0.169778 -0.325755 0.667967 0.283732 -0.203501 0.712634 -0.735011 0.320666 0.471842 -1.253987 0.758346 -1.033898 -0.012861 0.687157 0.389122 -0.737881 -0.805560 -1.531931 0.077745 -0.391279 0.507122 -1.478969 0.187537 -0.211952 0.222059 0.588041 -2.484917 1.520562 1.382344 -1.066353 0.448618 -0.014496 -0.676682 -0.484054 0.142954 -0.651189 0.072151 0.022351 0.506197 -0.782332 0.977078 0.569561 0.525095 0.757708 0.238276 -0.087205 -0.389592 -0.046286 0.358290 -0.690343 
0.524464 -0.154693 -0.503671 0.859980 0.053157 0.848491 -1.445553 -0.515444 -0.771140 0.892718 -1.341135 0.358648 -0.844535 -0.760925 0.829610 0.345668 1.144002 -1.377935 -1.123295 0.447887 0.190341 0.392717 -0.010647 -0.606560 0.436349 0.125972 0.311850 1.048109 0.116450 0.637310 -1.407255 0.234040 -0.140910 -0.612145 1.135765 -0.160413 -0.578947 0.114552 0.154057 -0.725726 -0.587725 0.912204 0.136471 -0.384638 0.838482 0.619887 -1.290007 -0.185931 -0.399167 -0.988399 -0.845397 0.957036 1.234369 -1.030774 -0.185359 1.572932 0.832310 1.900693 0.020977 -0.233795 -1.675282 0.099278 -0.501690 -1.810362 
1.420203 1.179516 0.714312 -0.582480 -0.009461 -0.869484 -2.345938 0.751433 -0.596787 1.062242 -1.458558 0.014816 -1.156459 0.536782 1.053301 0.491716 2.245101 0.045807 0.126432 1.096313 0.000001 -0.408466 -0.377051 -1.493696 -0.145868 -0.491562 0.074683 -1.451714 0.046420 0.330001 -1.190891 -0.491495 0.433775 -0.369980 0.674371 -0.945987 -1.078716 -1.262707 -0.762676 -0.559719 0.707573 -0.454599 -0.777997 -0.832291 -0.149856 -0.783405 0.050957 0.166244 -0.655532 -1.620051 -0.050855 0.412646 1.235356 -0.705867 0.081119 1.501963 0.434034 0.064508 0.044227 0.262692 -2.427300 0.699442 0.515376 -1.262115 
1.601792 0.403537 0.535278 -0.549145 -1.569040 -0.869282 -0.870786 -0.040942 0.263155 -0.398853 0.032693 0.143695 0.593764 -0.012004 0.370127 0.175178 1.590701 0.167114 -0.372419 -0.520244 0.574928 -0.372163 -0.303452 -1.019820 -1.403498 -0.635580 0.856305 -1.668370 -0.043368 0.627241 -1.075807 -1.297541 0.791734 -0.562309 -0.685418 -1.262192 -1.826716 -0.868420 -0.742598 -0.629189 0.607927 -0.454716 -1.091678 -1.036703 -1.212168 0.649171 -0.583523 -0.431960 0.179720 -0.894192 0.813507 -0.368844 1.093374 -0.883595 -0.079242 0.608281 -0.579921 -0.351641 -0.909625 0.723494 -0.484264 -1.023877 -0.778504 -1.050014 
-0.590462 -0.490422 -0.990158 0.050694 0.537944 -0.391406 0.855722 0.000167 0.312018 0.464723 0.348706 1.661150 -1.531928 0.116040 0.043187 0.572701 1.231635 0.119180 -0.054509 0.055790 0.248743 -0.295396 0.391936 -2.498282 -0.566759 -0.341369 0.219630 -0.031548 0.457614 -0.632270 -1.783184 -0.355822 0.316013 1.905413 -0.854407 -1.111821 -0.479747 -0.576737 -0.204443 -0.733500 -0.342661 0.472535 0.339890 -0.531645 -0.300083 -0.039576 -0.574211 -0.507161 1.305733 0.774922 -0.945427 0.499089 0.206036 -0.543605 -0.408868 1.824960 1.040704 -0.179772 -0.018246 1.121545 -2.347130 -1.269289 0.417278 -1.467272 
0.423395 0.540022 0.635326 -0.864335 1.543215 0.167326 -0.177897 1.607544 -0.121794 1.298763 0.171102 0.084353 -0.135004 0.618948 0.515946 -0.893938 -0.189018 -0.190936 -0.269973 -0.225125 0.364380 -0.887399 0.433553 -1.904038 -0.365389 -1.299209 -0.934449 -0.734275 0.287141 0.563965 -0.628099 -1.173151 -0.210269 1.961059 -0.362680 -0.858959 -0.741445 0.193552 0.284142 0.702885 -1.104879 -0.269286 0.787907 -0.252225 0.017097 -0.971201 -1.920417 -0.497208 0.644939 0.670303 -0.949920 -0.117295 -0.803659 -0.799004 -1.864687 0.399701 2.279816 0.415123 -1.589755 -0.475288 -0.524382 -0.932227 -0.262667 -0.061762 
1.284973 -0.172477 0.856118 -0.471629 1.328591 1.202977 0.377296 0.503950 0.067838 -0.535133 0.072097 -1.045653 -1.619950 0.437110 0.597616 -0.556168 0.219148 0.257933 1.123732 -0.680345 1.477450 0.589002 1.531427 -0.944516 0.424986 1.409141 -0.483326 0.799626 1.050556 -0.244637 -1.211289 -0.464645 0.954185 1.715154 -1.441503 0.840403 -1.303232 0.003565 0.587899 -0.443801 -0.218019 -0.531017 -0.027143 1.095932 0.738777 0.883634 -0.749576 -0.739176 0.559315 0.537197 0.586692 -0.036532 -1.090940 0.218383 -0.299148 1.391713 -0.055910 0.040872 -0.918654 -0.408271 0.154094 -2.358085 -0.681113 0.800280 
-0.605981 -0.472780 0.425679 0.058561 0.140567 0.516602 -0.166431 -0.165680 -0.917973 -0.752113 -0.364745 -1.180836 -0.903195 0.216250 0.230774 0.049482 2.083545 -1.318529 -0.991732 -0.074224 -0.381614 -1.324467 -0.261821 -0.347162 -0.516716 -0.059770 -0.256899 1.035402 -0.264748 -0.091437 0.842268 -0.061924 0.245707 0.667363 -0.326980 -0.923664 -1.788485 -0.636492 -0.563376 1.115401 -0.957952 -0.843938 -0.672310 -0.551006 -1.173916 -0.724205 -0.924999 0.102156 -0.643629 0.587070 0.297114 -0.250134 -0.960217 0.384033 -0.245304 -0.292431 1.222080 -0.196430 -0.714681 0.041674 -0.038801 -1.077605 0.305266 -1.268786 
-1.138873 -1.101099 -0.747564 0.024685 0.599453 -0.232737 0.591201 0.463061 -0.380628 0.049775 0.410385 -0.500121 -0.673200 -0.379217 0.154438 0.764235 1.869638 1.024157 -0.905299 -0.292586 -0.557996 -0.651370 -0.239906 -1.086705 0.092709 -0.375850 -0.076767 -0.206662 0.423413 0.096858 -0.475063 -0.178885 1.335494 2.222691 -0.921000 0.196346 -1.278924 0.810654 0.177917 0.975780 -2.326795 -0.202164 0.488209 -0.894928 0.504126 -0.867202 0.278793 -0.802273 1.809643 1.212983 0.152807 0.256223 -0.411761 0.829355 -0.563176 1.709772 -0.322783 0.636091 -1.738596 -0.447550 0.175981 0.051383 -0.283092 0.424899 
0.214605 -0.193463 -0.335188 -1.105827 -0.246533 0.076707 0.565312 0.103145 0.231175 -0.595297 0.890725 -1.146625 0.593225 -0.128907 1.127291 -0.412042 1.022890 -0.122312 -0.006251 0.527262 -0.275683 -1.418450 0.260361 0.344024 -1.683777 0.515607 -0.145091 0.131535 -0.672360 -0.296592 0.829484 0.511547 0.277684 3.021736 -2.288350 -0.154856 -0.663093 0.190466 -0.522905 0.172028 -1.827376 1.316961 -1.053093 -1.583220 0.378775 -0.444728 -0.148832 -1.618183 -0.395583 0.838367 -0.544632 0.642940 0.471529 -1.266605 0.485089 0.685015 0.900263 -0.472639 -0.289520 0.761631 0.267460 -0.850040 0.567758 -0.269439 
-0.342804 -1.375867 -1.275695 -1.116734 -0.683314 0.570862 -1.025529 1.352847 -0.706023 -1.461506 -0.176131 0.491068 -1.260537 -0.299464 -0.650652 0.192643 0.963691 -0.324131 0.810835 0.094149 -0.331274 -1.338085 0.956556 0.663814 -0.981581 0.114639 -1.495713 1.142675 0.555764 1.624219 1.107651 0.534779 -0.140438 1.159967 -0.021497 0.534974 0.105591 -0.011117 0.223366 -0.645700 -1.314672 -0.800539 0.518832 -0.650393 1.296538 -1.205342 -0.710553 -1.959867 -0.443127 0.416025 -0.012644 0.820796 -0.265109 0.948527 -0.879820 -0.473667 0.254481 -0.089292 -0.758935 -0.255774 0.635263 -0.967918 -0.208664 -0.093981 
-0.092534 -0.781231 -0.296575 -1.580873 0.246769 1.610298 -1.909291 2.111372 0.631881 0.685475 -0.070321 0.021820 -2.060133 -0.563749 -0.516456 -0.090126 0.856202 -1.187977 1.575044 -0.468482 0.648031 -0.473519 0.723809 0.809357 -1.075961 0.164874 -1.141647 0.555790 1.295977 -0.482665 1.892461 0.150608 0.091326 1.626709 -0.309967 0.606950 -1.641639 0.666483 0.105894 0.074984 -1.410753 -0.324738 -0.851359 -0.392578 0.529063 -0.378056 -0.228129 -1.642151 0.536189 0.980499 -0.306943 0.809093 -0.991791 1.245972 -0.534247 0.136538 -0.523210 -0.048421 0.017891 -0.661552 -0.102762 0.447864 2.277447 0.302404 
-0.796326 -0.817276 -0.616567 -0.948544 1.091704 0.654303 -0.508007 1.553557 -0.324874 -0.212113 0.113003 -0.864121 -0.649835 0.331933 -0.209441 1.733719 1.436382 -0.590719 1.215705 -0.128469 0.175228 -1.356234 0.014546 -0.911441 -0.407385 0.335960 -0.264561 0.030385 -0.530735 0.307181 0.771011 -0.752114 -0.266060 -0.273005 -0.305366 -0.016709 -1.150094 -0.500880 -1.086222 -0.033535 -0.172556 -0.039544 -0.784236 -0.706600 0.667739 0.906871 -0.018601 -1.527722 -0.249229 -0.668323 -0.968521 0.645750 -0.818780 0.754202 0.065984 -1.369895 0.541127 -0.430900 0.130299 -1.337114 -0.969731 0.201010 0.281240 1.315206 
-0.450469 0.325337 -1.529659 0.724530 0.635907 -1.088432 -0.055617 0.735066 -0.613088 -0.463889 -0.129183 -0.596314 -0.203459 0.409165 -0.973943 0.171323 -0.796525 0.021416 1.692701 0.233337 0.417315 -1.336613 1.144202 -0.644946 -1.168499 0.053490 -0.229778 -0.273105 0.237106 0.616284 0.238294 -1.826350 0.497276 0.856330 0.248345 0.348337 0.417655 -0.037710 0.250710 -0.682611 -0.425824 -0.370228 -1.010453 -0.322984 -0.022706 0.141344 0.224706 0.301421 1.422092 -0.829934 -0.435377 -0.969286 -0.615607 1.181198 -0.034271 -0.887560 0.125220 0.070218 0.948807 -1.370953 0.064554 0.519462 -0.850274 -0.118381 
-0.285240 0.901078 -0.149027 -1.031289 0.749040 -0.779404 0.635874 -0.378659 0.824463 -0.804545 0.388361 -0.296785 0.209955 1.108051 -1.264683 0.686857 0.732233 -1.264363 1.173288 -0.256355 -0.245413 -0.321560 -0.025411 -0.702856 0.044648 0.249687 -1.335180 -0.923312 0.406329 -0.168253 0.078967 -0.476204 -0.256518 0.960299 -0.755987 -0.555518 -0.358976 0.551705 -0.059446 -0.521708 -0.668544 -0.907101 -0.633049 0.191891 0.609136 -0.010676 -1.087099 0.844895 1.447248 0.082465 1.043442 -0.941148 -0.623067 0.312676 0.675706 -0.470844 1.020305 -0.119922 0.217839 -1.048710 0.368481 -0.472165 -0.141383 -0.909902 
0.119395 0.110017 0.772218 -0.905017 0.671239 -0.950091 0.759675 0.010922 -0.434847 0.341369 1.069061 -0.612242 -0.453268 -0.235752 -0.057794 -0.558163 1.200912 -0.053646 1.776628 -0.002468 0.238756 0.346415 -0.635872 -0.272066 0.350014 0.401592 -0.393369 -0.727243 0.405426 0.990067 -0.915593 0.298177 -0.472124 0.347572 0.657094 -0.269012 -0.436770 -1.013689 1.165600 -0.926794 -0.801848 0.408421 0.318921 0.258550 -0.239028 0.107416 -0.760510 0.425800 1.091769 0.140304 0.296541 0.705564 -0.018984 0.649149 0.772121 0.749917 0.006770 1.088203 -0.464071 -0.295059 1.131386 0.964636 0.223664 -1.183454 
0.182158 0.750638 -0.058086 -0.212398 0.573005 0.896132 0.870702 -0.418052 -0.956115 0.289300 -0.106930 -0.444405 0.069473 0.917660 -0.110431 0.741874 0.894828 -0.802698 -0.238227 0.630737 0.325161 -0.320194 -1.375438 0.349561 -0.364579 -0.637614 -0.010338 -0.952121 -0.413077 0.537275 -0.349741 -0.951428 0.628326 0.831196 -0.018390 -0.902361 -0.612627 -1.152301 -0.484389 0.021398 -0.479119 -1.109970 0.508734 -0.394950 -0.356062 0.900736 -0.821495 0.413454 0.321091 0.276566 -0.610974 0.020615 0.139533 0.883583 0.485120 -0.765343 0.064174 0.415774 -0.926417 -0.062823 1.631457 -0.456432 -0.269857 -0.123156 
0.732265 0.229984 -0.546259 0.921799 1.006535 0.237154 0.060435 -0.705279 -0.635531 -0.571313 0.273069 -0.577999 0.520860 -0.349389 -0.571024 0.703769 0.716584 0.504409 -0.776465 0.427006 -0.928994 0.085238 0.724158 -0.386724 -0.418549 0.794782 0.969531 0.755744 0.920886 -0.061660 -0.200186 0.161363 -0.782769 0.089265 -0.509315 0.737602 0.162127 0.965254 -0.746652 -0.385206 0.513390 -0.947122 0.226450 0.017521 -0.031274 0.148445 0.272370 0.990577 1.125421 -0.933273 1.075323 0.161827 0.107356 0.609137 0.477874 -0.887650 0.061086 0.780192 0.054901 -0.056620 -0.043766 0.634139 -0.587423 0.360604 
0.682737 0.608634 0.220492 0.846424 1.008019 -0.973340 0.374679 0.595269 -0.274945 -0.107862 -0.871919 0.251509 -0.812983 -0.016642 0.496811 -0.227592 0.161962 0.970300 -0.250938 -0.700115 -0.543027 0.177962 0.582489 -0.122728 0.359950 -0.461103 -0.598715 -0.866057 -0.939807 -0.324346 0.096582 0.486580 0.335003 0.964534 0.485507 0.919909 -0.735684 0.287456 -0.804708 -0.031283 -0.091319 -0.922112 0.230853 0.596552 -0.555086 0.404860 0.306096 -0.653199 -0.555959 -0.778600 -0.179058 -0.481245 0.780929 0.411685 0.841800 -0.099565 0.113015 -0.702643 0.671472 -0.424742 -0.712483 -0.323323 0.940510 -0.174144 
-0.505417 -0.563952 0.001251 0.460555 -0.351421 0.295694 0.992981 0.167943 0.294839 -0.397992 -0.313822 -0.791314 0.940245 0.976379 -0.207739 -0.276894 0.340556 -0.379315 0.295755 -0.014924 0.991333 -0.903439 0.368572 -0.090609 -0.143712 -0.611377 0.429060 0.125034 0.397198 -0.934080 0.907590 -0.072359 -0.033723 -0.646413 -0.717887 0.423261 -0.374676 0.927000 0.945738 0.176122 0.452193 -0.759148 0.468307 -0.327311 -0.601428 -0.793268 0.815790 -0.085299 0.761040 -0.970275 -0.911618 -0.546434 0.327555 0.018647 0.341655 -0.821162 0.262795 0.180456 0.051119 -0.827265 -0.206336 0.413617 0.784417 0.943907 
-0.241493 -0.889706 -0.356731 -0.647694 0.081881 -0.017853 0.036897 -0.461409 0.237831 0.920652 0.350322 -0.830988 -0.236427 0.705496 -0.930540 -0.690115 0.887020 -0.627003 0.926389 0.243263 0.329386 -0.942808 -0.374737 -0.463607 0.346660 -0.884030 -0.285379 0.677969 0.071688 0.355022 -0.834773 -0.407331 -0.780633 0.161779 -0.782098 -0.652150 -0.782098 -0.637867 -0.936216 0.363445 -0.171972 0.612537 -0.081393 0.438581 0.313150 -0.861080 0.054048 -0.092685 -0.777032 -0.362896 -0.650868 0.235389 -0.147313 0.144444 0.922971 -0.628895 -0.559679 0.697684 0.412397 0.162572 -0.834773 -0.412152 0.456771 -0.846126 
-0.990417 -0.974059 0.951903 0.072542 0.545701 -0.969665 0.636341 -0.679067 -0.288491 -0.649831 0.572130 -0.215552 0.637501 0.236244 -0.917600 0.267861 0.585803 -0.128452 0.708853 0.873836 -0.934019 -0.725028 0.750908 -0.365398 -0.811090 0.490463 -0.050447 0.711173 0.321085 0.872494 0.878292 -0.530320 0.102329 -0.716544 0.603504 0.751335 0.889828 -0.987426 -0.823176 -0.355937 0.689627 -0.770135 0.522324 -0.927610 -0.360515 -0.211158 -0.720023 -0.484848 0.104831 -0.812067 0.170019 -0.835200 -0.549730 0.506027 -0.562365 -0.158849 -0.450056 -0.878292 0.943724 0.970580 0.098117 -0.968444 0.461531 0.945006 
-0.180546 -0.422533 0.737206 0.171197 0.376150 -0.510724 0.899006 -0.868589 -0.124790 -0.601424 0.794567 -0.271831 -0.464407 -0.349843 -0.416993 -0.664596 -0.766033 -0.218452 -0.324281 -0.291672 -0.208499 -0.079489 -0.874930 0.015450 0.804217 0.280594 0.813207 -0.851371 0.379262 0.948764 -0.949600 0.551703 -0.349707 -0.350896 0.751989 0.683811 0.500213 0.336179 -0.032093 0.127345 0.736513 0.090180 -0.784199 0.792310 -0.159406 -0.261644 0.747424 -0.027328 -0.320959 0.827208 0.118705 0.497828 0.272902 -0.165141 -0.235252 0.953405 -0.448379 0.729901 -0.157719 -0.977714 0.316472 -0.442386 0.307662 -0.198707 
-0.057395 0.161244 0.886845 0.202716 -0.086440 0.351129 -0.201465 -0.339098 0.749733 0.541125 0.432637 0.341083 -0.396392 -0.032131 -0.669751 0.274094 -0.384197 0.956789 0.743938 -0.456426 0.119717 0.174999 -0.862136 -0.477707 0.365972 0.224792 -1.119599 -0.104430 0.491262 -0.241974 -0.340389 0.817490 -0.125642 -0.836545 -0.094305 0.200373 0.751128 0.791970 1.107946 0.931077 0.626338 -0.884191 -0.019629 -0.286169 0.236688 0.538016 -0.379587 -0.477390 -0.779792 0.707372 0.759463 -0.413067 -0.047240 -0.072672 0.784913 0.032813 -0.745079 -0.137604 0.185870 0.743134 0.572929 -1.125888 0.482262 0.202920 
-0.313967 -0.862713 0.333782 -0.175772 0.501063 1.299126 -0.380458 0.412139 -0.266796 -0.726838 -0.072988 -0.919107 1.299339 -0.300149 0.269066 -0.585246 -0.475401 -0.218529 0.372268 0.313542 0.694244 0.228976 -0.058903 0.239910 0.751247 -0.944450 0.084802 -0.263824 -0.166779 0.004262 -0.315738 -0.743806 -0.284463 0.550869 -0.284158 -0.669217 -0.472824 0.825580 1.421296 0.132851 0.143084 -0.437285 -0.139099 0.934927 -0.214177 0.816666 0.212635 -0.588932 -1.027830 -0.011225 0.516630 0.383288 0.596852 -0.628909 0.397488 -0.993088 -0.572466 -0.323277 0.364999 -0.089291 0.633087 -0.143419 0.499292 -0.331576 
0.724231 -0.025000 0.712221 -0.564449 0.616884 1.466631 -0.163553 -0.457042 -0.801049 -0.708541 0.954767 -0.976117 0.588114 -0.168579 0.733987 -1.189086 -0.293786 0.304887 -0.934985 0.565537 1.039669 -0.283655 0.145739 -1.091829 -0.735047 0.557386 -0.849492 -1.069754 0.061001 0.724980 -0.991962 -0.108602 -0.622082 0.109808 0.119850 -0.819388 -0.278613 -0.130420 0.121618 0.931464 -0.295396 -0.708759 0.558501 0.779256 -1.056757 0.124173 -0.113138 -0.179925 0.602065 0.696839 -0.781208 -1.110074 0.359075 -0.044684 -0.526586 -0.027986 0.032328 0.803265 -0.559077 0.429093 1.165854 -1.817498 0.899384 0.767020 
1.409842 -1.106219 0.611361 0.500460 -0.474432 0.854579 0.178350 -0.610133 0.031173 -0.928377 -0.520591 -1.083424 0.864264 1.448797 0.400459 -0.580823 -0.018723 0.265977 -0.712857 0.243357 -0.164693 0.324762 -0.817426 -0.950334 0.134519 -0.628009 -0.658303 0.218117 -0.132343 0.402647 -1.408502 -0.368445 -0.461615 0.614150 0.147701 0.012173 -0.618424 0.385074 1.064596 -0.633364 0.278868 -0.648725 1.628445 0.404818 -0.779557 -1.011490 -1.396729 -0.146136 -0.119782 0.270076 -0.390771 -0.782254 0.785187 0.046048 -0.115824 -0.982099 0.971796 0.288983 -0.104843 -0.179835 -0.477334 -0.215097 -0.915664 0.608747 
0.773020 -0.448298 0.679865 -0.252436 -0.462927 0.616576 -0.613118 -1.684859 0.128707 -0.222235 -1.315340 -1.452839 0.040606 -0.005661 0.917769 -1.010147 1.350983 1.706285 -2.062998 -0.168919 0.688317 -0.822641 -0.439568 -0.283088 0.819103 -0.237270 -0.135512 -0.303214 0.123312 -0.174803 -1.219024 0.621904 -0.965943 1.080725 -0.763078 0.417183 -0.126465 -0.439324 1.183628 0.789086 -0.066881 -0.035317 -0.336673 0.187439 -0.828215 -0.772805 0.163769 0.184850 -0.162436 0.314334 0.684372 0.206465 1.001703 -0.355743 0.497165 -0.509515 1.076497 1.400518 0.821673 -0.097152 0.406768 -0.085399 -0.479501 -0.063604 
0.920353 0.190389 0.168544 0.984403 -0.457333 1.792420 -2.322747 0.412780 -0.172879 -1.193151 0.291372 -1.537533 -0.729117 0.982297 -0.584379 -1.042962 1.733387 0.393056 -1.793400 1.914677 -0.163324 -1.174193 0.030089 -1.055065 -0.480747 0.876049 0.454177 0.055421 0.832425 -0.148967 -1.141334 -0.178308 0.480265 -0.926087 -0.232757 0.617727 0.297800 0.278166 0.812981 1.020140 -0.819955 0.082908 -0.130254 0.773863 -0.804741 -0.581848 0.407829 0.216714 -0.112149 0.353016 -0.126129 -0.886506 1.505932 -0.897329 -0.665730 -1.570828 0.820588 0.307567 0.232595 -0.602235 -2.104587 1.015035 -0.167710 0.270201 
0.984919 0.073000 -0.545023 0.394696 -1.237644 -0.454227 -1.027542 0.144825 -1.203461 -0.990277 -0.570858 -1.772510 -0.617006 -0.680029 0.324530 -0.793525 2.081138 -0.714438 -0.065032 0.446213 -0.813907 -1.763860 -0.757717 -0.720703 0.167081 0.292622 1.645149 -0.670476 -0.054269 -1.630187 -1.702221 1.420818 0.441340 0.746910 -0.118177 -0.305984 0.301104 0.263301 -0.005488 0.606919 -0.206531 -0.799943 -0.412883 0.628561 -0.102674 0.225275 -1.330379 -0.724607 0.367479 0.231552 1.998312 -0.136334 0.822750 0.746554 1.079144 -1.127580 -1.118060 -0.378083 0.993300 0.655505 -1.125042 0.476909 0.759857 0.231246 
1.279151 0.293544 0.026646 0.976748 -0.046741 1.838438 -1.678949 0.955081 -1.663093 0.481061 -0.713965 -0.837361 -0.984562 0.140019 0.701611 1.090745 0.700416 -0.231488 -0.340051 1.099659 -0.307614 -0.228585 -0.711185 -2.687250 -0.403998 1.042404 0.364876 0.896648 0.556521 -0.940504 -1.590215 1.225529 -0.255643 -0.468319 -0.473515 -0.242854 -0.448787 -0.703560 0.177799 -0.986625 -0.718301 -0.537196 -0.918334 0.035757 -0.170823 -0.394284 -1.145200 0.751483 -0.193995 -0.015683 1.604968 -0.045542 0.408941 -1.080324 -1.099391 0.374035 1.190915 0.050224 1.709883 0.984316 -0.689025 -1.207304 -0.583744 -0.640704 
-0.275398 -0.683653 -0.275759 0.661026 0.151631 1.890856 0.298524 0.770421 0.623400 -0.107200 0.408309 0.253779 -1.388187 -0.269024 1.212976 0.919852 -0.414168 -0.353231 -0.698527 0.796607 1.332654 -1.246144 -0.804821 -1.752050 -0.831085 -0.420927 -0.416158 -0.393310 0.688483 -0.296256 -0.672995 -0.481131 -1.454574 0.545929 -0.370592 -0.110581 -1.297313 -0.521225 -0.479339 0.821342 -0.378330 -0.916399 0.006405 -1.085222 -0.564598 0.411534 -0.531345 -0.614714 0.298559 -1.355478 2.437625 -0.153666 -0.188402 0.049122 -1.212397 0.917736 -0.865828 0.235305 0.790765 1.444148 -1.592024 -0.116814 0.742738 -0.222373 
-0.915963 0.124114 -1.286985 0.131370 0.863691 0.409431 0.726918 0.677339 -0.035940 1.521449 -0.225220 1.094446 -0.918289 -0.588684 0.463207 -0.167393 0.874462 -0.686687 0.506807 0.077947 -0.685103 -0.490035 -0.838768 -0.787826 -0.933320 0.344481 -0.193998 0.292048 0.044297 -0.191297 -1.330994 -1.092557 -0.611653 1.262520 -0.844169 -0.316585 -1.221266 -1.058928 0.402460 -0.225040 -0.084386 1.461602 0.067723 -0.008191 -0.640747 -0.381568 -1.599692 0.375428 1.009832 0.264839 0.493400 -0.254003 0.245243 -0.844246 -1.883126 1.335955 1.938974 0.919555 -0.559483 0.595403 -1.829637 -0.526788 -1.194402 -0.578748 
1.473607 -0.491979 0.968356 1.652785 1.185229 0.521510 -0.604611 -0.794217 0.170307 0.179013 0.411733 0.146291 -1.529590 -0.170115 0.275644 0.609738 0.014130 -0.597940 -1.354659 -0.659981 -1.042980 -1.733784 1.284897 0.610113 -0.352176 1.331399 -0.536002 -0.237969 0.558562 0.705126 -1.074699 -1.192067 -0.925508 1.699301 -0.079273 -0.621527 -0.364690 0.393868 -0.505058 1.340888 0.652301 0.316471 -0.163750 -0.928311 1.336335 0.512241 -0.811019 -0.302270 -0.265247 -1.474140 1.829959 0.389937 0.095249 -0.222999 -1.875011 2.393042 0.812668 0.866039 -1.202094 0.611992 -1.313205 -2.124759 0.341958 0.284628 
0.535073 0.648678 0.887383 0.922291 -0.072155 1.178010 -0.890345 1.557826 -0.417762 -0.787134 -1.218777 0.389855 -2.475708 2.206655 -0.224532 -0.092218 1.444561 -1.105247 -0.912394 -0.270833 0.393189 -0.576467 0.879882 0.620756 0.253523 -0.392363 -0.407234 0.318678 -0.686335 -0.405481 -0.153350 -0.490592 0.068815 1.967670 -0.075833 0.380391 -0.932045 0.196096 -0.740624 1.040766 -0.493878 -1.071978 -0.074393 -0.143469 0.003574 -0.228851 0.255251 -0.800804 -0.116403 0.443489 1.360765 0.275825 -1.682638 -0.027024 -0.364109 0.939807 0.663067 0.935640 -1.138876 1.461323 -0.677806 -1.226819 0.234919 0.466570 
-0.005918 0.708139 -0.032085 0.027023 1.004682 0.699250 0.882830 0.840539 1.489741 -0.030103 0.289990 -0.736343 -0.899056 1.832576 -0.015647 -1.028264 0.163312 -1.557577 -0.611462 -0.800068 -0.153736 -1.027670 0.481814 -0.275293 0.094636 -1.137009 -0.036983 -0.676363 0.850661 -0.945616 0.167574 0.037070 -0.371559 1.576896 -1.034013 -1.248353 -1.490195 0.004362 -0.664698 0.065004 -0.541022 -0.130727 -0.917177 0.787071 -0.806656 0.311378 -0.025698 -1.230853 0.285837 1.047445 -0.153953 -0.492793 -1.116700 -0.014223 -0.532668 -0.547489 1.327143 0.083549 -0.948674 0.313219 -0.259451 -0.998286 -0.771281 -0.230954 
-0.594054 -0.843242 -0.751402 0.906132 -0.113116 0.947898 0.792593 0.954060 0.083884 -0.609885 0.881651 -2.572577 -1.821535 -1.062600 0.735205 -0.691936 0.258743 -0.755335 0.721509 -0.778770 -1.415777 -0.328501 -0.438295 0.498163 1.253529 -0.998953 -0.321788 -0.222790 1.061340 -0.158927 0.047861 -1.209823 0.861339 0.913899 -0.512980 -0.170284 -0.545610 0.135573 -0.869459 -1.339775 -0.561726 -0.591392 0.468152 -0.468961 -0.412348 -0.413042 1.263570 -0.606490 0.369729 0.010072 0.802651 -0.988469 -0.537460 0.674494 0.481421 0.234599 -0.018462 -0.044660 -0.616362 0.720311 1.696131 0.483144 0.016771 -0.291617 
0.414300 0.146275 -0.045676 -0.848118 0.806153 0.660561 1.124489 0.888598 -0.570891 -1.189890 -0.180262 -1.178741 -1.079263 1.239870 1.041308 -0.026511 -0.150579 -0.285845 0.884203 -1.224591 0.066171 -0.138049 0.579874 -0.446557 -1.074551 0.212370 0.686923 0.066838 0.564904 -0.715109 -0.131958 0.874077 0.467347 2.061656 -0.934383 0.096788 -0.845674 -0.950118 -0.266687 -1.050439 -1.846219 -0.113921 -1.220631 -0.646408 0.949203 0.768659 0.194168 -0.988656 -0.274219 0.774084 0.133220 0.658178 0.123611 -0.516981 0.144783 0.080031 0.906616 0.060503 0.103244 0.570635 0.576177 -0.668936 1.183433 -0.819962 
-0.887120 0.441229 -1.888067 -0.099917 1.259788 -0.085642 -0.719647 0.458318 -0.808885 0.359227 0.471324 -1.406336 -0.205582 -0.558011 -0.431805 0.118304 1.021270 -1.701967 1.210798 -0.772125 -0.134553 -0.490869 0.379756 1.324175 -0.173989 -0.224014 0.229667 0.806538 -0.391317 0.169168 0.171537 -0.660286 -0.492946 0.485631 -1.058575 -1.119208 -1.605668 0.148899 -0.963035 -0.219883 -1.869824 -0.102490 -0.530250 0.637853 0.322626 0.317130 0.116317 -0.812563 0.156209 1.055586 1.747846 -0.053708 -0.779703 0.512678 0.940980 0.456551 0.078941 -0.383210 -0.928158 0.028198 0.883928 -1.849903 -0.202136 -0.249866 
-1.667910 -0.658089 -1.775343 0.010751 -0.354495 1.209859 -1.444412 0.202206 -0.587808 0.323594 0.097718 -0.502433 -0.020622 -0.337101 -0.611793 1.199112 1.063582 -1.053143 1.509319 0.160970 -0.271282 0.318701 -0.761767 0.156157 -1.184297 -0.976185 -0.399239 0.848818 0.011028 0.383325 0.206718 -1.064524 -0.056140 0.756518 -0.989747 1.283850 -1.538956 0.461302 -0.382368 -0.584711 -1.255158 0.218258 0.905552 -1.170169 0.679939 0.808489 -0.601709 -1.168448 0.723794 0.181307 0.006160 -0.073142 0.527994 0.714865 0.380747 0.869702 -0.769199 -1.650405 0.601813 0.942629 0.599504 0.033530 1.585540 0.257730 
-1.069219 -1.040176 -1.292620 0.973034 0.655358 -0.280868 -0.556991 0.485371 0.140273 0.198391 1.265776 -0.921249 -1.195129 -0.351592 0.609835 0.361174 -0.824473 -1.520673 1.198163 0.027129 0.325550 0.790842 -0.697183 0.226878 0.739302 -0.397727 -0.763335 0.658297 -0.758273 0.701939 0.325367 0.316903 0.273711 1.578424 0.294404 1.736518 -0.459019 -0.756645 -0.650537 -0.848160 -0.368023 0.409907 0.196014 0.158838 0.720405 -0.146474 0.373687 0.476595 1.727469 -0.586989 0.888983 0.470555 0.137312 -0.108799 0.366849 -0.727697 -0.003124 0.905122 0.976637 -1.254977 0.666692 -0.811540 0.577783 1.130095 
0.681737 0.563062 -0.934767 -0.233529 0.641753 0.899505 0.398876 1.127181 -0.067179 -0.404277 0.819621 -1.157200 -0.318790 1.291246 -0.265764 -0.220143 0.390196 0.109949 0.324979 0.348983 0.709285 -0.234891 0.074681 -1.607535 0.461844 -0.441584 -0.411608 0.430666 -0.091695 -0.356787 -0.361487 -0.267300 -0.948165 0.338283 -0.921003 0.934977 -0.598870 -0.779862 -0.510071 0.161473 -1.077902 -0.191300 -0.611436 -0.627496 -0.465426 1.048117 -1.319336 0.710715 0.449869 0.237470 -0.231047 1.323684 -0.128442 -0.493079 0.181508 -0.276950 0.044254 0.421104 -0.439313 -0.927013 1.030850 0.724076 -0.714448 0.625128 
0.400309 0.837188 0.171131 1.240268 -1.109870 0.530429 -0.309411 0.053243 -0.156710 -0.181667 -0.179220 -0.212859 -0.626583 1.148847 0.385765 -0.044318 0.835482 -0.944605 1.409810 0.434223 -1.360606 1.170453 -0.731179 -0.911122 -0.787408 -0.444602 0.343181 -0.095070 0.811400 0.985012 -0.065046 -1.312920 -0.730163 0.925881 0.982155 0.087556 -0.904769 0.409931 -1.030070 0.708772 -1.280886 0.202565 -0.432414 -1.067162 0.593812 1.087527 0.442328 0.438244 -0.009634 0.012931 1.486713 0.338675 0.599707 -0.106468 -0.563391 0.292137 0.332801 0.001302 -0.406252 -0.429032 0.699429 -0.262021 -0.589638 0.446838 
-0.237573 0.779257 -0.244911 -0.578922 -0.009577 -0.193035 0.212024 0.235135 -0.442598 -0.563166 1.122923 0.773013 -0.549725 -0.182279 -0.583025 0.697774 0.633232 0.322255 0.013199 -0.233708 0.417437 0.253487 -0.610688 0.151897 0.735817 0.983563 0.549066 -0.206792 0.010847 -0.599211 0.629605 0.611482 -0.967557 0.031061 0.285795 -0.187208 -1.080293 -0.292494 -0.767426 -0.247734 -0.514558 -0.709457 -1.194468 -0.778138 -0.280078 -0.250770 -1.263647 -0.371712 1.351143 0.973007 1.170562 -0.417377 0.539554 -0.870904 0.835845 -0.170538 -0.034788 0.537507 -0.922519 0.436041 0.544778 0.803870 0.430291 0.454363 
-0.840876 -0.946452 0.726983 -0.157616 -0.685442 0.048062 0.184358 0.542206 0.433072 0.847134 0.846167 -0.808966 -0.236325 -0.574751 0.470326 0.750308 -0.395339 -0.314118 0.438956 -0.005713 0.552558 -0.625610 -0.070118 -0.395094 -0.925110 0.635931 -0.428733 -0.744466 1.089707 -0.258197 0.991608 0.132459 -0.895147 -0.964312 0.285838 -0.018419 0.674548 -0.399862 0.863626 -0.615700 0.870885 0.063447 -0.086043 -0.572747 1.136035 -0.504939 0.094813 0.411768 0.186449 -0.052622 0.551178 -0.798415 0.725011 -0.058443 0.408634 0.855709 0.705053 -0.874613 0.302317 0.665596 0.753998 0.393485 -0.725451 -0.628104 
0.617807 -0.813483 0.979397 -0.098794 0.717759 0.892924 0.827084 0.131711 0.701586 -0.268618 0.856858 0.207376 -0.339909 0.777131 0.248949 0.050450 0.465743 -0.576224 -0.255261 -0.195711 0.290290 -0.080498 -0.384649 -0.063752 -0.588101 0.390914 0.025989 0.593985 -0.304362 -0.891668 0.817719 -0.378762 -0.349682 -0.001764 -0.610185 0.087350 0.712734 -0.582674 -0.470409 0.893528 -0.489985 0.544880 0.689683 -0.304427 0.019134 -0.030632 -0.849648 0.260304 0.625036 -0.761796 0.567504 -0.144622 -0.551541 0.184013 0.986059 -0.985193 0.243600 0.138250 0.346789 0.820596 -0.233825 -0.127176 0.434603 -0.221847 
0.479013 -0.641468 -0.705631 0.337175 -0.062170 0.090951 0.209459 0.508658 -0.506544 0.781591 -0.519001 0.767542 0.912621 -0.013841 0.674111 -0.732172 -0.866596 0.114019 -0.107676 0.957029 0.200664 -0.125648 -0.390871 -0.670572 0.356109 -0.958924 -0.293996 0.525151 -0.328491 0.233314 -0.857338 -0.005218 -0.295017 -0.277973 0.883558 -0.030883 0.855201 0.037568 -0.088003 0.321936 -0.929966 -0.339502 0.084311 -0.842830 -0.810162 -0.281099 0.582751 0.663179 0.686118 0.349570 -0.525449 0.196203 -0.414472 0.223568 0.470089 0.490911 -0.562495 0.836841 -0.657627 0.470726 -0.409757 0.416893 -0.480514 0.792413 
0.238746 -0.970336 -0.507370 -0.080416 -0.778558 0.477279 -0.502182 0.254738 0.980590 -0.543321 0.136509 0.564562 0.502426 0.150792 0.435591 0.042940 0.381756 -0.754997 -0.070650 0.314554 0.062166 0.456160 0.323954 0.691580 -0.684866 0.345866 -0.693838 0.997314 -0.980651 0.232398 0.059481 -0.731437 -0.696524 0.011628 -0.950987 0.649586 0.115024 0.701773 -0.360393 0.789483 0.276955 -0.477706 0.107212 0.056551 0.095370 0.321146 -0.391949 -0.118748 -0.419172 -0.838130 0.667409 -0.459395 -0.655507 -0.116489 -0.250282 0.696646 0.233680 -0.554735 0.474227 0.000824 0.767266 -0.130467 -0.963561 -0.921995 
0.434919 0.594531 0.400555 0.201453 -0.077975 0.049409 0.822260 0.971557 0.322672 0.265542 -0.732414 0.311441 0.403668 -0.666005 -0.711844 -0.908872 -0.018403 -0.475387 -0.084445 -0.306681 0.476058 -0.123386 -0.861629 -0.167333 0.700674 -0.924924 0.523606 0.942320 0.955321 -0.575304 0.544847 0.438032 -0.518906 -0.266213 -0.819697 0.175268 0.342082 -0.078890 -0.657155 0.408856 0.794061 -0.842463 -0.295877 -0.430097 -0.795099 0.355876 0.476485 -0.828852 -0.411664 0.820002 0.713492 0.153905 -0.187292 -0.132359 0.693533 -0.011078 -0.451399 -0.762200 -0.052950 0.843623 -0.982543 -0.904538 0.491256 0.128330 
0.602771 -0.552477 -0.165685 -0.266457 0.387494 -0.219886 -0.688528 -0.728202 -0.320170 0.732170 0.315775 -0.364788 -0.410321 0.615711 -0.014191 0.182348 0.718131 0.597339 0.913144 -0.133763 -0.977111 -0.648793 0.431196 -0.383099 -0.077425 0.998352 0.049715 0.289346 -0.299539 -0.857723 0.595019 -0.508774 0.272927 0.816401 -0.379254 -0.398480 0.382855 -0.847530 0.650441 0.293435 -0.718680 0.585437 0.813898 -0.126865 -0.039338 -0.594958 0.441877 0.748222 0.000153 -0.531602 -0.820978 -0.663320 -0.912290 -0.115574 0.180090 -0.269143 -0.719962 0.484054 0.949278 -0.573595 -0.936705 -0.112217 0.387799 0.431562 
-0.721623 -0.016632 0.608531 0.065662 -0.035485 -0.373644 -0.907911 0.770003 0.212160 -0.624326 -0.276996 -0.788669 0.033134 0.077621 0.282209 0.057509 0.377747 -0.891822 0.990753 0.632991 0.299850 -0.917211 -0.418719 -0.098164 -0.609111 0.885065 -0.427918 -0.035578 0.478060 -0.282830 -0.785864 -0.582648 0.714164 0.153982 -0.313283 0.980652 0.086521 0.851521 0.196266 0.556436 -0.606287 0.823769 0.377176 0.147792 0.838022 0.050870 -0.241861 -0.149389 -0.898873 0.251821 0.630992 -0.615663 0.265916 0.642504 0.088409 0.284724 0.341600 0.452848 -0.326826 -0.825072 0.627459 -0.921684 0.229790 -0.523322 
-0.005678 -0.401438 0.556384 -0.247730 -0.998166 0.545132 -0.729861 0.063061 0.101603 -0.261624 0.925704 0.727798 0.720358 0.806588 0.940580 0.416942 -0.251384 0.738007 -0.794431 0.775022 -0.097370 0.272668 0.966498 -0.448122 0.520042 0.504470 -0.208118 -0.107349 -0.455045 0.482287 0.405202 0.203177 0.839805 -0.358841 -0.320699 -0.638398 0.265987 0.476646 -0.378704 0.295766 -0.192494 -0.099102 0.339137 0.563213 -0.685994 -0.132170 -0.321846 0.715178 0.177582 -0.675896 0.631968 -0.389970 -0.561285 -0.148469 -0.702742 -0.999512 0.644189 -0.581616 -0.692657 0.513281 0.430295 0.484414 0.525757 -0.247850 
-0.605174 0.645951 0.756493 0.362258 0.859554 0.506679 0.010357 0.616612 0.415855 0.214160 0.266877 0.923338 0.337992 1.075723 -0.129609 -0.054919 0.557854 0.067494 -0.419594 0.237299 0.478840 -0.834926 -0.173830 0.385583 -0.262154 0.625078 0.406746 -1.079152 0.020373 -0.137917 -0.927793 0.819572 -0.554163 0.157076 1.043653 0.810100 0.540986 0.467326 -0.222296 -0.225824 0.158226 0.773210 -0.353286 0.268274 -0.178480 -0.577295 0.421889 0.576052 -0.537751 -0.226652 -0.272223 0.213576 -0.063183 0.317504 -0.306253 0.157071 -1.035929 0.647220 0.051831 0.916749 0.246605 0.948061 0.768458 0.823537 
1.278221 0.554700 0.540861 0.319382 -0.155829 0.644753 0.326328 -0.784132 -0.664434 0.375449 -0.630121 -0.747805 0.694666 -0.419308 -0.742101 0.531159 -0.421151 0.842129 -0.774895 -0.274291 -0.403382 1.023337 0.694731 -0.816618 0.355142 -1.117383 -0.024889 -0.934788 -0.005297 0.984074 -0.803742 -0.714218 -0.948373 -0.160906 -0.111408 0.393944 0.391653 0.247498 -0.136108 0.040188 -0.877495 -0.695919 0.318564 -0.527946 -0.351683 0.387791 -0.701350 -0.328162 0.295972 -0.314700 -0.222471 0.294478 -0.497438 -0.310564 0.153384 -0.619310 -0.570424 0.515759 -1.009517 0.698296 0.756605 0.345240 -0.505229 0.967991 
1.194584 -0.347790 0.531444 -0.702874 -0.656845 0.510040 0.395302 -0.278359 0.207081 -1.116516 0.474866 0.546203 1.089020 0.454357 -0.834526 -0.918157 0.587922 -0.566757 0.260916 1.186022 -0.212532 -0.178340 -1.117518 0.104103 0.839491 0.127347 -0.012306 -0.671112 -0.476859 0.272041 0.092868 0.552554 0.214060 1.391979 -0.416248 0.189435 -0.669883 0.352326 0.291451 1.011808 0.587998 -0.883917 -0.328235 -0.695674 -0.449625 -0.699391 0.273979 -0.808928 -1.114451 0.817848 1.143081 -1.100325 1.051784 0.629212 0.477125 0.165942 -0.704321 0.330445 0.721529 -0.380978 -0.456149 -0.907232 0.116497 -0.191396 
2.234334 -0.516949 -0.447142 -0.002050 -0.420457 -0.291160 -0.546448 0.311287 -0.846030 -1.106728 -1.265473 0.728198 0.651724 0.673998 -0.999046 0.686326 0.462533 0.275015 -0.582082 1.215024 0.881620 0.753896 -1.238611 -0.088816 0.687677 0.198952 0.183254 -0.650785 0.076786 -0.856479 -0.467810 0.652022 -0.569178 0.686991 1.034917 0.985881 -0.027441 0.141843 -0.516419 -0.024999 1.109967 -0.062447 0.905907 0.065052 -1.235591 -0.426709 -1.173094 -0.554975 0.559988 0.611373 0.947137 -1.107677 -0.770365 0.649489 -0.443876 -1.221653 -0.141280 -0.116688 -0.157732 -0.255269 -0.416227 -0.354433 -0.651920 -0.152119 
1.605798 0.510823 0.026896 -0.347512 0.258886 1.581435 -0.753660 -1.593674 -1.143076 -1.277378 -0.600076 0.080078 0.532447 -1.515846 -0.264720 -1.467074 -0.629048 1.017412 -0.881025 1.444948 1.124255 -0.174681 -0.395727 0.329285 0.297153 -0.154425 -0.451841 0.160365 0.741011 0.072832 -1.667248 0.564447 0.027691 0.645496 0.776685 -0.904549 0.419898 -0.019930 -0.089777 0.939607 0.212146 0.493453 0.835128 0.789254 -1.604329 -0.189815 -0.788187 -0.317513 -0.357354 -0.016450 0.200803 1.356369 1.555945 0.798547 -0.509580 -2.149272 -0.356680 0.501862 0.655080 0.891421 0.563579 -1.286348 1.111658 0.578955 
1.174428 0.057814 0.686145 -1.048347 -0.423459 1.178487 -0.275352 -0.220822 -0.022262 -0.655157 0.793022 -0.100725 0.514235 -1.127971 0.324329 -1.184174 -0.329516 -0.355363 -1.099435 0.189886 -0.014654 -0.648133 -1.974364 -0.314710 -0.749425 -0.464967 0.375823 0.144714 -0.140814 -0.261458 -1.476499 0.497990 0.895112 0.954138 0.361309 -0.194798 -1.110249 -0.367839 0.915334 0.560577 0.098479 0.616646 -0.388168 -0.511189 -0.791344 -0.981185 -0.548792 0.171963 -0.485177 -1.035954 0.800192 -0.137577 1.473139 0.603552 -0.862749 -1.743335 -0.578450 -1.083585 1.182622 0.570970 0.876971 -0.257805 0.397812 0.907260 
0.412949 0.388373 -0.804397 -0.422605 0.294340 1.009976 -1.102777 -0.939853 0.069328 -1.753305 0.851623 -0.718567 -0.956286 -0.728488 0.358872 0.333697 -1.184438 1.137642 0.509487 0.504401 0.670180 -1.947035 -1.865372 -1.007923 -0.960871 -1.412905 0.282568 0.010664 1.036439 -0.891288 -1.420955 0.843451 -2.001048 0.157604 -0.194403 0.851081 -1.266751 -0.140832 1.498929 0.105197 1.171658 0.151773 0.432717 -0.318703 -0.680496 -0.517353 -0.753366 0.013095 0.216553 0.251881 0.796654 -0.461395 0.280293 0.955306 -0.445214 -0.284516 0.128351 1.558144 0.710223 1.527297 0.320507 -0.382794 -0.386300 -0.555530 
-0.018245 0.461208 -0.430279 -0.252232 0.309411 0.719887 -0.441687 -1.022752 0.075098 -0.147973 0.185233 -0.394833 -0.141334 -0.021212 -0.293204 1.541392 0.273541 0.203952 0.099044 0.290211 0.273347 -1.276694 0.268091 -0.352921 0.298878 -0.332680 -0.841566 -0.652519 -0.341726 -0.276901 -1.669692 0.022432 -0.443142 0.972799 -0.770371 1.103909 -0.331206 0.044531 0.658873 -0.388002 1.703924 0.779947 -1.100869 -0.565251 -2.804441 -0.395855 -0.577158 -0.506297 -0.196031 -1.210061 1.660000 0.545917 0.742098 0.609533 -1.008095 0.408182 0.724032 0.148458 0.283179 0.526367 0.102051 -0.768740 -0.186078 1.076200 
0.516210 -0.857057 0.638737 -0.094537 2.048098 1.231372 -0.117101 -0.619065 -0.453045 1.436385 -0.962386 1.077730 0.676750 -0.710732 0.156156 -0.931962 0.017637 0.780849 0.047330 0.400644 -0.993846 -1.141592 -0.491123 0.239590 0.896251 -0.368198 -0.382176 -1.027353 0.503964 0.806475 -0.525913 -1.159436 -0.016770 0.858844 1.434231 0.090154 -0.563347 -0.129339 0.485868 -0.017250 1.426595 -0.839344 -0.739434 -0.632918 -1.471445 -1.423926 -0.814662 -0.342036 0.318220 -0.065150 1.973756 1.930114 -1.080938 -0.789517 0.385030 -0.703161 0.558562 0.519910 0.435750 0.280137 -0.311486 -0.149459 0.285350 -1.021038 
0.355143 0.490193 -0.150732 0.360721 0.261352 1.273869 0.644406 1.034431 0.163342 0.524064 -0.981674 -0.162560 -1.699568 -0.385219 0.309562 -0.198020 -1.074594 1.529656 0.096198 0.434385 -0.497310 -0.128819 -0.786977 0.202969 -0.360139 0.252945 -0.865304 -0.135462 -0.356826 0.172018 -0.216157 -0.642764 -1.339176 1.699381 -0.479673 -0.108290 -0.804973 0.862286 -0.825009 -0.137980 1.045889 -0.432713 -0.279686 -1.193461 0.008603 0.000581 -1.811673 -0.792191 -0.569593 0.219630 1.079596 0.242798 -0.511804 0.638281 -0.932320 1.434838 1.594104 -0.556226 0.514334 0.267827 -0.552386 -1.337175 0.284053 0.387858 
0.976991 0.179216 0.585466 0.348548 -0.595528 1.385228 -0.119987 0.651758 -0.283625 -0.768299 -1.098157 0.762515 -0.037087 -0.192018 0.830601 -0.415549 -0.330976 0.871944 -0.827760 0.707139 -1.120143 1.646574 -1.696767 0.462991 0.181640 -1.232438 0.305073 -0.185663 -0.149920 -0.738236 -1.228452 -1.065121 -0.218719 2.321072 -0.438423 -0.835674 -0.612329 -0.358984 -0.162898 -0.481139 -0.291681 -0.923188 0.099538 -1.297042 -0.809752 -0.990352 0.153011 -0.369056 1.074233 0.081677 -0.170379 0.462546 -1.089330 -0.806738 0.889879 -0.408947 1.288158 -0.862400 -1.366868 -0.347941 -0.646614 0.043463 0.672671 0.687015 
-0.354802 -0.423076 0.077937 0.359116 1.425260 1.505966 1.116531 0.163239 -0.325966 0.350401 -1.778763 -0.076906 -0.786095 0.876248 -0.463099 -0.015754 -0.628151 0.431266 0.457044 -0.235701 -0.619857 -0.311240 -0.619821 -0.085135 -0.393720 -0.945746 -1.528000 1.185032 0.087868 0.453464 -1.134833 -0.805558 -1.007342 0.648545 -0.890029 -0.680209 0.148492 0.800889 -1.558862 -0.194314 0.487307 -0.586252 0.489507 -0.749683 -0.215063 0.478573 -0.056538 0.747854 0.358522 -0.329617 0.434714 0.283685 -0.557110 -1.612676 -0.333381 1.226988 1.403210 -0.333959 0.301727 1.355495 0.317341 -0.965750 -0.380764 -0.375141 
-0.675139 -1.030867 -0.587475 -0.920415 0.291152 0.307867 0.231147 1.637649 0.080064 0.007290 -0.366861 -0.265798 1.764966 -0.154078 1.066531 -0.541710 -0.520419 0.904141 0.634047 0.074813 -0.505739 -0.463757 0.052204 0.676677 0.180615 -0.166394 -0.492486 0.112262 0.320435 -0.064423 -1.249228 -0.963505 -0.279939 1.359543 0.568574 -1.091111 -0.891299 -0.298922 0.409824 -0.826944 -0.633777 -0.086556 -1.026203 0.129541 0.347435 0.747130 -0.679839 1.297159 1.234533 0.961135 -0.396736 0.788262 -0.911115 -0.042986 -1.365262 1.725597 0.774966 1.301498 -0.557055 1.110929 0.554797 -0.711969 2.001390 -0.594264 
0.056358 -0.295707 0.203640 -0.035073 -0.123783 0.729385 0.958573 0.052003 -0.197582 0.050669 -0.230008 0.004347 0.516213 -0.567251 -0.708139 -0.402742 -0.385488 -0.194512 0.723167 -0.463920 -0.863325 -2.167737 -0.515506 -0.476550 0.081508 -0.078185 0.269655 -0.260930 0.023449 0.985340 -1.383552 0.770842 -0.905217 0.342567 0.856705 -0.372802 -1.485018 -0.328254 0.688632 0.619688 -1.235828 -1.344880 0.381333 -0.766881 0.334356 -0.883507 -0.581354 -0.408144 1.051904 1.328791 0.755679 -0.139803 0.845240 -0.525668 0.615037 -0.031549 0.504933 0.380319 -1.029192 0.942662 -0.011345 -0.379757 0.539886 0.135609 
-0.528877 -1.061392 -0.520295 -0.038260 0.551587 0.056079 0.564839 -0.276191 -0.834291 0.129457 -1.091544 -0.554258 -0.439110 0.887831 -0.610226 0.411779 0.748769 0.612623 2.096955 -1.325878 -0.296070 -0.547012 -0.901903 0.428343 -1.068868 0.072781 0.076372 0.674587 1.006697 0.339951 -1.378129 -0.921250 0.762565 1.545565 -0.107301 0.023128 -0.617767 0.673741 -0.651649 0.523422 -0.898541 -1.312460 -0.877064 -1.008420 1.971415 0.440434 -0.820103 -0.725312 -0.375656 -0.571495 1.616017 0.870003 -0.290214 0.562148 -0.880892 -0.016713 0.261995 -0.418021 -0.837005 -0.400252 0.060903 -1.598976 -0.103497 -0.255456 
0.074918 -0.252422 -0.601605 -0.054502 0.464039 0.112328 -1.505452 -0.304324 0.062864 0.073991 -1.121263 -0.635728 0.392154 -1.202254 0.632242 0.026985 0.329661 -1.074976 1.561538 0.454113 -0.107527 0.423826 -0.893855 1.306352 0.773334 0.064607 -0.534271 0.814091 0.329571 -0.362874 -0.584438 0.158210 0.725883 0.465188 0.208979 -0.594070 -0.921100 -1.322555 0.724917 -0.245578 0.061628 0.188427 -0.346060 -0.461649 1.659244 0.296697 -0.637873 0.665272 1.268198 0.519972 2.117470 0.627513 0.011710 0.665574 0.641103 -0.985850 0.337243 -0.742430 -0.521123 1.052581 -0.252656 -0.446541 0.296097 0.309517 
-0.297242 0.229600 -0.111294 -0.069571 0.467696 0.611846 -0.082462 0.543138 0.285120 0.589466 0.285016 -0.404851 0.683315 -0.258756 -0.428891 0.417380 -0.402390 0.098106 -0.037998 0.029813 0.282934 0.440635 -0.393379 0.524168 0.653464 0.859690 0.313248 0.663583 0.068879 0.264081 -1.695220 0.739948 -0.244930 1.144820 0.690641 0.660552 -0.686272 -1.000200 -0.149128 0.189838 -0.604640 -0.591189 0.324968 0.069847 0.646972 -0.520575 0.768956 -1.048476 1.617181 -0.475952 1.388385 -0.682720 -0.748948 -0.241544 -0.567524 0.086265 0.655122 -0.292987 0.072794 0.767668 -0.262521 0.419935 -0.098361 1.148772 
-0.313164 -0.343610 -0.775860 0.432668 1.067539 0.705239 -1.069417 -0.709391 -0.432096 -0.757052 0.423791 0.702895 -0.119799 0.257280 -0.589033 1.494749 -0.166519 0.188223 0.812155 0.314786 -1.114486 0.306286 -1.174929 0.457113 0.416482 0.261232 -0.638748 0.439092 0.189662 -0.031807 -1.170025 -1.222853 0.189525 1.270399 -0.339371 0.781412 -0.041273 -0.582432 -1.170323 -0.917708 0.133407 0.506298 -0.774280 -0.713569 -0.319707 0.933715 -0.022014 0.475732 -0.167306 0.385066 0.468608 1.109492 -0.867372 0.862664 0.383384 -0.586479 -0.357373 0.914088 -0.086834 -0.983055 1.428144 1.002719 0.354732 0.905525 
0.910707 0.760550 0.367443 0.381229 -0.308629 -0.413206 -0.229358 -0.629770 -0.705509 0.615026 -0.425054 -0.534250 -0.226221 0.520199 0.026825 -0.172962 -0.801987 0.678590 0.136280 -0.892591 0.293649 0.694289 -1.036792 0.182985 -0.905650 -0.957269 -0.150487 -0.991222 0.519393 -0.448226 0.074171 -0.228453 -1.044361 -0.603234 0.682338 -0.380809 -0.980093 0.655339 -0.723517 0.682224 -0.375190 -0.948144 -0.405305 -0.018585 0.291963 -0.397636 -0.232637 0.314044 0.182228 0.078796 0.065996 -0.575689 -0.887771 0.795470 -0.653211 0.614955 0.610674 0.022906 -0.698422 -0.532393 0.814731 0.673532 0.683006 0.921701 
0.411832 0.658105 0.816078 0.596689 0.860912 -0.891591 -0.327888 0.051281 -0.488339 0.060490 -0.195721 -0.542184 -0.632493 -0.215635 0.015484 -0.515933 -0.336346 -0.498274 -0.824493 -0.643771 0.088741 0.583764 0.747438 0.726499 -0.447501 0.927208 -0.970157 0.460140 -0.465759 -0.116696 -0.392295 -0.473844 0.248777 -0.436423 -0.048670 0.737107 -0.450744 0.692784 0.204723 0.137106 0.543224 -1.164784 -0.663385 0.167124 -0.257271 -0.800532 -0.852636 0.288473 0.627434 1.137617 0.201418 0.096802 0.794665 -0.652223 -0.876441 -0.814974 0.781385 -0.703144 -0.635962 0.141794 -0.928326 -0.425600 -0.204461 0.219933 
-0.499671 -0.013750 -0.282298 0.830885 -0.103416 0.526079 0.555109 -0.175331 -0.581251 0.007396 0.764053 -0.381728 0.569132 -0.035909 -0.701042 -0.788653 -0.727019 0.617833 -0.302277 0.842796 0.813874 0.341638 -0.342114 -0.339178 0.226539 0.699631 0.585324 -0.443220 0.416869 -0.698485 0.663119 0.692264 0.867398 0.647947 0.803564 -0.210904 -0.592899 0.220739 0.002411 -0.642748 0.597202 -0.978988 -0.906636 -0.867244 0.807022 0.219239 0.406127 0.320688 0.929981 0.335951 0.492177 -0.441240 -0.356655 -0.674978 -0.335737 -0.517458 -0.613113 0.324279 0.327362 0.378459 -0.170207 0.077708 0.913748 0.180009 
-0.473280 0.169164 0.688642 -0.386344 0.917806 -0.839641 -0.328644 0.064465 -0.814580 0.064158 0.248726 -0.442677 0.420800 0.217553 0.399884 0.769304 0.803026 0.055106 0.906591 0.334137 -0.026843 -0.755557 0.119398 -0.106408 0.568807 0.132052 0.933165 0.281825 -0.723632 -0.769036 -0.606486 -0.558947 0.946409 0.697481 -0.428969 0.055044 -0.630140 0.617103 0.485237 -0.400555 0.432905 -0.578572 0.937085 -0.875790 0.890028 0.230475 0.867553 0.285941 0.559487 -0.076028 0.862928 0.634754 -0.353730 0.349777 -0.145399 0.985699 0.188426 -0.698979 -0.527026 0.445324 -0.247672 0.107454 0.578112 -0.876251 
0.911214 -0.549547 0.603256 0.406333 -0.507391 0.888164 -0.822871 0.269184 -0.029353 0.824022 0.680497 -0.058478 0.841485 0.622938 -0.756767 0.871050 0.132115 0.428083 0.769450 -0.379041 0.086504 -0.646193 -0.484542 -0.678751 -0.999007 0.002531 -0.116977 -0.439879 -0.382206 -0.009125 0.834272 0.780816 -0.480697 0.509180 -0.432258 -0.499384 -0.759036 0.686697 0.295441 0.929258 -0.274819 -0.987527 -0.175531 -0.698416 0.419129 -0.196595 0.777523 -0.513552 -0.247765 -0.695678 -0.101878 -0.188635 -0.169469 0.966718 -0.444293 0.037838 0.134335 -0.511208 0.917140 -0.093108 0.551714 0.474151 0.287332 0.441999 
-0.818659 -0.722221 -0.729545 -0.230567 -0.128330 0.676687 0.199194 -0.998108 -0.064913 -0.244972 -0.494003 0.412763 0.837336 0.257179 0.533250 -0.750237 0.011994 -0.648000 0.364910 -0.511948 0.851009 -0.088412 0.241432 0.837336 0.933470 0.074801 0.118137 -0.684866 -0.445173 0.908811 0.931333 0.699637 0.620472 -0.019562 -0.866390 -0.827021 -0.036592 -0.349345 -0.938719 0.469466 -0.848323 -0.096408 -0.303507 -0.160924 0.846187 0.523667 -0.614063 0.141026 -0.228980 0.432966 -0.920408 0.377911 0.360759 -0.999451 -0.348796 -0.015839 -0.854793 -0.861995 -0.136631 -0.819330 0.935423 0.991760 0.539781 0.708548 
0.872372 0.045686 -0.493393 -0.746086 -0.597949 0.447005 0.866573 -0.122654 0.238807 -0.633534 -0.833430 -0.241310 0.378887 -0.793146 0.023713 0.571825 0.227760 -0.528611 -0.230689 -0.200171 0.903256 -0.895505 -0.323832 0.305033 0.776666 -0.881588 -0.670156 0.464644 0.314676 0.316874 0.706961 0.185888 -0.714957 -0.070894 -0.477157 -0.887814 -0.612598 -0.033418 -0.587817 0.333415 0.372600 -0.885067 -0.497360 -0.087558 0.713248 0.973388 0.946959 -0.459273 0.886654 0.454268 0.973571 0.635182 0.334513 -0.844478 0.019990 -0.811029 0.160070 -0.481613 0.510239 -0.311075 0.626759 0.581896 0.839473 -0.588488 
-0.480697 -0.851314 -0.871883 -0.589526 0.431623 -0.827265 0.308145 -0.491867 -0.958068 -0.817377 -0.896420 -0.396527 0.439619 0.552049 0.468612 0.608753 -0.435469 0.430769 0.044343 -0.672292 -0.177099 0.148412 0.198706 0.587695 -0.059359 0.902951 0.209632 0.938169 0.118198 -0.452925 0.156652 -0.772210 -0.451765 0.285073 -0.919309 0.373882 0.359478 -0.908567 0.976806 -0.365581 0.048067 0.665822 -0.819086 -0.302469 -0.539171 0.734428 0.714286 -0.100558 0.390912 -0.487228 -0.853694 -0.116184 -0.150548 -0.859981 -0.459090 -0.984680 -0.924253 0.899411 0.045808 -0.140904 0.348064 -0.964782 -0.309732 -0.960570 
-0.342509 0.981323 0.951415 -0.209998 0.308084 0.811090 0.652944 -0.492355 -0.495285 -0.276894 -0.241493 0.622852 0.992309 0.374615 -0.378155 0.098788 -0.192419 0.874630 -0.743522 -0.127598 0.207617 -0.749748 -0.812250 -0.451399 0.835566 0.197790 0.448897 -0.338664 0.187963 0.931578 0.284463 0.813715 0.445235 -0.057039 -0.876583 -0.991150 0.727226 -0.517624 0.383953 0.485763 -0.161779 -0.424299 -0.327250 0.370098 -0.438337 0.388958 0.941893 0.455428 0.568957 0.753105 0.164464 0.424787 0.003265 -0.338908 0.092929 -0.173376 0.802423 0.550523 0.661611 -0.883114 -0.178014 -0.816279 0.596057 -0.919614 
0.824140 0.938110 0.792573 0.943235 -0.620960 0.318887 -0.970337 0.489426 -0.213162 0.507553 0.572619 0.492530 -0.990479 -0.243502 0.235699 0.780381 -0.258085 0.448927 0.472213 0.234772 -0.345479 -0.382516 -0.977600 0.051028 0.871517 0.772574 0.738458 0.560732 0.746727 -0.199097 -0.906419 0.931886 0.011018 0.797296 -0.032394 0.068079 -0.661675 0.596175 -0.737439 0.000642 0.403241 -0.135765 0.919544 0.105670 0.487422 -0.480998 0.883019 -0.553027 0.706011 0.319744 -0.403814 -0.441713 0.892722 0.425782 0.555634 0.985511 -0.747930 0.741283 -0.451411 -0.111825 -0.228805 0.860528 0.060762 0.022736 
-0.378963 -0.578891 -0.559751 0.423590 0.992700 -0.346910 -0.431149 0.072211 -0.955781 0.052153 -0.012558 -0.114270 0.438701 0.778084 -0.040365 -0.582765 -0.850557 -0.131265 -0.236370 0.211108 0.766131 -0.514622 -0.936285 -0.089733 0.458680 -0.603315 0.757639 0.589897 -1.004757 0.533865 -0.443970 0.570516 -0.714357 -0.257166 0.969261 -0.388595 0.037184 0.882661 0.238920 0.292407 -0.626584 0.479856 -0.144498 0.058588 0.686236 0.706557 0.783193 0.109843 -0.911157 -0.688122 0.014712 -0.560109 -0.364389 0.141327 0.808693 0.932423 -0.659665 0.727994 0.900897 -0.568015 -0.073798 1.007529 -0.412527 -0.646134 
-0.151615 -0.250225 0.744272 0.728976 -0.503862 -0.212925 -0.594545 0.848631 -0.549506 -0.140892 -0.550050 0.443889 0.230008 0.537172 -0.356371 -0.133235 0.698160 0.767519 0.178774 0.648137 -0.876927 0.137069 -0.399151 -0.132634 -0.992495 -0.198372 -1.089146 -0.400071 -1.125580 0.550008 -0.363094 -0.282338 0.266376 0.761211 0.461098 0.709548 -0.356822 -0.222931 0.864296 0.479765 -0.548246 -0.633210 0.411745 0.422890 -0.590643 -0.467851 -0.119366 0.640993 1.000410 -0.180304 1.137945 -0.681876 0.221300 0.498167 -0.274656 1.026784 0.929726 0.829769 -0.076515 0.113853 0.977484 -0.489068 -0.344755 -0.442558 
1.306817 0.451261 -0.451546 -0.503555 0.236712 0.675605 0.646595 0.403423 0.153393 0.454999 -0.591006 0.925832 0.669147 -0.845757 -0.726517 0.504310 0.419734 -0.496271 -0.208009 -0.765291 -0.644249 -0.410622 0.126849 0.177835 0.928969 0.811699 -0.492647 0.506898 0.275496 -0.097577 0.499736 -0.634665 0.013737 0.617578 -0.256362 -0.610774 0.069552 -0.213246 -0.060485 0.667473 0.327518 -0.045124 -0.442082 0.388681 -0.394475 0.580495 0.251914 0.374307 0.725913 -0.646834 -0.744567 0.076773 -0.087290 0.235018 -0.810681 -0.896485 -1.053477 0.292046 0.756130 0.111085 0.681920 0.823427 -0.265052 0.131365 
-0.316087 0.857472 -0.264011 -0.718170 -0.437028 -0.552160 0.420023 -0.513615 -0.683247 -0.618736 -0.701067 1.042776 0.342120 -0.405790 -0.648845 -0.776542 -1.069026 -0.208869 -0.350707 0.936381 -0.900494 0.939985 -0.872813 -0.262561 -0.368537 0.056532 -0.692331 -0.748832 -0.743541 -0.136519 0.001954 -0.506549 0.587570 -0.634619 0.982960 0.635157 0.127933 0.365512 -0.927384 -0.010941 0.720373 0.165468 -0.493368 0.073847 0.875576 -0.565279 -0.599568 -0.513779 -0.415634 -0.022628 -0.119216 -1.046761 0.899686 -0.926176 0.079776 -1.089699 -0.583571 -0.647178 0.606793 -0.330062 -0.240626 0.640937 0.590466 -0.430881 
-0.036508 -0.621407 -0.014290 -0.479958 0.805870 -0.357645 0.818273 -0.300427 0.158289 -0.881205 -0.401787 -0.704660 -0.719118 -0.052237 -0.562901 0.910080 -0.083253 -0.031792 -0.203275 -0.577539 0.888355 0.798321 -0.175038 0.016077 -0.481411 0.380763 -0.613874 -1.286977 0.499950 -0.852265 -0.885352 -0.919100 -1.263680 -0.053205 -0.693761 0.479037 -0.429186 -0.076504 0.652850 0.527251 0.273869 0.865390 0.607514 0.654891 -0.875930 0.668021 -0.374516 -0.786176 -0.134013 0.398235 -0.020281 -0.265123 0.045766 -0.332251 0.292960 -0.647113 -0.828250 -0.824351 -0.253673 -0.484367 -0.086439 0.272683 0.006322 -0.610986 
-0.387081 -0.621416 -0.090093 0.689275 0.352591 0.570003 -0.854058 -0.868384 0.743908 -0.815878 -0.405899 -0.582323 0.609270 -0.854860 0.510395 -0.493229 0.152373 -0.777527 -0.475506 -0.598869 0.212148 0.296687 -1.353754 -0.104466 0.028265 -0.326267 0.376055 -1.139848 0.440663 0.731502 -0.093330 0.145194 -1.020455 -0.178630 -0.553027 0.081848 -0.738218 -0.014736 0.717729 -0.550446 -0.733049 -0.097786 0.990437 0.355262 0.004729 -0.144279 0.386286 -0.140398 0.668970 0.710152 1.034184 -0.823642 -0.635298 -0.176788 0.665816 -0.862615 0.092550 0.236673 -0.652322 0.196417 -0.064528 -0.825034 0.985461 0.144339 
1.187377 -0.742120 0.652947 0.391881 -0.437167 -0.074803 -0.391365 0.124671 0.130493 0.095604 -0.051963 0.061131 0.051005 -0.473648 -0.270951 1.323202 -0.133948 -0.214650 0.654113 0.823461 -0.243115 0.829487 -1.026090 -0.779720 -0.425129 -1.268459 0.100723 -1.070678 -1.218293 -0.543553 -0.645828 -0.317903 0.096096 -0.106092 1.087770 -0.397203 -0.561839 -1.047324 -0.385665 0.725902 -0.348926 0.344600 -0.080065 0.377425 -0.475263 -0.454750 -0.693516 0.598311 0.430291 0.540315 1.174619 -1.921154 -0.131761 0.078467 -0.960352 -1.490649 -0.739445 -0.246284 -0.464651 -0.319790 -0.534273 -1.068207 0.084228 1.040432 
-0.043251 0.409046 -0.008938 -0.540690 0.766502 0.628709 0.835146 -0.555565 0.649993 0.033653 -0.213072 -0.727507 0.432645 0.671614 -0.530664 0.113692 -0.048245 0.082101 0.263315 0.382033 -0.946576 0.411891 -1.055406 -0.903819 -0.488782 -0.452014 -0.430659 -1.130174 -0.969107 0.061147 -0.301108 -0.257364 0.316869 0.373636 0.287769 0.017792 0.336783 0.464957 0.879472 -0.356576 0.003078 0.240247 -0.973199 -0.918146 -0.545921 -0.508212 0.231752 -0.141798 0.816823 0.184576 0.341473 -1.263764 -0.047327 0.062671 0.381944 -0.434147 0.210369 0.064159 -0.577745 0.003604 -0.764867 -1.044221 0.126196 0.753119 
0.116247 -0.763681 0.668798 -0.108243 -0.831868 0.991034 -0.748872 -0.236180 -0.468502 0.418703 -0.121448 -0.794533 0.295699 0.128756 0.737799 0.675928 -0.348961 0.109599 0.380232 0.097213 -1.024339 -0.051383 -1.862374 -0.016475 0.206083 0.501970 0.469089 -0.811708 -0.877252 -0.817857 -0.165307 -1.026817 -1.379891 0.283121 1.617565 -0.333018 0.335137 0.667081 -0.698211 0.233588 -0.013710 0.685235 -0.678087 -0.686134 -0.731779 0.013513 -0.955628 0.287295 -0.038466 0.278562 1.154921 -0.795014 -0.870359 0.661421 0.489650 -1.697387 0.246396 0.148707 -0.620490 0.382752 0.943462 0.180842 0.262026 0.630455 
-0.234934 -0.868726 1.107336 -0.695766 -0.564171 0.019243 0.042296 0.103408 0.626606 -1.044084 -0.488240 -0.415208 1.140850 0.414297 0.264887 0.123326 -0.828144 -1.072817 0.211742 -0.869717 -0.666404 -0.355416 -0.878450 1.642384 -0.691017 -0.824289 -0.771502 -0.584978 -1.216148 0.549094 -0.642409 -0.340521 -1.138548 1.098781 -0.563659 0.356833 0.000362 -1.123703 0.250947 -0.470092 1.099952 -0.275086 -1.167494 -1.007816 0.042720 -1.363748 -0.703974 0.740639 -0.058291 0.943775 0.432164 0.278764 0.781894 -0.448570 0.493452 0.027957 0.448143 0.374570 0.504676 -0.102524 -0.563931 -0.233553 -0.424740 -0.494061 
0.443206 0.498520 0.802474 -1.491281 0.709553 -0.717356 -0.689686 0.034997 -0.368393 0.584699 -0.714537 -0.786526 0.212421 0.408425 0.164093 -1.306058 -0.825443 -0.029238 0.017840 0.322768 -0.016088 -0.047572 -1.542348 0.098745 1.043606 -0.182327 -0.275127 -0.707982 -0.603773 -0.424984 -1.950714 -1.013622 0.336883 0.338918 0.547179 -0.670100 -0.853666 -0.035566 0.512183 -0.208312 -0.613668 0.577517 0.016547 -0.275235 -1.202486 0.819114 0.056712 0.301358 0.507289 -0.184758 -0.037755 0.487101 0.029204 -0.443045 -0.016604 -1.518592 -1.167435 -0.481618 0.974038 -0.362316 0.316942 -0.890155 -0.092414 0.717295 
1.479891 0.711262 0.467359 -0.378116 1.626066 -0.142561 0.190004 -0.905577 0.278892 -1.058795 0.201578 -0.010981 1.313324 0.965425 -1.373608 -0.157676 -0.679475 1.363927 0.744238 1.019048 0.617777 -0.619784 -1.413439 -0.206707 0.987377 -0.119945 0.587566 -0.933400 -0.407667 -0.163831 -0.382127 0.831896 0.749030 1.332586 1.049689 -0.687463 -1.445322 -0.368242 0.108892 -0.047564 0.487947 0.800351 -0.371615 0.228211 -1.631450 -1.001292 -1.408131 -0.627529 0.421480 0.446169 0.543612 1.227588 -0.662297 0.581833 0.069345 -1.428016 -0.891387 -0.852009 0.098511 -0.071799 0.481186 -0.019641 -0.740244 0.537117 
0.394218 0.139443 0.702126 0.622176 0.912342 -0.442060 0.693158 -0.034828 -0.235869 0.266558 -0.416568 0.368834 -0.432011 0.229926 0.271272 0.942511 0.184654 0.287818 -0.140820 0.946270 0.136428 0.908973 -0.925022 -0.087328 0.897827 -0.255048 -0.800163 0.238402 -0.048140 0.123744 -1.536085 -0.371960 -0.759258 1.014347 0.055254 0.518953 -1.182363 -0.914888 -0.447255 0.506229 0.612304 -0.221639 -1.374204 -1.015397 -0.761550 0.136027 0.073947 0.598051 0.160866 0.653567 0.829219 0.797173 -0.202910 -1.125410 0.320736 -0.583970 -0.361711 0.599247 -0.021210 -0.196062 -0.545458 -0.937685 -0.438319 0.744920 
0.981744 0.014493 -0.672814 0.707139 0.270093 -0.219293 0.027122 0.967897 0.466552 0.007053 0.037632 0.223560 -0.172321 1.055678 0.275516 0.826841 0.017922 0.527298 -0.805594 0.751614 0.120549 -0.473056 -0.699529 0.755884 0.829022 0.074808 -1.337547 0.074639 0.394767 -0.196751 -0.400185 -0.162436 -0.166872 -0.214639 -0.636580 -0.229034 -0.395193 -0.228933 0.027125 0.362728 -0.528971 -0.496651 0.343604 0.114858 0.860943 0.120529 -0.503111 0.598132 0.241279 0.309496 0.544714 0.020306 -0.640953 0.547938 -0.344010 -1.267259 0.634089 -1.078931 -0.358414 0.483613 0.076189 0.244661 -1.162394 -0.577258 
-0.572052 -0.679552 -0.691831 -0.473483 -0.960564 0.083973 0.242792 0.081968 -0.748880 0.675982 0.040063 -0.000502 0.487707 -0.507678 -0.743047 0.061792 -0.646625 0.269881 0.843526 0.257268 -0.582158 -0.198578 -0.852775 -0.050119 -0.782651 0.179302 -0.688840 0.665308 -0.772701 0.966057 -0.903300 0.517066 -0.141638 0.121737 0.275415 -0.805298 -0.492317 0.484174 0.540506 -0.594896 0.860045 0.912186 0.165371 -1.013533 1.129350 -0.740572 -0.047684 0.625459 -0.094149 -0.338000 0.421584 0.468246 -1.113306 -0.062729 0.338993 -1.134629 -0.938282 -0.748242 -0.493176 0.936258 -0.440649 -1.211588 -0.765246 0.502288 
-0.298718 -1.016879 0.954318 -0.043522 0.913893 -0.163459 0.691526 -0.126014 0.482107 0.105926 -0.731802 -0.536659 0.334982 0.972358 0.412502 0.158241 -0.669917 -0.949837 1.024125 0.569897 -0.816886 0.700908 0.148788 0.473688 -0.529641 -0.039971 0.721899 0.262676 0.139300 1.058292 -0.443360 -0.382616 0.835811 -0.600669 0.752578 -0.148441 -0.603550 -0.749639 0.634959 0.916690 -0.399279 -0.110285 -0.410936 -0.226120 -0.588709 -0.842660 0.390989 1.022515 0.055104 -0.116246 1.171838 0.359657 0.900330 0.670580 0.877387 -0.720834 -0.872173 -1.140312 0.752265 0.027315 -0.752296 0.121098 1.228595 0.283685 
0.365097 -0.432615 0.083583 -0.283529 0.364904 0.630880 -0.832041 0.455749 -0.767981 0.524293 0.620111 -0.797676 1.044259 -0.573844 0.120718 0.182877 -0.884045 0.503865 0.428690 -0.533798 -0.087744 0.132257 -0.657529 0.078350 -0.390090 0.041662 0.507175 -0.179132 -0.481049 -0.105557 -0.538544 -0.011204 0.040712 -0.603998 0.555392 0.110962 -0.927019 -1.425272 0.818523 -0.941585 -0.731597 -0.298786 -0.307947 -0.524510 0.461839 0.431299 0.315548 0.843286 -0.666877 0.158901 0.100243 -0.558817 0.220144 -0.301954 -0.820017 -0.074219 -0.867254 0.622830 -0.442979 0.234918 1.086063 -0.755038 0.030537 0.334438 
0.503348 0.187955 0.744857 1.074187 0.283692 -0.495956 -0.894626 0.077105 -0.355845 -0.502134 0.852936 0.937191 -0.342824 -0.166880 -0.125512 -0.368900 -0.460488 -0.433045 0.023470 -0.501451 -0.336233 -0.350224 -0.696907 -0.067559 -0.845410 0.244905 -0.100272 -0.785428 -0.927152 -0.882238 -0.751327 -0.515518 -0.366425 -0.206729 -0.105241 0.656522 -0.890995 0.039949 0.635820 0.889265 0.648586 0.087467 0.527704 0.464612 0.105073 0.622760 -0.772293 0.402012 0.471107 0.231592 0.551772 -0.386530 -0.920193 0.864519 0.355982 0.430886 -0.816486 0.725069 -0.899183 0.901046 1.159206 -0.284123 -0.281421 1.061446 
0.722144 -0.536829 0.091610 -0.511034 0.090524 0.097877 0.724589 0.219492 0.923708 -0.324261 0.346678 -0.631358 0.290655 0.417716 -0.456148 -0.867974 -0.964351 -1.014191 -0.368065 0.512001 0.888387 -0.661848 -0.587138 -0.320077 0.831838 -0.654660 0.532861 -0.710661 -0.641407 -0.681292 0.088026 -0.408072 0.579395 -0.833451 0.074916 -0.663359 -0.540256 -0.019791 0.989938 0.527772 -0.615809 0.256898 -0.961994 -0.105598 0.622925 0.376182 0.104913 1.060945 -0.223886 -0.656300 -0.815081 1.000655 0.618513 0.573446 0.172819 -0.706457 0.267749 0.377923 -0.442735 -0.588642 -0.717547 0.392905 -0.597102 -0.289086 
0.782240 0.732309 -0.310180 -0.333191 0.044277 -0.089726 0.814272 -0.199079 -0.767471 0.464428 -0.940064 0.164683 -0.187061 0.214088 -0.373730 0.572266 -0.244040 0.587190 0.792822 -0.609663 -0.839854 0.441685 -0.218517 0.278161 -0.143984 -0.870519 0.973829 0.107960 0.473635 -0.350398 -0.515855 0.014984 0.937212 -0.268966 -0.602372 -0.473941 -0.971243 -0.464222 -0.630676 -0.891618 0.060899 0.205790 -0.838533 -0.196352 -0.651094 -0.706544 -0.283139 0.704362 0.989381 -0.238638 -0.075064 0.969128 0.760826 0.690049 -0.592095 -0.258058 0.284690 -0.041244 0.096094 -0.129557 0.459438 -0.582525 -0.254584 -0.877985 
-0.881487 0.426942 0.507897 -0.684193 -0.493500 0.744433 -0.358684 0.049446 -0.273476 0.381340 -0.811989 -0.002899 0.257901 -0.707572 0.106354 0.806031 -0.420207 0.752412 -0.586435 -0.096503 0.982291 -0.803528 -0.091030 -0.435763 0.600024 0.345073 -0.940424 0.546014 -0.243469 0.429836 0.548365 -0.393474 -0.328959 0.328787 -0.840144 -0.793388 -0.415438 -0.588238 0.427188 0.723624 0.394456 0.957866 -0.272002 -0.524574 0.802850 -0.137669 0.306784 0.880055 0.109444 0.566005 0.827834 0.046552 0.677854 -0.108216 0.007082 0.130007 0.125526 0.756465 0.893854 -0.249856 0.322982 -0.630349 0.346800 0.779503 
-0.743706 -0.068636 0.299250 0.840083 0.814264 -0.489201 0.336711 -0.204993 0.563769 0.970397 0.181433 0.547288 0.576536 0.736625 -0.370765 -0.516221 -0.631336 -0.769217 0.506943 0.851619 0.016266 0.772825 0.211585 0.390303 0.509018 0.769585 -0.605629 0.529954 -0.595326 -0.998485 -0.648549 0.469161 0.847224 0.819391 -0.315656 -0.556688 0.010102 -0.937071 -0.207617 0.497665 -0.971703 0.515737 0.759694 -0.923948 0.481000 -0.293191 -0.800960 -0.260537 0.487472 -0.126903 -0.384320 -0.675042 0.478805 -0.105936 0.852596 -0.140928 -0.291971 -0.988218 -0.819351 -0.461953 -0.439254 0.148528 -0.404086 -0.914365 
-0.270669 -0.365581 -0.113987 -0.196081 -0.687368 0.158177 -0.971007 0.626881 0.904355 0.752373 0.486618 0.490829 0.731559 0.626942 -0.045747 -0.666433 0.907468 0.662404 0.131077 0.035371 0.858882 -0.623951 0.071688 0.613269 -0.007355 -0.826838 -0.317667 0.982116 0.662832 -0.304117 0.924497 -0.405560 -0.499130 0.082125 0.287515 0.272073 0.171667 0.947386 0.093966 0.540696 -0.381878 -0.098483 -0.801386 -0.217811 0.856136 -0.586596 0.645314 0.514573 0.383160 0.835505 0.842708 -0.885739 -0.737663 -0.599231 -0.177526 -0.708182 -0.054659 0.006073 -0.858028 0.634083 -0.105075 0.591418 0.993835 -0.474593 
0.072420 0.930479 -0.915342 0.760247 -0.650685 -0.356120 0.847102 -0.840571 0.908444 -0.753105 -0.455306 -0.496567 -0.305094 0.045442 -0.164769 0.093539 0.981384 0.691702 -0.647511 0.255531 -0.892148 0.213050 -0.128941 -0.903500 0.461104 -0.674551 0.614917 -0.171484 -0.246315 -0.154759 -0.726859 0.970824 -0.332865 0.010041 -0.714225 0.743645 0.920408 0.523606 0.960814 -0.033906 0.826594 -0.865352 0.986328 -0.229713 -0.599109 0.564379 -0.100558 -0.556017 -0.918516 -0.407147 0.075106 0.715445 -0.873775 0.119846 -0.203955 -0.208533 0.747490 0.008820 -0.031343 -0.537645 0.048189 0.530198 -0.955748 0.585314 
0.820734 0.213965 0.711661 -0.740287 0.271950 -0.075106 -0.080111 -0.994018 -0.263771 0.973571 -0.202734 0.260964 -0.560717 -0.925840 -0.973937 0.501999 -0.624500 -0.036653 0.237526 -0.687124 -0.639027 -0.509201 0.988647 -0.296670 0.324564 -0.003998 -0.116550 -0.004975 -0.100070 -0.218421 -0.598560 -0.413678 0.381268 -0.502304 -0.004425 0.908811 0.103854 0.248634 -0.978210 0.887204 0.313761 -0.765374 -0.935911 0.216163 0.588000 -0.258522 -0.784539 -0.233985 0.867794 -0.710135 -0.120640 0.429182 -0.831965 0.758232 0.652333 -0.278726 -0.975280 0.289529 -0.148045 -0.551439 -0.256874 0.797052 -0.748650 -0.246376 
-0.490585 0.879391 0.583361 -0.146702 0.428205 -0.041780 -0.623646 0.779901 -0.452132 -0.548265 0.685659 0.439192 0.937254 0.795282 0.280740 0.297159 0.875179 0.121860 -0.147374 0.008148 -0.784173 0.416486 -0.196692 -0.702994 0.993103 0.954283 0.179418 -0.592578 -0.675771 0.836970 -0.686697 -0.570544 -0.321696 0.439558 0.733268 -0.181616 0.569750 -0.420454 -0.094089 0.417096 0.739860 0.221046 -0.626637 -0.704398 -0.110019 0.526963 -0.152745 -0.281106 -0.973022 0.071017 -0.178137 -0.443831 -0.514573 -0.977172 -0.729911 0.444624 0.687185 -0.882321 -0.016511 -0.981445 -0.297647 -0.776055 0.118992 -0.481368 
0.673696 -0.678701 -0.483932 0.091647 -0.834346 -0.299051 -0.654714 0.094211 -0.496506 -0.798883 0.651296 0.713797 0.161473 -0.709464 -0.646901 0.217322 -0.734733 -0.188269 0.264199 0.142186 -0.729850 -0.803034 -0.306009 -0.259255 0.876949 0.969787 -0.805780 0.991516 -0.750847 -0.656667 0.012604 -0.511582 0.593554 -0.269814 0.815241 -0.476852 0.165685 0.973327 0.241981 0.669240 -0.234962 -0.886715 0.855647 0.184423 -0.220435 -0.497299 0.048677 0.540941 -0.155614 -0.919187 0.469100 0.397382 -0.823969 -0.379009 -0.471603 0.324686 0.645009 -0.237098 0.554491 -0.401898 -0.351299 0.642933 -0.849116 -0.631336 
-0.151402 0.934324 -0.673635 0.525559 0.832087 0.110019 0.955748 -0.437605 -0.236732 -0.258827 -0.864559 0.760674 0.084628 -0.357768 0.997070 0.000763 -0.668813 0.677602 0.538621 0.515732 -0.878475 -0.960570 -0.960448 -0.102084 -0.613758 -0.187963 -0.380718 0.672964 -0.102512 0.632923 -0.496811 -0.248451 -0.838069 -0.735893 0.557970 -0.926145 -0.260598 -0.113010 -0.341105 0.756829 0.049471 -0.069063 -0.547777 -0.941710 -0.270547 0.250832 -0.926328 0.470443 0.605152 0.463851 -0.612659 0.253517 0.337626 0.259499 0.306070 0.724784 0.808283 0.494675 0.756462 -0.387066 0.304666 0.886044 0.851192 -0.208106 
-0.430651 0.112825 0.830782 0.705855 0.775019 -0.857478 0.336466 0.797711 -0.512576 -0.408864 0.579743 -0.744436 0.679433 -0.067647 0.966918 0.385261 0.858027 -0.636157 0.742362 0.929563 -0.632245 0.151085 -0.781058 -0.367971 0.931151 0.250707 -0.854029 -0.622510 0.491848 -0.962386 0.789026 -0.792963 0.418866 -0.064059 -0.722789 0.521348 -0.861507 0.777655 0.785695 0.793146 -0.746466 -0.306374 0.104550 -0.906919 0.212131 -0.646718 -0.823607 0.745600 -0.405744 -0.635474 -0.857459 -0.574031 0.067663 -0.354579 -0.518085 0.007728 0.087250 0.582586 0.780677 0.489631 -0.607076 0.785212 0.723751 0.276673 
-0.628922 0.251492 -0.154445 -0.816754 -0.657817 -0.244418 0.616445 0.413376 0.836102 0.270530 0.425433 -0.125762 0.918552 -0.757224 0.016380 -0.890791 0.630843 -0.484894 -0.058261 0.184485 -0.393268 -0.261140 0.611095 -0.193667 0.921817 0.055190 0.465896 -0.969016 -0.745069 -0.110432 -0.126027 -0.156775 0.399333 -0.359973 -0.710281 0.916379 -0.789361 -0.897698 -0.748912 -0.108493 0.037246 0.420764 0.754143 0.464647 0.700310 0.392254 -0.389382 -0.395235 0.097079 -0.072347 -0.698844 -0.784164 0.464018 -0.514331 -0.064839 -0.462815 0.392126 0.296129 -0.181353 0.653673 -0.363842 0.172355 -0.727248 -0.688903 
-0.209474 -0.255316 -0.811269 -0.498439 -0.118740 -0.093640 -0.075332 0.021369 0.969269 0.299880 -0.883716 -0.707507 0.774498 -0.344280 -0.100914 0.912347 0.434836 -0.224339 0.203239 0.082076 0.435122 0.009142 0.592610 0.283382 -0.231661 -0.005490 -0.729879 0.550876 -0.590818 -0.479485 -0.267306 0.648365 0.138583 -0.697989 -0.086748 0.317842 -0.199316 -0.684965 -0.315848 0.165129 0.060376 -0.851997 0.333362 0.337005 -0.332952 -0.050384 0.612597 0.286327 0.421116 -0.691473 0.462644 -0.079147 0.621461 0.486854 -0.455766 -0.323857 0.632918 0.904723 0.064379 -0.464115 0.757123 -0.118019 0.001211 0.383997 
0.350435 -0.012904 0.682491 0.193989 0.739878 0.552122 -0.607214 0.231253 0.047091 -0.801966 0.104439 -0.813899 -0.779755 0.253787 -0.630066 -0.467196 -0.945192 -0.220120 0.593283 -0.574256 -0.548905 0.174167 -0.463685 -0.073316 0.880981 -0.163928 0.250259 -0.166480 -0.822717 -0.737396 0.289866 -0.390087 -0.328353 0.899601 -0.535786 -0.201275 -0.251564 0.865039 -0.286228 0.727400 -0.016929 -0.053148 0.760354 0.854957 0.584793 -0.392547 -0.609691 -0.970323 -0.088198 -0.318703 0.276994 0.842027 0.629555 0.353353 -0.811680 -0.214450 0.719901 0.677716 0.715988 -0.418624 -0.521634 -0.247500 -0.568549 -0.016811 
-0.432601 -0.626738 -0.868768 0.877893 -0.734328 -0.348036 -0.849057 0.661404 -0.770032 -0.516036 -0.188292 0.230873 0.232008 -0.878476 0.183771 -0.293449 0.276290 0.164415 -0.823360 0.015719 -0.747231 0.444216 0.839178 0.605054 0.669796 0.351827 -0.901762 -0.123268 -0.219214 -0.551936 0.807145 -0.286397 0.033848 1.053691 -0.744015 -0.663439 0.927085 0.233917 -0.031129 -0.308831 -0.533853 -0.299011 -0.945810 -0.702818 -0.074105 -0.052707 0.350767 -0.926320 0.654901 0.093833 1.029096 0.287153 -0.385702 -0.201324 0.746383 0.235462 -0.436875 0.884676 -0.057495 0.159249 -0.477437 0.592792 -0.922949 -0.403050 
-0.957763 -0.702425 0.353284 0.086394 -0.193200 0.165083 0.321367 -0.058525 0.677705 0.677294 -0.333733 0.102472 0.779219 -0.660317 -0.912689 -0.829612 0.883495 0.584671 -0.982270 0.644483 -0.560477 0.008764 0.879683 -0.810381 0.545471 -0.681256 0.506933 0.620493 -0.562504 -0.589846 -0.753551 0.955053 -0.739760 -0.292116 -0.390431 -0.004710 0.179512 0.880253 0.078501 0.168878 -0.837373 0.416867 -0.857541 -0.179813 -0.829214 0.551169 0.712030 0.661078 -0.030911 0.706466 0.325414 -0.431443 -0.338934 0.529970 -0.902830 0.385546 -0.928268 -0.201149 0.939333 -0.300267 -0.387575 0.242326 -0.608414 -0.286026 
-0.774012 0.154724 -0.755348 -0.682819 -0.288390 0.033978 -0.927332 -0.330450 -0.449221 -0.707043 0.134280 -0.523272 0.848097 1.034849 -0.139074 0.628620 0.666952 -0.516704 0.187086 -0.883140 0.624341 -0.908417 -1.046101 -0.414408 0.917870 -0.490334 0.198416 0.841822 -0.605296 -0.510350 0.318135 0.313423 0.396941 -0.015345 -0.048842 -0.113698 -0.724165 -0.722737 0.673438 0.268893 0.742086 -0.749051 -0.102622 -0.521019 0.852079 0.001891 0.474462 -0.934039 0.315000 0.837712 0.956665 1.064168 -0.167139 -0.797974 0.107871 0.540642 0.149764 0.658406 -0.082070 -0.249611 -0.530195 -0.449352 -0.073605 -0.180167 
-0.021162 -0.660876 -0.614858 -0.868538 -0.674369 0.224010 0.412786 0.449987 0.009815 0.873919 0.650045 0.029739 -0.653382 -0.845669 -0.838716 -0.064839 0.412589 -0.801757 -0.244537 0.198838 0.339510 0.849574 -0.421332 0.461251 -0.804452 0.684462 0.754827 0.696942 -0.162308 0.992504 0.337907 -0.212099 -0.543309 -0.350863 0.395120 0.079769 -0.799633 0.783310 -0.624052 -0.872597 0.837091 0.152008 -0.693026 0.574141 0.204589 -0.117781 -0.750082 0.374637 0.882800 0.363191 0.517236 -0.265696 0.260150 -0.364344 0.683726 0.179855 0.729738 -0.210052 0.055744 0.529055 -0.180204 0.342496 0.996820 0.407453 
-0.849624 -0.755093 -0.088115 -0.892108 0.000123 0.694375 0.595541 -0.068527 -0.791719 -0.081966 -0.336760 0.437484 0.354211 -0.097711 0.868674 -0.239200 -0.120074 -0.260798 -0.219099 -0.247327 -0.730638 -0.424953 0.022183 -0.117359 -0.222973 -0.414613 -0.027231 0.975347 0.029050 0.278775 0.198340 0.363847 -0.511878 -0.372253 0.256585 0.567015 -0.238353 -0.073151 0.820120 0.834947 -0.859724 0.158579 0.272969 0.229148 -0.133063 0.771779 -0.837639 -0.081831 -0.050284 0.560652 -0.675648 0.168185 0.044511 0.495760 0.694684 -0.388080 -0.296083 0.419005 -0.449410 -0.463044 0.388711 -0.542469 0.408780 0.971899 
0.573848 -0.732619 0.477986 -0.206288 0.081783 0.422681 0.725564 0.676792 -0.685026 -0.085013 0.600382 0.374448 0.808353 0.350123 -0.200068 -0.233461 -0.132833 0.833110 -0.660855 0.662882 1.016411 0.427806 0.783938 0.687254 0.094640 -0.003507 0.543746 -0.510325 0.155226 0.662913 -0.233490 0.011637 0.525443 -0.208852 -0.044153 0.351763 -0.266412 0.166251 0.635683 0.506073 0.375601 -0.697112 0.795809 0.636129 -0.480927 0.272482 -0.564567 0.017828 0.827568 -0.346623 -0.986650 -0.252273 -0.668811 -0.575552 -0.995027 0.221435 0.972980 0.848522 -0.410066 -0.622618 -0.114239 0.699588 0.531686 -0.011728 
-0.375088 -0.201365 -0.330151 0.715827 0.908872 -0.665041 0.906501 0.321983 -0.512829 -0.581371 -0.086717 0.517088 0.672548 0.482557 -0.680398 0.835828 0.163527 -0.788131 0.454934 0.451227 0.040799 -0.378687 -1.041839 0.616192 0.555453 0.680534 0.056202 -0.668538 -0.587623 0.448034 0.162844 -0.243469 -0.393642 -0.917412 0.959175 -0.477370 -1.002803 -0.086566 -0.552645 0.261108 0.028842 0.609615 -0.202275 0.864147 -0.669522 0.995645 0.055271 -0.096954 -0.156662 0.768595 0.426418 0.578805 -0.876505 -0.871965 -0.535560 0.254826 -0.523636 0.205017 0.371867 -0.704820 0.043188 0.922378 0.869272 0.963120 
0.701988 0.227647 -0.331948 0.470821 0.846649 0.440536 0.244703 -0.491904 -0.101140 -0.022958 -0.938001 0.541403 0.811997 -0.544351 0.545231 0.398536 -0.466399 0.520934 0.217903 0.206528 0.076458 0.354878 -0.494810 0.639744 0.579761 -0.506091 -0.627478 0.394854 0.146736 -0.955305 -0.526728 -0.439912 0.732885 -0.705853 -0.787638 -0.866036 0.428563 0.543750 0.890463 -0.789790 0.857113 0.061265 -0.806053 -0.765945 0.899593 0.328058 -1.112854 -0.234353 0.124111 -0.213838 0.854720 0.228193 -0.441174 -0.546477 -0.925920 -0.740022 -0.933348 -1.008874 -0.916648 -0.313923 -0.421858 -0.078742 -0.125863 0.341641 
0.679197 0.970781 -0.789256 0.564903 -0.765474 -0.354475 0.910993 -0.324056 -0.314735 0.090837 0.468333 -0.877995 -0.708911 -0.477496 -0.545827 -0.403791 -0.107111 -0.941960 0.730015 -0.371623 -0.330671 0.855699 -0.699005 0.642751 0.546045 -0.868000 0.041854 -0.396752 -0.519161 0.736046 0.612220 0.411746 0.995866 -0.609029 0.334611 -0.739432 -0.170185 -1.028250 -0.383944 -0.533223 0.668509 0.686510 -0.056214 -1.020131 0.664686 -0.915871 -0.145417 0.823364 0.095429 0.223945 0.790232 0.749470 -0.265079 0.952610 -0.419430 -0.518652 0.732336 0.510057 -0.075046 0.192741 0.199300 0.602235 -0.813040 -0.382166 
-0.942727 -0.590529 -0.023134 -0.381267 0.400686 -0.205537 0.038211 -0.359240 -0.989757 -0.766560 -0.445257 -0.074662 -0.878374 -0.516215 0.212937 0.040027 -0.120443 -0.965934 -0.898326 -0.626784 0.449395 0.317251 0.798682 -0.522179 -0.123897 -0.645343 0.880885 0.877212 -0.372301 0.824590 -0.420915 0.295860 0.463709 -0.709400 0.555086 -1.011597 0.091127 0.210692 -0.817379 0.144591 -0.050022 0.512027 -0.023316 0.152177 0.043030 0.764163 0.013480 -0.784640 1.046173 -0.029973 -0.007548 -0.707856 -0.242576 -0.617037 -0.063312 0.327927 0.346403 0.756745 0.052388 0.967801 0.683140 0.762145 -0.942869 -0.672473 
0.594928 -0.066656 0.793007 -0.906778 -0.300901 1.003431 -0.263960 -0.934980 -0.969571 -0.009912 0.772388 -0.382310 0.229275 -0.517176 0.754807 0.398895 -0.739803 -1.082578 -0.717851 -0.684581 0.968661 0.999837 -0.607471 0.944528 0.985045 0.941944 -0.530305 -0.877760 -0.142686 -0.345538 -0.606679 0.216492 0.189729 -0.158042 -0.743326 0.267090 -0.953659 0.799322 0.263075 -0.640027 0.308201 0.545558 0.236890 -0.100794 -0.389241 -0.046576 -0.164326 0.328069 -0.682128 0.284984 1.144687 0.383791 0.692411 -0.534659 0.024489 0.077823 0.802999 -0.904436 -0.331537 -0.456642 0.710136 -0.772099 -0.769101 0.947027 
0.779821 -0.070232 -0.141693 -0.406730 -0.482028 0.260214 -0.858179 0.361088 -0.028020 -0.154921 -0.415154 -0.028794 -0.393890 0.705647 0.300600 0.366094 0.948180 0.341904 0.375851 0.499370 0.831630 -0.099290 -0.397832 -0.103761 -0.717442 -0.330822 0.420770 0.263526 0.343209 0.708210 0.118460 0.154847 -0.207778 0.846890 0.488049 0.326659 -0.446802 0.194589 0.512403 0.219766 0.561527 0.814047 0.733200 0.435561 0.824078 0.180966 0.621858 0.419107 -0.237972 -0.690621 -0.895857 -0.506118 0.660554 0.914199 0.570273 0.282060 0.048098 -0.098996 -0.015859 0.496466 -0.996510 -0.259652 0.182201 0.965663 
0.008628 -0.106124 -0.462408 0.741730 -0.828094 -0.526354 0.380242 -0.769662 0.906628 -0.679965 0.628603 -0.459859 -0.754719 -0.810809 0.030632 0.837495 0.645233 -0.164097 0.465109 0.470214 0.662082 -0.566621 0.666061 0.238089 -0.821688 0.306011 -0.366105 -0.741220 0.111223 0.107355 0.678033 -0.910075 0.843199 -0.603429 -0.128000 -0.987513 -0.546811 0.747696 0.533525 0.851590 0.256554 0.406705 0.294029 0.967321 0.066853 0.118619 0.532233 0.607026 -0.844485 0.142572 -0.703342 0.730716 0.769748 0.419542 -0.351192 -0.908001 0.969858 0.353908 -0.800651 -0.970413 -0.675476 -0.643131 -0.697198 0.869134 
-0.269071 1.040019 -0.310388 0.759018 1.001262 -0.481198 0.580085 0.385101 0.027880 -0.077077 0.888124 0.046349 0.077830 -0.076296 0.798926 -0.599829 -1.022439 -0.890188 0.716415 0.088369 0.094743 0.819714 -0.999102 0.913544 0.082284 0.617879 -0.357859 -0.003141 -0.058053 -0.732092 -1.005982 -1.109121 -0.817744 -0.694071 -0.387492 -0.506085 -0.414308 0.173931 -0.051283 0.345901 0.106764 -0.771522 0.934355 -0.382907 0.950108 -0.708852 0.760712 -0.789876 0.663937 0.934604 0.852917 -0.802836 -0.900819 -0.307405 0.067739 -0.059879 -0.533337 0.731031 0.496850 -0.271877 0.318236 -0.285636 -0.611764 -0.837575 
0.851352 -0.196666 -0.691375 -0.417092 0.370199 0.429376 -0.129220 -0.708283 0.496333 0.183233 0.932479 0.158319 0.089131 -0.869395 0.571673 0.975391 0.115203 0.779315 -0.947382 -0.839527 -0.373947 0.221941 -0.016827 -0.385492 0.404678 -0.627239 0.223896 -0.548056 0.704067 0.497106 0.267757 0.849517 -0.157324 -0.601335 -0.973693 -0.176772 -0.209543 0.846822 -0.611576 0.827580 -0.262200 0.295655 -0.449359 -0.384887 -0.147790 0.277030 -0.303981 -0.466379 0.534069 0.880878 0.569252 -0.438840 0.761135 -0.551358 -0.294669 -0.744820 0.464841 0.320007 0.050453 -0.082202 -0.247381 -0.328779 -0.409365 -0.751897 
0.733866 -0.310588 0.085426 -0.498169 -0.378490 -0.922198 -0.619685 0.666034 0.471969 -0.345109 0.494154 -0.429937 0.220174 -0.164743 -0.061452 0.914540 0.692051 0.515046 0.487768 0.488205 0.925059 0.719458 -0.001961 -0.692905 -0.444441 0.361298 0.041700 -0.535281 0.656688 -0.798265 0.501356 0.829101 0.859432 -0.386636 0.429243 0.931375 0.928954 0.170385 0.499802 -0.590877 -0.181543 -0.297172 0.159522 -0.884025 0.271452 0.727825 0.537752 -0.402437 0.055607 0.069271 -0.068103 0.748255 -0.151863 -0.646802 -0.559494 0.382340 -0.125342 -0.613392 -0.942145 0.034288 0.345621 -0.864266 0.252697 -0.405225 
-0.245399 -0.969115 0.904843 0.248085 0.103427 -0.458724 -0.761895 0.048860 -0.884945 0.815119 -0.161412 0.939268 0.497665 0.119236 0.730277 0.371258 0.321879 0.961791 -0.770013 -0.127964 0.573534 0.682791 0.424055 -0.136509 -0.054720 0.330546 0.789483 -0.952086 0.928282 -0.364483 0.522691 -0.326518 -0.732292 0.894406 -0.863094 0.990051 0.843989 0.576708 -0.107273 0.209449 0.041658 0.466536 -0.378033 -0.717704 0.670217 -0.847591 -0.490524 0.803461 -0.502853 -0.323283 -0.605762 -0.641346 -0.542833 0.157811 -0.847896 -0.374248 0.600024 -0.802057 -0.276223 -0.458296 -0.161718 0.888058 -0.650929 -0.151219 
-0.440596 -0.776971 -0.428694 0.332194 0.162877 0.740043 0.573412 0.061373 0.585803 -0.808893 0.408490 -0.052095 -0.120701 -0.935728 -0.312052 0.932432 -0.101535 -0.235755 0.288369 0.112644 0.167577 -0.734001 -0.359111 0.125462 0.983886 -0.946226 -0.834590 0.095492 -0.177831 -0.842952 0.410932 -0.537706 -0.897275 -0.902646 -0.533738 0.999634 0.384930 -0.442671 -0.797540 0.337443 -0.951353 0.585131 -0.090365 0.301614 0.527757 -0.853755 -0.108860 -0.618336 0.155248 -0.163854 0.576891 0.640370 -0.314432 -0.435530 -0.280984 0.376751 0.554308 0.025544 -0.767937 0.856197 0.939085 0.765496 -0.760063 0.418867 
0.683523 0.660512 0.892697 -0.720145 -0.852718 0.616932 -0.485153 0.333110 0.044221 -0.692923 0.649403 -0.728324 0.330973 0.752373 0.557054 -0.662709 -0.790582 -0.433210 -0.263100 -0.989319 0.304727 0.672903 -0.972472 -0.043672 -0.918577 -0.696951 0.853999 -0.466659 0.560472 0.098483 -0.819636 -0.814325 -0.600330 -0.882138 0.733695 -0.976928 -0.600330 -0.430342 -0.942076 -0.093661 0.498581 -0.921751 -0.035981 -0.651051 0.316691 -0.700858 -0.063814 0.547899 0.315348 -0.307047 0.057955 0.854976 -0.369060 0.273293 -0.979919 -0.996765 0.647755 -0.861141 -0.226356 -0.601062 -0.629444 -0.396222 -0.611011 0.792718 
0.662038 0.737724 0.685293 -0.358135 -0.595630 0.128941 -0.808466 -0.522568 -0.349467 0.682424 0.002594 0.586535 0.825312 0.265542 0.091525 -0.675710 -0.960204 0.014008 0.642079 -0.632984 0.582751 0.110385 0.962889 0.219337 -0.351787 0.847896 0.546495 -0.712577 -0.634144 -0.208350 0.834956 0.832026 0.193579 0.850459 -0.744438 0.111301 0.736015 0.070589 -0.911985 0.029450 -0.948607 -0.034333 -0.273476 0.600208 -0.490463 -0.806879 0.898618 0.540208 -0.737602 -0.608264 -0.596179 -0.696829 -0.608997 -0.008698 -0.065645 0.868587 0.790460 0.807550 0.539964 -0.404157 -0.144505 -0.765130 0.300027 -0.541551 

Weights for layer 2:
-3.042943 -1.389338 -2.867343 3.695111 3.041442 2.751923 -4.143209 -0.539590 -2.113490 3.977777 
5.098963 -0.389618 -0.158808 -0.797710 0.594989 -4.598935 -1.434901 0.758881 -1.855813 1.936428 
1.152061 -0.265472 -1.322425 1.059019 -0.592119 0.498825 -1.051271 2.150179 -1.040458 0.199771 
-0.522715 0.907653 -3.248364 -0.167578 2.935101 -1.246733 4.565897 1.339646 -0.170577 -3.751320 
0.819070 1.716949 -2.451121 -0.017652 -2.427594 3.331986 1.231433 2.179871 -3.952646 -1.449370 
-3.606329 -0.147922 -2.434444 1.010975 1.151291 0.071407 -2.838668 3.972339 2.597635 0.644443 
-1.484996 1.856011 -1.339095 -2.609670 4.818797 -2.597774 1.362506 1.296654 -0.207663 -0.617582 
-1.599078 -1.277550 1.809191 1.343922 0.936431 1.938932 -0.455434 -2.985075 3.176949 0.253652 
-1.021943 2.248106 -1.150415 -5.112278 2.684730 0.447651 2.254087 2.405945 1.221562 1.668297 
0.001635 -0.939930 0.120630 -1.755826 0.097256 2.839139 -0.529052 0.031641 1.361729 -0.123061 
1.286131 -1.796178 -0.036357 -4.292390 3.124331 -1.229955 -4.101972 0.907368 -0.246411 3.292016 
0.272303 2.288105 2.768551 -3.048595 2.054324 -0.294320 -1.528561 3.338736 -3.939748 -1.837185 
0.605210 -2.058819 0.626290 1.860963 0.865383 -1.076011 -0.938314 2.751456 -5.054432 2.291012 
4.914878 -0.780213 2.343225 -0.693955 -1.960784 -1.209913 0.995632 1.493918 -3.558812 -1.328575 
2.148041 -0.402338 -1.468888 -2.162367 -2.866090 2.990024 -2.251708 3.008308 -1.682807 -0.020143 
-2.235914 -1.608471 -1.593304 -0.383911 0.530529 1.734088 -1.335074 -2.443120 3.829366 2.525311 
1.876022 0.811986 1.050553 1.723137 -4.534651 3.596191 3.061473 -2.660053 -0.976831 -2.272849 
-2.783331 -0.201214 -3.155542 3.944192 3.456427 2.929691 -5.453270 0.861713 -2.989947 4.484393 
-0.157798 -0.413188 1.785983 -1.781553 -2.340491 -0.182236 1.086313 -2.086555 0.346023 2.213732 
-1.532996 2.825243 2.882420 1.742930 -1.059670 -1.478136 -3.605777 0.489745 0.195178 -0.764002 
-0.311536 1.958540 3.581329 2.646558 0.741775 -4.976041 -3.011608 1.795699 -1.527946 0.780345 
1.089083 1.264729 0.557006 -3.123583 2.176108 -0.736711 -1.648779 2.176731 -3.371387 2.504770 
-0.344380 0.590592 1.560805 0.152774 1.600358 -1.413672 0.659413 -0.942408 -1.802827 -4.303949 
4.246122 -3.579027 1.446920 -0.975081 -3.079767 -1.529317 3.707949 1.121329 1.403524 0.419818 
-2.909095 -1.343656 0.792144 -0.667967 -4.590981 3.335775 3.179672 2.939793 -0.152971 -0.855977 
-1.407064 1.280640 -3.717494 -0.024225 -0.431612 4.157798 1.172742 -1.371305 -0.424528 0.312580 
2.514827 0.280178 0.537115 -4.264768 2.754231 -2.900986 -1.374506 2.704359 -2.064554 -0.878361 
-1.912511 2.189348 -3.010144 -0.971786 3.258374 -0.026174 2.483930 -2.136293 -0.413749 -0.795995 
-1.692100 -0.962339 2.850014 1.370253 -4.159754 1.346530 3.102297 0.357442 1.089294 -2.299165 
-0.399576 3.989506 3.715869 -2.127199 3.827343 -0.523828 -2.044362 1.453414 -3.003177 -2.588297 
-0.757738 -1.532341 0.421187 -0.580772 2.864047 0.592218 3.322350 -2.383004 1.373277 -1.341992 
-2.254430 3.178498 -2.874942 -1.051568 -1.468571 3.025618 3.200553 -1.225674 -0.056017 -0.811673 
1.609081 3.361497 -3.718272 -2.383696 -0.304811 2.708849 1.565849 -2.888439 -2.307526 -0.018460 
0.456166 2.554277 -1.961578 0.210549 -1.830549 -1.005818 -2.600349 2.420763 0.220209 3.173951 
-1.794935 3.050713 -2.773307 -0.261273 -0.885975 1.671888 -1.327990 -0.856856 1.351488 2.504185 
-0.269683 -1.286045 0.005828 0.899119 1.177340 -0.930716 2.093690 -1.169827 -1.826882 3.068278 
-0.246707 4.816211 3.806003 -0.633325 0.516767 -0.503388 0.452724 -0.973410 -1.925015 -3.548027 
0.380061 -0.339422 -3.874217 -2.145669 4.206396 2.859188 0.842151 0.474390 0.142490 -3.741572 
-2.186429 3.023499 3.723458 4.511196 -4.151770 0.493457 -4.168463 4.430329 -0.906457 -3.529159 
-0.641263 -1.640233 0.645104 1.759814 0.560568 -2.730760 -3.896679 -0.223771 3.419682 2.603429 
-0.063308 -0.652105 -3.126666 1.669874 -0.237573 1.372377 0.579540 1.693100 -0.515193 -0.474922 
4.086371 -2.016525 1.665849 -0.822584 -1.761697 -2.313847 0.533106 -0.493413 2.022064 -0.124275 
-0.726698 -0.378552 1.525757 2.631551 -0.221937 -2.633766 0.804182 -0.701627 2.394753 -1.924536 
1.601279 -1.189115 -1.333379 1.717984 0.087410 0.157514 3.452853 -1.020289 -0.989571 -1.607157 
-3.894808 3.724072 3.145676 0.727312 -2.228315 0.531591 -0.209644 0.390624 -0.308509 -3.205127 
0.160898 -2.016772 1.817286 -1.429335 -0.162203 0.180072 -2.275265 -1.699549 0.576152 3.594770 
1.900175 -2.868646 3.691087 -0.471062 1.086305 2.105553 1.871235 -0.185772 -1.886945 -3.732545 
-1.723872 -0.106452 2.544436 -1.184277 -3.553819 2.621724 2.566071 1.181557 0.622883 -2.938037 
2.414675 -2.846834 -0.565422 -1.488662 -1.175527 3.672166 -0.768180 -1.285703 0.573585 2.491967 
0.837939 -1.490686 -0.917582 -0.194490 -5.188573 4.816041 -2.577617 2.771231 -0.365404 2.423279 
-0.658746 -0.388876 -0.618582 4.890323 -1.719212 3.252252 -2.662741 -2.197673 1.275864 3.026737 
-3.357917 1.937184 4.492409 -0.041115 -0.991231 0.406282 -2.277103 3.658845 -2.969728 -2.331792 
-1.061008 2.172097 -2.231110 -3.340652 4.172544 -3.006912 -1.893324 3.795161 -3.941163 2.092142 
-3.334440 1.410413 0.382829 1.466782 1.849119 -2.053622 -1.806942 0.291813 0.198391 -0.440357 
-3.071142 3.193385 1.588338 0.797691 2.109090 -4.128107 -1.627062 -0.829096 -1.097386 -0.003737 
2.081533 0.448829 -0.512547 -0.544748 2.599422 -0.498198 0.629966 -1.404993 1.332565 -3.314239 
2.747366 0.720816 2.089987 1.140321 -3.680056 -0.925092 2.405917 -2.823042 1.569468 -1.803626 
0.069350 -3.549047 -0.464015 1.858187 -1.185422 4.174347 1.383614 -1.375575 0.983498 -1.843667 
-0.703267 4.018400 1.856735 -2.365143 2.400117 0.509982 0.528499 -1.100544 -1.709102 -1.919517 
0.562189 -0.785601 0.028219 3.608836 -5.092246 1.934307 -2.002031 2.698928 0.896583 -0.514242 
-2.560954 0.778339 0.694112 1.500477 1.352763 2.222915 -4.251525 1.256529 -3.328211 3.179331 
1.322000 0.320165 1.575197 -2.155089 -0.955001 -0.986931 1.728854 -2.632597 -2.195686 1.266726 
-3.335018 0.777029 -0.376096 0.211310 2.471783 -3.756023 -0.083256 5.710413 -1.336123 -2.951214 
1.844575 -0.930592 -4.993128 -1.164077 1.878135 -0.188850 3.283695 0.414633 -3.675971 2.249132 

