Number of layers: 3
Layer sizes: 784 64 10 

Weights for layer 1:
-0.058465 0.021422 0.014907 -0.008885 -0.009326 0.055898 0.039084 0.039479 -0.009444 -0.051072 0.035644 -0.066382 0.055087 -0.035870 0.005368 0.072122 0.056787 0.054907 -0.054815 -0.032533 0.004341 -0.069560 -0.076394 0.059549 -0.077626 -0.057870 0.050015 -0.021746 -0.046359 -0.043166 -0.077503 0.052720 -0.026017 0.028436 0.083012 -0.004829 -0.055133 0.034017 0.017469 0.042806 -0.042514 0.067461 -0.059867 -0.000213 0.015559 -0.065648 0.058774 -0.051293 0.024831 0.045661 0.017546 -0.075917 0.036599 0.035326 -0.047052 -0.037918 0.035444 -0.077272 -0.028461 0.005974 -0.008479 -0.023076 -0.010548 0.072184 
-0.027737 0.065987 -0.061089 -0.011801 0.024472 0.031855 -0.073498 -0.051740 -0.041882 0.023461 0.011863 0.020652 -0.079608 -0.026777 0.032733 0.020575 0.040871 0.009716 -0.013685 0.069566 0.036229 -0.017895 0.046862 0.058958 0.083664 0.057485 0.056545 0.020683 -0.018003 0.061988 -0.075100 -0.040568 -0.071470 0.031434 -0.067409 -0.028282 -0.069489 -0.021027 0.019574 0.047181 0.001681 -0.000511 0.081651 0.041097 0.013449 0.064195 0.018973 0.054635 0.005065 -0.047792 0.046395 0.029519 -0.009203 0.018409 0.009218 -0.028800 0.068374 0.047920 0.064878 -0.056263 0.034869 -0.075290 -0.040116 0.072831 
-0.012597 0.037687 -0.064390 0.036630 -0.062932 -0.063641 -0.012484 -0.036789 0.081657 0.057202 0.006605 0.027152 -0.066023 -0.014332 0.051375 -0.008715 -0.029976 -0.074412 0.082483 0.023645 -0.043797 0.018599 -0.077457 -0.001979 -0.024831 -0.020657 -0.049096 -0.045923 -0.008207 0.082175 -0.068862 -0.065191 -0.058738 0.076738 0.014065 0.026731 0.050097 -0.071784 -0.031953 -0.001805 0.007504 -0.030905 0.006585 0.034232 0.062521 -0.016037 -0.062249 -0.055575 -0.027404 0.029622 0.005583 0.024554 0.056689 -0.011544 -0.020252 -0.060807 -0.057911 -0.015616 0.031747 -0.016422 -0.068980 0.005229 -0.045969 0.082499 
0.071414 0.019656 -0.076153 0.043427 0.007432 -0.058070 0.041066 -0.045471 0.077611 0.059693 -0.008726 0.038884 0.006795 -0.067871 -0.067199 0.033205 0.033842 0.074921 -0.078797 -0.074017 -0.019862 0.065217 -0.020544 -0.063790 -0.076825 0.074741 -0.022121 0.053465 -0.000865 -0.030895 -0.082119 0.048844 -0.029545 -0.046934 -0.048141 -0.058963 -0.048284 -0.071912 0.060381 -0.023651 0.069904 0.027876 0.064883 -0.061212 -0.052443 0.002867 0.065155 0.045568 -0.009167 -0.080589 -0.038853 0.047530 -0.012509 0.012823 -0.001076 -0.032404 0.024934 -0.027029 -0.009234 -0.062126 0.074602 0.043997 -0.009372 0.045009 
0.056381 0.010913 0.074808 -0.000285 -0.074289 -0.031285 -0.009773 0.044788 0.083002 -0.043664 0.021412 0.057485 -0.034319 -0.004372 -0.030869 -0.057059 0.001332 -0.026947 -0.052956 -0.043022 0.071563 0.063143 0.057582 0.017125 0.001620 -0.046359 -0.038314 0.005034 -0.064005 -0.073175 -0.054081 -0.049070 0.058491 0.037970 -0.040773 -0.083941 0.040516 -0.059200 0.073462 -0.021972 0.031501 -0.024939 0.017654 -0.033303 0.042154 0.009516 0.062414 0.028492 0.039089 0.020159 0.063261 -0.015569 -0.042971 0.074756 -0.051216 0.073827 -0.071809 0.002179 -0.023558 0.039597 -0.065053 -0.049342 0.004279 -0.011719 
0.026757 -0.073658 -0.029134 -0.019256 -0.029129 0.020991 -0.009583 -0.064046 -0.017515 -0.075100 0.068431 0.000480 0.058065 -0.061402 0.031891 -0.062306 0.062085 0.060617 0.015764 0.044665 -0.058353 0.037677 0.081010 -0.036245 0.032076 -0.016920 -0.021119 0.083823 -0.013280 0.075275 -0.008073 0.047530 -0.004598 -0.048074 -0.002934 0.069109 -0.035428 0.012674 0.036527 0.083736 -0.012746 0.030479 0.046616 0.077544 -0.037148 -0.023373 0.011349 -0.015780 0.012530 -0.026628 0.041497 -0.026413 0.055015 0.073370 -0.036276 0.022942 0.020211 -0.023610 -0.060853 -0.067122 0.074931 0.055431 0.013721 0.024375 
-0.017135 -0.066793 -0.048551 -0.022367 0.001291 0.018901 -0.055298 -0.081169 0.081328 0.059030 0.019615 0.037749 -0.057464 -0.055934 0.076717 -0.017705 -0.014897 0.021181 0.067230 0.032964 0.058630 -0.069992 0.057962 -0.080296 -0.079762 -0.058748 0.021910 -0.023974 0.083289 -0.054445 -0.051550 -0.011960 -0.008186 0.072482 -0.057839 -0.071347 -0.039197 -0.062306 0.062948 -0.046616 -0.052002 -0.006646 0.081117 -0.021438 0.083253 -0.038945 0.077888 -0.080358 0.058702 0.009388 0.046010 0.069222 -0.049445 -0.008084 -0.074227 0.000593 0.080501 0.052346 0.081631 0.018932 -0.036127 -0.068508 -0.046446 0.012982 
0.009152 -0.053603 -0.064601 0.065638 -0.040532 -0.033272 0.008505 0.031855 -0.072282 0.031788 0.014625 -0.081415 0.034766 -0.057305 -0.024862 -0.042524 -0.040018 -0.041091 -0.042811 0.018157 -0.034550 -0.066331 0.080773 -0.055554 -0.007606 0.026962 -0.000911 -0.043330 0.073570 -0.005927 -0.039602 0.010687 0.005994 0.020118 -0.076358 -0.051519 0.013762 -0.069576 0.013726 0.003956 0.008705 0.083520 -0.033601 -0.034196 0.019903 -0.064478 0.007386 -0.074212 0.072774 -0.062039 -0.025381 0.073185 0.069833 0.065987 -0.030669 -0.059924 -0.027291 -0.033816 0.017803 -0.058101 -0.003581 0.077303 0.010754 0.066141 
-0.062290 -0.035069 -0.074335 0.067645 0.040260 -0.047145 -0.083341 0.061125 -0.004844 -0.063184 -0.059251 -0.018901 -0.006646 -0.050728 0.019256 -0.003689 -0.076040 0.062080 -0.038016 0.012391 -0.037898 -0.010158 -0.010589 0.013326 -0.013993 0.018409 0.071106 0.048428 0.057772 -0.079829 -0.079675 -0.066891 0.080337 0.004151 -0.013475 -0.006456 0.023887 -0.046924 0.002231 0.063595 0.011975 -0.068030 -0.031722 0.082971 -0.021838 -0.043125 -0.034227 0.009557 0.034063 -0.010579 -0.022516 0.039705 0.081949 -0.057649 -0.023568 0.027049 -0.018937 0.042878 -0.049609 -0.065263 -0.021628 0.066028 -0.048310 0.043556 
0.021222 0.071938 0.009331 0.058907 0.017921 -0.018439 -0.007180 0.045081 0.000059 -0.048120 -0.062362 -0.025422 0.065715 0.062701 0.080604 -0.020473 0.066639 -0.069848 -0.062629 -0.056283 -0.072004 -0.044408 0.044454 0.017592 0.059123 -0.053850 -0.021956 0.021623 0.052007 0.012022 -0.026870 -0.006472 0.004870 -0.018470 -0.076522 0.012900 -0.024262 0.051981 0.057695 0.044567 0.052772 -0.073231 -0.068000 -0.046826 0.079279 -0.002154 0.034874 -0.074515 0.005968 -0.026474 -0.047581 -0.061125 0.076620 0.024847 0.081472 0.026562 -0.030813 0.018578 -0.001974 -0.021931 -0.032117 0.059667 -0.036671 0.057269 
-0.076450 -0.070043 0.021114 0.030541 -0.080933 -0.027013 -0.028184 -0.061946 0.079459 0.002395 0.060827 0.068903 0.078694 -0.038699 -0.053419 0.040193 -0.011221 -0.080363 -0.008551 -0.007478 -0.005106 -0.059657 -0.082360 -0.067404 -0.050800 -0.075131 0.048818 0.067158 -0.011750 -0.031028 0.011375 0.009578 -0.009778 -0.006672 -0.052253 0.039746 -0.062018 0.021119 -0.042981 -0.056735 -0.026300 0.035377 -0.044850 -0.043412 0.023912 -0.052967 0.044146 0.016956 -0.032199 -0.047627 0.049578 -0.006852 0.059426 -0.039767 -0.001758 -0.043956 0.053085 0.050009 0.026967 -0.031614 -0.060997 -0.032148 -0.019713 -0.033020 
0.065607 -0.041405 0.048094 0.057803 0.022670 -0.068585 0.009075 -0.053280 -0.050220 -0.070351 -0.054748 0.013367 -0.056761 0.080445 -0.006574 0.059040 0.048213 -0.033539 -0.020031 -0.081384 0.042211 -0.030607 0.037775 -0.013952 -0.017474 -0.014881 0.023522 -0.044649 0.050846 0.079187 0.011724 0.051252 -0.005347 -0.003499 0.020231 0.023147 0.063425 0.075054 0.065915 0.008423 0.037965 -0.027080 0.051206 0.052802 -0.066685 -0.054589 0.075408 0.038509 -0.017033 0.072189 -0.001456 0.004392 -0.048166 -0.015877 0.029380 -0.082986 -0.071850 0.041564 -0.012402 0.054543 -0.050112 -0.047422 0.021289 0.052962 
-0.056592 -0.011649 -0.060392 -0.034364 0.019018 -0.067827 0.007280 0.025293 -0.092489 -0.004456 -0.013052 -0.022243 -0.008855 -0.069790 0.008522 0.000690 -0.027636 -0.080866 0.011032 0.070410 0.033295 -0.016077 0.074712 -0.015562 0.063866 0.073340 0.062828 0.045823 0.003530 0.045827 0.028979 -0.063970 0.061011 0.032127 0.017710 -0.003780 -0.083983 0.007680 -0.004679 0.064449 -0.079749 0.050623 -0.017586 -0.030661 0.013096 0.049836 -0.041877 -0.002784 0.030782 0.061260 -0.050523 0.026740 -0.072396 0.079740 0.085661 -0.063171 0.046848 -0.018490 0.082597 -0.037464 -0.025423 -0.076515 0.020944 0.006092 
-0.022447 -0.065649 0.107363 -0.004144 0.018793 -0.009868 -0.046071 0.044086 0.012659 0.041357 -0.014203 0.047906 -0.035071 -0.054026 0.031646 0.082507 -0.015480 0.052723 -0.059615 0.039640 0.015932 0.009240 -0.045923 -0.012244 0.015569 0.051853 0.075085 -0.059724 0.030649 -0.014266 0.044658 0.070496 -0.021040 0.057151 0.069319 0.076329 -0.014970 0.033634 -0.059130 0.026635 0.051735 -0.022301 -0.070430 -0.014193 0.047830 0.064799 -0.057655 -0.016059 0.006411 0.063716 -0.031579 0.030354 0.076491 -0.022022 0.109948 -0.059260 -0.063654 -0.057375 -0.074083 0.011337 0.071231 0.042570 -0.002018 -0.061109 
-0.001271 -0.035161 -0.002601 -0.035979 0.047973 0.072014 -0.078344 -0.042208 -0.071152 -0.007565 -0.017003 0.057526 0.027003 -0.025715 0.018465 -0.066341 0.002092 0.062587 0.044413 0.007473 -0.045733 -0.013485 0.027311 -0.026403 0.083105 0.035340 0.052696 -0.003836 0.064180 -0.078893 -0.027295 -0.063656 -0.042488 -0.055575 0.051842 -0.039564 0.002672 -0.052825 0.007765 0.072966 -0.062593 0.032075 -0.013809 0.073468 0.073770 0.047080 0.025782 0.005010 0.057392 -0.036210 0.037313 0.069730 0.067851 -0.001435 0.049941 0.078926 0.049101 0.082492 0.057012 -0.062862 0.045666 0.051221 0.055262 0.049640 
-0.074659 -0.006846 -0.053511 -0.043166 0.049833 -0.058860 0.063795 -0.027501 -0.003411 0.026649 -0.027585 -0.076332 -0.078525 -0.054184 0.008695 -0.061659 -0.016899 0.034499 0.010574 0.068985 0.063215 -0.058938 0.039736 -0.002067 0.082838 0.054353 0.072211 -0.013577 -0.048012 -0.006872 -0.075341 -0.060796 -0.042544 -0.012638 -0.073827 -0.066300 -0.046508 -0.037580 0.069740 -0.073350 0.010487 -0.030541 0.003858 -0.031532 0.045296 -0.030545 -0.046231 -0.015837 0.078915 -0.077459 0.053953 -0.053701 -0.008993 0.040609 0.031865 0.003555 0.080517 -0.032216 -0.078812 0.044482 -0.043972 -0.056792 0.043258 -0.057623 
-0.074910 0.018927 -0.074448 -0.039094 0.050826 0.050990 -0.052233 0.042765 0.035649 0.069365 0.000701 -0.015369 -0.020657 0.043587 -0.042016 0.061880 -0.044162 -0.004264 -0.053003 0.068575 -0.029786 -0.017705 0.003709 0.037503 -0.077441 0.055339 -0.042113 -0.067291 -0.037467 0.061022 -0.025581 0.065279 0.020185 0.058804 0.073801 0.029457 0.074402 0.041769 0.066916 -0.071286 -0.055364 0.077832 0.077672 0.006538 -0.000993 0.057028 0.060483 -0.072122 0.050271 -0.003648 0.000270 0.050913 0.019939 -0.080881 0.043042 0.046749 -0.021653 -0.076096 0.057803 0.066654 -0.055400 -0.035362 0.064832 -0.017192 
0.082427 -0.042955 0.021674 0.051488 -0.006621 0.069350 0.065463 0.038812 -0.069304 -0.038124 0.039294 -0.010297 -0.056674 0.030027 0.074340 0.016761 -0.058332 0.050451 0.045902 -0.065725 0.059384 -0.032718 0.011570 -0.016468 -0.071470 0.068857 -0.045502 -0.058188 -0.056325 0.076492 -0.069571 0.048079 -0.064267 -0.052525 -0.049080 0.028533 0.013490 0.063302 0.028543 -0.008566 0.003068 0.072312 0.052864 -0.020976 0.056145 -0.053963 -0.076964 -0.072800 0.034884 -0.005075 -0.057690 0.017212 0.076107 0.037934 0.049640 -0.026423 -0.057300 0.023486 0.080763 -0.015770 0.069545 -0.058963 -0.029524 -0.053496 
0.061197 -0.025232 0.069571 0.051478 0.072343 -0.083623 -0.016524 0.083187 -0.013018 -0.033929 -0.024518 -0.059467 -0.023276 -0.080070 -0.023076 -0.063933 0.046061 0.050461 0.078915 0.014717 -0.042231 0.005435 0.071527 -0.020375 0.006446 0.041338 0.054486 0.036399 -0.004367 0.075342 0.021710 0.041713 0.082961 0.030915 -0.060986 -0.035875 0.007663 -0.010759 0.067979 -0.057038 0.028374 -0.079639 0.027024 -0.070366 -0.082627 0.029791 0.043833 -0.010979 0.012042 -0.019646 0.030243 0.067635 -0.003140 0.043818 -0.066316 -0.030315 -0.078663 -0.081431 0.024570 0.030171 -0.031573 -0.049732 0.031265 0.029637 
-0.054142 -0.013013 -0.011914 0.036116 0.061977 -0.067188 0.025463 0.046107 -0.079064 -0.076764 -0.051077 -0.077128 -0.009501 -0.019569 0.041974 0.036989 -0.046097 -0.068308 0.070038 0.069704 0.049496 -0.046174 -0.060560 -0.082986 -0.022115 0.003350 -0.002056 -0.013213 -0.033729 0.009280 0.056694 -0.052063 0.083669 -0.070387 -0.001019 -0.046467 0.041476 0.034150 0.046231 0.032035 -0.052710 0.010050 0.013624 -0.013824 0.040403 -0.055447 -0.000018 0.036132 0.045173 -0.069370 -0.006369 0.004048 0.040142 0.004130 -0.002185 -0.031629 -0.053876 0.018239 0.007842 0.016853 0.035880 -0.013901 -0.070536 0.007771 
0.073206 -0.007278 -0.051596 -0.003468 -0.011098 0.038807 -0.073740 0.050128 0.037816 -0.072980 0.015143 -0.061628 -0.020277 0.058080 0.056884 -0.052104 -0.061089 0.050651 -0.040876 -0.056838 -0.038386 -0.078129 -0.039998 -0.060704 -0.083217 0.069566 -0.054456 -0.016114 -0.044187 0.082360 -0.072066 -0.079151 -0.019764 0.021104 0.007601 0.029945 0.015369 -0.007996 0.076661 -0.081436 -0.061110 -0.027630 -0.057978 0.024128 -0.042334 0.083643 -0.042580 0.075434 -0.054666 0.076081 -0.017346 0.048911 0.043304 0.070351 -0.044172 -0.012946 -0.035182 -0.025478 0.065083 0.009013 0.077708 -0.041831 -0.063846 0.077082 
0.022983 0.075100 0.037610 0.007971 -0.036152 0.070397 0.009521 -0.034530 0.054055 -0.013049 -0.022680 0.072790 0.023574 0.083546 0.061423 0.054219 0.022434 0.006800 -0.061592 0.067835 0.078242 -0.065124 0.057305 -0.062296 -0.018814 -0.065931 -0.026151 -0.033744 -0.019646 0.078032 -0.051421 0.030448 0.067414 -0.074120 -0.074227 -0.025802 0.082134 0.077375 0.020283 0.019528 -0.070100 0.027152 -0.006076 0.003073 -0.041358 0.083305 -0.002036 0.029699 -0.055816 0.058229 0.063343 0.004079 -0.072194 -0.026628 -0.057880 -0.040973 0.009295 0.028271 -0.021556 -0.012740 -0.016165 0.028461 0.070064 0.013141 
-0.036255 0.064899 -0.077816 0.061567 0.013428 -0.052258 0.010076 0.082920 -0.061567 0.028441 0.059225 -0.008700 -0.051103 0.071619 0.011226 -0.015667 -0.026515 -0.011585 -0.052248 -0.048829 0.026433 -0.065987 0.071327 0.055832 0.076789 0.048017 0.075300 -0.043438 -0.028122 0.032122 0.011175 -0.073868 0.051118 0.021484 -0.033246 -0.012294 -0.026023 -0.084008 -0.009552 -0.005157 -0.068831 -0.026382 -0.069555 -0.033298 0.080465 0.000393 -0.048916 0.074073 0.021012 -0.060827 0.049393 -0.076225 0.035716 0.032897 0.006954 0.069940 0.027306 -0.000244 -0.049342 0.016324 0.064781 -0.061613 -0.070664 0.012119 
-0.020052 0.045250 0.025679 0.064324 0.080142 0.011580 0.083351 -0.063779 0.080327 0.061022 0.064031 -0.052109 0.003114 -0.047037 -0.053942 -0.044572 -0.018342 -0.068580 0.011144 0.025925 0.022074 -0.055405 -0.073837 0.016678 0.025175 -0.062747 -0.010009 0.061597 -0.053516 0.064560 -0.075845 0.014353 0.057844 -0.071599 -0.076800 0.019548 0.011924 0.058907 0.016417 -0.074998 0.037646 0.031603 -0.066706 0.042847 -0.060329 -0.024133 0.066829 -0.036902 0.071008 0.033375 0.006857 -0.053675 -0.047971 -0.020175 -0.051740 -0.083382 0.050723 -0.038411 -0.067892 0.076820 0.042226 0.018172 0.037405 0.017818 
0.071922 0.015169 0.014568 0.007370 0.022372 0.013829 -0.035834 -0.015595 -0.056191 0.010101 0.047268 -0.055785 0.013059 0.078838 -0.010214 -0.067656 -0.015816 0.024102 0.068451 -0.032230 0.028687 0.076040 -0.033493 -0.036163 0.068503 0.052926 0.046831 -0.032435 0.004397 0.042924 -0.083454 -0.055483 -0.038247 0.024169 0.008366 -0.065325 -0.071825 -0.036378 0.043299 -0.025360 -0.076286 0.000336 -0.068169 -0.061269 0.078093 0.066572 0.006425 0.040147 0.073468 0.066459 -0.082345 -0.042283 0.018794 -0.034366 -0.015456 0.021191 0.027301 0.070505 -0.042698 0.065248 0.058450 0.009218 -0.007591 0.058178 
-0.012371 0.057793 -0.024061 -0.034047 -0.049152 -0.041240 -0.023810 -0.070556 -0.081739 0.053444 -0.019651 0.066028 0.057926 0.043438 0.013942 -0.035957 0.002431 0.034140 -0.024570 0.041230 -0.074320 0.017166 -0.051791 -0.043212 0.028359 -0.079115 -0.014091 -0.050513 -0.006523 -0.081087 -0.034977 -0.045153 0.057582 -0.070721 0.014917 0.018619 0.043766 0.012930 -0.067892 0.056022 0.020801 -0.068595 -0.060478 -0.049588 -0.055950 0.077005 0.019933 0.059770 -0.076425 0.016406 0.016078 -0.071953 -0.010748 0.057675 0.081965 -0.019523 -0.011082 0.062650 -0.023389 -0.037785 0.003381 0.073524 -0.018686 0.077005 
0.063882 0.003894 0.080979 -0.068795 0.060422 -0.065232 0.022485 0.062136 -0.027542 -0.051770 -0.081194 -0.021494 -0.035454 0.029791 -0.025838 0.015369 -0.026367 -0.018414 0.008417 -0.078016 0.013059 0.045640 0.047730 -0.029118 -0.021330 -0.007714 -0.032096 0.030032 0.013942 0.064822 -0.037867 0.031213 0.051252 0.021273 -0.012135 -0.031896 -0.077344 0.000819 -0.035552 -0.002713 0.003283 -0.039479 0.053958 -0.046641 0.079367 0.064005 -0.063194 0.028862 -0.062907 -0.054666 -0.052433 0.079767 0.037220 0.070962 -0.045681 -0.019872 0.051555 -0.073473 0.024549 0.000691 0.019287 -0.047514 -0.061264 -0.066008 
0.048649 -0.063394 0.080296 -0.021633 -0.042883 -0.053881 -0.077996 -0.083777 -0.008921 0.040455 0.002292 -0.064365 -0.019656 -0.031439 0.078448 -0.032959 -0.080850 -0.029396 0.023163 0.042786 0.001984 0.018522 0.020929 0.065592 0.077493 -0.038796 0.069381 -0.020467 0.081893 -0.072369 0.052782 0.075372 0.069258 -0.079367 0.056345 0.068667 0.054112 -0.026387 0.001322 0.047186 -0.033883 -0.028970 -0.047863 0.075388 -0.067645 0.000300 0.007108 0.038442 0.009213 -0.000552 -0.053583 0.046508 -0.084064 0.072851 0.072466 -0.046559 0.078858 0.071224 0.051498 -0.006949 -0.003899 -0.023666 0.051632 0.077667 
-0.057742 0.023183 -0.023163 -0.069668 0.004028 0.081205 0.082519 -0.049265 -0.057105 -0.080948 -0.050138 -0.060930 -0.067846 0.042770 -0.054045 -0.047863 -0.055539 0.021227 -0.040460 0.079310 0.024231 0.045230 0.044249 0.048043 0.062275 -0.057670 -0.053701 -0.011118 -0.038920 0.047869 -0.038709 0.073185 -0.014240 0.004911 -0.071101 0.017022 0.002097 0.061762 -0.012140 0.033862 -0.079854 -0.069596 0.068128 0.023728 0.044850 -0.057264 0.060304 -0.072826 -0.049008 0.072626 -0.005450 0.050718 -0.032553 0.046585 -0.018013 -0.082165 0.018583 -0.019471 -0.076286 0.004033 0.076101 0.054707 -0.081852 0.031244 
-0.002606 0.010276 0.025925 0.030582 -0.024590 0.007822 -0.013495 0.035880 0.049049 -0.069961 0.069406 0.074566 0.067409 0.014856 -0.047073 0.019620 0.070916 0.069391 0.009763 -0.040393 -0.040799 -0.017171 0.041795 -0.022300 -0.077159 -0.033791 0.011703 -0.003355 0.004074 0.040763 0.000793 -0.073586 -0.072738 0.062819 0.071137 -0.069524 -0.080594 -0.024878 -0.046703 0.037821 -0.039669 0.058465 0.078925 -0.073801 0.033390 0.032276 0.009963 -0.045681 -0.005912 -0.025391 -0.010225 0.062496 -0.055005 0.059528 -0.014507 -0.025165 0.070829 0.063538 -0.071938 0.014245 -0.019035 0.013131 0.061726 0.075008 
0.046154 0.065145 0.062275 -0.066223 0.066115 -0.017397 0.041738 -0.042252 -0.058142 -0.001189 0.079973 0.007298 0.044696 0.067830 0.055000 -0.033914 0.067527 -0.033103 -0.054528 0.032307 -0.061335 -0.059256 0.021777 -0.001835 0.069591 -0.020714 -0.078437 0.025489 -0.025381 -0.057880 0.063851 -0.042601 -0.063851 -0.032805 0.023368 0.010456 0.042955 0.012386 0.011005 0.055452 -0.070721 -0.013783 0.082119 -0.005260 -0.064893 -0.010702 0.022033 -0.041471 -0.050446 -0.064262 0.082262 -0.032178 0.022398 -0.073319 -0.034966 -0.026367 0.015123 -0.027732 -0.069196 -0.079819 0.021217 -0.070526 0.080491 0.068652 
0.004741 -0.065556 0.004731 0.051632 0.050410 0.009814 0.067168 -0.076974 0.010692 -0.033329 -0.047016 -0.008741 -0.056787 -0.035865 -0.044542 0.008741 -0.044346 -0.013855 -0.041112 0.057202 0.010261 -0.055729 0.076528 0.000670 -0.012366 0.012124 -0.079336 0.013968 0.057054 0.040121 -0.041107 0.067897 -0.029303 0.011467 0.082961 0.037790 0.020822 0.051642 0.021987 -0.000988 -0.078042 -0.066521 -0.077056 0.020704 0.039490 -0.045240 0.010091 0.030838 0.049055 -0.066002 0.001579 0.073272 -0.047114 0.051878 0.054990 0.015749 0.051570 -0.052417 0.050559 0.038930 -0.081461 -0.034268 -0.006816 -0.044008 
0.041726 -0.046333 0.024479 0.038802 -0.045095 0.009608 -0.034135 0.054253 0.056094 -0.072738 0.080440 0.028086 -0.073725 0.055026 -0.053582 -0.055818 0.008997 -0.021083 -0.010117 0.046460 -0.030723 -0.065407 0.046027 -0.039415 -0.080871 0.011159 0.001460 -0.015241 0.015128 0.034104 0.083187 0.075529 0.073288 0.068477 -0.041543 0.045665 -0.078319 0.055102 -0.068625 0.033133 -0.050771 0.035972 0.035475 0.047787 0.047191 -0.014487 -0.028164 0.009896 -0.064591 0.031500 0.066126 -0.071654 0.078524 0.081888 -0.030800 -0.049620 -0.040311 -0.022023 -0.014647 -0.069483 -0.016555 0.031542 0.070885 -0.066809 
0.073318 0.037703 0.040367 -0.029467 0.058710 -0.013742 0.061484 0.053403 -0.037279 0.058347 -0.070957 0.035319 0.073059 -0.065298 0.067634 -0.010543 0.080690 0.049179 0.062439 -0.071928 0.031595 -0.062989 0.022588 -0.062645 0.022136 0.006954 0.072269 0.044643 0.033175 0.043958 0.076916 0.050284 0.033983 -0.073062 -0.052767 -0.016931 0.066567 0.069099 -0.063357 0.070081 -0.062183 0.008812 -0.071531 0.035665 0.079460 0.054289 -0.010908 -0.013280 0.008515 0.037987 0.005476 0.007860 -0.015700 0.083965 0.010320 0.047302 -0.060406 -0.032164 0.022049 0.080255 -0.062378 -0.047571 -0.004151 -0.055942 
-0.066582 0.017128 0.056438 0.006844 0.080360 0.029010 -0.079976 0.042932 0.035937 -0.051159 0.058981 0.012895 0.043075 -0.045671 -0.062774 -0.085099 -0.060950 0.036540 -0.052046 0.047006 -0.007658 0.061203 0.011210 0.074045 0.032570 -0.053335 -0.042643 0.048540 0.043184 -0.074080 -0.000283 -0.022365 0.077812 -0.035461 -0.073950 0.045690 0.019276 0.053945 -0.014479 -0.064869 0.069792 -0.011297 0.036959 0.036504 0.005436 0.050186 0.059244 -0.032985 0.079029 0.016808 -0.030580 0.030126 0.010904 0.038485 0.064673 -0.007919 -0.061207 0.073750 0.026596 0.048547 -0.076962 -0.025496 0.039321 0.015890 
0.041415 -0.025186 -0.009810 0.054050 0.152786 -0.029523 0.034373 0.061406 -0.007864 -0.055220 -0.062908 0.048498 0.082297 0.044619 -0.067535 -0.068587 -0.056942 0.047279 0.007271 -0.005231 0.067056 -0.004215 -0.062573 -0.074724 -0.059641 0.027986 0.069549 -0.066073 0.061230 -0.040131 -0.002675 -0.071969 0.001705 -0.030224 0.024066 0.015028 -0.067143 0.057192 -0.063052 0.048016 -0.068602 0.026314 0.036530 0.003850 -0.053330 -0.054783 -0.071906 0.037400 0.042821 -0.055802 0.024588 -0.035757 0.081684 0.014672 -0.071424 0.060676 -0.010451 0.032222 -0.050219 -0.016297 -0.001672 -0.076882 0.051617 -0.074861 
0.073936 0.038534 0.015549 -0.069416 0.182931 0.068844 -0.026254 0.063649 -0.032257 -0.028176 -0.051869 -0.029608 0.014197 0.047712 0.009100 -0.076616 0.033068 -0.068203 0.015298 -0.037331 0.049947 0.017506 -0.036197 -0.030823 -0.010805 0.028649 0.063907 0.060427 0.018721 -0.120300 -0.034260 0.058661 0.090944 -0.016423 -0.050149 -0.065942 0.044394 0.029624 0.081218 0.040212 0.031551 -0.069071 0.027380 -0.012507 -0.059145 -0.033735 -0.069889 0.014355 0.048285 0.049274 -0.015217 0.031851 0.028292 -0.031352 -0.021725 0.140269 0.039811 0.006963 -0.008952 -0.048525 -0.030894 0.036721 -0.029673 0.035058 
0.077535 0.066675 0.042960 0.058129 0.085996 0.001037 0.057186 -0.080572 0.017036 0.039054 -0.086155 0.050894 -0.073236 0.072606 0.037431 -0.048842 0.053192 0.049448 -0.010373 0.047188 -0.009392 -0.015294 0.071769 -0.056896 0.011463 -0.019864 0.019602 0.030977 -0.067085 0.017166 0.044120 -0.074501 0.067029 -0.036850 0.000684 -0.064127 0.001517 0.058454 0.076917 -0.091660 -0.024625 0.058694 0.013840 0.057098 -0.065202 0.082652 -0.021712 -0.085553 -0.011950 -0.020510 -0.084134 0.037891 -0.042071 0.051944 0.018785 -0.005935 -0.047360 0.050391 -0.059970 -0.068522 0.062038 -0.009878 -0.024354 -0.043525 
0.083556 -0.039676 0.089607 -0.076996 0.054099 0.007533 0.015388 -0.083345 -0.060844 0.071874 0.045439 -0.066094 -0.011376 -0.039434 -0.050993 -0.013730 -0.059675 -0.059882 0.041037 0.073277 0.017403 0.008315 0.028751 -0.020054 0.056669 -0.000799 -0.074095 0.036706 0.071619 -0.028995 -0.042795 0.019425 -0.040714 -0.050545 0.052317 0.014904 0.038011 0.064614 0.072866 -0.100508 -0.052055 0.076244 -0.062837 0.013721 -0.025195 0.018102 0.069254 -0.009318 0.010654 -0.022834 -0.033151 0.036386 0.025659 -0.003300 -0.056846 0.033011 0.012938 -0.004042 -0.006434 0.006360 0.080419 0.020968 0.009075 0.043670 
0.009055 -0.009295 0.060810 -0.075873 -0.019585 -0.083024 0.010648 -0.072436 -0.045187 0.079631 -0.022506 0.048723 0.088842 -0.021804 0.023576 -0.105654 0.059548 0.004478 0.028810 -0.016746 0.023930 -0.059225 -0.048359 -0.045495 -0.037341 -0.052020 0.030041 0.019530 -0.053914 -0.084121 0.029076 -0.080161 0.042176 0.068254 0.066700 -0.013969 -0.029887 -0.064975 -0.074282 -0.031751 0.010468 0.026172 -0.035738 0.105931 -0.004461 0.078918 -0.044411 0.017735 0.010988 -0.028395 0.036301 -0.003599 -0.011362 -0.104971 0.042518 0.039577 0.084633 -0.082426 -0.061472 -0.064508 -0.087440 -0.046800 0.092598 -0.090022 
0.017393 -0.025086 -0.008330 0.047178 0.049062 -0.026956 -0.056052 -0.099301 0.017374 -0.011123 -0.063160 0.055166 0.074319 -0.027688 -0.032914 -0.143586 -0.042578 -0.021091 0.042850 -0.057736 -0.054067 0.067671 -0.010820 0.028312 -0.031497 -0.059612 -0.012121 -0.005316 -0.007778 0.030049 -0.042856 -0.071294 0.045457 0.023542 -0.077085 0.019155 0.051404 -0.026615 0.086014 -0.102222 0.039330 0.045699 0.037942 0.106524 0.052535 -0.008588 -0.032522 0.003653 -0.030798 0.086376 -0.061111 -0.024784 0.022889 -0.082600 0.067710 0.132432 -0.055741 -0.020256 -0.027998 -0.002723 0.051767 0.031456 -0.029062 -0.092829 
-0.001099 0.035173 0.048884 0.062124 -0.017720 -0.059825 -0.012542 0.066443 0.043099 -0.022692 0.058918 0.053115 0.002908 0.040215 0.061572 -0.105617 -0.054236 -0.112071 -0.027422 -0.080312 -0.008228 0.071027 0.048871 -0.077838 0.074870 -0.025404 0.047755 0.061345 0.034615 -0.053133 -0.077255 -0.017455 0.044975 -0.059563 -0.083708 -0.083724 0.082330 0.065069 0.060921 0.016277 -0.077695 -0.017834 0.011739 0.109286 -0.055418 0.049165 0.004095 0.041992 -0.047777 0.066552 0.077625 -0.085401 0.061486 -0.042111 0.059796 0.053950 -0.037149 0.074800 0.048717 -0.007235 0.071088 0.077468 0.009371 0.031605 
-0.060367 0.009625 -0.089701 -0.049163 -0.007881 0.012687 0.017996 0.016279 0.014792 -0.029886 0.078752 0.061503 0.048651 0.044738 0.038402 0.069132 -0.060809 -0.077163 0.073986 0.061561 0.054879 0.060630 0.055049 -0.067156 -0.031724 0.021020 0.031291 -0.087561 0.034239 0.024487 -0.006074 0.037900 -0.061000 0.027517 -0.077951 0.066507 -0.039436 -0.000300 -0.048362 -0.069820 0.034528 -0.013030 -0.021187 -0.115932 0.027857 -0.024131 0.074449 -0.019363 -0.070868 0.000817 -0.070208 -0.079318 -0.075390 0.036242 0.127828 -0.122871 -0.080875 0.019341 0.037886 -0.044091 0.099787 0.043370 -0.035241 -0.029380 
0.009550 -0.065237 0.033839 -0.140048 0.043563 -0.017810 -0.005144 -0.112374 -0.087759 -0.025448 -0.043336 -0.065512 -0.045087 0.043171 -0.076154 0.011042 0.087401 -0.079789 0.027716 -0.068432 0.017437 0.077775 -0.013133 -0.022346 -0.153295 0.008909 0.005989 -0.000161 0.081414 0.055514 0.067458 -0.014435 0.062903 0.075237 0.069967 0.003054 0.015336 -0.036423 0.049516 -0.012213 0.010550 0.004052 -0.061756 0.077708 0.087780 -0.061703 0.063660 0.070765 -0.023447 -0.048486 0.063421 -0.074618 0.034015 0.011689 0.128293 0.092666 0.014036 0.082563 0.048045 0.011788 0.073779 0.073111 -0.146917 0.046493 
0.097852 -0.013425 0.068251 -0.209877 0.110140 0.026015 -0.050903 -0.077968 -0.086872 -0.082658 0.019214 0.056996 -0.042273 -0.165225 -0.144389 -0.043004 0.183472 -0.040168 -0.016463 -0.096219 -0.138300 0.016196 -0.171211 0.072544 0.020846 -0.017646 -0.020066 -0.000369 -0.049500 -0.094543 -0.057292 0.032376 -0.042612 -0.043157 0.069870 -0.000344 -0.025271 -0.075291 0.084862 -0.116253 -0.040982 -0.052076 -0.024176 0.035724 -0.039645 -0.013267 0.437793 -0.030079 0.067988 0.044627 -0.045306 -0.012571 0.089723 -0.058902 0.200488 0.107931 0.022760 0.095544 -0.055938 0.087349 -0.071907 -0.076825 0.059403 -0.080075 
0.098139 -0.069104 0.093751 -0.171966 0.062251 0.011270 0.042244 -0.110941 -0.061339 -0.023386 0.015394 0.006367 -0.090813 -0.107909 -0.038644 -0.070647 0.035886 0.004141 0.045307 -0.021769 -0.078962 -0.049632 -0.095565 -0.005312 0.051805 -0.025838 0.004578 0.059633 -0.071331 0.048972 -0.084369 0.021898 -0.011561 -0.036273 0.050586 0.014391 -0.008309 -0.005735 0.068661 -0.072465 -0.006769 0.027386 -0.032839 0.090695 -0.003637 0.062524 0.244382 -0.048495 -0.074047 0.070854 0.010027 -0.074330 -0.025795 -0.002868 0.085433 0.001240 -0.008932 0.012471 0.023862 0.074708 0.060355 -0.025730 -0.038602 -0.011472 
0.068432 -0.070208 -0.016495 0.023922 -0.049565 -0.056121 -0.079391 -0.050367 -0.075709 0.077089 -0.046307 -0.051490 -0.064655 -0.075375 -0.045941 0.051111 -0.053240 0.034297 0.050305 -0.069682 -0.050705 -0.025074 -0.126978 -0.037998 0.050260 -0.056997 -0.079147 -0.011351 -0.067738 -0.001483 0.043630 -0.028524 -0.065457 -0.030490 0.056729 0.029519 -0.032139 0.077753 0.010498 -0.081294 -0.031283 0.091777 0.000142 0.021896 0.030985 0.081297 -0.077220 0.016640 0.037474 0.000025 0.042143 -0.045742 0.048545 -0.041584 0.069098 0.096527 0.023741 0.079235 -0.018653 0.029039 0.082120 0.055990 0.040130 -0.061053 
-0.033049 0.060803 0.002689 0.010990 0.010609 -0.119712 -0.115011 -0.056323 -0.086394 0.064017 -0.035701 -0.033328 0.097676 -0.000835 0.019733 0.050008 -0.005712 0.027139 0.023889 0.001698 0.070053 -0.041586 -0.100009 0.026288 -0.028643 0.068264 -0.013785 0.056975 -0.037300 0.041396 -0.033497 -0.065969 0.092764 -0.069177 0.049343 0.027300 0.056909 0.050134 0.048813 0.035292 -0.042956 -0.043500 0.085866 0.074697 0.015851 0.005603 0.053625 -0.071679 -0.037042 -0.040882 -0.051803 0.033660 0.071276 -0.085691 0.003314 -0.018578 -0.017918 0.061934 -0.063384 -0.084797 0.047822 -0.000221 -0.041893 -0.090116 
-0.044580 -0.010815 -0.022823 0.061869 0.068084 -0.159449 -0.183333 0.012547 0.043467 0.027059 -0.059011 0.062775 0.094558 -0.000728 -0.032717 0.054854 0.044041 -0.047702 0.070419 0.063119 -0.000261 -0.023572 -0.053588 -0.033727 0.078853 -0.021595 0.011882 -0.024462 -0.043446 0.050523 0.080760 0.074548 -0.011215 0.057443 0.073397 0.036676 -0.009775 0.053233 -0.051721 0.014152 -0.018891 -0.022985 -0.014523 -0.005991 -0.007003 0.057307 -0.044424 0.027091 0.016751 -0.000650 0.046871 0.055081 0.042466 0.015034 0.072436 0.033417 -0.018121 -0.086458 -0.077637 -0.061951 -0.066095 0.046006 0.004232 -0.080110 
-0.054973 -0.029876 -0.004705 0.083858 0.067837 -0.078737 0.046535 -0.034507 0.046411 -0.023653 0.021020 -0.011146 -0.003451 0.024092 -0.015203 -0.061821 -0.050625 -0.042497 0.035771 0.023726 -0.047258 0.063790 -0.032504 -0.107698 0.025054 0.040328 0.073294 -0.006608 0.086201 -0.035835 0.028129 -0.036195 0.068789 -0.030186 -0.078468 0.000457 -0.078484 -0.013490 0.080484 -0.063753 -0.021508 0.003018 0.047741 0.058035 0.083633 0.052569 0.041423 0.065227 -0.074018 0.086376 0.067656 0.000354 0.051364 -0.015400 0.063446 0.050041 0.059419 0.047680 0.056960 0.069465 -0.025388 -0.025070 0.034951 0.064506 
-0.062316 -0.002938 0.061571 0.069360 0.049852 -0.065486 -0.033201 0.010410 0.059534 0.005603 -0.078989 0.080863 -0.017071 -0.079098 -0.100116 0.006593 -0.015735 -0.091981 0.026699 -0.070020 0.057967 0.017089 -0.135940 -0.068563 0.057805 0.029676 -0.004187 -0.016981 -0.033769 0.001185 0.037198 0.080095 0.054670 0.045409 -0.024780 -0.049927 -0.082773 -0.041267 0.050637 -0.028342 -0.043838 0.008548 0.033873 -0.000911 -0.010414 0.044949 -0.017768 0.049867 0.006502 -0.031590 -0.007514 0.078577 -0.065347 -0.018273 0.025592 0.019699 -0.004694 -0.054579 0.038744 0.040721 -0.035953 0.078978 -0.022424 0.041672 
0.013494 -0.014299 -0.075084 -0.074781 -0.041319 0.057496 0.070132 0.001141 -0.045885 -0.043766 -0.044111 -0.079742 -0.055408 -0.042898 -0.056959 -0.025862 0.003697 0.017926 0.070332 0.067705 0.031981 0.021442 -0.005401 -0.033710 -0.007716 -0.022762 0.024594 0.062149 -0.052458 -0.052205 -0.084062 -0.008451 0.079435 0.072949 0.027178 0.006907 -0.036954 0.010639 0.053465 0.040240 0.008064 0.070459 -0.039268 -0.061962 -0.000258 0.003407 0.019137 0.072848 -0.014712 -0.044517 0.055641 -0.074021 -0.049470 0.066579 -0.073495 0.018093 -0.012035 0.015094 -0.013562 0.005108 -0.036640 0.023765 0.019729 -0.032606 
0.001379 -0.063697 -0.076035 -0.021992 -0.016478 0.069566 -0.041646 -0.082781 0.041754 -0.078057 0.010158 0.013952 0.075819 -0.021068 0.003365 -0.028071 -0.060083 -0.003458 -0.061731 0.050579 0.009516 0.013598 -0.012047 -0.044511 0.072744 -0.002529 -0.016098 0.066131 -0.041687 0.000100 0.062501 0.022033 0.012674 -0.074725 -0.045815 0.035264 -0.040511 -0.057064 0.032789 -0.049542 -0.025853 -0.021510 -0.075511 0.074263 -0.017105 -0.014214 -0.018948 -0.026854 0.009860 -0.063440 0.070829 -0.065612 -0.063127 0.057274 -0.017264 -0.056699 -0.014825 0.077909 -0.065515 0.030325 -0.052438 0.042524 -0.071619 0.037482 
-0.005922 -0.068030 -0.021125 -0.033842 0.070392 -0.024323 -0.044603 -0.034982 0.039140 0.080491 0.055015 -0.057613 -0.061500 -0.082961 -0.024421 0.049055 -0.015128 -0.057783 -0.008967 -0.003129 0.030402 0.019410 -0.019358 -0.026675 -0.047314 -0.047293 -0.049691 -0.060221 0.014604 -0.057418 -0.051704 0.073514 -0.020206 0.064046 0.053614 -0.017490 0.059323 -0.028826 0.021628 -0.042185 -0.048438 -0.052125 -0.061849 0.041749 0.060309 -0.033570 -0.047525 0.008618 -0.024600 0.060699 -0.064159 0.073935 -0.016750 0.021453 -0.004156 0.045106 0.018686 0.038386 0.001502 -0.073863 -0.025181 -0.040265 0.058881 0.025833 
-0.011724 -0.028246 -0.076214 0.049039 0.074176 0.032471 -0.035624 -0.068970 0.083412 0.020822 -0.022239 0.043961 0.029632 -0.045563 -0.012309 0.002534 0.076107 0.050051 0.000254 -0.077364 0.061608 -0.020180 -0.015318 -0.004782 0.042580 -0.042395 -0.083741 0.042175 0.048392 -0.019826 -0.029319 -0.036353 0.022192 0.025627 0.034011 0.051596 -0.005260 0.057588 -0.036584 0.060334 -0.050256 -0.054353 -0.068934 0.046493 -0.067394 0.001194 -0.068898 0.018532 0.029432 0.052089 -0.030915 0.062342 -0.072928 -0.057639 0.013901 0.001954 0.036240 0.053280 0.053768 -0.074659 0.019163 0.021510 0.009372 -0.038571 
0.068431 -0.029452 0.014014 -0.034581 -0.062624 0.075978 -0.027537 0.021941 0.059246 -0.079305 -0.081959 0.067953 -0.076296 0.021802 0.079459 0.049573 0.066737 -0.080506 -0.010081 -0.075850 -0.017469 -0.079875 -0.075824 0.080640 -0.004233 0.042714 -0.041682 -0.024600 0.075783 0.064570 -0.061916 -0.069340 -0.070110 -0.064791 0.024508 0.023348 -0.081456 0.080281 0.055631 0.002041 0.063661 0.023389 -0.083294 0.048089 0.057516 0.062799 -0.001250 -0.074330 0.067147 0.056956 0.068374 0.037949 0.026279 0.055595 0.003057 0.083618 0.069725 0.026983 0.041666 0.008551 -0.029473 0.053362 -0.033174 -0.043669 
0.066629 -0.072631 -0.083967 0.042899 0.023070 0.026351 0.050970 0.023835 -0.064575 0.041995 -0.068616 0.016016 -0.047740 -0.034319 0.038293 -0.013228 0.062244 0.075300 0.068133 0.013577 -0.075054 -0.050256 -0.024436 0.036717 0.054420 -0.013752 0.068924 -0.069632 0.028749 0.063348 0.079536 -0.039572 0.081759 0.002108 0.070120 -0.069047 0.067645 0.001466 0.075162 -0.052443 -0.032322 -0.019666 -0.007334 -0.078001 -0.032548 0.039854 -0.015118 0.073406 0.067840 -0.030844 0.047396 0.054969 -0.050009 0.007925 0.013588 -0.028970 0.066880 -0.052007 -0.000295 0.072266 -0.028816 -0.035064 0.034083 0.038458 
0.067322 -0.074654 0.053403 0.020252 -0.062706 0.056099 0.018840 -0.024842 -0.066921 0.057777 -0.010795 -0.026094 0.026243 0.053218 0.072184 0.031331 0.083982 -0.051308 -0.077585 -0.049286 -0.063507 -0.074258 0.062953 -0.077087 0.040111 -0.012997 -0.011837 0.013860 -0.076599 -0.071794 0.035228 -0.045301 -0.068647 0.015035 -0.036486 0.059960 -0.078119 0.035701 0.051257 -0.022613 -0.075008 0.036306 0.004177 -0.035721 -0.048100 0.073329 -0.028682 0.048048 -0.073303 -0.065078 -0.027799 0.083500 -0.043864 0.034946 0.011647 -0.066028 0.059585 0.057156 0.046493 -0.071142 0.079300 -0.081785 0.061644 -0.016601 
0.070829 -0.036507 -0.075631 0.056848 0.043136 -0.082858 -0.052623 -0.001527 0.021000 0.061690 -0.021202 -0.056730 -0.027497 -0.037282 -0.031465 -0.020149 0.069191 0.064416 -0.002662 -0.084044 -0.019297 -0.042457 0.026305 0.051068 0.026772 -0.008592 0.044952 0.080323 0.028189 0.031439 0.034181 0.067574 0.025771 0.015066 -0.082062 -0.061161 0.054646 -0.023029 -0.070961 -0.080317 -0.053545 -0.009452 0.048828 0.050402 0.047992 0.051827 -0.044239 0.024739 -0.040522 0.016355 -0.007057 0.009519 0.050318 -0.048331 0.047517 -0.010147 -0.004403 0.006507 0.048305 -0.020467 -0.067563 -0.008916 -0.015893 -0.012695 
-0.006612 -0.043349 -0.047139 0.050842 -0.053193 -0.049789 -0.007998 -0.036063 0.083897 0.063265 0.039818 0.009843 0.038458 -0.038668 -0.070891 0.044986 0.047418 0.021511 -0.019584 0.003060 -0.063020 0.070452 -0.044450 -0.024056 0.004218 0.030027 -0.020617 0.068226 0.022810 -0.011734 0.051073 0.032509 -0.012924 -0.040854 0.062765 0.021225 -0.051545 0.039837 0.074260 0.023178 -0.041213 0.065237 -0.027964 -0.028257 0.040465 -0.051759 0.023151 -0.073750 0.070458 0.023192 0.007284 -0.028626 -0.014257 -0.005142 -0.077004 0.072397 0.075023 0.041185 -0.044475 0.040477 -0.074888 0.009059 -0.016098 -0.006285 
0.003538 0.072200 -0.026576 0.018365 0.055217 0.075319 0.055744 -0.006019 -0.077818 -0.012097 0.054699 0.007060 0.050981 0.063842 -0.073903 0.035397 -0.065838 0.009287 -0.020315 0.048230 -0.062943 0.038588 0.029284 0.008971 0.046384 0.049422 -0.047951 -0.006257 0.007263 -0.010508 -0.016218 0.003762 0.033137 0.056612 -0.062331 0.003466 0.001360 0.009920 -0.072753 -0.052208 -0.026996 0.054922 0.039036 -0.059766 -0.033439 -0.012799 -0.005149 -0.072254 0.046579 0.019640 -0.002381 0.023276 -0.063744 -0.023503 0.014574 0.029741 0.077381 -0.027348 -0.029120 0.002653 0.031715 0.050030 0.007719 0.031241 
0.018122 0.056729 0.071302 0.013263 0.014369 -0.039298 -0.042335 -0.040519 -0.074321 0.013391 0.009238 0.020677 -0.079063 0.032682 -0.012990 -0.009814 -0.064208 -0.038200 0.019456 0.017607 0.028666 0.051940 0.011584 0.042596 -0.025153 0.079811 0.039846 -0.016468 -0.002144 0.026378 -0.030237 0.050954 -0.069233 -0.072076 0.008692 0.004503 0.034929 -0.041388 0.022044 -0.057743 0.083590 0.011112 -0.072445 0.089386 -0.052378 -0.026431 -0.041770 -0.048152 -0.030870 -0.022418 0.029524 -0.032644 -0.008497 -0.038151 -0.040415 -0.022581 0.034545 0.042274 0.044764 0.008688 -0.026414 -0.060524 0.065758 0.043322 
0.040888 0.077286 0.084989 0.033495 0.049383 0.023067 -0.063764 -0.018405 0.063463 0.065030 -0.055451 0.048910 -0.019642 0.050844 0.066675 -0.009866 -0.029443 0.042836 0.038906 0.042340 0.006745 0.055319 0.061620 0.050587 0.022940 0.068844 0.066521 0.040415 -0.073547 -0.093343 0.061036 -0.010068 0.110269 -0.049292 -0.015783 0.047057 -0.050364 -0.012171 -0.029633 0.000773 -0.031401 0.075500 0.073208 -0.018188 0.021546 -0.035592 0.075576 0.001615 -0.014231 -0.033470 -0.083317 0.026789 -0.012837 -0.077505 -0.015230 0.138877 0.062424 0.076929 0.043260 -0.030839 0.060996 -0.076411 -0.074556 0.057107 
0.003032 0.025290 -0.061521 -0.014134 0.179286 -0.066300 -0.023483 -0.070229 0.050488 -0.016521 0.004281 0.001281 -0.027036 0.047090 0.034673 -0.032679 -0.080943 -0.146553 0.057433 -0.105031 -0.100222 0.074565 -0.070615 -0.073796 0.013885 0.047988 -0.063072 -0.059087 -0.022751 -0.059915 -0.075471 0.045470 0.002416 0.081706 -0.007185 -0.092350 0.073458 -0.043873 -0.024186 0.005467 0.062483 -0.033581 -0.016995 0.031016 -0.024037 -0.065863 -0.058529 -0.006379 -0.012781 -0.037002 0.060681 0.002457 0.005676 -0.038456 0.058740 0.033412 0.024510 -0.022315 -0.085414 0.027522 0.015197 -0.006386 -0.058703 0.016818 
0.075537 -0.078520 -0.056096 0.029551 0.247766 0.003189 -0.010331 -0.064960 0.023043 0.028936 0.068625 -0.099691 0.011005 0.034787 0.023056 -0.126986 0.050877 -0.072418 0.056640 -0.057842 0.061277 0.046212 -0.039926 -0.020566 0.047997 -0.034149 -0.020740 0.044573 0.015877 -0.185377 -0.037059 -0.101868 0.103593 0.044975 0.079904 -0.047409 -0.052338 -0.145668 -0.018311 0.004323 0.027418 -0.017139 -0.075380 0.140386 0.011075 -0.060660 0.019545 -0.080568 -0.057391 0.033440 -0.079340 -0.045256 -0.111545 0.016526 0.015448 0.223640 0.034694 0.055419 0.029554 0.079645 0.007769 0.050843 0.074581 -0.049598 
0.148156 -0.174555 -0.045744 0.086991 0.209167 0.167578 0.012396 0.100287 0.072133 0.042518 -0.066447 0.064806 -0.140343 -0.053376 0.058817 -0.089154 0.019667 -0.230519 0.099928 -0.028545 0.077706 -0.014539 -0.009771 0.016308 -0.065157 0.013602 -0.024396 0.028253 -0.232121 -0.077900 -0.034546 -0.066307 0.059258 0.071884 0.039150 -0.171625 0.071820 -0.025423 -0.054499 -0.089437 -0.036691 -0.067024 0.003128 0.038676 0.021099 -0.032912 -0.090577 -0.095004 -0.167478 -0.004145 -0.195549 0.088849 -0.033429 -0.092388 -0.118505 0.148110 -0.051279 -0.133993 -0.022475 0.029625 0.152011 -0.076019 0.067048 -0.059531 
0.205905 -0.129540 -0.125457 0.127980 0.506339 0.158529 0.011390 0.076710 0.146495 -0.037016 0.001830 0.064967 0.034612 -0.040661 -0.128460 -0.275442 -0.061712 -0.304475 0.153474 -0.070410 0.060166 0.023874 -0.086614 -0.022049 0.083443 -0.002228 0.027538 0.104443 -0.159635 -0.076047 -0.010594 -0.083122 0.161630 -0.059423 -0.083624 -0.121739 0.017854 0.007452 -0.045830 -0.046411 0.068109 -0.020493 -0.045869 0.257301 0.060836 0.086715 -0.031311 0.054208 -0.095429 0.107080 -0.120333 0.184146 -0.064218 0.021120 0.013741 0.315050 -0.104892 -0.042494 0.029200 0.063314 -0.019928 -0.147161 0.215176 -0.150318 
0.222891 -0.193447 -0.018781 0.095115 0.503243 -0.010667 0.060212 0.073878 0.012809 -0.088656 -0.018548 -0.013090 0.143923 0.025904 -0.032568 -0.155905 -0.209652 -0.301778 0.074113 -0.120530 -0.037589 0.006884 -0.181685 0.042966 -0.047489 0.115542 0.046938 0.164650 -0.162377 0.045296 0.004198 -0.182475 0.057737 0.054728 -0.014494 -0.075286 -0.067044 0.076869 0.137685 -0.122162 0.072874 0.087845 -0.148485 0.484542 0.092714 0.041921 -0.128968 -0.073313 -0.018172 0.107612 -0.108215 0.116417 -0.054431 -0.076285 0.207788 0.834215 -0.089646 -0.127494 -0.063896 0.105298 -0.088419 -0.147313 0.218806 -0.171746 
0.227274 -0.050046 -0.175032 -0.006071 0.477217 -0.165344 0.283788 0.168778 -0.142099 -0.210075 0.049776 -0.033638 0.058920 -0.016793 -0.098222 -0.320194 -0.192537 -0.255639 0.178704 0.000314 0.019957 -0.240585 -0.068021 0.099375 0.057093 0.038877 -0.006808 0.198657 -0.207058 -0.079041 0.131364 -0.192549 -0.027289 -0.010220 -0.032570 -0.148554 -0.104129 0.042822 0.224221 -0.117369 0.004957 -0.086880 -0.166734 0.352386 -0.056460 0.067062 -0.177173 -0.075626 -0.065703 0.252476 0.025093 0.069401 -0.040292 0.008982 0.181360 0.454414 -0.032057 -0.046063 0.037968 0.118066 0.017813 -0.197103 0.170363 -0.068332 
0.120373 -0.032552 -0.320914 0.187002 0.403391 -0.158494 0.261171 -0.085752 -0.237376 -0.314637 -0.005438 -0.125155 0.344517 -0.129901 -0.198238 -0.384894 -0.149212 -0.372962 -0.039276 0.023005 -0.084630 -0.537875 0.055406 0.061534 -0.110355 0.022938 -0.115688 0.287466 -0.063240 -0.057762 0.074087 -0.241094 0.018508 -0.096833 -0.140274 -0.156140 -0.189064 0.015487 0.513423 -0.247121 0.115359 0.096383 -0.184872 0.234190 0.056380 0.128239 -0.209873 -0.164498 0.017226 -0.029078 -0.033582 0.116650 -0.423302 0.002408 0.123517 0.391622 0.029518 -0.279609 -0.055111 0.091166 0.175711 -0.319425 0.049874 -0.002883 
0.287255 -0.094337 -0.096711 0.331600 0.298359 -0.130295 0.134969 -0.433163 -0.088611 -0.159912 -0.089184 -0.259901 0.327903 -0.065423 -0.259457 -0.251360 -0.145840 -0.285488 0.173944 -0.156729 -0.368180 -0.291706 0.017807 -0.057601 -0.002281 -0.055308 0.021913 0.255303 -0.159430 -0.032850 0.111356 -0.087918 0.185050 -0.109900 0.009995 -0.026503 -0.242981 0.416951 0.175484 -0.259147 0.093567 -0.083644 -0.062582 0.446369 0.031018 0.061058 -0.181375 -0.100691 0.019573 0.169455 0.199855 -0.162388 -0.150002 -0.081390 -0.034882 0.965346 -0.106120 -0.241783 -0.070015 0.142441 0.257187 -0.204362 -0.078253 0.090237 
-0.685419 -0.051991 0.226708 0.422444 0.283164 -0.563434 -0.175707 -0.251641 -0.134249 -0.133380 -0.089586 0.000636 0.482601 -0.060627 -0.093827 -0.180796 -0.153474 -0.351965 0.245570 -0.084215 -0.045228 -0.115055 -0.326563 -0.179344 -0.077714 -0.011046 -0.052796 0.090013 0.007898 -0.071115 -0.024708 -0.114628 0.206094 -0.021191 -0.055395 -0.121714 -0.257778 0.777289 0.131431 -0.045763 0.207407 0.063543 -0.242474 0.416157 -0.024346 0.089460 -0.195764 0.082290 0.009261 0.125506 0.436263 -0.096076 -0.138442 -0.165934 0.132350 0.689958 -0.035501 -0.381131 0.073861 0.149114 0.095334 0.168928 -0.234894 -0.154917 
-0.632236 -0.144778 0.319551 0.095739 0.423266 -0.243932 -0.168194 -0.060226 -0.231928 -0.023411 -0.114027 -0.095393 0.411139 -0.103307 -0.237785 -0.124769 0.016775 -0.193847 -0.030151 -0.099829 -0.170491 -0.003193 -0.641865 -0.088116 -0.062600 -0.073239 0.016228 -0.092348 0.167575 -0.136142 0.042347 -0.367295 0.260310 -0.044383 0.045010 -0.124671 -0.136970 0.720052 0.548267 -0.066899 0.089606 0.130628 -0.179628 0.560356 -0.069589 0.100969 -0.208334 0.090032 -0.025959 0.182162 0.487968 0.177731 -0.231456 -0.148707 0.082104 0.400464 -0.004751 -0.136718 0.025584 0.114710 -0.333953 0.207052 -0.270874 -0.274630 
-0.018396 -0.072865 0.253910 0.192558 0.135713 -0.296147 0.076304 -0.041495 -0.103686 0.004593 -0.100703 -0.115284 0.251862 0.029871 -0.108825 -0.068493 -0.010452 -0.096552 0.023614 -0.025474 -0.151557 0.171045 -0.528634 -0.017707 0.022644 0.071522 -0.018512 0.035124 0.356986 -0.064336 -0.043517 -0.402124 0.093772 0.024728 0.184750 -0.121267 -0.071497 0.344838 0.494591 0.012227 0.123222 0.001756 -0.030224 0.463088 -0.083718 -0.242491 -0.260891 0.054798 -0.013748 0.154521 0.338845 0.151889 -0.104801 -0.205078 -0.037463 0.205481 -0.102847 -0.038937 -0.008821 0.164065 -0.537131 -0.065577 -0.086564 -0.226228 
0.013977 0.143421 0.289933 0.138734 0.094391 -0.411144 -0.075231 -0.163052 -0.136929 0.200685 -0.005698 -0.035327 0.255702 -0.018997 -0.144757 -0.068972 -0.037690 -0.171471 -0.040524 -0.036488 -0.211540 0.275347 -0.336777 -0.114629 0.028263 -0.038274 -0.030067 -0.032597 0.191489 -0.074776 0.042389 -0.270060 0.082698 0.099283 0.013878 0.021247 -0.076195 -0.015199 0.506512 -0.079963 0.134765 0.026546 -0.011733 0.470525 -0.039850 -0.114306 -0.081062 0.031761 -0.005329 0.032779 0.459553 0.039836 -0.163526 -0.038230 0.062576 0.276171 -0.065229 -0.099502 0.175228 -0.083017 -0.472983 0.058766 -0.015805 -0.004121 
-0.055508 0.052757 0.153678 0.194681 0.088112 -0.555619 -0.188855 -0.121374 -0.292851 0.051147 0.032791 -0.029428 0.413251 0.062034 -0.025135 0.033989 -0.052072 -0.138073 0.028116 -0.021750 -0.027242 0.590853 -0.382580 -0.110903 -0.049532 0.007214 -0.038528 -0.009245 0.261879 -0.001162 0.024260 -0.161546 0.148607 0.159687 0.020272 -0.040170 -0.039822 0.031057 0.244198 -0.053112 0.115434 0.176815 -0.102560 0.541575 -0.001279 -0.089186 -0.266512 0.020446 -0.089837 -0.067357 0.253811 0.026777 -0.137625 -0.079407 0.067418 0.262649 -0.052074 -0.302074 0.020076 -0.053664 -0.155295 0.108420 -0.171771 0.019399 
0.043950 -0.238251 0.015462 0.123781 0.192664 -0.349523 -0.285476 -0.218987 0.031802 -0.018898 0.105450 -0.068139 0.235547 -0.065007 -0.052374 0.001888 0.022794 -0.101605 0.025778 0.014533 -0.051333 0.444528 -0.543804 0.100628 -0.019255 -0.025683 0.033091 0.229063 -0.094263 -0.086863 0.079307 -0.131878 0.105360 0.007327 0.026450 -0.042405 -0.003612 -0.273745 0.107765 0.058846 0.092528 0.112300 -0.267813 0.211915 0.029215 -0.053637 -0.278216 0.026748 0.042065 -0.017863 0.193186 -0.035969 0.017053 -0.140729 -0.071899 0.075355 -0.103729 -0.087469 0.024550 -0.032598 0.002780 0.167318 0.004001 -0.015269 
-0.002527 -0.135126 0.004758 0.067937 0.192548 -0.212065 -0.165752 -0.085886 -0.028463 0.031649 0.078502 -0.069192 0.102896 -0.031438 -0.090948 0.145498 -0.008334 -0.195271 -0.070328 -0.061323 -0.146654 0.317473 -0.459251 -0.048227 -0.096186 -0.036362 -0.080272 0.179485 -0.070370 -0.095717 0.008699 -0.097037 0.078890 -0.027319 -0.059765 0.024286 0.002373 -0.223128 0.120017 0.005370 0.027166 0.183253 -0.187826 0.047925 0.048897 -0.047925 -0.163272 0.006151 -0.046650 0.158322 0.205222 0.005390 -0.004596 -0.070872 0.006340 0.107063 -0.049082 0.071690 -0.012234 0.051054 0.028580 0.136557 -0.002595 0.032241 
-0.035400 -0.056816 0.024416 0.057129 0.141931 -0.111056 -0.076361 -0.070337 -0.024468 -0.049481 0.058241 -0.024444 0.136104 -0.054995 -0.009829 0.047939 0.015697 -0.221327 0.032199 -0.036053 -0.092543 0.195377 -0.413645 0.046879 -0.051157 0.061488 -0.041729 0.034101 -0.038578 0.038722 0.011065 -0.043159 0.135940 0.089003 -0.026962 0.037224 -0.000279 -0.047325 -0.054751 -0.046931 0.050489 0.172394 -0.067440 0.024423 0.084128 0.002879 -0.078881 -0.048546 -0.039910 0.100637 0.131868 0.017706 -0.003625 0.044846 0.094571 -0.064920 -0.032701 -0.045790 -0.057575 0.073830 -0.049422 0.120359 0.072179 0.016008 
0.030284 0.029901 -0.016180 0.006689 0.061393 -0.050776 0.027456 -0.087460 0.072124 0.060149 0.080405 -0.020711 0.017611 -0.046992 -0.009430 0.077226 -0.033654 -0.179724 0.016991 -0.065055 0.030496 0.162185 -0.152872 0.007855 -0.001368 -0.029538 -0.088621 0.011148 -0.048497 0.063962 0.065583 -0.080865 0.084039 -0.036676 -0.083706 0.066875 0.039844 -0.108122 -0.044526 0.007061 -0.059611 0.082923 -0.049626 0.084557 0.080311 -0.076740 -0.039611 -0.046398 -0.041756 0.020432 0.055418 -0.032242 -0.046895 0.065670 -0.029726 -0.013938 0.040927 0.041615 -0.010464 0.028329 -0.016533 0.032537 -0.069359 0.052975 
0.013231 0.047240 -0.060688 0.089849 0.087485 0.002444 0.000222 -0.062227 -0.046898 -0.055765 -0.000576 -0.053905 0.081452 0.018798 -0.042559 -0.044362 0.085726 0.002802 0.015354 0.081124 -0.010231 0.036956 -0.079869 0.079196 0.056413 -0.045927 -0.070821 0.058293 -0.079370 0.007314 0.077671 -0.078695 -0.055385 -0.026717 -0.014959 -0.018202 -0.046157 -0.066855 -0.070844 -0.024953 0.070604 -0.048897 0.008298 0.048435 0.077143 -0.046532 -0.001230 0.031774 -0.073337 -0.023579 -0.078696 0.085520 0.032770 0.056835 -0.054657 -0.074873 -0.028678 -0.051714 -0.006909 0.027213 -0.058442 0.037911 0.011307 0.018128 
0.003443 0.072504 0.048446 0.040766 -0.005331 0.028906 0.033119 -0.021063 0.064954 -0.049842 -0.050086 -0.040594 -0.074369 0.081536 -0.074429 -0.063594 0.077879 -0.038839 0.022013 0.011512 -0.021685 -0.090254 -0.009988 -0.023286 -0.053545 0.054512 0.063157 -0.068980 0.058939 0.001087 0.016289 0.042633 0.034548 0.077585 -0.027681 0.072806 0.046371 -0.048183 0.065097 -0.065285 0.015490 0.018386 -0.009044 0.073744 0.033056 0.056770 -0.020794 -0.058798 -0.071254 0.004010 0.020822 -0.000264 -0.007855 0.045650 -0.079646 0.023543 -0.007398 -0.050924 0.071345 0.029445 0.056437 -0.044109 -0.007248 0.007080 
0.004782 -0.063317 -0.035331 0.014265 0.062080 -0.023584 0.052094 -0.027707 0.034776 0.004387 -0.011652 0.023178 0.037980 -0.013778 0.037297 -0.013398 0.040681 -0.035577 -0.029329 -0.075542 -0.040563 -0.033406 -0.046883 0.030253 -0.072815 0.061279 -0.024713 -0.004315 -0.056699 0.082843 -0.056971 -0.058388 0.045810 -0.022901 -0.076635 0.037687 0.043602 -0.047283 -0.036363 0.056535 -0.050456 0.044151 -0.006235 0.024477 -0.015913 -0.046477 0.069252 0.018239 -0.055565 -0.045183 -0.049214 -0.066942 0.005301 0.026700 -0.039613 -0.036491 0.054548 0.016093 -0.077097 -0.069319 -0.033760 0.017613 -0.016653 0.047535 
-0.066773 0.069904 -0.059230 0.078504 0.065268 0.036306 0.047833 -0.010163 0.057202 -0.051509 -0.083145 0.056206 -0.016180 -0.001825 -0.004361 -0.012941 -0.002436 -0.049121 0.066690 -0.082904 -0.014147 0.026788 0.074453 -0.035562 -0.007647 -0.005547 -0.078874 0.023045 -0.064621 0.036578 0.002739 0.026007 -0.067425 -0.034751 -0.032687 -0.008967 -0.066752 0.009537 -0.009727 -0.083664 -0.032558 -0.079002 0.030063 0.016047 0.049701 -0.043571 0.013326 0.017459 0.037123 -0.021227 -0.054522 0.027933 -0.006205 0.067271 0.036101 0.011565 0.015343 0.055385 0.003191 0.046908 0.065648 0.041697 0.000906 -0.080050 
-0.042847 -0.034689 -0.020298 0.055431 0.026777 -0.045568 -0.076589 -0.014599 -0.052885 0.044362 -0.040830 0.059302 -0.073868 -0.035813 -0.075131 0.070885 0.052638 -0.056258 0.081708 0.001589 0.021931 0.043546 0.032995 -0.079572 0.046010 -0.031254 0.060375 0.034027 -0.032610 0.066362 -0.080265 -0.054225 0.072713 0.083115 -0.019056 -0.031706 -0.047761 -0.083787 -0.078119 0.015215 0.079059 -0.056140 0.029190 -0.074068 -0.069427 -0.047668 -0.020283 -0.054219 0.017870 -0.033411 -0.013177 -0.000069 -0.036809 -0.017577 0.026726 0.016529 -0.008926 0.056437 0.010240 -0.062711 -0.007776 -0.061074 -0.020252 -0.011313 
-0.007231 0.042514 0.000316 0.020293 0.057331 0.071542 0.002482 -0.002575 -0.074356 -0.034946 -0.081528 -0.050009 -0.055888 -0.016832 0.032995 -0.049434 0.059030 0.047181 0.039715 -0.062265 -0.052926 0.042170 -0.078930 -0.042313 0.077965 0.014717 -0.035115 -0.032810 0.055426 -0.044346 0.007165 -0.060863 -0.080224 -0.048834 -0.074843 -0.081461 -0.083099 0.055554 -0.044054 -0.071034 0.042883 -0.003905 0.004613 0.050189 -0.083813 0.082201 0.050246 0.062450 -0.049907 0.064483 -0.027368 -0.012617 0.003201 0.007760 0.066660 0.079931 0.013613 -0.076368 0.062675 -0.081097 -0.027630 0.039536 -0.061397 0.029319 
-0.006370 -0.034831 -0.000148 -0.046484 0.015189 -0.028730 0.020758 -0.019068 -0.038426 -0.027320 0.020216 0.066422 0.045598 0.085912 -0.055242 -0.072579 -0.046006 -0.052026 0.049005 0.075986 0.079728 -0.060827 0.083408 0.050855 -0.005186 0.056424 -0.030161 0.013420 -0.029307 0.076905 -0.010661 -0.008071 0.006314 -0.053039 0.013208 0.042967 0.063021 0.066421 0.037592 -0.009552 0.035560 0.044165 0.042125 -0.072181 0.044287 0.065200 0.054379 0.037904 -0.018665 -0.002260 0.053072 0.047195 -0.048725 -0.041718 0.037940 0.043445 0.030130 -0.032753 0.027676 0.056417 -0.017918 -0.078440 -0.023757 0.069808 
0.006721 -0.020628 0.086894 -0.064044 0.035186 -0.005505 -0.036303 -0.026157 -0.058983 0.076138 0.057579 -0.010577 -0.048658 -0.009336 0.002935 0.037034 -0.076461 0.054037 -0.035273 -0.005849 0.080126 -0.000128 -0.068004 -0.074418 -0.047885 0.017519 -0.033727 -0.062225 0.050909 0.045717 0.000013 0.002907 0.007630 0.027390 0.037035 -0.045606 0.050309 -0.043737 0.028204 -0.056269 -0.009471 0.014959 0.025583 0.024969 -0.070374 0.042764 0.081277 -0.036852 0.033105 0.085300 -0.043512 -0.026194 0.065171 0.071195 0.088251 0.039826 0.074168 -0.023210 0.021325 0.005739 0.073205 0.070029 -0.062475 0.052938 
-0.076209 -0.074845 0.108736 0.000139 0.074685 0.060758 0.079151 -0.051130 -0.005419 0.032848 -0.140221 0.057284 -0.017303 -0.082431 0.055809 -0.064912 0.091633 -0.041295 0.059666 0.069186 -0.046128 -0.063802 -0.001644 0.056936 0.025676 -0.041801 -0.039775 -0.051599 0.141119 0.073755 -0.043531 -0.068578 0.059698 0.065491 0.022771 0.023122 -0.061554 0.042622 0.041730 -0.046061 0.083048 -0.078164 0.077499 0.048732 -0.046412 0.026101 -0.060065 0.012784 0.014308 0.041681 0.003889 -0.003852 0.011951 -0.022690 0.067387 0.049423 -0.076010 0.062231 0.080258 -0.059173 0.057854 0.069832 -0.025548 0.009071 
0.056198 0.107727 0.042297 0.045712 0.002256 0.004887 -0.007021 0.052508 0.017222 0.020189 -0.048983 0.018618 -0.083807 -0.041596 -0.065092 -0.003922 -0.057725 0.016542 0.032198 0.039837 0.075686 -0.072106 0.024182 0.006832 0.036390 -0.046035 0.019998 -0.026038 0.025424 -0.084510 -0.022255 -0.056809 0.011628 0.018942 -0.065383 0.031868 0.016257 0.087176 -0.064650 -0.069083 0.049672 -0.070608 0.081015 0.005043 0.065541 -0.051664 0.064807 -0.068808 0.028064 0.007218 -0.079116 0.043158 0.058587 -0.073386 -0.021373 0.093047 -0.054736 -0.119166 -0.012971 -0.055149 0.043085 0.079044 0.043230 0.007152 
0.047117 0.058541 0.018806 0.038342 0.334512 -0.091706 -0.026272 -0.019448 -0.043430 -0.035659 -0.011918 0.023621 0.067216 -0.040016 -0.065171 -0.130504 -0.041518 -0.083030 -0.018906 -0.095125 0.096465 -0.028103 -0.093943 0.087883 0.039377 0.096628 -0.028080 0.017114 0.028298 -0.045425 -0.000598 -0.081052 0.117627 -0.074556 -0.124425 -0.063402 0.061273 -0.088485 -0.005998 0.035710 -0.061155 -0.008999 0.028096 0.104583 -0.027459 -0.072439 -0.055347 -0.161551 -0.088877 -0.107388 0.028794 -0.092737 0.040249 -0.188796 0.043468 0.314818 -0.076436 -0.154714 -0.057964 0.009050 0.048720 0.001330 -0.047904 -0.015711 
0.131824 0.071991 0.092104 0.135698 0.213231 -0.010349 -0.002009 0.119038 0.081727 0.028641 0.024992 0.058017 -0.013293 0.018598 -0.074279 -0.151094 -0.096050 -0.094457 -0.120111 -0.051510 0.031032 0.058342 -0.026834 0.049123 -0.081144 0.012539 -0.113996 0.079530 -0.068391 -0.027002 -0.050821 -0.065291 0.081669 0.068138 -0.062337 -0.051994 0.066618 -0.178360 0.055352 -0.013172 -0.106592 -0.050758 0.000160 0.032312 0.136539 -0.039162 0.000735 -0.049710 0.029781 -0.135210 0.049236 -0.021312 0.099587 -0.103076 0.049053 0.179892 0.054855 -0.098269 0.076061 -0.051020 0.073259 -0.014553 -0.012884 -0.000372 
0.109689 0.150406 -0.031715 0.022220 0.238870 0.227891 0.039911 0.196449 0.027447 -0.003266 -0.040404 -0.030504 -0.272930 -0.027396 -0.118021 -0.569283 -0.077876 -0.392977 -0.024900 -0.040327 0.001212 -0.065015 -0.152967 -0.084946 0.054669 -0.049371 -0.025683 0.064629 -0.002076 -0.312961 0.083403 -0.165848 0.214023 0.031201 0.044979 -0.303262 0.014826 -0.133511 0.059541 -0.125850 -0.221405 -0.124885 0.123545 0.036925 0.057562 -0.062860 0.017945 -0.058926 -0.003288 -0.245085 -0.113602 -0.055069 -0.009869 -0.071799 0.192403 0.166505 -0.071749 -0.031352 0.114961 0.062822 0.204853 -0.043880 0.067694 0.013965 
0.403158 0.079472 -0.180598 -0.026548 0.261339 0.512154 0.136887 0.152715 0.252338 0.037382 -0.023552 -0.290627 -0.242625 -0.079103 -0.190747 -0.737670 -0.081503 -0.419526 0.072228 -0.246208 0.224863 -0.121590 -0.285454 -0.006394 -0.197792 -0.204884 -0.021180 0.116635 -0.163370 -0.285518 0.078907 -0.107079 0.263646 0.043240 0.024287 -0.309952 -0.056630 -0.116990 0.154305 -0.296783 -0.159616 -0.172926 0.125519 0.322127 -0.231107 0.025616 -0.095336 -0.111493 -0.180395 0.150935 -0.171095 0.403290 -0.178054 -0.198695 0.054841 0.658316 -0.089320 0.023711 -0.017288 0.230946 0.267486 -0.120661 0.083583 0.047973 
0.685384 -0.054123 -0.270866 0.082251 0.331706 0.613099 0.166995 0.248939 0.334363 -0.144876 -0.227991 0.249787 -0.269055 -0.171173 -0.117022 -0.380352 -0.347351 -0.697022 -0.062135 -0.218602 0.038020 -0.400958 -0.183252 -0.084501 -0.329154 -0.171764 0.047425 0.116974 -0.247222 -0.027918 -0.044962 -0.137272 0.214785 0.071342 -0.008801 -0.389566 -0.126140 0.121777 -0.014233 -0.331687 -0.005991 -0.195739 0.377007 0.498026 -0.011408 0.027927 -0.368182 -0.203915 -0.285798 0.306510 -0.087938 0.221319 -0.109026 -0.176460 0.262899 0.189772 -0.185481 0.210167 0.016380 0.251012 0.570201 -0.261463 -0.097078 0.081120 
0.846594 0.114831 -0.379450 0.005801 0.320056 0.457374 0.370740 -0.055951 0.204685 -0.255536 -0.119385 0.515503 -0.333516 -0.169993 -0.182478 -0.009992 -0.306917 -0.695989 -0.129945 -0.298168 -0.303367 -0.351724 -0.077041 -0.080232 0.068153 -0.441215 -0.161258 -0.117988 -0.414693 0.022489 0.045922 -0.181168 0.136839 -0.040154 -0.156900 -0.413162 -0.114837 0.234919 -0.223224 -0.294752 -0.117871 -0.187374 0.063886 0.906743 0.196240 0.006196 -0.373897 -0.348154 -0.240301 0.369547 -0.297973 -0.141829 0.070294 -0.549166 0.452415 0.469948 -0.185979 0.411522 -0.029638 0.277547 0.988312 -0.668884 0.175777 -0.116257 
0.159213 0.409882 -0.403887 -0.314356 0.581564 0.210971 0.823181 0.446760 0.129799 -0.132413 0.122285 0.435238 -0.177145 -0.258310 -0.386235 -0.707316 -0.070775 -1.111205 -0.310613 -0.084671 -0.238005 -0.622433 0.226667 -0.212621 0.178419 -0.827173 -0.009840 -0.248342 0.276578 -0.152578 0.225693 -0.422985 0.293743 -0.178926 -0.159808 -0.250831 0.203718 0.279144 0.293970 -0.258238 -0.399983 -0.378015 -0.296642 0.475873 0.763019 0.070140 -0.099779 -0.222637 -0.290004 0.273488 0.098993 0.122279 -0.102650 -0.969737 0.434662 0.590419 -0.359363 0.407446 -0.010619 0.048552 1.152588 -0.795432 0.404395 -0.072978 
0.300385 -0.109556 -0.417244 -0.086393 0.740425 -0.257986 0.926395 0.076421 0.113548 -0.242038 -0.093988 0.202171 0.504316 -0.456793 -0.393068 -0.992854 -0.136877 -1.604195 -0.537034 -0.174237 -0.373796 -0.948491 0.402085 -0.138724 -0.158324 -0.395233 0.125409 -0.175199 -0.067486 -0.358705 0.363677 -0.338811 0.629973 -0.314805 -0.094064 -0.193408 0.120999 0.427831 0.820251 -0.301011 -0.209848 -0.052723 -0.499608 1.001960 0.266098 0.676072 0.449893 -0.069739 -0.178262 0.063474 0.486026 0.373119 -0.401541 -0.965833 0.537817 0.824982 -0.539724 0.009421 -0.252125 0.383153 0.374563 -0.994355 0.000202 0.172931 
1.166842 -0.554883 -0.452721 0.217153 0.762866 -0.119789 1.067800 -0.386519 -0.556919 -0.634578 0.209264 -0.619565 0.619794 -1.334429 -0.713906 -0.525030 -0.222920 -1.417175 -0.491240 -0.255373 -0.431082 -1.111522 0.299820 0.136105 -0.401328 -0.023787 -0.509988 -0.078797 -0.571723 -0.487161 0.084197 -0.278172 1.125894 -0.356178 -0.227779 -0.591907 0.422490 1.250260 0.467184 -0.443024 -0.009298 -0.127992 -0.244878 1.200407 -0.110679 0.674824 0.153073 -0.012821 -0.254590 -0.238962 0.463384 0.637232 -0.471506 -0.344717 0.325676 0.570424 0.070735 0.171315 -0.163506 0.255364 0.832533 -1.121093 -0.352183 -0.006387 
0.826384 -0.056289 -0.299316 0.037233 -0.204357 -0.376193 0.782983 0.178717 -1.166516 -0.748915 -0.137179 -0.786135 0.264969 -1.364260 -0.804800 -0.217125 -0.345457 -0.346684 -0.200660 -0.374588 -0.331758 -0.661612 -0.190510 0.333017 -0.243864 0.297088 -0.599626 -0.630624 -0.266585 -0.534355 -0.394404 -0.224825 1.368123 -0.323658 0.039076 -0.455929 0.097419 1.990441 0.386078 -0.395706 -0.062619 -0.620330 0.311030 1.037691 -0.167822 0.165809 -0.620099 -0.255630 -0.249986 -0.308818 0.496531 0.544134 -0.124933 -0.001206 0.043205 0.604025 -0.241823 0.359389 0.218621 0.195106 0.401829 -0.887769 -0.504838 -0.211413 
-0.176772 -0.195369 -0.217354 -0.051582 0.258260 0.245357 1.010245 0.474003 -0.830769 -0.505114 -0.242399 -0.668357 0.355013 -1.010964 -0.662086 0.121800 -0.404397 -0.044950 0.001812 0.004695 -0.397741 -0.694848 0.083605 0.703643 0.000414 -0.178248 0.053223 -0.924961 0.171697 -0.402143 -0.371005 -0.448926 1.282387 -0.166634 0.235016 -0.653396 0.080261 1.299559 0.530389 -0.278317 0.068199 -0.591973 0.239071 0.968356 -0.540436 0.186555 -0.713296 -0.361815 -0.064255 0.234312 0.027135 0.339956 -0.485669 0.081671 0.033943 0.159666 -0.461147 0.548956 0.205725 0.079729 0.395110 -0.611740 -0.343579 -0.632200 
-0.538918 -0.945495 0.652739 0.100189 0.772203 0.053416 0.946381 0.323936 -0.625315 0.142178 0.016245 -0.618500 0.073186 -0.392901 -0.069285 -0.124964 -0.154973 0.144814 0.328741 0.008871 -0.521511 -0.111896 0.009179 0.393028 -0.388484 -0.289408 0.127280 -0.951945 0.670298 -0.418372 -0.358281 -0.550038 0.516553 -0.217879 0.248089 -0.431767 -0.176692 0.796106 0.736230 -0.151356 0.546189 -0.034818 0.289028 0.936862 -0.425394 0.103882 -0.393299 -0.293937 -0.123102 0.060085 0.027579 -0.085673 -0.580230 -0.137790 -0.231302 -0.210759 0.228593 0.559300 0.146388 0.376910 -0.402412 -0.355218 -0.461855 -0.526248 
-0.340051 -0.728741 1.353463 0.527547 0.254882 -0.490239 0.649882 0.192832 -0.447978 0.504392 0.107913 -0.431983 0.082158 -0.012782 0.660786 -0.113797 -0.126529 0.526560 0.131147 0.018021 -0.429878 0.150130 0.000627 0.438471 -0.612722 0.339893 -0.018576 -0.527210 0.514148 -0.473412 -0.282674 -0.982584 0.416883 -0.402817 -0.012210 -0.225326 -0.490607 0.503140 1.195594 0.042449 0.374482 0.055413 0.374055 1.310422 -0.195729 -0.242961 -0.984382 -0.040906 -0.148638 -0.147233 -0.260172 -0.119032 -0.261555 -0.432964 -0.283204 0.161488 0.402549 0.233035 0.116232 0.275057 -0.966775 -0.097819 -0.326661 -0.320228 
-0.740604 -0.756258 1.350877 0.216091 0.441383 -1.023491 -0.280059 -0.172139 -0.726619 0.390166 0.161501 -0.169543 -0.057885 0.291402 0.124983 -0.197857 -0.093560 0.139801 0.243326 -0.118791 0.244917 0.296871 -0.240698 0.054164 -0.414328 0.635779 -0.016811 -0.131987 0.643351 0.179826 -0.265226 -0.620387 -0.000381 -0.246961 -0.000729 -0.285609 -0.432282 -0.115630 1.080199 0.098052 0.253418 0.060844 0.181114 1.066748 -0.059633 -0.324508 -1.040821 -0.041513 -0.152156 0.149809 -0.426351 0.251128 -0.101750 -0.394225 0.090319 0.445293 -0.000740 -0.064538 0.064363 -0.177307 -0.738047 0.226399 0.018872 -0.200433 
-0.365159 -0.429155 0.933106 0.192269 0.623888 -0.686674 -0.376745 -0.301885 -0.760786 0.099442 -0.001981 -0.164433 0.062301 0.048892 -0.010735 0.193383 0.110944 -0.205054 -0.012300 0.050745 -0.230508 0.745701 -0.811084 -0.187794 -0.290607 0.509514 -0.266554 0.188594 0.816311 0.125197 -0.088075 -0.306903 0.197445 -0.246486 0.040795 -0.184114 -0.001061 -0.428928 0.068500 -0.201755 0.092085 0.157609 0.172704 0.601184 0.083885 -0.361788 -0.498076 -0.028702 -0.121625 0.403468 -0.381500 0.000141 -0.177403 -0.050667 -0.226491 0.084035 0.023752 0.251524 -0.008507 -0.597830 -0.233370 0.325534 -0.309157 -0.052683 
0.281530 -0.218339 0.494283 0.433020 0.344088 -0.363078 -0.512325 -0.171418 -0.075897 0.206076 -0.255064 -0.149929 -0.006027 0.137727 0.282195 0.410077 0.061418 -0.474697 -0.094272 -0.128582 -0.398648 0.786527 -0.606972 -0.215820 0.077296 0.432793 -0.306578 0.169657 -0.101977 -0.158102 -0.009346 -0.281551 0.378976 -0.193380 -0.126043 -0.004360 -0.053221 -0.598511 -0.184932 -0.109818 0.224663 0.284866 0.060908 0.452313 -0.029124 -0.218591 -0.333705 -0.024266 -0.042349 0.275447 -0.370356 -0.170598 -0.281312 -0.168488 0.264715 -0.092142 0.034383 0.039619 -0.000830 0.133983 -0.332234 0.299432 -0.053625 0.059002 
0.125507 -0.383983 -0.023850 0.358812 -0.137790 -0.309287 -0.402706 0.052879 0.066901 -0.032364 -0.065923 -0.106426 -0.052150 0.187784 0.430246 0.166301 0.029410 -0.273189 -0.056866 0.027162 -0.300860 0.563196 -0.417024 -0.077205 0.134097 0.206459 -0.212198 0.031387 -0.563439 -0.106137 0.033610 -0.261128 0.223158 -0.143597 -0.132590 0.091498 -0.278408 -0.402009 -0.476563 0.020056 0.328959 0.168359 -0.371338 0.228397 -0.183507 -0.068826 -0.240902 -0.051221 -0.019045 0.046937 -0.365101 -0.005399 0.008583 -0.111519 0.118982 -0.012765 -0.268384 -0.296450 -0.046793 0.454032 -0.048309 0.334299 0.189058 0.041968 
0.043045 0.022442 -0.204609 0.115385 -0.067305 -0.064673 -0.280216 -0.293216 0.238727 -0.145631 0.111699 0.010532 -0.132442 -0.103694 0.105322 0.037324 -0.018325 -0.110743 -0.198175 0.063369 -0.164322 0.466821 -0.483438 0.058019 0.079381 0.038160 -0.007323 0.072244 -0.438876 -0.164458 -0.005862 -0.098490 0.251092 -0.157245 0.054661 -0.048937 0.057681 -0.395031 -0.368833 0.055732 0.124111 0.027035 -0.053385 0.140680 -0.186712 0.042768 -0.125970 -0.027542 -0.064609 0.158847 -0.359150 -0.022405 -0.065608 0.011030 -0.010543 -0.007952 -0.113198 -0.340363 -0.102099 0.208935 0.053546 -0.006322 0.036394 -0.090224 
0.125446 0.024354 0.007481 0.068755 -0.251027 0.026961 -0.176537 -0.184936 0.014338 -0.090787 0.086484 -0.036103 -0.034372 -0.144003 0.016507 -0.056973 0.058637 -0.072443 -0.063117 -0.054809 -0.215537 0.234613 -0.292344 0.089374 -0.006902 0.039172 -0.002665 0.205067 -0.199711 -0.058064 -0.070088 -0.048710 0.213638 0.031241 0.075244 -0.030834 0.051467 -0.037706 0.040141 -0.083825 0.080821 0.007701 -0.000892 0.172653 -0.104052 0.063017 -0.166680 -0.061985 -0.040897 0.147957 -0.060408 -0.033944 -0.054104 0.008140 0.017023 -0.002771 -0.030543 -0.291312 -0.058240 -0.070428 0.015165 -0.045837 0.114763 -0.014739 
-0.119103 0.047121 0.030053 0.084391 -0.000808 -0.006835 -0.027905 0.107196 -0.004247 0.056384 -0.008288 0.009348 -0.037150 -0.072338 0.028023 0.024699 -0.078916 -0.031529 0.090901 -0.019956 -0.101589 -0.051349 -0.039360 0.006566 -0.008502 -0.039298 -0.034931 0.023850 0.091529 -0.017886 -0.020245 -0.073569 -0.014417 0.030515 -0.081882 0.009248 0.005336 0.017971 0.041518 0.049813 0.026682 -0.012769 0.078183 -0.184984 -0.009193 0.065591 -0.029161 -0.079702 -0.070018 -0.064490 0.081355 -0.069010 -0.005341 0.023896 -0.002477 -0.022945 0.066249 0.008390 -0.004916 -0.103246 0.058640 0.039682 -0.059338 0.115322 
-0.083143 -0.065821 0.026578 0.064231 0.007410 -0.003882 -0.074529 0.092830 -0.021384 -0.041634 -0.069460 -0.021012 -0.038066 0.014070 -0.093504 0.029122 0.014492 -0.088755 0.079591 -0.009224 0.010826 0.070074 -0.094571 -0.032014 -0.040752 0.039735 -0.057656 -0.040558 0.059475 -0.072232 0.026377 0.028060 -0.078738 -0.061216 -0.028792 -0.040553 0.044321 -0.083394 -0.055835 0.048965 -0.017405 -0.012379 0.053407 -0.082569 0.043530 -0.018927 0.003436 -0.077281 -0.002378 0.024338 0.039875 -0.080668 0.082626 0.050293 -0.059000 -0.071962 -0.073413 0.029367 -0.055562 0.064482 0.007415 0.022309 0.023981 -0.086559 
-0.041528 -0.038719 0.007771 0.044239 -0.016704 0.058430 -0.041148 0.051242 -0.036086 0.018696 -0.022290 -0.036517 -0.028579 -0.039233 -0.025817 0.010815 0.027065 -0.040388 0.064205 -0.083531 -0.009080 0.065124 -0.053968 -0.051688 0.046215 0.047745 -0.063225 0.017310 -0.023871 0.074982 0.057469 -0.080214 0.056283 0.073842 0.031958 0.034802 0.077190 -0.007298 -0.047545 0.021392 -0.007093 0.063430 -0.065294 0.042349 0.056119 0.080743 0.029812 0.040434 0.066346 -0.003766 0.061397 0.079546 -0.034319 0.002739 -0.017659 -0.031383 0.062927 0.051272 0.083274 0.002975 -0.076040 0.004418 -0.035392 0.031624 
-0.070736 0.031865 -0.021422 0.031018 -0.005891 -0.071460 0.015287 0.066762 -0.043063 -0.010754 0.012196 -0.036219 0.000988 -0.066855 -0.078864 -0.068919 0.062855 0.026115 -0.020770 -0.061808 -0.042318 0.053249 0.027275 -0.069499 0.016011 -0.047093 0.067866 0.026485 -0.075798 -0.048238 -0.034427 -0.075922 -0.062409 -0.025458 -0.023194 0.023887 -0.028667 0.037338 0.011693 -0.036553 0.065027 0.052320 -0.011565 -0.069622 0.081420 0.079726 0.023779 -0.056145 -0.051714 -0.040234 -0.039972 -0.051308 -0.013973 0.033180 0.000377 -0.050826 -0.061628 0.032481 -0.065700 -0.001337 -0.050051 0.039772 0.070587 -0.054990 
-0.079048 -0.079836 0.013867 -0.074443 -0.021977 -0.051005 -0.083598 -0.002462 0.005716 0.051432 0.004418 0.065910 -0.031788 0.036029 -0.017423 0.008649 -0.024965 -0.076764 0.004161 -0.016247 -0.030084 0.058727 -0.068410 -0.023124 0.015397 -0.055793 -0.079161 -0.080378 0.042653 0.017949 0.063809 -0.057190 0.039736 -0.065674 -0.064955 0.074034 0.051758 -0.070460 -0.017197 -0.044349 -0.043510 0.000922 0.059205 0.078784 0.073457 -0.046262 0.057480 0.060606 0.043258 -0.078340 -0.029949 0.005470 0.065151 0.041050 -0.038745 -0.028913 0.080145 0.062532 -0.044371 0.047457 -0.024379 -0.064539 0.008051 -0.060620 
-0.227259 -0.034700 -0.073083 0.017709 -0.038171 0.041531 0.073749 -0.031915 0.078885 -0.037095 0.018454 -0.063500 0.080128 0.002046 -0.034810 0.039967 0.037370 0.018667 0.079367 0.071536 0.054358 -0.062048 0.002242 0.060331 -0.046637 -0.108864 0.014345 0.056010 -0.048478 -0.026872 0.076397 -0.038365 0.018855 -0.006556 -0.048356 0.048689 0.045577 0.014950 -0.023082 -0.005608 0.005492 0.041940 0.036779 0.026252 0.071199 -0.076401 -0.040084 0.060849 -0.005899 -0.058704 0.072109 -0.023345 0.042540 0.010128 0.083320 0.026033 -0.071742 -0.089296 0.017036 0.045635 -0.014807 -0.046165 0.034021 0.040364 
0.016076 0.073287 0.036531 -0.016834 0.078644 0.039923 -0.039127 0.012432 0.059951 0.072477 -0.002412 -0.004249 -0.026684 -0.051417 0.023896 0.074006 -0.095142 0.025011 0.056789 -0.057276 0.076485 -0.047352 -0.002878 0.079754 -0.021217 0.036428 0.029267 0.031367 -0.055418 -0.062137 -0.024361 0.046860 -0.015756 -0.056711 -0.014715 0.075141 -0.047520 0.040254 0.029015 -0.007466 -0.005200 0.108775 0.053301 0.069902 0.022701 -0.031873 -0.014378 0.035907 0.032754 -0.000114 0.000319 -0.033578 0.004398 0.006050 -0.000651 -0.042247 0.027672 -0.034539 0.065117 -0.025721 0.015900 0.043854 0.021939 0.025830 
-0.056961 0.093825 -0.064750 0.044765 -0.038710 0.032688 -0.008970 -0.078299 -0.099493 -0.031960 0.047179 0.125529 0.034752 0.014472 -0.014201 0.086779 -0.059399 0.047249 0.042527 -0.040201 -0.000759 0.009115 -0.088093 -0.007563 0.007988 -0.010379 0.014384 0.069931 -0.018478 -0.060784 -0.007956 0.038564 -0.003076 -0.020624 -0.091464 0.020773 -0.007731 0.072740 0.041000 -0.055427 -0.093287 0.036212 -0.060001 0.119279 -0.014207 -0.025021 -0.059093 -0.023013 -0.036042 -0.040305 0.095411 0.032349 -0.041787 -0.000498 -0.076509 0.064653 -0.018615 0.088793 -0.014058 0.065958 0.090493 -0.015848 -0.091678 -0.100398 
0.116221 0.162476 -0.197458 -0.056364 0.112283 0.144120 -0.017615 0.115252 -0.040019 -0.090855 0.064058 0.145375 0.034585 -0.059515 0.081397 -0.024887 -0.093121 -0.132422 -0.074160 -0.031925 0.156486 -0.061775 -0.014106 0.020618 -0.033311 0.029895 0.007182 0.157517 -0.087656 -0.040706 -0.130711 -0.024089 0.082617 -0.176675 -0.041902 -0.054257 0.006565 -0.036577 -0.245080 -0.068294 -0.078574 -0.054136 0.242854 0.543295 0.079581 -0.119476 -0.102727 -0.027865 0.017118 -0.056339 0.211427 -0.187162 0.102920 -0.181480 -0.034358 0.261688 -0.014632 0.032458 0.068731 -0.072533 0.083905 -0.088875 -0.059817 -0.323742 
0.069984 0.084691 -0.300662 -0.136996 0.397272 0.126332 0.080379 0.181326 0.004111 -0.068423 -0.072690 0.343633 -0.064174 0.077484 0.020196 -0.143334 -0.260384 -0.178085 0.161710 -0.029265 0.157739 -0.215729 -0.187870 0.116399 -0.130427 0.095596 0.182886 0.169644 -0.006299 -0.043312 -0.002494 0.014996 0.212423 -0.194421 -0.016529 -0.093371 0.000213 -0.038409 -0.214561 -0.066258 -0.219783 -0.160140 0.124444 0.201386 0.124841 0.081027 -0.122268 -0.258402 0.025933 -0.277878 0.216895 -0.303832 0.287315 -0.112934 -0.023300 0.428808 -0.028421 -0.008874 0.058986 0.018230 0.067542 -0.082056 0.039618 -0.365058 
0.163213 0.411310 -0.454660 -0.126405 0.080662 0.243651 0.207187 -0.077452 0.019854 -0.197723 -0.101600 0.223059 -0.023581 -0.005237 -0.112543 -0.007002 -0.202388 -0.408797 0.301286 -0.148137 0.077386 -0.411956 -0.191703 0.010328 -0.077443 0.018804 0.293596 -0.031729 -0.074689 -0.019870 -0.271421 -0.033840 0.230585 -0.148600 -0.023809 -0.150762 0.005921 -0.071335 -0.124117 -0.166431 -0.390746 -0.158246 0.364122 -0.087722 0.157342 0.074283 -0.270546 -0.076445 -0.020418 -0.570746 0.267258 -0.415422 0.287757 -0.150472 -0.080887 0.062198 -0.032298 -0.072294 0.073015 0.004191 0.227919 -0.009451 0.181246 -0.373873 
-0.015533 0.271241 -0.809694 -0.351395 -0.107855 0.193398 0.285544 -0.034957 0.104550 -0.347958 -0.065935 0.629585 -0.226913 -0.111217 -0.197243 -0.290557 -0.247354 -0.931007 0.456132 -0.053371 0.188316 -0.514584 -0.302022 -0.192343 -0.100824 0.050154 0.354432 0.160315 -0.271322 -0.095741 -0.253951 -0.261249 0.453751 -0.069450 0.021964 -0.353653 -0.225022 0.153001 -0.131361 -0.380773 -0.614250 -0.330499 0.113349 0.187643 0.059545 0.043132 -0.334052 -0.368274 -0.207318 -0.439686 0.197050 -0.132963 0.106595 -0.122323 -0.227456 0.392545 -0.262543 -0.066343 0.021452 0.316155 0.792037 -0.214960 0.220286 -0.787594 
0.691346 0.155862 -0.437853 0.011242 0.080945 0.473893 0.465956 0.381723 0.535199 -0.346469 -0.446413 0.518528 -0.400610 -0.262547 -0.654767 -0.483772 -0.427024 -1.462009 0.584981 -0.330867 -0.058766 -0.509967 -0.364183 -0.150767 -0.435193 -0.147217 0.205836 0.279996 -0.488370 -0.180058 -0.100520 -0.511908 0.492305 -0.106451 -0.002421 -0.730624 -0.356690 0.246307 -0.016730 -0.813404 -0.401282 -0.449833 0.179279 0.423883 0.019044 -0.188125 -0.659832 -0.359559 -0.551036 0.015984 0.045449 0.149406 -0.173385 -0.343868 -0.064209 0.239128 -0.163726 0.150084 -0.545800 0.353837 0.821879 -0.548400 0.229846 -0.442836 
1.251256 0.163533 -0.296327 -0.410245 0.554455 0.536390 0.323601 0.432941 0.441728 -0.277208 -0.683493 0.327291 -0.343741 -0.304354 -0.666231 -0.289325 -0.716480 -1.450982 0.227404 -0.694624 -0.260660 -0.599664 -0.163079 -0.236530 -0.524018 -0.526437 0.154134 0.524812 -0.788728 0.008375 -0.481074 -0.338354 0.837140 -0.112037 -0.165065 -0.725864 -0.323649 0.192965 0.402298 -0.743635 -0.409913 -0.591748 0.728612 0.506362 0.075204 -0.471507 -1.014193 -0.231939 -0.586180 0.422474 0.022680 0.583990 -0.267397 -0.316911 0.150989 0.253469 -0.296590 0.104032 -0.422639 0.152237 0.653166 -0.886643 0.237286 -0.127599 
0.950413 0.069193 -0.340827 -1.164132 0.141933 0.724441 0.121560 0.079815 0.367503 -0.215419 -0.758930 0.693232 -0.187673 -0.494936 -0.531635 -0.182132 -0.583367 -0.824599 -0.062218 -0.584396 -0.370281 -0.430369 -0.279475 -0.205244 -0.360927 -1.407887 0.488328 0.209646 -0.751227 -0.149646 -0.090232 -0.379866 0.746273 -0.107019 0.046275 -0.471126 -0.089343 -0.079820 0.402058 -0.504777 -0.442034 -0.234225 0.076348 -0.047263 0.027848 -0.083522 -0.952963 -0.158325 -0.603987 0.469415 -0.055379 0.246705 -0.620692 -0.536262 0.344704 -0.266271 -0.329404 1.010531 0.053847 0.406815 0.878095 -1.157459 -0.061179 0.211456 
0.780526 0.646515 -0.434043 -1.511174 0.067449 0.539341 0.744710 0.220941 0.642960 -0.133851 -0.780720 0.663364 0.101785 -0.542357 -0.789042 0.016708 -0.413950 -0.698476 -0.717479 -0.282988 0.074920 -0.738148 0.496209 -0.682655 -0.449788 -1.409975 0.610915 0.202960 -0.323269 -0.319757 0.197422 -0.593549 0.331910 -0.066401 0.040338 -0.780894 -0.299293 -0.440790 0.184362 -0.656594 -0.830206 -0.178603 0.131961 -0.311186 -0.023510 0.059805 -1.305999 -0.192241 -0.660280 0.314835 0.021358 0.326612 -0.767961 -0.638413 0.311280 -0.672343 -0.848445 0.802998 -0.262500 -0.077349 1.787686 -1.454892 -0.142519 0.643048 
0.033699 -0.214631 -0.630398 -1.292838 -0.263013 -0.594414 0.875229 0.181310 0.691885 -0.280060 -0.847463 0.443003 1.070742 -0.609596 -0.695403 -0.346839 -0.553691 -0.399801 -0.263396 -0.742520 0.745591 -1.158094 0.508890 -0.884260 -0.823036 -0.968836 0.786598 0.402111 0.601660 -0.656710 -0.158273 -0.510440 -0.491985 -0.360619 0.024619 -1.388018 -0.180354 -0.102450 -0.259078 -1.036987 -0.632521 0.179884 0.319526 -0.134136 -0.232779 0.868398 -0.938032 -0.364882 -0.635774 -0.622353 -0.530771 0.614021 -0.632774 -0.270268 0.101416 -0.525507 -0.966954 -0.079213 -0.160241 0.408835 1.050094 -0.782504 -0.050682 0.666975 
0.179158 -0.100846 -0.154127 -0.450956 -0.476754 -0.756458 0.847606 0.067692 0.419716 -0.196117 -1.468401 -0.747281 0.102047 -0.695998 -1.727641 -0.970045 -0.569674 0.226546 0.195129 -1.283236 0.763060 -1.770112 -0.076953 -0.723769 -1.479083 -0.469755 0.191010 0.239480 0.226756 -0.931578 -0.344056 -0.131682 0.958558 -0.571245 0.200774 -1.081136 0.173502 0.483062 -0.009330 -1.273619 0.107051 -0.460884 0.454512 -0.006583 -0.146637 0.744225 -0.737564 0.117163 -0.079464 -0.518058 -0.056623 0.750560 -0.532128 -0.319377 0.204513 1.241461 -0.301063 0.167093 0.416342 1.360038 0.803117 -0.451954 -0.342867 1.618213 
-0.747336 0.494556 0.479645 0.041404 -0.500126 -0.359511 1.254211 -0.145814 -0.570564 0.295545 -0.929041 -1.231178 0.096659 -0.835116 -1.552879 -0.841282 -0.273102 0.101960 -0.147170 -0.881094 0.083574 -0.823855 -0.173059 -0.326732 -1.645643 -0.122271 -0.943182 -0.533854 0.467918 -0.668504 -0.612725 -0.345879 1.308780 0.163570 0.409706 -0.590876 0.636967 1.591483 0.493304 -0.905455 0.089002 -0.942881 0.533921 -0.190284 -0.374207 0.683109 -0.791953 0.676055 -0.247133 -0.921110 1.526033 -0.022612 0.403269 0.055501 0.014271 0.041840 -0.159421 0.899911 0.966085 0.547809 0.725045 -0.546622 -0.990470 0.668415 
-0.925272 0.080584 0.024142 0.476004 0.052198 -0.047911 1.423509 -0.111482 0.535602 0.129130 -0.048492 -1.504377 0.711164 0.268705 -0.479833 -0.459704 -0.479700 0.172671 0.209439 -0.542441 -0.444064 0.164973 0.226689 0.902410 -0.799840 0.595491 -0.698924 -0.318091 -0.792334 0.011307 -1.108052 -0.305053 1.168826 -0.092887 0.662066 -0.409056 0.146912 2.340431 0.702348 -0.774667 -0.382581 -1.652590 0.147033 0.977080 -0.733157 -0.197261 -0.800669 0.408056 -0.389310 -0.171881 0.004201 -0.101763 -0.420479 0.526986 0.384354 -0.768601 -1.002497 0.484861 0.633955 0.148515 0.073540 -0.026526 -1.360854 -0.637744 
-1.186010 0.121826 0.089544 1.051124 0.900510 -0.227944 0.675523 0.174686 0.985824 -0.010743 -0.334191 -1.661175 0.157255 0.440260 -0.781516 -0.334373 -0.395372 0.079806 1.118598 -0.318861 -1.392860 0.139868 0.483723 1.416420 -0.781090 0.203203 -0.436027 -0.925933 -0.371305 -0.197329 -1.010823 -0.010645 1.041269 0.135955 0.834200 -0.678011 -0.285268 0.853238 1.007341 -0.506869 -0.012041 -0.830817 -0.450306 0.591604 -0.571287 0.262862 0.496319 0.099047 0.085316 0.335762 -1.206311 0.366902 -0.839103 1.124910 0.262019 -0.168380 -0.365836 -0.384215 -0.827805 0.575794 -0.589262 0.046611 -1.175961 -0.594919 
-1.147607 0.995545 0.752146 0.746201 0.379316 0.004743 0.640636 -0.178548 -0.078595 0.146660 -0.275594 -0.968510 -0.430769 0.211206 0.239000 0.232306 -0.289988 0.178429 0.815306 -0.161892 -0.609204 -0.292534 0.308511 1.024307 -0.741189 0.034948 -0.703215 -0.438218 0.389912 -0.324340 -0.751906 -0.318965 1.068613 0.409741 0.607058 -0.307364 0.299709 0.907561 1.749395 0.071994 -0.137568 -0.074622 0.282725 1.412590 -0.472451 0.364211 0.274173 -0.081643 -0.137230 -0.995301 -0.442262 0.561133 -0.733230 0.666370 -0.153103 -0.679574 0.285341 0.185464 -0.092036 0.471745 -0.489032 -0.823051 -0.663790 -0.628227 
-0.961377 0.366211 1.014463 0.247217 0.727270 0.174286 0.315256 -0.153280 -0.740559 -0.042906 -0.242117 -0.661435 -0.659302 0.049730 0.476437 0.324759 -0.210450 0.502523 0.118689 -0.236398 0.270996 -0.688629 -0.090290 -0.190285 -0.347469 1.025507 -0.377993 -0.151752 -0.274393 0.649247 -0.835110 -0.399213 0.513162 -0.087385 0.601787 -0.055103 0.171197 0.900902 0.541803 -0.326549 0.370658 0.149810 0.593129 1.939777 -0.314704 0.010437 -0.034760 -0.289459 -0.508585 -0.800484 -0.854004 0.773683 -0.370356 0.263789 -0.507012 -0.315288 -0.395759 0.144498 0.235015 0.242815 -0.898468 -0.523722 -0.430828 -0.708379 
-0.341180 -0.027543 0.945517 -0.092466 0.328578 0.177351 0.185661 0.103262 -0.264687 -0.306148 -0.350174 -0.296605 -0.444597 0.177967 0.494239 0.421183 -0.246778 0.199389 0.054416 -0.220994 -0.542181 -0.125945 -0.375698 -0.423848 0.171457 1.180062 -0.137437 0.011862 -0.105677 1.003596 -0.385950 0.075265 0.384817 -0.365479 0.466196 -0.089226 -0.692670 0.109894 0.146581 -0.332680 -0.090646 0.175170 -0.274790 1.683057 -0.416188 -0.630710 -0.622804 -0.230321 -0.261877 0.165410 -0.748486 0.402142 0.065642 0.086173 -0.114849 -0.239513 -0.678299 0.195259 0.016973 -0.119437 -1.179043 -0.255150 0.207672 -0.369542 
0.083031 0.082889 0.961342 0.502401 -0.423978 -0.191371 -0.630768 -0.030160 -0.369715 0.034399 -0.173167 -0.159744 -0.724537 0.196365 1.198620 0.777291 -0.180908 0.148341 -0.223718 0.186772 -0.789041 -0.224967 -0.528734 0.025878 0.351984 1.383388 -0.084503 0.330225 0.770080 0.553581 -0.201086 0.440610 0.391948 0.372311 0.040572 0.020995 -0.107667 -0.350451 0.156481 -0.163542 -0.122221 0.367439 -0.098787 1.391450 -0.342886 -0.471155 -0.534633 0.114773 0.116741 0.256042 0.171691 -0.350649 -0.012252 0.196562 0.163423 -0.658256 -0.517097 0.300877 0.181751 -0.242977 -0.715711 -0.173196 0.283026 -0.430094 
0.058851 0.137296 0.561018 0.257923 -0.729687 -0.570902 -0.709196 -0.155347 -0.258408 0.531013 0.170360 -0.338272 -0.615202 0.116162 0.990081 0.643290 -0.232173 0.279881 -0.294908 0.070821 -0.342334 -0.077827 -0.551629 0.476200 0.262434 0.410549 -0.244136 0.293063 -0.177105 0.370539 0.028557 0.193749 -0.024586 0.263343 0.069001 -0.035930 0.111255 -0.823831 -0.005185 -0.045257 0.208674 0.648846 -0.280138 0.944055 -0.578133 0.060508 -0.135517 0.365594 0.150156 -0.123994 0.192092 -0.172505 0.139995 0.512391 0.328013 -0.616126 -0.153120 -0.090463 -0.067948 0.010344 -0.835337 0.160713 0.134368 0.017869 
0.019505 0.063943 0.630121 0.381258 -0.775815 -0.695605 -0.813437 -0.168155 0.063238 0.482370 -0.386718 -0.123477 -0.318967 -0.014534 0.257831 0.229550 -0.025048 0.109727 0.127504 0.036909 -0.551147 0.720631 -0.404254 -0.019661 -0.142021 0.374241 -0.205849 0.269008 0.094989 0.184639 -0.076732 -0.004597 -0.220500 0.038939 -0.065978 0.122364 0.147436 -0.954061 -0.277666 -0.103641 0.363193 0.415225 0.056876 0.188527 -0.091062 -0.211096 -0.096606 0.307646 0.061675 -0.123711 -0.050767 -0.208301 -0.029413 -0.038675 -0.052205 -0.393458 0.002353 -0.100780 -0.139896 -0.392681 -0.543162 0.662597 0.008281 0.200744 
-0.148251 0.227389 0.257159 0.111132 -0.376243 -0.346792 -0.411505 -0.467074 0.349451 0.403608 -0.044367 -0.054490 -0.299368 -0.194908 -0.182189 0.092529 -0.006074 -0.085982 0.056642 0.068032 -0.586732 0.411476 -0.159971 -0.388733 -0.090112 0.350343 -0.336876 0.506128 0.276935 -0.111665 -0.023341 -0.083830 -0.267648 0.066062 -0.085294 0.177654 -0.008853 -0.245994 -0.215596 -0.086350 0.097863 0.003989 0.253120 -0.265777 -0.008845 -0.397555 -0.246609 0.012969 -0.005280 -0.324698 0.108737 -0.262481 -0.076993 -0.152560 -0.135659 -0.264127 0.232291 -0.065521 -0.079605 -0.867627 -0.052072 0.116483 0.084005 0.052480 
-0.295221 0.112410 0.089521 0.007663 -0.112494 -0.095079 -0.081435 -0.040133 0.001206 0.209254 0.044755 -0.012296 -0.123241 -0.145337 0.129707 0.036710 -0.091044 -0.148732 0.147694 -0.039390 -0.154528 0.124730 0.002752 -0.097823 0.066844 0.217798 -0.226672 0.259340 0.223981 -0.144413 -0.008384 -0.115674 -0.275526 0.119796 -0.018559 0.134050 -0.211958 0.043651 -0.029155 0.036260 -0.052072 -0.086655 0.086627 -0.191486 -0.146189 -0.141279 0.007783 0.016614 -0.124136 -0.161379 0.097904 -0.126689 -0.030491 -0.043044 0.003471 -0.062543 0.003037 -0.007263 -0.081913 -0.427164 -0.045110 0.076627 0.033368 0.064899 
0.106487 -0.024520 0.057365 0.092530 0.047870 -0.026589 0.031810 -0.041015 0.049407 0.050804 -0.035313 -0.024740 -0.088870 -0.145121 0.050551 0.017780 -0.064184 -0.105346 -0.088916 0.019187 -0.016960 0.043663 -0.034457 0.056542 0.084368 -0.100348 0.009632 -0.058180 0.093742 -0.177961 0.031326 -0.087176 0.002928 -0.004267 -0.013102 -0.011869 -0.083616 0.013942 0.056233 -0.067356 0.034352 -0.037537 -0.084948 -0.024771 -0.132639 -0.012594 0.064907 -0.037285 -0.052988 0.054716 0.058144 -0.094304 -0.026817 0.073469 -0.066344 -0.041837 -0.141932 0.060431 -0.062633 -0.170740 -0.045716 0.038010 0.056516 -0.031066 
0.018807 0.050529 0.025746 -0.070229 0.009986 0.018979 -0.024545 -0.074826 -0.073243 0.021651 0.072773 0.021105 0.019330 -0.037752 -0.048792 0.014826 -0.032457 -0.025585 -0.062027 -0.015181 -0.092880 -0.053669 -0.071040 -0.027027 -0.032706 -0.061433 -0.031411 0.021257 0.007820 0.036473 0.081250 0.010402 -0.048073 -0.012398 0.029185 0.016116 -0.026570 -0.075234 -0.078858 0.043799 -0.048665 0.008776 -0.053930 0.033558 0.044271 -0.005114 0.002217 0.055861 -0.034485 0.004991 0.058634 -0.102233 -0.079123 -0.074706 -0.011214 0.017942 0.015780 0.077682 -0.075680 -0.015324 0.029154 -0.002184 0.005156 0.001243 
-0.038057 0.021874 0.059867 0.032748 0.072276 0.011755 -0.030900 -0.005476 -0.056140 -0.060262 0.069437 -0.039228 -0.012443 -0.064365 0.006061 -0.033072 0.071855 0.049039 0.076142 0.054723 0.047643 0.041944 -0.062624 -0.038211 -0.056597 0.001820 0.070366 -0.029180 0.046395 -0.049126 0.027773 -0.041574 -0.008161 0.075963 0.036686 -0.007406 -0.064344 -0.076784 -0.012905 0.023589 0.072780 0.032322 0.017608 -0.001568 0.062491 -0.019589 -0.072199 -0.037508 0.006297 0.011786 -0.054014 -0.035659 -0.002539 0.055036 0.081739 0.000300 0.055981 -0.060781 -0.080912 -0.016997 -0.008433 -0.005907 -0.050903 -0.029473 
-0.000932 -0.042144 0.073036 -0.032630 0.014804 -0.080214 0.076045 0.038576 -0.015970 0.043530 0.057767 0.048279 0.077524 -0.061582 0.068128 -0.067799 -0.020791 -0.023579 -0.037046 -0.016370 -0.016011 0.038504 0.073483 0.043566 -0.000460 0.006790 0.003247 -0.065468 0.032276 0.009953 0.015919 0.028831 -0.066269 0.027553 -0.027861 -0.083459 -0.031311 0.057202 -0.057428 -0.047714 -0.018737 -0.054368 -0.021315 -0.055087 0.066208 -0.080722 -0.028004 -0.062629 0.016920 0.074263 -0.056591 0.032615 -0.047273 0.029678 0.010887 0.007011 0.069848 0.032225 0.040634 0.041168 0.068020 0.005558 0.080738 -0.055062 
0.044360 0.019855 0.064855 0.051905 0.031893 0.017240 0.076388 0.018980 0.015876 -0.073598 -0.066427 -0.050730 -0.031479 0.003274 -0.029667 0.044528 -0.038316 -0.019259 0.066573 -0.048282 -0.073714 0.018381 -0.071550 -0.020740 0.042383 0.048022 -0.053409 -0.064739 0.069091 -0.048331 -0.061798 0.038551 -0.026720 0.051376 0.048798 0.022348 -0.008618 -0.040877 0.068448 -0.006380 0.023159 0.054058 -0.078521 0.079223 -0.064012 0.034345 -0.010954 -0.010899 -0.023635 -0.082738 0.032439 0.011635 -0.038903 0.000793 -0.004956 0.051676 0.011355 -0.000541 -0.011894 0.010817 0.066648 -0.048326 -0.003568 -0.031823 
0.084960 -0.050252 -0.022792 0.024384 0.058205 -0.012377 -0.041958 -0.000188 -0.079400 -0.069214 -0.091638 -0.067794 0.049606 0.046977 0.083169 0.014345 0.043761 -0.019320 0.097675 0.045569 0.067385 0.035147 -0.047053 -0.008245 0.053283 -0.001951 -0.009783 0.086335 0.062772 0.098579 -0.022966 0.030077 -0.084671 -0.069189 0.019358 -0.167245 0.004735 -0.011378 0.009302 0.060082 -0.066489 0.075395 0.084453 -0.003872 -0.040041 -0.085854 0.066426 -0.029831 -0.049807 0.014159 -0.056544 0.027975 -0.029161 0.032106 -0.009967 0.075021 -0.092186 -0.060926 0.049121 0.069572 0.086290 0.003720 0.055009 -0.030389 
0.078314 -0.074563 -0.220567 0.003361 0.095200 0.094782 -0.036599 0.101814 0.049025 -0.008840 -0.133040 0.191926 0.016994 0.083010 0.033039 -0.222466 -0.017405 -0.054960 0.123876 -0.047379 0.063386 -0.000212 -0.085146 0.084257 -0.026604 -0.042578 0.129902 0.197110 -0.225475 0.026410 0.129913 0.154216 -0.029548 -0.020173 0.076844 -0.121536 -0.020012 -0.004052 -0.258488 -0.069011 -0.146714 -0.048972 -0.080957 0.056011 0.061868 -0.064117 -0.015209 -0.149607 0.074484 -0.114144 -0.004852 -0.072172 0.214572 -0.146906 0.079351 0.019861 0.023000 -0.093843 0.118297 0.077253 0.134378 0.031633 0.028320 -0.062725 
-0.045485 0.264077 -0.197773 -0.138240 0.020996 0.369307 0.123712 0.317450 -0.304643 -0.137676 -0.055233 0.491869 -0.111118 0.032936 0.251661 -0.003767 -0.370126 0.308162 -0.199130 -0.083010 0.296788 -0.090271 -0.008291 -0.086107 0.092232 0.101504 0.093906 0.153694 -0.162642 0.121433 0.005986 0.160514 -0.074757 -0.073191 0.057114 -0.032667 -0.179213 0.055875 -0.336859 -0.039669 -0.357780 -0.105901 0.199871 0.503746 0.128765 -0.094832 -0.146318 0.174172 -0.048871 -0.338292 0.807454 -0.361581 0.154800 -0.150581 -0.095385 0.248292 -0.276274 -0.166962 0.073852 -0.078367 0.156945 0.012863 -0.231062 -0.382527 
0.058908 0.389099 -0.617905 -0.378962 0.160515 0.481363 0.247571 0.229820 -0.181849 -0.137127 -0.150208 0.652713 -0.138725 -0.124342 0.198975 -0.012268 -0.778046 0.447103 -0.298946 -0.209688 0.113424 -0.462999 -0.075882 0.052341 -0.131273 -0.037451 0.378874 0.296998 -0.383724 0.181126 -0.096150 -0.061457 0.426197 -0.097771 0.264888 0.205982 -0.214587 0.254288 -0.309427 -0.114231 -0.399989 -0.252679 0.205034 0.311967 0.147983 0.105234 -0.121653 0.222293 -0.034722 -0.644760 0.793088 -0.403898 0.725143 -0.290180 -0.093585 0.193262 -0.469354 0.006424 0.008053 0.186001 0.277950 -0.122473 -0.153968 -0.217574 
-0.173243 0.575832 -1.017245 -0.490274 -0.426166 0.929109 0.388430 0.259025 -0.107769 -0.316279 -0.060218 0.831944 -0.012466 -0.236812 0.312055 0.267234 -0.810385 0.156109 -0.182808 -0.235538 0.000909 -0.575174 -0.263451 -0.242720 0.061954 0.344700 0.081624 0.229081 -0.589342 0.088948 -0.392724 -0.159930 0.863749 0.258225 0.088305 0.179886 -0.363216 0.295896 -0.142228 -0.219907 -0.432682 -0.548969 0.628377 0.152648 0.031128 0.299582 -0.405059 0.116215 -0.232252 -0.860831 0.402097 -0.377902 0.874193 -0.096283 -0.333872 0.105624 -0.421392 0.110576 -0.033199 0.251451 0.448765 -0.306043 -0.284724 -0.327788 
-0.467814 0.135847 -0.589956 -0.420488 -0.515925 0.666770 0.733216 0.287544 -0.335735 -0.309703 -0.410427 -0.071633 -0.289183 -0.430596 0.339692 -0.009377 -0.804561 -0.182663 -0.021373 0.401648 0.066752 -0.812453 -0.494910 -0.066853 -0.133448 0.280393 -0.192437 0.679234 -0.778397 -0.244131 -0.356544 0.410053 0.784085 -0.186085 0.532314 -0.409614 -0.444571 0.096664 0.265883 -0.342094 -0.211872 -0.763963 -0.182953 0.247291 -0.030004 0.192669 -0.573134 0.223747 -0.557501 -0.586464 0.011417 -0.321758 1.324069 -0.090946 -0.273109 0.653966 -0.361966 0.101913 -0.711415 0.395370 0.262689 -0.749482 -0.119322 -0.502077 
0.064030 0.572763 0.039006 -0.231630 0.156398 0.668200 0.545338 0.713199 -0.245498 -0.145494 -0.597651 0.264545 -0.756807 -0.561122 0.328634 -0.011144 -1.048838 -0.826454 0.204804 0.076429 -0.631088 -0.540826 -0.663878 -0.272382 -0.141425 -0.008088 -0.160300 1.141070 -0.951987 -0.206420 -0.214237 0.260640 1.150275 0.372673 0.548863 -0.369242 -0.304625 -0.099346 0.365186 -0.524321 -0.288147 -0.772856 0.235420 -0.159739 -0.092967 -0.221329 -0.705905 0.457224 -1.152125 -0.156532 -0.244565 -0.037786 0.754733 -0.436767 -0.214898 -0.226463 -0.104747 0.733082 -0.248483 0.271207 0.274025 -1.026102 -0.219678 0.117108 
0.420922 0.093583 0.291738 -0.602216 0.390180 0.250579 0.257214 0.249481 -0.783457 -0.064148 -1.122506 0.600097 -0.570041 -0.799925 0.216991 -0.054851 -1.670980 -1.117940 0.364067 -0.308247 0.433459 -0.966672 -0.884032 0.393882 -0.690864 -0.538215 0.458397 1.463780 -0.743110 0.394525 -0.182139 0.110363 1.186447 0.897980 -0.106357 -0.768680 -0.307661 -0.215688 0.716124 -0.728776 0.131672 -0.233019 0.347424 -0.294109 0.050571 -0.287509 -0.772717 0.317743 -1.547337 0.180613 0.284313 0.417363 -0.000211 -0.604353 -0.344652 -0.623156 -0.286249 0.509402 0.876243 0.282200 0.375566 -1.511683 -0.149211 0.696383 
0.177987 -0.069691 -0.216309 0.059035 -0.298740 0.701789 0.932622 0.255788 0.011362 0.311559 -1.353671 0.966540 -0.024693 -1.143905 -0.362332 -0.475576 -1.012161 -0.315798 0.383703 -0.067754 0.459491 -0.408595 -0.835883 0.005895 -1.060763 -0.917077 1.098419 0.590759 -0.003011 -0.735054 -0.229693 -0.375489 1.126186 0.226666 -0.932983 -0.051377 -0.352863 -1.055552 0.421888 -0.070256 -0.360454 -0.285889 -0.255033 -1.537468 -0.092962 -0.262498 -0.898962 -0.403458 -1.473388 0.351378 0.838659 0.515732 -0.948634 -0.145129 -0.079291 -1.198534 -0.190228 0.926012 0.260553 0.228625 -0.120416 -1.870996 -0.165679 1.411009 
-0.172273 0.272349 -0.628184 0.691328 -0.841284 1.059712 0.159284 0.366086 0.190577 0.111483 -0.945810 0.687353 0.236042 -1.235669 0.232333 -0.108069 -0.987351 0.505316 -0.234235 0.396470 -0.554711 -1.015048 -0.328292 -0.741440 -1.362263 -0.049919 0.991144 0.116729 -0.528450 -1.061913 0.321225 -0.682180 -0.172215 0.174727 -0.570160 0.519742 -0.900807 -1.566800 0.002727 -0.567302 -0.814296 -0.237257 -0.115393 -1.333611 -0.439501 -0.405716 -0.685256 -1.042712 -1.056694 0.107355 0.236385 -0.216446 -1.487202 0.068252 0.135348 -1.272794 -0.125689 0.289993 0.020105 0.031417 0.433003 -1.683195 -0.104381 1.007480 
-1.012575 0.395221 -0.444644 -0.031402 -1.058388 1.210177 0.010269 0.631897 -0.497657 -0.616412 -0.797686 0.282018 0.255965 -0.744180 -0.156755 -1.684054 -1.444042 -0.432552 0.451657 -0.382319 -0.478318 -1.741061 -0.089372 0.085044 -0.060899 -0.356565 1.253825 -0.486548 0.323910 -2.260261 1.003819 -0.470625 -0.251610 0.603783 0.143557 -0.530888 -0.351191 -0.486428 0.207534 -0.962361 -0.065094 0.303121 0.518586 -0.894254 -0.042034 0.162625 0.274404 -1.066093 -0.758949 -0.094722 -0.047363 -0.702880 -1.140567 -0.043832 0.596167 -0.478246 0.044726 0.064206 -0.083594 0.113800 0.626554 -1.631632 -0.387931 0.049851 
-0.447704 0.437194 -0.607469 0.384363 -1.090581 0.671425 -0.257862 0.001103 -0.650754 -0.700501 -0.583678 -0.292993 -0.308620 0.172912 -0.437243 -2.286247 -1.745606 -0.215672 0.386167 -0.340850 0.399454 -0.220484 -0.320330 -0.662948 -0.594091 1.353698 1.157945 -0.691125 0.606505 -2.257334 0.225862 -0.457854 0.030344 -0.102741 -0.088446 -0.601512 -0.190959 1.308236 -0.368338 -1.266780 -0.378058 -0.567120 0.262804 -0.829811 0.110312 0.417339 0.079177 -1.021962 -0.090709 -0.668684 -0.622596 0.313718 -0.799647 -0.426404 -0.072699 -0.792731 0.018629 0.667271 -0.628853 0.628842 0.339931 -0.640326 0.771278 -0.853316 
-1.224698 -0.307474 0.153365 -0.131380 -0.714994 -0.272133 0.337368 -0.043405 -0.420725 -0.548786 -0.448301 0.203671 1.394064 -0.343616 -0.961302 -2.304556 -0.844387 0.177311 -0.059810 -0.052943 1.001072 -0.650166 -0.146663 -0.650015 -0.315399 0.823450 0.847168 -1.224231 0.721549 -0.955356 0.894238 -0.814633 0.863500 -0.979637 -0.927279 -0.779350 -0.038724 0.379753 -0.044056 -1.192009 -0.533546 -0.333403 -0.496777 -0.427553 -0.611488 0.057886 -0.294496 -0.154398 -0.218521 -0.899879 0.328623 -0.269404 0.064523 0.340441 -0.628427 -1.483142 -0.109847 0.121804 -0.374588 0.169940 0.750074 0.028006 0.212788 -0.649446 
-0.439683 0.737073 0.628546 -0.275868 -0.140504 0.743258 1.184213 -0.039644 0.404897 0.027627 -0.768458 -0.381727 0.744109 0.268990 -1.260423 -0.940536 -0.639521 -0.165915 0.235154 -0.621275 0.056569 -0.360778 0.180055 -0.343934 0.265953 0.530589 1.845012 -1.930868 -0.357685 -0.334763 -0.568189 -1.207636 2.250119 -0.577877 -1.009078 0.622516 -0.063958 0.937378 -0.074203 -0.665382 -1.483317 -1.464173 0.302414 -0.114707 -0.879488 -0.157915 0.227055 0.125562 -0.441983 0.104970 0.409286 0.189655 1.006164 0.687405 -0.172496 -0.284589 -0.596503 -0.840612 -0.593467 0.498086 0.301864 -0.136537 0.857477 0.353104 
-0.132792 0.421628 0.670074 0.941492 0.647767 0.471365 0.106693 -0.184289 -0.174791 -0.430980 -0.666843 -1.639574 -0.244609 -0.142684 -0.577201 0.557901 -0.913695 0.381914 0.056014 -0.742538 -0.356977 -0.764581 0.290624 0.588445 -0.863625 0.675153 1.851773 -2.369413 -0.506487 0.205278 -1.051402 -0.413083 3.083456 -0.273963 -0.615734 0.663906 0.625690 0.890427 0.521871 -0.384405 -1.066514 -0.367765 0.193709 -0.055767 -0.477619 -0.038419 1.295370 0.346830 -0.249138 -0.475219 0.177082 -0.633951 0.203264 1.743925 0.287417 -0.136495 0.009769 0.005652 -0.550710 -0.154212 -1.103181 0.478074 0.265590 0.841187 
-0.634639 -0.277692 1.166582 0.593153 0.562373 0.332774 0.274762 -0.264789 -0.317061 -1.283322 0.340639 -1.918350 -0.986066 -0.504178 -0.144851 1.090387 -0.803654 -0.313696 -0.164157 -0.081414 -0.256151 -0.820105 0.108838 0.894301 -0.409844 0.671176 0.718842 -0.895909 -0.564171 0.175131 -1.987211 -0.643875 3.095654 -0.225592 -0.373300 -1.160190 0.360395 0.957046 0.708477 -0.565484 0.444118 -0.050173 0.885058 0.084757 -0.612191 0.183057 0.700591 0.280862 -0.801697 -0.063181 0.636757 0.365480 0.141379 0.754775 0.418019 -0.557016 -0.786508 0.033233 -0.736585 -0.556629 0.037692 -0.654532 0.461130 0.055686 
-0.644207 0.471075 0.258734 0.785551 0.215503 -0.319607 0.297412 0.077963 -0.053114 -0.547864 0.718519 -1.381047 -1.294934 -0.402747 -0.919898 0.805981 -0.853131 0.103004 -0.558534 -0.560826 -0.113679 -0.357002 -0.263103 0.464392 -0.224253 0.909534 0.481781 0.002456 -0.224119 0.678117 -1.297570 -0.808103 2.400559 -0.464699 0.476690 -0.138995 0.081589 0.889555 0.695676 -0.604812 1.075355 -0.320737 1.016317 1.912977 -0.853069 0.164522 -0.048056 -0.429361 -0.945576 -0.009664 0.495644 0.501751 -0.010037 0.458113 0.038664 -0.701863 -0.765784 0.680255 -0.448531 -0.299463 -0.220259 -0.132653 -0.234104 -0.190504 
-0.210713 0.617601 0.575788 0.447424 -0.032473 0.297762 0.413921 -0.390120 -0.605014 -0.027465 0.101671 -0.940874 -1.013617 -0.754852 -0.475669 0.865202 -0.684895 0.462776 -0.173950 -0.417027 -0.833789 0.247409 -0.210142 -0.595131 -0.586948 0.542633 0.486247 0.643689 0.518444 0.242217 -0.400152 -0.196839 1.554489 0.126439 0.681959 0.013053 -0.346694 -0.069374 -0.278294 -0.483739 0.923937 -0.518290 0.779814 1.217251 -0.667368 -0.458557 -0.306019 -0.233281 -0.820368 0.041657 0.320850 0.234578 0.083179 -0.263272 -0.881036 -0.417452 -0.889097 0.584429 0.271210 0.371373 -1.560095 0.138164 -0.145917 -0.050274 
0.215902 -0.075753 0.503963 0.044191 -0.433763 0.231477 -0.170610 0.106102 -0.035529 -0.028156 -0.095338 -0.592011 -0.748917 -0.020980 -0.073168 0.375667 -0.393686 0.247895 0.822193 0.012540 -0.733628 -0.569052 -0.260018 0.189212 -0.262070 0.249897 0.753153 0.518836 0.855938 0.080101 -0.211108 -0.374593 0.908760 0.115955 0.377679 -0.539053 -0.227080 -0.954684 0.323516 -0.732574 0.628352 -0.608057 -0.075671 0.541215 -0.673004 -0.615927 -0.436963 0.051892 -0.339817 -0.112340 -0.208885 -0.362702 0.293400 -0.057584 -0.530250 -0.537894 -0.951774 -0.094742 -0.023855 0.186721 -1.296366 -0.232050 0.185777 0.469560 
0.104679 0.150214 0.806699 -0.194334 -0.607326 -0.225357 0.060002 -0.228051 -0.355084 0.380681 -0.178587 -0.401593 -0.629560 0.298849 0.362826 0.444490 -0.414329 0.443594 0.552082 -0.054930 -0.740412 0.178171 0.035778 0.497548 -0.039695 0.058488 0.457818 0.404976 0.596023 -0.096312 -0.110061 -0.371383 -0.126128 0.496127 0.393717 -0.700568 -0.074263 -1.194296 0.526087 -0.640297 0.272805 0.052332 -0.367694 0.723157 -0.710642 -0.271910 -0.060558 0.211033 -0.204519 -0.630456 0.490039 -0.464548 0.112059 0.181083 0.333426 -0.493749 0.045574 0.005999 -0.069944 -0.361860 -1.033979 0.541966 -0.053746 0.691844 
0.281295 -0.000533 0.803155 0.168551 -0.522282 -0.812110 -0.605823 -0.521162 -0.201108 0.430662 -0.553943 -0.226499 -0.078334 -0.009938 0.231286 0.756441 -0.179194 0.016961 0.529480 -0.076502 -0.950028 0.872510 0.090061 -0.180807 -0.091563 0.583552 -0.506222 0.713984 0.581268 -0.178672 -0.029352 -0.307665 -0.223601 0.278187 0.016488 -0.300708 -0.248321 -1.223148 -0.153113 -0.109430 0.236860 0.267375 0.108564 0.255354 -0.250738 -0.499536 -0.125887 0.177706 -0.178945 -0.455867 0.230616 -0.343681 -0.162334 -0.083880 -0.031661 -0.475920 0.918174 -0.025950 0.069672 -1.253091 -0.929309 0.891708 -0.067702 0.477985 
0.139833 0.258646 0.298045 0.249100 -0.445548 -0.505006 -0.634509 -0.680292 0.146202 0.401746 0.052358 -0.020450 -0.124251 -0.130606 0.283425 0.378793 -0.244772 -0.139176 0.188720 -0.007261 -0.673182 0.466638 0.283471 -0.194580 -0.119925 0.449046 -0.247938 0.464337 0.410665 -0.075370 -0.069706 -0.417250 -0.190509 0.124719 -0.082801 0.060676 -0.414011 -0.384758 -0.328131 -0.044073 0.216245 -0.046673 0.182572 -0.000675 -0.108457 -0.515901 -0.150187 0.200479 -0.064774 -0.435554 0.125444 -0.203956 -0.189408 -0.295433 -0.177753 -0.313141 0.514886 -0.030737 -0.037778 -1.248366 -0.094014 0.522897 0.060447 0.154893 
0.084929 0.252168 0.046510 0.097674 -0.082841 -0.210930 -0.463142 -0.294116 0.064409 0.143734 -0.024141 -0.056775 -0.220427 -0.524510 0.266772 -0.026122 -0.200570 -0.135269 -0.025733 -0.075915 -0.337646 0.138614 0.069181 -0.047173 -0.115886 0.053492 0.084813 0.018429 0.015588 -0.419155 0.003575 -0.243223 -0.122093 0.118285 -0.093076 0.117582 -0.233055 -0.066099 -0.169379 -0.063273 0.042095 -0.164645 0.075415 -0.226841 -0.112494 -0.133219 -0.101545 -0.056273 -0.057246 -0.239921 0.141645 -0.016644 0.072232 -0.194705 -0.062043 0.084469 0.002485 -0.047466 -0.118707 -0.438862 0.047388 0.151382 0.072552 0.079627 
0.265095 -0.040503 0.076946 -0.035887 0.008640 -0.043331 -0.180455 0.030866 0.031147 0.095263 -0.044672 0.067362 -0.057813 -0.061454 -0.115331 -0.079451 0.075785 -0.176781 -0.043723 -0.064350 -0.224998 0.118986 -0.262783 0.073106 -0.030853 -0.013314 -0.067263 -0.173178 -0.020559 -0.205487 -0.063337 -0.186045 0.055982 0.000116 -0.060048 -0.054983 -0.051857 -0.030183 -0.054016 -0.058643 0.104265 -0.061601 0.087154 0.089278 -0.055836 0.006880 -0.124004 0.037167 -0.000639 0.030940 -0.060223 -0.063065 0.005655 -0.020646 -0.094683 0.046904 -0.265315 0.067380 -0.052966 0.163453 -0.055015 0.039832 -0.039648 -0.071244 
0.168141 0.045944 -0.026219 -0.045196 -0.048625 0.008804 -0.022296 0.023008 -0.075950 0.043352 0.037571 -0.044304 -0.019715 -0.082035 -0.016551 0.064411 -0.037590 -0.057465 0.042188 0.018349 -0.165793 0.043752 -0.176197 -0.004484 0.072243 0.052449 0.019800 -0.069168 0.018274 -0.096484 0.053047 0.027854 0.090558 -0.057349 -0.069925 -0.118027 -0.030451 0.036510 0.043552 0.046735 -0.011184 -0.027856 0.042512 0.038834 0.039170 -0.082936 -0.067153 -0.038551 0.078680 0.067476 -0.083834 -0.085308 0.006636 0.042928 0.034771 0.054263 0.037995 0.029677 0.010239 -0.023330 0.008570 -0.058699 -0.066555 -0.067919 
0.034155 -0.001568 0.034304 -0.044526 0.072015 -0.069304 -0.067953 0.000018 0.055092 -0.041076 -0.058383 -0.054861 0.033041 0.034751 -0.009629 0.073278 0.058614 0.075593 0.014938 0.077791 -0.065689 0.072718 0.078740 0.077380 -0.024611 0.010338 0.046847 -0.069868 -0.023527 -0.041451 -0.082925 -0.056330 0.046190 -0.054250 -0.028692 -0.062506 -0.007586 -0.026592 -0.004711 -0.077749 0.081297 -0.053044 -0.072559 0.024934 0.020991 0.053958 0.007226 0.064775 0.002631 0.017490 -0.076332 -0.058270 -0.023527 -0.057146 0.081554 0.064755 -0.013598 0.007966 -0.056432 -0.046600 -0.072189 0.033205 -0.069278 -0.039921 
0.037861 0.050657 -0.013240 0.040572 -0.021587 0.047610 -0.044199 0.015400 0.007792 0.004429 0.058752 -0.039818 0.082778 -0.079415 -0.067747 -0.047463 0.050513 -0.066630 0.063312 0.000450 -0.031631 0.043604 -0.010754 0.052607 0.011565 -0.070911 0.022880 0.074763 0.002218 -0.005255 0.010669 -0.076206 -0.082764 -0.042493 0.015420 0.013906 -0.016655 -0.003057 -0.017546 -0.018016 -0.072141 0.060936 0.078598 0.048133 0.041642 0.041859 -0.059435 -0.075937 0.018285 0.080660 0.039794 -0.036327 -0.017824 0.036722 0.026279 0.082533 -0.038247 0.064089 -0.039643 -0.036686 0.060305 -0.024933 -0.032626 -0.059189 
0.102771 0.035069 -0.001434 0.038727 0.036321 -0.030492 0.020081 0.017126 -0.079173 -0.043707 -0.058873 0.026872 -0.054805 -0.113573 -0.042180 0.011695 0.012023 -0.087457 -0.019731 -0.048401 -0.015948 0.065714 0.021788 0.037479 0.103186 0.074271 -0.025824 0.049854 -0.020710 0.073843 0.063988 -0.079033 0.091934 0.005139 -0.046817 0.055191 0.034467 0.070388 -0.046234 0.060826 0.038219 -0.036811 -0.096950 -0.058733 -0.043696 -0.026367 -0.045061 0.051847 0.075688 -0.079769 0.019472 0.014726 0.030377 -0.004502 -0.073842 -0.080606 -0.062954 0.005613 -0.065121 0.013743 0.060408 0.009150 -0.031354 0.085629 
0.210468 0.055567 -0.079715 -0.065974 -0.015934 0.075386 -0.086574 -0.080586 -0.137286 0.101262 0.009415 0.094674 0.023241 0.036722 0.094033 -0.165625 0.221377 0.005265 0.221050 0.070702 0.055113 -0.003896 -0.064948 0.008267 0.057554 -0.085371 -0.017125 -0.012982 -0.160001 -0.122719 0.087146 -0.034158 0.009979 0.040274 0.045633 -0.154398 -0.044224 0.063516 -0.271247 0.062693 -0.047024 -0.037749 -0.083897 0.066234 0.060331 0.062847 -0.052138 -0.093686 0.154211 -0.062639 -0.171229 -0.051377 0.165839 0.062115 -0.000427 0.079881 0.023709 -0.101818 -0.127398 -0.031502 0.140425 0.015299 -0.053869 -0.124125 
0.240340 0.030244 -0.293332 -0.313935 0.221753 0.193477 0.016895 0.088435 -0.217336 0.020204 -0.009538 0.308453 -0.073202 0.016959 -0.042927 -0.112364 0.224039 -0.048737 0.422374 0.051315 -0.259376 0.255499 0.025495 -0.242721 0.237349 -0.148109 -0.246176 0.193475 -0.261241 -0.498900 0.169012 0.311812 -0.034521 0.051901 0.196723 0.084403 -0.029216 0.017503 -0.252404 -0.107838 -0.155535 -0.145916 0.001760 0.159391 0.131334 -0.017503 -0.114331 -0.169149 0.163591 -0.181689 -0.081022 -0.222000 0.311741 -0.081826 -0.150689 0.247009 -0.049867 -0.233660 -0.234056 0.086432 0.273976 -0.058245 0.013364 -0.531273 
0.304095 0.365923 -0.433567 -0.593092 -0.108080 0.470867 0.259705 0.106492 -0.649610 -0.073796 -0.038952 0.271024 0.226525 -0.076979 0.056714 0.185149 -0.340889 -0.010046 -0.097338 0.121178 -0.252351 0.228985 0.022059 -0.172575 0.243144 0.201792 -0.379029 0.573527 -0.437694 0.169452 0.044529 0.414790 -0.097529 0.166453 0.485496 0.614060 -0.162492 0.368208 -0.127488 -0.105783 -0.227176 0.046134 0.297608 0.462307 0.161093 0.036279 0.074106 0.425358 0.268730 -0.617558 0.430678 -0.505316 0.708376 -0.118342 -0.025125 0.380968 -0.015383 -0.254077 -0.280145 -0.177502 0.266984 -0.030484 -0.638821 -0.683342 
0.249644 0.407832 -1.088846 -0.764220 0.068170 0.805138 0.178549 -0.001777 -0.590911 -0.172904 -0.054013 0.303806 0.004518 -0.077839 0.564121 0.379098 -0.685400 0.249960 0.053164 -0.290681 -0.019420 -0.680775 -0.208450 -0.064902 0.270528 0.137334 -0.217123 0.549426 -0.724986 0.403009 -0.037281 0.355458 0.318086 0.567619 0.687509 0.302841 -0.197827 0.587239 -0.419715 -0.157073 -0.197499 -0.207023 0.330369 0.349389 -0.105378 0.183537 0.121324 0.313322 -0.115821 -0.717104 0.452140 -0.734519 0.963486 -0.132590 -0.119571 0.427133 -0.694568 -0.099121 -0.112124 -0.027913 0.029834 -0.224866 -0.526114 -0.518470 
-0.020926 0.550131 -0.839879 -0.676653 -0.471267 0.858804 0.389176 -0.418214 -0.143102 -0.347884 -0.112671 0.281671 -0.431193 -0.051363 0.706773 0.291171 -1.196563 0.419449 0.287481 -0.403475 0.255463 -0.635984 -0.130643 -0.420419 0.200749 0.308236 -0.027066 0.031331 -0.791032 -0.010707 -0.023318 0.178977 0.505814 0.691713 0.362590 -0.053120 -0.406736 0.300897 -0.311137 -0.100259 0.222783 -0.752067 0.137154 -0.225345 -0.018651 0.105253 -0.340118 0.762971 -0.588413 -0.374473 0.469206 -0.686621 0.870583 -0.129890 -0.283462 0.181837 -0.844724 -0.795843 -0.595524 -0.109335 -0.267839 -0.502651 -0.325811 -0.154593 
0.158461 0.226944 -0.179562 -0.369070 -0.694835 0.377852 0.652816 -0.220429 -0.089789 0.132458 -0.285403 -0.686675 -0.905654 -0.264212 0.374332 0.230987 -1.015379 0.550369 0.361255 0.213643 0.435625 -0.398564 -0.396472 -0.516155 0.099938 0.084573 -0.169752 0.645093 -0.842981 0.099894 0.107703 0.313731 0.755003 0.931857 0.800549 0.247155 -0.334325 -0.683297 -0.174682 0.004043 -0.061522 -1.113069 -0.075259 -0.750790 0.111088 -0.195882 -0.722622 1.013969 -0.876123 -0.900067 0.438468 -0.689422 1.144893 -0.178969 0.144885 0.728012 -0.516065 -0.084705 -0.740268 -0.014100 -0.272726 -0.653815 -0.429900 0.411867 
-0.630582 0.946619 -0.507063 -0.306668 -0.341776 0.882480 0.313846 0.313175 -0.156130 0.306819 -0.284466 -0.105438 -1.026151 -0.697090 0.047847 0.677290 -1.334679 0.388924 0.282624 0.379213 0.509252 0.254298 -0.556661 -0.188386 1.012153 -0.011980 -0.041562 1.017725 -1.090242 0.958479 0.122364 0.429685 0.588706 0.954246 -0.200258 0.057771 -0.296770 -0.895279 -0.612316 0.044536 -0.533842 -1.450607 -0.043694 -1.219877 0.037090 -0.644048 -1.121347 1.511499 -1.354653 -0.294547 0.121964 -0.232622 0.967102 -0.533974 -0.211829 0.804251 -0.139557 0.756294 -0.546820 -0.661898 -0.105981 -1.137760 -0.449926 0.700025 
-1.129420 1.366850 -0.262648 -1.506672 0.363124 0.941685 0.808247 0.474171 -0.472626 0.496748 -0.054256 0.338628 -0.901549 -1.008619 0.212109 -1.077784 -1.371279 0.467002 -0.176648 0.222580 0.431526 0.402248 -0.532075 0.044350 1.233645 -0.785090 0.957188 -0.653534 -0.125825 -0.384895 -0.271679 -0.538879 1.136363 0.948576 0.026575 0.220388 -0.389868 -1.093693 -0.005288 0.037855 -0.285649 -0.749460 -0.487433 -1.222617 0.115698 -0.085794 -0.411440 0.580689 -0.901441 -0.308902 0.428110 -0.007163 0.896496 0.250994 -0.070560 0.056638 -0.148904 0.288997 -0.057222 0.344928 0.274763 -0.946672 -0.640623 0.336937 
-0.713917 1.288659 -1.117285 -0.480265 0.469326 0.183158 0.798804 0.000577 -1.456062 0.054449 -0.826763 0.043129 -0.315442 -1.020128 0.369650 -0.531664 -0.604995 0.777790 0.146706 0.417271 -0.345686 -0.699779 -0.659487 -0.683614 0.035985 -0.088391 0.870478 -0.413915 0.286113 -0.321520 0.014004 -0.051462 1.020680 -0.332152 0.378113 0.350158 -0.274998 -2.276623 0.913065 0.503305 -0.984557 0.226365 -0.848345 -1.675291 0.349905 0.258814 0.025443 -0.500561 0.045530 0.690631 0.431818 0.160793 -0.359736 0.170812 -0.082290 -0.446911 0.114614 -0.778589 0.226813 0.068867 0.887500 -1.265382 -0.367623 1.206622 
-1.177500 0.226564 -0.549697 -0.090365 -0.601416 0.760619 -0.340902 0.239450 -0.047644 0.116468 -1.084600 -0.263313 -0.394056 -0.669069 0.446028 0.135630 -1.679444 0.506209 0.281122 0.151247 -1.044013 -1.257320 -0.401838 -0.658264 -0.654068 -0.135992 1.028702 0.005588 -0.134567 -1.700879 -0.299602 0.656513 1.272292 0.111022 0.912529 -0.520564 -0.129172 -2.115741 0.686402 0.228672 0.633473 -0.314845 -0.111747 -0.699065 -0.514385 0.010632 0.366624 -0.890796 -0.189297 0.351023 -0.501508 -0.736286 -0.482852 -0.450947 -0.502911 -0.147822 0.177284 -0.645835 -1.028254 -0.175833 0.247980 -0.867139 -0.362602 2.111764 
-1.249652 0.747657 0.067756 -1.359022 -0.402532 1.030040 0.087318 0.301513 -0.527612 0.408189 0.289071 0.268318 -0.053055 -0.845667 0.086031 -1.237762 -1.071124 0.384199 0.571449 -0.039914 -0.330543 -0.832350 -0.296896 0.261518 0.139749 -1.304715 0.994379 -0.321637 -0.210529 -3.935826 -0.156230 0.404356 0.937109 0.469975 0.867084 -1.284472 0.333369 -0.603858 0.402926 0.467492 1.254858 -0.143999 -0.469146 -0.860034 -0.067974 0.399345 0.881609 -0.257953 0.267481 -0.580243 0.598895 0.158062 -0.910307 -1.188470 -0.089059 0.401778 0.441190 0.020969 -0.094895 -0.375799 0.745265 -0.978806 -0.905085 0.814126 
-1.728806 0.209689 1.263083 -0.496914 -0.298499 -0.150355 -0.091790 0.347474 -0.276832 0.131145 -0.276843 0.086315 -0.144791 0.089068 -0.130092 -1.597846 -2.070480 -0.061834 0.403175 -0.128514 0.137912 -0.396431 -0.332790 0.959349 -0.229444 -1.611833 0.674738 -0.692437 0.708805 -3.179220 0.188277 0.583837 1.257946 0.576554 0.241965 -0.676863 0.077063 -0.488350 0.197996 -0.076678 0.426811 -0.503297 -1.043012 -1.075984 0.483765 0.811258 -0.239319 0.149835 0.215393 0.217623 -0.644061 0.667566 -0.632422 -1.212222 -0.263296 -0.311323 1.434802 -0.112731 -0.127011 -0.620884 0.563984 -0.025923 0.197835 -1.239946 
-1.014795 0.510359 0.753424 0.794734 -0.524780 -0.363223 0.718024 -0.096761 0.163740 0.220111 -0.621987 0.643492 0.794010 -0.496522 -0.432490 -2.990100 -2.681576 -0.074973 -0.518661 0.045043 -0.620747 0.018173 0.268955 0.343573 0.210596 -0.853170 0.361418 -1.610754 -0.081297 -0.723014 -0.727098 0.316440 1.993961 0.383209 0.070877 0.106098 -0.218528 0.282128 0.548307 0.548063 -0.884489 0.062653 0.453559 -1.342028 -0.280284 1.358467 -0.529617 0.502653 -0.777329 0.483479 -1.144356 0.352456 0.876166 -0.557634 -0.242934 0.127933 0.551290 0.125014 -0.164588 0.074740 -0.081158 0.158918 -0.058731 -1.544229 
-0.155277 0.432105 0.260840 0.192969 -0.020821 0.410866 0.435018 -0.098518 0.880858 -0.129441 -0.146077 0.165619 1.104181 -0.384329 -0.803846 -2.214520 -1.321973 -0.102445 -0.356152 0.242984 0.349516 -0.860488 -0.247143 0.141348 0.193330 0.985565 0.626975 -3.696813 -0.193738 -0.014023 -0.825678 0.295340 2.009008 0.054978 -0.103739 -0.015422 -0.204588 1.488667 0.396805 0.491629 -2.043604 -0.613317 0.351278 -1.902508 -0.679509 1.942254 -0.719528 0.510924 -1.052693 0.376922 0.335937 0.461423 0.473235 -0.123191 0.043916 0.178992 0.139701 0.317877 1.063001 0.684354 0.290924 -1.091266 0.390881 -0.848015 
-0.752502 0.119801 0.150439 1.050863 -0.272160 -0.256261 -0.267515 0.650975 1.023398 -0.155500 0.763942 -0.850873 -0.030004 0.381841 -0.437656 0.377179 -1.081123 0.450682 -0.296500 0.599185 0.981716 0.448620 -0.490541 -0.007430 -1.322334 -0.451450 1.512606 -3.365231 0.071359 0.700269 -0.690446 0.753404 2.248459 -0.365342 0.867788 -0.155717 0.045157 0.367531 -0.090976 0.436409 -1.383432 -0.523912 -0.286016 -1.619418 -0.818132 1.216090 0.076393 -0.366729 -0.547890 0.157967 0.109462 -0.355928 -0.778511 0.976210 -0.064863 0.367634 0.584091 0.832390 1.766967 0.459502 0.233362 -0.329841 0.256597 0.040186 
-2.473777 -0.644359 1.205951 -0.191743 0.650063 0.153142 0.346904 0.193336 0.283486 -0.409861 0.768569 -1.454437 -0.721072 0.284580 0.500709 1.366891 -1.653014 0.289776 -0.381449 -0.311335 0.420388 0.396671 0.045539 0.696749 -0.144711 -1.075819 1.489665 -1.950038 0.556256 1.836700 -0.793140 -0.269977 0.917686 -0.697646 0.236829 -0.834858 -0.001680 -0.057528 1.032335 0.858969 -0.717301 0.343326 -0.563206 -0.978618 -0.726206 1.362043 -0.163485 -0.090029 0.323941 -0.589094 0.185624 0.194017 -0.795719 1.346959 0.287105 -0.172737 -1.277883 0.320703 0.509927 0.188015 0.448864 -0.420588 0.585979 0.577305 
-1.535329 0.681324 1.011912 0.104832 -0.750421 -0.034341 0.454211 0.334116 0.502036 -0.138873 0.558178 -1.430342 -1.192125 0.364019 0.085528 0.580699 -1.957399 -0.074336 -0.579781 -0.657100 -0.663086 0.616905 0.309646 0.288444 0.771074 0.029799 0.669127 -0.437840 0.833843 0.911031 -1.046778 -0.925949 0.755684 0.016862 0.161012 -0.742846 0.292010 0.908578 0.930024 0.283972 0.302732 -0.686627 0.124039 -0.484999 -0.667034 0.475041 -0.292517 -0.274974 0.423521 0.314744 0.176496 -0.834389 0.158629 0.820749 0.260423 -1.014474 -0.376627 0.608835 -0.742412 0.125576 -0.212436 -0.187641 0.123583 0.456485 
-0.816332 0.393859 0.740625 0.795448 -1.067973 0.027925 -0.098769 0.032791 0.126777 0.110575 0.304712 -0.879703 -1.142694 0.124474 0.689551 0.712378 -1.584801 0.901505 -1.033680 0.019855 -0.733163 0.730539 0.953945 -0.381518 -0.423699 -1.174504 0.162610 0.820568 1.158422 0.815525 0.209737 -0.377211 0.518613 0.602420 -0.455609 -0.201214 0.151924 0.263720 -0.278738 0.034920 1.128274 -0.373945 0.001045 -0.333718 -0.582509 -0.121557 0.095509 -0.136456 -0.389000 -0.184538 0.044530 -0.739617 -0.624929 0.087695 -0.492252 -0.856926 0.189050 0.285700 -0.511677 -0.272887 -1.403659 0.774717 -1.074680 -1.136890 
-0.717946 -0.070328 0.692753 -0.279892 -0.659753 0.553834 0.052200 0.171612 0.061578 -0.036904 0.640826 -0.784025 -0.915908 -0.054328 0.356429 0.859707 -0.569939 0.418070 0.183501 1.169014 -0.481962 0.099059 0.401827 0.692713 -0.633551 -1.606073 0.095731 0.802455 0.699712 -0.184126 0.011292 0.365872 -0.155170 1.215541 0.412705 -1.025791 0.470122 -0.849730 0.362925 -0.045221 0.691169 -0.484815 -0.223044 -0.941020 -0.788301 -0.323709 0.599825 0.014499 -0.094597 -0.539261 -0.331646 -0.729267 0.325836 -0.561385 -0.547041 -0.497041 -0.197685 -0.289383 -0.720345 -0.519134 -1.353324 -0.250162 -0.838438 -0.456639 
-0.179398 0.580783 0.512640 -0.228464 -0.483565 0.222934 0.252278 -0.369310 -0.161243 -0.323963 -0.663782 -0.811488 -0.228304 -0.107703 0.583260 0.896793 -0.733064 0.091537 -0.028331 0.544613 -0.811940 0.571368 0.105417 0.045711 -0.030158 0.007536 -0.005745 1.084323 0.419126 0.635068 -0.430880 -0.397764 -0.987119 0.569710 0.303728 -0.494911 0.282455 -1.669431 0.403480 -0.587282 0.319621 -0.104555 -0.172976 -0.272244 -0.602021 -0.606240 0.377017 -0.008301 -0.089838 -0.494618 -0.214733 -0.531388 0.024581 0.261840 -0.329748 -1.034428 0.631340 0.125153 -0.705836 0.100631 -1.155753 0.237232 -0.529121 0.507770 
-0.309284 0.395160 -0.050250 -0.141568 -0.620299 -0.598913 -0.771554 -0.527955 -0.429652 -0.263653 -0.869893 -0.312415 0.007089 -0.070410 0.721642 1.007060 -0.363711 0.435886 0.080454 -0.297569 -0.899985 0.719424 -0.064380 -0.814862 -0.376662 0.868402 0.244291 0.615946 0.680661 0.513118 -0.347807 -0.937377 -0.488322 0.076162 -0.185109 0.057496 -0.181251 -1.185629 -0.045685 -0.831494 0.401601 -0.370319 0.296536 -0.038724 0.006927 -0.837832 0.040804 -0.070267 -0.023790 -0.157918 -0.078806 -0.438593 -0.340006 0.115509 0.060434 -0.649038 0.205432 0.220265 -0.564982 -1.417214 -0.812279 0.760684 -0.682735 0.175657 
0.117022 0.377013 0.062705 0.167361 -0.321419 -0.546293 -0.520316 -0.380282 -0.495098 0.256476 -0.367952 -0.065151 0.137836 -0.241908 0.371680 0.092382 -0.267896 -0.016016 -0.034063 -0.287878 -0.626880 0.953337 -0.111477 -0.470368 -0.466634 0.841530 -0.159888 -0.250706 0.619324 -0.002704 -0.202780 -0.573903 0.097397 0.453053 -0.121580 0.177762 0.092319 -0.427098 -0.170058 -0.466753 -0.120718 -0.526807 0.129081 0.088945 0.171663 -0.681842 0.261388 -0.041554 -0.039092 -0.168676 0.374542 -0.266059 -0.303622 -0.160075 -0.234706 -0.220643 0.471001 0.213623 -0.113900 -1.256562 -0.164138 0.477754 -0.328360 -0.153727 
-0.124736 0.197355 0.371395 0.108343 -0.232875 -0.189736 -0.435125 -0.526282 -0.616760 0.111022 -0.040159 -0.054782 -0.365871 -0.629973 0.414785 -0.099290 -0.240952 -0.197637 0.076433 -0.261384 -0.207729 0.522376 0.109426 -0.273499 -0.134695 0.158356 0.052352 -0.332935 0.492418 -0.135353 0.019513 -0.398865 -0.134489 0.193904 -0.075293 0.106388 0.096352 -0.059618 0.018593 -0.080064 0.130930 -0.373822 0.099986 -0.002624 -0.167976 -0.206906 0.118779 -0.051284 0.076276 -0.306888 0.230243 0.046887 -0.102337 -0.253595 -0.240660 0.040840 -0.180013 0.055332 -0.096195 -0.297874 -0.052158 0.375286 0.189656 0.232160 
0.053887 0.084040 0.078835 -0.040927 -0.015423 -0.032558 -0.074827 -0.203460 -0.215398 0.096380 -0.043891 -0.011580 -0.185068 -0.176517 -0.067105 -0.049772 -0.040559 -0.045566 0.065795 0.029283 -0.105438 0.065649 0.063422 -0.160425 -0.016578 -0.113753 -0.006949 -0.117055 0.315275 -0.063598 0.054517 0.054848 0.003206 0.076080 -0.015378 -0.083645 -0.016911 0.013532 0.071025 -0.048391 0.049405 -0.143234 0.031187 -0.003556 0.155819 -0.073378 -0.088204 0.043254 0.122077 -0.192489 0.115334 0.084378 -0.051350 -0.069604 0.018451 -0.098222 0.172064 0.028004 0.058074 -0.071597 -0.068101 0.132482 0.025128 0.073749 
-0.069423 0.043730 0.001469 0.025072 -0.098888 -0.062082 0.006057 -0.023841 -0.066909 -0.010261 -0.008601 -0.006362 -0.089633 -0.009217 0.044414 0.050104 -0.001356 -0.041231 0.041894 0.076300 -0.059151 0.067508 -0.043262 -0.156552 0.035871 -0.089727 -0.066434 -0.029773 -0.014718 0.044093 -0.051654 0.032353 -0.068225 0.009818 0.046434 0.010060 0.001790 0.054351 -0.044442 -0.073668 -0.070849 0.012191 0.035476 -0.103794 -0.002795 -0.066040 0.017564 -0.011522 0.051863 0.077220 -0.049326 0.074302 0.049143 -0.081394 -0.089471 -0.036576 -0.092284 -0.051942 -0.014539 0.038003 0.018153 0.066134 0.053672 0.028532 
-0.043371 0.024631 0.049096 0.030520 -0.027701 -0.083310 0.051339 -0.021900 -0.066877 -0.058337 -0.055811 -0.020036 -0.051817 -0.042893 0.021284 -0.023248 0.002108 0.000634 -0.057167 0.070480 -0.066869 0.040424 -0.074371 0.003889 -0.077298 0.041548 -0.023725 -0.032502 0.029868 0.037872 -0.051071 -0.057098 0.079611 -0.016535 -0.072109 -0.078314 -0.047663 0.082760 0.015256 0.058995 0.069540 0.027542 0.033374 0.072980 -0.064108 0.026978 0.072790 -0.022680 -0.083727 0.039977 0.040285 -0.056047 0.070259 -0.072051 -0.021217 0.037386 0.045070 -0.034653 -0.013280 -0.027060 0.074125 0.051971 -0.005568 -0.023235 
0.016312 -0.069362 0.039064 0.038709 0.016008 0.100326 0.045042 -0.007639 0.059110 0.005953 0.012426 0.030999 -0.037025 0.025942 0.060009 -0.033656 0.001488 0.020675 -0.052362 -0.072595 0.072762 -0.048319 -0.005704 0.065915 0.095802 -0.057227 -0.040505 0.067779 -0.085272 0.035532 0.015453 0.026915 -0.026697 -0.044251 0.048864 -0.075911 0.073186 -0.018167 0.082198 -0.059939 -0.058276 0.061818 0.011402 -0.052829 -0.021407 0.046848 -0.065394 0.083758 0.029162 0.004094 0.067261 0.029959 -0.016615 -0.043518 -0.013163 -0.075443 0.069357 0.055217 0.030937 0.049127 -0.064222 0.050242 -0.016657 -0.010858 
0.030674 0.062989 0.045160 0.039533 -0.056288 -0.041027 0.055943 0.059078 -0.081573 0.023395 0.005846 -0.013691 -0.043314 -0.210940 -0.131060 0.009775 -0.097102 0.088648 -0.015380 0.064652 0.016704 -0.007299 0.079223 -0.029679 0.123339 -0.096139 0.031516 -0.041280 -0.254378 0.068603 0.113165 -0.051546 -0.002096 -0.087031 -0.002648 -0.054541 -0.018367 0.038516 -0.064020 0.069757 0.026887 0.008793 -0.002180 -0.148223 -0.056433 0.174617 -0.002398 -0.024708 -0.050158 -0.005401 -0.240122 -0.003668 0.090349 0.058500 0.009954 0.010226 -0.032477 0.012803 -0.066840 -0.048731 -0.042988 0.021527 -0.039918 -0.058560 
0.078703 0.096532 -0.230258 -0.246414 -0.115137 0.039920 0.105742 -0.067581 -0.337845 -0.014671 0.041123 0.336936 -0.095893 -0.060385 0.205244 0.119425 0.104920 0.151692 0.036227 0.252254 -0.132232 0.128287 -0.066594 -0.039459 0.145461 -0.026070 -0.119251 -0.252399 -0.276943 -0.566312 0.258108 0.237417 0.095886 0.027583 0.268718 -0.091952 0.007498 0.006264 -0.269379 0.059878 -0.109868 -0.038386 0.038397 -0.094409 -0.040152 0.037775 -0.039359 -0.157662 0.182057 -0.157722 0.014627 -0.201423 0.204230 -0.033440 -0.098141 0.221855 0.038576 -0.072870 -0.229394 0.010838 0.188732 0.044757 -0.190486 -0.383363 
0.193654 0.034898 -0.412295 -0.637306 0.013164 0.167503 -0.116426 0.091358 -0.320151 -0.157120 0.314412 0.768133 -0.054234 0.058863 -0.033397 0.021456 0.267711 -0.021644 0.526542 -0.269164 -0.456363 -0.108856 0.000213 -0.193595 0.200414 0.003993 -0.021029 0.103591 -0.120302 -0.037166 0.311658 0.010957 0.031180 0.098805 0.042866 -0.011754 -0.245434 0.075843 -0.426566 -0.226440 -0.178309 0.079037 0.080564 0.199296 0.193028 -0.172344 -0.069917 -0.650915 0.192340 -0.574688 -0.153915 -0.402907 0.289157 -0.134047 -0.078465 0.541196 -0.059056 -0.121788 -0.125794 -0.090284 0.601175 0.140285 -0.403878 -0.901706 
0.213667 0.486522 -0.282107 -0.601281 -0.267269 -0.050562 -0.513163 -0.076882 -0.323757 -0.066283 0.097062 0.158331 -0.024020 0.067801 -0.279459 0.271157 -0.273586 -0.337813 0.651671 -0.153113 -0.617555 -0.287554 -0.240957 -0.089404 -0.025573 0.361249 0.344463 0.679916 -0.105798 1.154308 0.157459 -0.010877 0.003129 0.856328 -0.037965 0.306298 -0.309582 0.445757 -0.262251 -0.544677 0.182788 0.206564 0.303671 0.167634 0.097312 -0.204809 -0.004568 0.381236 -0.093024 -0.535777 -0.260556 -0.633166 0.288537 -0.146701 0.235503 0.182278 0.142258 -0.223026 -0.022348 -0.496073 0.369402 0.009224 -1.349593 -0.563101 
0.016506 0.994832 -0.487954 -0.702378 0.085121 0.685812 -0.446539 -0.277189 -1.196672 -0.089389 0.044388 0.357200 -0.129543 -0.085563 0.425897 0.639232 -0.278621 0.124953 0.626599 0.230427 -0.292331 0.009690 -0.407153 -0.059632 0.345397 -0.152755 -0.075835 0.385742 -0.702505 0.504526 0.119799 -0.161308 0.216166 0.530861 0.329368 0.577308 -0.279824 0.442001 -0.146093 -0.334241 0.193797 -0.541178 0.233091 -0.486594 -0.233886 -0.072999 0.051809 0.390264 -0.155690 -0.392436 0.102123 -1.043999 0.664381 -0.075679 0.011248 0.388232 -0.461180 -0.887178 -0.380151 -0.277928 -0.097953 -0.512617 -0.741020 -0.330941 
-0.236250 1.075505 -0.148204 -0.349492 -0.399315 1.115601 -0.461219 -0.596392 -0.672153 0.003669 0.319442 -0.449363 -0.505317 -0.103637 0.538618 -0.303642 -0.090751 0.252423 0.552886 0.114478 0.592921 -0.234218 -0.197648 -0.910027 -0.022485 0.080524 -0.010255 0.145860 -0.857707 -0.194240 -0.299313 -0.674186 0.438363 0.435610 0.032085 0.168376 -0.370026 0.386144 -0.094871 -0.660142 -0.194356 -1.220937 0.289755 -0.315682 -0.629303 -0.460893 -0.163952 0.753423 -0.090272 -0.421877 0.130216 -0.634649 0.167734 0.071516 0.183505 0.913179 -0.436654 -1.536607 -0.689279 -0.441712 -0.254208 -0.161561 -0.128432 -0.378725 
0.320288 0.403519 0.007816 -0.278243 -0.103061 1.207019 0.607377 -0.170424 0.057102 0.394299 -0.594287 -0.284309 -1.350942 -0.345715 -0.470673 0.253102 -0.605441 0.058555 -0.039765 0.034862 0.765860 -0.626571 -0.530006 -1.030299 -0.609852 -0.428323 0.235067 -0.106667 -0.898233 0.139976 0.033849 -0.923405 1.109564 0.780621 -0.292464 0.743606 -0.205649 -1.072370 0.385676 0.508797 -0.700237 -1.926761 0.314618 -0.891779 -0.338103 -0.730316 -0.337303 1.209911 -0.237758 -0.166543 0.228615 -0.461996 0.591493 -0.311056 -0.114138 0.197630 -0.422254 -0.565324 0.245575 -0.684472 0.036100 -0.743465 0.307823 1.013244 
-0.785510 1.268924 -0.189261 -0.199957 0.174177 0.554212 -0.466510 0.286075 -0.186408 0.505779 -0.482459 -1.080500 -1.061751 -0.953076 -0.372718 0.012973 -1.308575 0.323987 -0.235301 0.773956 0.746550 0.608785 -0.902987 0.148097 0.029745 -0.285399 -0.294210 -0.933773 -0.692767 0.638566 -0.317455 -0.061317 0.852248 -0.049635 0.589685 -0.121734 -0.611563 -0.641748 -0.046654 0.729736 -0.016822 -1.548499 0.158784 -0.915315 -0.417512 -0.794510 -0.305212 1.257100 -0.635638 -0.715761 0.053533 0.006153 0.336125 -0.211136 -0.148905 0.952676 -0.627864 -0.093449 -0.594649 0.026098 0.539050 -0.498573 -0.020301 1.150472 
-1.684636 1.554412 -0.077529 -0.979944 0.892278 0.438991 0.724880 0.002479 -0.706306 0.519037 -0.016590 -0.839323 -1.065923 -1.137283 0.098216 -0.425323 -0.310929 1.110842 -0.091880 0.041206 0.686937 1.826373 -0.627049 -0.468834 0.769778 -1.432883 -0.934325 -0.781288 -0.206818 0.700102 0.286914 0.005171 0.372423 0.736241 0.915155 0.037517 -0.489478 -1.813310 -0.062450 0.615582 -0.294831 -0.364752 -0.272649 -0.804766 -0.249494 -0.413236 0.171011 0.533661 0.376078 -0.730271 1.538462 0.579757 0.572353 0.434839 0.569233 -0.258826 -0.597605 0.201166 -0.680301 0.750273 0.686564 -0.014163 -0.204106 1.617302 
-0.455916 0.300213 -0.528076 -0.612449 0.601489 1.466659 0.464645 -0.049486 0.133793 -0.577897 -0.474429 -0.004523 -0.623859 -0.554870 -0.259461 -0.124869 -0.837156 0.501205 0.257502 -0.620174 -0.166333 0.671123 -1.057453 -1.058176 0.215472 -0.708451 0.372047 0.132334 0.792321 0.439520 0.575106 -0.404543 2.154910 0.617219 0.583280 -0.232320 0.285119 -1.587650 0.581199 0.096961 -0.009064 0.476448 -0.703483 -1.035870 -0.239111 0.463531 -0.175845 -0.337685 -0.243585 0.018104 0.791812 0.395115 -0.787991 0.587304 0.298259 0.088920 -0.239820 -0.679699 0.461683 0.489578 0.903434 -0.041640 0.192489 1.697144 
-1.250018 0.909025 0.426767 -0.257812 -0.298448 0.369843 0.197985 -0.574172 0.430332 -0.145013 -0.226547 0.054420 -0.180265 0.019310 -0.654410 -0.085214 -0.543524 0.698945 0.267914 0.360463 -0.217252 0.784661 -0.665656 -0.811344 0.495224 -1.804324 0.023005 0.531635 0.778208 -0.865011 -0.252782 0.027721 1.151138 0.558403 0.346213 -0.833967 -0.071483 -0.895529 0.405414 0.722587 0.468403 0.093968 -0.568145 -0.758351 -0.576522 0.476694 0.102183 -0.111096 -0.179954 -0.745721 0.628259 0.479809 -0.242386 0.060381 -0.125765 0.498892 -0.253736 -0.859391 0.572329 -0.221313 -0.085522 0.232044 -0.296937 1.358285 
-1.610655 0.968455 0.294442 -0.424994 -0.281260 1.255585 0.237723 0.463054 0.821304 -0.294700 -0.821245 1.927922 0.620568 0.393219 0.404179 -1.810033 -0.009537 -0.389726 0.739816 1.038434 -0.207454 0.614729 -1.226086 -0.104048 0.455156 -1.281648 -0.368420 1.008592 0.060312 -4.886053 -0.413744 -0.751597 1.097483 0.665439 0.110245 -0.506144 0.456424 -1.196730 -0.599775 0.238768 0.411792 -0.173779 -1.078983 -1.846344 -0.413579 0.647325 -0.234959 0.185981 -0.550999 -0.568635 -0.555098 0.164103 0.027837 -0.935846 -0.342023 -0.207289 0.161246 -0.004898 0.260587 -0.761697 0.473269 -0.420259 0.427139 -1.151388 
-0.947585 -0.614453 1.417030 -0.486374 -0.055343 0.275413 1.450121 0.165737 -0.297920 -0.432548 -1.497035 2.030459 1.051964 1.057477 0.017028 -2.875493 -1.404613 -0.744760 0.126455 0.407989 -0.093207 1.257743 -0.474433 0.527193 0.250903 -1.872811 -0.197016 0.193250 1.636459 -2.485985 -0.095002 -0.528135 0.462220 0.554527 -0.710025 -0.132097 0.676386 -0.301452 -0.240394 -0.668922 0.161569 0.853137 -0.586925 -0.224048 -0.245287 0.044020 -0.852230 0.224768 -0.851935 -0.048278 -0.164208 0.757458 -0.351104 -1.452937 0.281137 0.468197 0.057240 0.490947 0.346433 -0.372823 0.869842 1.030165 0.030749 -2.748995 
-1.214748 -0.799129 1.237341 1.022488 0.182315 -0.203196 1.162903 -0.671170 0.187637 -0.698412 -1.240763 1.549080 0.115676 0.987160 -0.711019 -2.893527 -2.072249 0.185636 -0.314299 -1.138309 -1.022246 0.840265 -0.397388 0.637158 -1.273012 -2.221270 -0.123162 -2.311157 0.344793 0.269079 0.465292 0.193192 -0.041903 0.264715 -0.513933 -0.293169 0.356405 1.462067 0.707178 0.406300 -1.099756 -0.240306 0.136567 -1.177509 -0.970674 1.827883 -0.224779 -0.203368 -0.636924 0.775506 -0.449620 0.079432 -0.634126 -0.921411 -0.848215 0.659635 -0.887352 0.480092 1.005267 0.580367 0.702669 -0.073130 -1.576559 -1.397848 
0.393829 -0.837772 1.735326 -0.389525 -1.076811 1.122289 0.708066 -0.157330 0.739504 -0.174424 0.153052 -0.497553 -0.288346 0.914920 -0.087399 -0.604954 -2.048695 0.228511 0.111610 0.081085 -0.109734 0.465695 0.148421 0.231623 -0.804534 -1.834252 0.176717 -3.014632 -0.248168 -0.193279 -0.653937 -0.013744 -0.463353 0.973620 0.021229 -0.442508 0.455313 0.756768 0.214552 0.332137 -2.023622 -0.107145 -0.024913 -1.964120 -1.183816 1.731832 -0.887076 0.155821 -0.632656 0.395097 0.131403 -0.201433 -0.202626 -1.039699 -0.734886 -0.418338 -0.835334 1.667403 0.663640 0.082977 1.380205 -1.066994 -0.679019 -0.396567 
-0.450859 0.182371 1.827692 -1.202852 -0.928920 -0.097179 0.518867 0.511831 -0.575440 0.296812 0.969631 -0.289542 -1.084273 0.390151 -0.184148 0.960880 -1.992863 0.361370 -0.155361 1.099834 0.186423 0.977151 -1.087968 0.603192 0.605711 -1.912533 -0.769435 -1.701873 0.275891 0.634189 -0.584820 1.572750 -1.035046 -0.429281 0.695420 -0.441714 0.496774 1.727499 -0.061622 0.985323 -1.181646 0.000899 -0.659452 -1.097654 -0.577886 1.419633 -0.502066 0.001595 -0.999008 0.073329 0.252363 -0.834041 -0.338977 0.237152 -0.736022 -0.498778 0.340782 2.214463 0.416658 1.025990 0.737517 -0.196632 -1.063583 0.874646 
-1.836974 0.466761 0.973617 -0.734087 -0.474888 -0.421764 0.406265 -0.051941 0.006616 0.391214 0.745763 -1.324724 -1.703291 -0.630870 0.035652 0.914896 -1.525064 0.593700 0.659068 -0.165445 -0.774806 1.482794 -0.648555 0.292614 -0.339498 -1.824205 0.827076 0.287508 -0.006819 0.013840 -0.600377 0.156806 -1.201148 -0.679699 0.793622 -0.087859 0.566973 0.170849 0.958801 1.341325 0.356306 0.336622 -0.661825 0.126206 -0.675573 2.458953 0.487052 0.013566 -1.117986 0.409439 -0.216647 -0.289177 -0.192650 1.074088 -0.651829 -0.911082 0.203276 0.930411 -0.038240 1.100360 0.710950 -1.087034 -1.466542 1.598161 
-2.207091 1.494622 0.997223 -0.011904 -1.771167 -0.180139 0.336668 0.533577 0.096661 -0.018971 0.169307 -1.774935 -1.144490 0.939559 1.014581 0.258018 -1.852809 -0.184455 1.399408 -0.018760 0.488237 0.690807 0.274857 0.124333 0.206243 -0.920078 0.634218 0.524028 1.010576 0.468104 -1.001645 -0.364709 -1.140362 0.364239 0.066002 -0.154884 -0.321991 1.242164 0.959402 0.705341 -0.073289 -0.004036 -0.065675 -1.049571 -1.348731 0.503273 -0.071211 0.244752 -0.828679 -0.244889 -0.623251 -0.597599 0.465752 1.833982 -0.067687 -1.344709 0.314472 -0.111132 0.150376 0.593590 0.384547 -0.730555 -1.536569 0.302825 
-1.615505 0.426160 1.448387 0.528289 -1.200078 0.105499 0.383949 0.272135 0.167210 1.180480 0.512125 -1.403196 -0.436292 0.469553 0.194188 0.212735 -0.988488 0.683368 0.127714 0.004986 0.057506 1.777523 0.987126 -0.072669 0.076599 -2.343238 0.045862 -0.457552 1.572962 0.568197 -0.973394 -0.555132 -1.774048 0.931373 0.219808 -0.310212 0.144069 -0.064357 0.962765 -0.098024 0.227163 -0.162472 -0.294197 -1.148913 -1.045307 0.087828 -0.461194 -0.394840 -0.561525 0.101970 0.345743 -0.774322 0.497249 0.471354 -0.048091 -1.087406 -0.136557 -0.271653 0.501337 -0.807771 -1.166755 -0.428527 -1.462147 -0.994758 
-1.029742 -0.665385 0.798601 0.006528 -1.281470 0.358273 0.292175 0.290359 0.710568 0.912571 0.511942 -1.152646 -0.428795 -0.412758 -0.274338 -0.168782 -0.687547 0.437625 0.248811 -0.106183 -0.691926 0.713813 0.819315 0.686532 -0.252612 -1.762633 0.323480 0.143218 -0.082995 0.326683 0.092805 0.123209 -1.685088 0.703701 -0.704483 -0.929120 -0.228705 -1.373111 0.126445 -0.052879 0.721830 -0.213044 -0.912540 -1.121160 -0.351703 -0.254613 0.130007 -0.594686 -0.610265 -0.401623 0.405390 -0.844656 0.467063 0.206098 -0.750860 -0.978619 -0.216276 -0.450198 -0.157280 -0.066478 -1.610548 -0.109924 -0.562982 0.427887 
-0.461934 0.335732 0.222059 -0.351488 -1.100337 -0.357644 0.299183 0.317730 -0.352766 0.575748 -0.433539 -0.732463 0.257931 -0.488488 0.288976 0.829505 -0.430682 0.235052 -0.001898 0.205272 -0.835810 1.476317 0.125267 0.127487 0.199289 0.012048 0.197597 0.522936 0.332178 0.885101 -0.374397 -0.155449 -1.376102 0.157859 -0.184634 -1.027534 0.594554 -1.513117 -0.593110 -0.238066 0.412770 0.290537 -0.178144 -0.529962 -0.143857 -1.279137 0.343061 -0.517270 0.127906 0.073469 -0.325988 -0.546661 0.374593 0.244781 -0.581237 -1.706967 -0.192254 0.111187 -1.173502 -0.254007 -1.418991 0.146067 -0.652792 0.778144 
-0.912277 0.644363 -0.264015 0.023407 -0.923924 -0.761258 -0.246986 -0.164652 -0.584014 0.258538 -0.808780 -0.416032 0.315126 0.047702 0.640120 0.913357 -0.004058 0.482129 -0.284917 0.244507 -0.446624 0.872797 0.175868 -0.877954 -0.391723 0.949395 0.501687 -0.040125 0.562834 0.577473 -0.544149 -0.469874 -0.698448 -0.064381 -0.017333 -0.169084 0.921244 -0.689925 -0.813655 -0.764512 0.537480 -0.119475 -0.092698 -0.532785 -0.775940 -1.125523 0.455065 -0.261480 -0.159023 -0.060630 -0.522041 -0.474037 -0.177486 0.136807 -0.156896 -1.114010 -0.076908 0.127212 -0.658879 -1.265920 -0.687635 0.596023 -0.875048 0.788966 
-0.231486 0.483661 -0.064370 0.133023 -0.416534 -0.321164 -0.280530 -0.433004 -0.821996 0.509042 -0.449161 -0.112941 -0.163374 -0.706833 0.190053 0.263894 -0.169527 0.339701 -0.199380 0.249410 -0.137555 0.789814 0.067476 -0.585956 -0.350643 1.017814 0.242175 -0.364045 0.357658 -0.102112 -0.320522 0.018161 -0.213925 0.525057 -0.294732 0.588990 0.772135 -0.443904 -0.181004 -0.821587 -0.279988 -0.599905 -0.119199 -0.107736 -0.750718 -0.565626 0.307559 -0.089851 -0.057682 -0.179462 -0.075795 -0.260123 -0.403728 -0.140162 -0.261878 -0.562715 0.257623 0.262615 -0.001503 -0.909294 -0.199658 0.380804 -0.110641 0.280358 
-0.038459 0.396394 0.202805 0.347781 -0.097159 0.030137 -0.234156 -0.141366 -0.727754 0.506519 -0.250691 -0.126740 -0.434432 -0.705083 -0.150356 -0.097653 -0.568579 -0.076452 -0.011583 -0.077188 -0.096656 0.491931 0.141249 -0.258977 -0.227552 0.115117 0.166888 -0.191155 0.439633 -0.290671 -0.090419 0.123605 -0.309754 0.308273 -0.265656 0.404072 0.844119 -0.047739 -0.008026 -0.312300 0.117700 -0.497307 0.026587 -0.124955 -0.452892 0.057821 0.243261 0.008931 -0.496194 -0.263294 0.097411 -0.123654 0.020044 -0.225506 -0.400062 -0.355034 0.338935 0.189473 0.061146 -0.131113 -0.064977 0.227174 0.329190 0.471126 
0.010004 0.284309 0.135815 -0.053798 -0.068216 -0.055095 -0.078723 -0.104225 -0.202514 0.325894 -0.121598 -0.073347 -0.104912 -0.192855 0.034972 0.039836 -0.154533 -0.039373 -0.062065 -0.027424 -0.183133 0.096988 0.085460 -0.085294 -0.005428 -0.128052 -0.103457 0.035836 0.166145 0.055373 0.014070 0.109196 -0.045360 -0.018737 -0.121478 0.170475 0.046356 0.036841 -0.078570 0.038937 0.172379 -0.210194 0.017470 -0.052367 -0.011412 -0.064256 -0.005902 0.052652 0.107217 -0.125900 0.043339 0.003491 0.015395 -0.166119 -0.153120 -0.150506 0.100766 0.003925 0.002591 0.123937 0.005610 -0.019074 0.042315 0.170530 
0.055358 0.059124 0.082160 0.031327 -0.015280 0.001261 0.060745 -0.095981 -0.061348 0.002336 -0.080369 0.036490 -0.081191 -0.124634 -0.121475 0.040784 0.042014 0.007004 0.014541 0.056999 -0.078451 -0.045368 -0.122960 -0.078219 0.097463 0.000976 -0.058264 0.045317 0.019985 -0.032017 -0.074899 -0.080920 -0.006884 0.042577 0.069998 -0.010855 -0.033878 0.043672 -0.010024 0.079058 0.056662 -0.047243 0.072641 -0.044637 -0.031514 -0.052758 0.035220 0.032064 0.067736 -0.072294 -0.029163 -0.012098 -0.013542 0.075033 -0.009551 -0.003039 -0.001511 -0.049961 -0.007627 -0.051866 -0.068247 0.027507 0.038163 0.014683 
0.135922 -0.014448 0.083213 -0.061770 -0.078244 0.032873 -0.030612 -0.135747 0.058606 -0.048769 0.056101 -0.039927 0.048372 -0.069003 0.021842 0.076384 0.046485 0.051514 0.006690 -0.085339 0.021671 -0.040465 -0.071695 -0.019638 -0.067669 -0.010170 0.005896 -0.023362 0.017564 0.085827 -0.071831 0.017436 0.071196 0.083962 0.075253 0.006591 0.003545 -0.036040 0.025971 -0.016403 0.017127 0.083999 -0.022115 0.037397 -0.046287 0.011101 0.009162 -0.068351 0.065723 -0.028205 -0.061675 0.033980 -0.082032 0.077260 -0.078336 -0.020590 0.042878 0.048025 0.026784 -0.059506 0.072723 -0.054588 -0.052994 0.084465 
0.086340 -0.015345 -0.025918 0.017889 -0.060786 0.017376 -0.030953 0.030319 -0.066999 -0.084901 -0.010250 -0.020574 0.027644 0.042868 -0.082956 0.041419 -0.006407 -0.024397 -0.068029 0.014905 -0.060932 0.048661 0.068174 -0.014791 0.028684 -0.062604 -0.041561 -0.025729 -0.028771 0.025914 0.045443 0.077939 0.065038 -0.086092 0.051718 0.042556 0.049578 0.070761 0.054907 0.051928 0.007313 0.035165 0.042166 0.047097 0.018171 0.000645 -0.044313 -0.029963 0.055788 0.079878 0.012608 -0.041900 0.043479 0.023134 0.051100 -0.067754 0.037454 0.045490 0.035994 0.013559 -0.004450 0.032061 -0.058931 -0.012356 
0.012812 0.009458 -0.092424 -0.077515 0.080163 0.018815 -0.040743 0.028493 -0.008663 -0.082332 0.102557 -0.067812 0.032959 -0.237978 0.024138 0.119864 -0.070259 0.011506 0.041364 0.061253 0.021422 0.042431 0.076487 -0.043559 -0.010787 0.012251 -0.063958 0.077059 -0.182570 0.035347 0.019416 0.121341 0.020706 -0.004817 0.191894 -0.013633 0.005552 -0.060346 0.057595 -0.066051 0.015858 -0.049187 -0.094427 -0.033963 0.041567 0.032173 -0.031690 -0.007179 0.095620 -0.065006 -0.217431 -0.038095 0.058144 0.091380 0.190610 0.097683 -0.047738 -0.076512 -0.109176 0.055471 -0.004614 0.049032 -0.075047 -0.087781 
-0.011847 0.129231 -0.125388 -0.292543 -0.178464 -0.063454 -0.056562 0.049509 -0.193647 0.035896 0.178452 0.097664 -0.022791 0.045599 0.180400 0.032669 0.128658 0.166274 -0.150004 0.128646 -0.230361 0.051613 -0.150094 -0.197786 0.122028 0.056433 0.093222 -0.125942 0.009743 -0.152226 0.239598 -0.146227 0.321699 -0.213891 -0.078193 0.081863 -0.030191 -0.011740 -0.022353 0.173891 -0.021408 -0.095847 0.024475 -0.088573 -0.031490 -0.299673 -0.021054 -0.119132 0.176621 -0.143019 -0.124198 -0.097590 0.097571 -0.015303 0.200810 0.318545 -0.044395 -0.310444 0.114252 0.064929 0.139802 -0.042136 -0.227252 -0.254777 
-0.083900 0.206725 -0.396423 -0.608540 -0.092056 -0.118289 -0.511023 0.226136 -0.304628 0.152860 0.392405 0.353618 -0.142963 0.100724 -0.002581 0.224878 0.189233 0.339538 0.705077 0.026061 -0.336816 -0.348920 -0.516748 -0.226972 0.261763 0.109297 0.108727 0.136553 -0.079561 0.307267 0.557439 -0.504245 0.191846 -0.010472 -0.396555 -0.030469 -0.095017 0.052528 -0.376817 0.116505 -0.098988 0.042655 0.185883 0.383787 0.152614 -0.461318 -0.218732 -0.676202 0.117793 -0.394226 -0.756313 -0.163859 0.209749 -0.163051 0.145770 0.866904 0.047993 -0.178503 0.179429 -0.308675 0.563582 0.081250 -0.797416 -1.030630 
0.043297 0.909007 -0.029315 -0.631032 -0.609373 -0.604413 -0.893829 0.065760 -0.973840 0.197198 0.365335 -0.188499 -0.009035 0.061221 -0.254033 0.349761 -0.009797 0.507359 0.539954 0.316317 -0.356787 0.071729 -0.653697 -0.366421 0.245417 0.217511 0.385245 0.410376 -0.120720 1.497653 0.085606 -0.317462 -0.014760 0.550779 -0.230330 0.340166 -0.126378 0.329579 -0.341502 -0.652272 0.238946 0.063988 0.350695 0.165047 0.065087 -0.424127 -0.010045 -0.308616 0.045550 -0.089275 -0.852487 -0.309169 0.150178 -0.207701 0.418854 0.718425 -0.083740 -0.722665 -0.027645 -0.729366 0.255120 0.048726 -1.422905 -0.680137 
0.162383 0.605454 -0.090557 0.295884 -0.559019 -0.072127 -0.896946 -0.401265 -1.053168 -0.075216 0.041722 -0.407081 -0.111939 -0.010134 0.531263 0.010337 0.353170 0.841371 0.231497 0.494636 0.221564 -0.124874 -0.783977 -0.398544 -0.667912 -0.438087 0.589086 0.037727 -0.648342 0.235841 -0.004348 0.068209 0.019862 -0.553637 -0.192973 0.053925 -0.183507 0.282238 -0.409728 -0.654867 0.157575 -0.741908 0.004593 -0.806881 -0.299453 -0.259531 -0.106256 -0.144045 0.253755 0.194872 -0.399480 -0.138325 0.103071 -0.101040 0.223243 0.881586 -0.079519 -1.124751 -0.056131 -0.397475 -0.062928 -0.446582 -0.267549 -0.519846 
0.366920 1.099643 -0.365223 0.047545 -0.861614 0.719865 -0.716404 0.065050 -0.546013 -0.033844 0.537711 -0.265801 -0.477747 -0.034895 0.082924 0.410458 0.486497 -0.163893 -0.079000 0.618113 0.767093 0.102051 -0.749969 -1.209514 0.300315 -0.395035 0.306885 0.378494 -0.790722 -0.262743 -0.080882 -1.042219 0.161486 -0.159400 0.128672 0.581265 -0.523052 0.404698 -0.677193 -0.208062 -0.423284 -1.617515 0.003703 -0.403046 -0.870024 -0.763852 -0.066235 0.411294 0.459380 -0.063461 -0.475094 -0.007620 0.666963 -0.100389 -0.216371 0.816007 -0.320998 -0.928468 -0.031559 -0.545974 0.915504 -0.375074 -0.409489 0.371247 
0.328678 0.480516 -0.813832 0.074427 -0.492922 0.966214 0.029189 0.653651 -0.372648 -0.246342 -0.307503 -0.949934 -1.410636 -0.323441 -0.490206 0.102129 -0.276376 -0.116080 0.014543 0.402041 0.682590 0.083411 -0.665949 -1.276457 0.235466 -1.075020 0.719224 -0.309761 -1.176717 -0.000930 0.350527 -0.039551 1.328044 0.107039 0.566240 0.268044 -0.638315 -0.790195 0.702593 0.780570 -0.680958 -1.581092 0.083900 -0.413975 -0.482789 -0.634071 0.156593 1.379008 -0.094711 -0.122216 -0.163761 -0.012663 0.234417 0.006424 -0.232017 0.562749 -0.353483 -0.572126 1.278634 -0.616279 0.842657 -0.633252 -0.108678 0.213610 
-0.412236 0.314774 -0.230963 -0.918223 -0.229518 0.524088 -0.487983 0.509681 -0.857402 -0.199100 -0.221347 -1.636730 -2.133295 -0.918741 0.641348 0.225792 -1.090386 -0.227878 -0.337744 0.439677 0.145589 -0.298225 -0.891781 -0.087608 0.192328 -0.510373 0.259104 -0.802504 -1.166972 1.181298 -0.038064 0.439431 1.207294 0.056877 0.855821 -0.522059 -0.232238 -0.382579 0.538737 0.298873 0.227085 -0.766383 -0.364606 -1.032012 -0.087669 -0.561258 -0.410789 0.793609 -0.276555 0.022722 0.159205 0.141250 0.728481 0.344163 0.547780 -0.049195 -0.911010 0.736322 0.413061 1.102512 0.409411 -0.726032 -0.131354 0.799587 
-0.450489 0.522804 -0.084103 -0.732031 0.837160 1.286730 0.125179 -0.186310 -0.895065 -0.378223 -0.062260 0.085116 -0.788949 -1.081911 0.796306 0.604064 1.443941 -0.249485 -0.217407 0.559683 0.090514 -0.639623 -1.585113 -0.547786 0.777079 -1.115836 -0.715647 -0.571100 -0.808174 0.394890 0.027811 0.039264 1.226691 0.042793 1.091058 -0.549268 0.683867 0.370319 0.012677 0.311289 0.608856 -0.103884 -0.160696 -1.150189 -0.104431 -0.376156 -0.743963 -0.300448 -0.400204 -0.280046 0.683730 0.318987 0.733054 0.015041 0.470208 0.540659 -0.639296 -0.118335 -0.801765 0.758373 0.126132 -0.686996 0.284500 0.576841 
-0.019086 0.391568 -0.320769 -1.330298 -0.122459 1.165917 0.386990 0.038571 -0.483580 0.092183 -0.293838 0.603005 -0.283707 -0.774263 0.043253 0.861905 0.577254 0.060581 0.239109 0.672393 0.157109 0.078759 -0.542248 -0.643885 0.721181 -0.796846 -1.399242 0.457693 0.243776 0.678416 -0.011781 0.426665 1.904358 0.734254 0.784862 -0.408086 0.157905 -0.653511 0.430484 0.481029 0.615392 0.196440 0.603008 -1.131436 -0.064984 0.307944 -0.811360 -0.049198 -0.444593 0.280464 0.827611 0.158212 0.199528 0.364149 -0.034468 0.750900 -0.488627 0.108314 -0.393925 0.571936 -1.635418 -1.430626 0.547787 2.260704 
-0.627037 0.743578 -0.369185 -0.970948 -0.362289 0.332254 -0.196714 -0.531544 -0.275062 0.225632 -1.134358 1.603888 0.656769 -0.968884 -0.261520 -0.137528 0.519656 -0.252519 -0.368782 0.970710 0.070315 0.554762 -0.104702 -0.776676 0.457938 -1.744751 -0.999662 1.192096 0.593015 -1.827290 -1.277460 -0.900347 -0.119936 0.507087 0.419614 0.177425 -0.369423 -2.161906 0.774834 -0.125905 1.103582 -0.065547 0.642371 -1.377792 -1.087403 1.000031 0.856755 -0.071804 -0.396043 0.496379 0.687163 0.323038 1.161964 -0.328973 -0.479814 -0.835727 -0.644786 0.035021 -0.296249 0.058002 -1.932857 -0.719941 -0.093615 0.209893 
-0.466105 1.328513 -0.336149 0.297538 -0.036822 0.564394 -0.690087 -0.537680 0.814667 0.160917 -2.764898 1.450647 1.677929 -0.066871 0.607399 -1.409483 0.579943 -0.501927 -0.791822 0.299587 -0.493160 0.295996 -0.863684 -0.948376 0.544703 -1.577812 -0.139381 0.832708 -0.175921 -3.792130 -1.176732 -0.597192 -0.091634 0.235051 -0.234810 -0.278593 0.299743 -1.964832 -0.608517 -1.466612 0.007103 0.389154 -0.408165 -1.546535 -0.404662 -0.234856 -0.045803 0.715922 -0.811021 0.947637 -0.470153 0.199015 1.086674 -0.690969 0.237940 -0.867316 -0.110819 -0.290807 0.238885 0.924650 -1.423025 0.844452 0.052759 -1.466740 
-0.378778 -0.542459 -0.013395 -0.222096 0.387981 1.101105 0.790095 0.285869 0.556050 -0.036505 -2.587162 1.002287 0.808139 -0.859208 -0.736534 -2.559617 -0.276229 0.167537 0.226146 0.157907 -0.052437 0.400880 -0.418876 0.936324 1.325689 -2.437302 -0.744379 0.212203 0.763990 -2.123160 -0.353580 0.147444 -0.837191 1.091435 0.103212 -1.108708 -0.041153 0.011550 -0.355779 -1.052759 -0.438604 1.389543 -1.711616 -1.603906 -1.080269 -0.162005 0.369800 0.710560 0.118384 0.096339 -0.466475 0.141889 1.143104 -0.825578 -0.476059 0.013847 -0.400602 -0.389099 -0.113121 0.957870 0.354970 1.553114 -0.998633 -1.748618 
-1.581245 -0.904335 -0.305087 -0.252072 -0.147083 0.229988 1.081404 -0.062364 -0.838808 0.243479 -1.080629 1.428495 -0.324652 -0.473270 -0.386060 -3.216494 0.001311 0.408318 0.679906 -0.400606 0.308943 1.100439 0.776010 0.252843 0.090839 -2.727889 -0.797110 -2.147246 0.266727 -0.313763 0.312802 0.626967 -1.508796 0.584595 1.732565 -0.571788 -0.190925 0.958797 0.427976 -0.363978 -1.409176 -0.373635 -1.198453 -2.147103 -1.097585 0.118590 0.492343 0.159472 0.049658 -0.074648 0.554351 -0.567621 0.337728 -0.978940 -0.917603 -0.150342 -0.379407 0.229373 0.291929 -0.174559 1.184371 0.270546 -1.954926 -0.955755 
-0.054860 -1.124193 -0.117695 -1.210702 -0.876669 0.152630 0.978938 -0.834127 -0.193027 0.693050 0.083413 0.878588 -2.034954 -0.555187 -0.536505 -0.597016 -0.156813 0.447255 0.567040 -0.690933 -0.502249 1.220911 -0.224556 0.552144 -0.756177 -2.748075 -0.593217 -2.834567 -0.350441 1.124614 -0.284620 -0.014040 -0.962330 0.732972 0.276801 -0.388900 0.020854 0.724629 -1.194416 0.793361 -0.666492 -0.412429 -1.826419 -2.271663 -0.674433 0.462957 0.192772 -0.567637 -0.448483 -0.229203 -0.215200 -0.962312 -0.068641 -0.614555 -0.983510 -0.955831 -0.355186 0.729654 -0.035155 -0.079217 1.453296 -0.776293 -1.150069 -0.217980 
-0.619867 -0.310860 0.399607 -1.491167 -0.276623 0.396977 0.748919 -0.079833 -0.619533 0.916731 0.304036 -0.368726 -1.740715 0.410631 -0.517680 1.062122 0.407464 -0.121097 0.143103 0.122915 -0.719500 1.158212 -0.738678 0.423691 1.255318 -2.715664 -0.201444 -0.514176 -0.890659 1.222493 -0.640089 -0.266088 -2.220288 -0.206384 1.004462 -0.166623 -0.066724 2.084996 -1.393073 0.512017 -0.349407 -0.552026 -1.818828 -1.415196 0.141500 0.369017 0.193091 -0.251543 -0.490864 0.142247 0.072958 -0.078345 -0.278651 -0.087635 -0.880049 -1.565086 -0.160362 1.943290 -0.301774 1.199548 0.689131 -0.449226 -0.403719 0.771174 
-1.456594 1.739987 -0.220222 -1.059008 -0.847275 -0.606369 0.022243 -0.661492 -0.819073 0.074095 1.092569 -1.647323 -1.888061 -0.406447 0.366455 0.694660 -0.070735 0.568190 0.354685 0.304732 -0.755274 1.741672 -0.556912 0.056507 0.273222 -2.197481 0.010802 0.607831 -0.168439 -0.869872 0.016262 0.199968 -1.248742 -0.586720 0.850626 0.385283 -0.024113 0.341106 -0.839960 0.909092 0.001346 -1.020007 -0.582452 -1.622319 -0.023821 1.407428 0.377695 0.204907 -0.927685 -0.015372 0.069779 -0.369000 0.007546 1.360373 -0.457746 -1.852816 0.865396 1.433755 0.420784 0.030298 0.468608 -0.908543 -0.669932 -0.455898 
-1.259621 1.027595 0.196405 -0.473487 -0.860379 -0.409466 0.320782 -0.194965 0.740476 0.282651 0.919188 -1.884873 -0.648867 0.532020 0.420254 -0.754827 -0.167163 -0.026538 1.469197 -0.221347 0.226379 2.067362 0.368210 -0.689295 0.374806 -0.847340 1.272381 0.212273 -0.046156 -0.439750 -0.781746 -0.257776 -0.319762 0.015510 -0.508854 -0.232125 0.349602 0.750099 -1.235997 -0.079165 -0.034986 -0.995399 -0.178453 -1.681947 0.107266 0.999454 -0.066485 0.165634 -0.457417 -1.245481 -0.188659 -0.609644 0.608442 1.969727 -0.728460 -0.382523 0.605495 0.644754 0.113576 -0.226724 -0.392061 -0.389999 -0.925671 0.123600 
-0.994382 0.210590 -0.073632 -0.395372 -0.641543 0.092269 0.645669 0.449443 0.411247 1.106916 0.850052 -1.556049 -0.178010 -0.955916 0.342383 0.639283 -0.337570 -0.253919 0.068836 -0.499547 -0.671028 2.176692 0.977438 0.042020 0.069481 -0.449495 0.094525 0.331029 0.582000 -0.135775 -0.685154 -0.939288 -1.921410 0.017358 0.172893 0.152747 1.329811 -0.885412 -0.333243 -0.420183 0.405742 -1.002953 -0.089185 -0.462305 0.299214 0.922506 0.143383 0.245940 0.324396 -0.490592 -0.211473 -0.850051 0.111841 1.290079 -0.489220 -0.745630 0.056633 -0.329730 -0.189634 -0.784771 -1.096464 -0.671280 -1.403335 -0.060038 
-0.468885 0.019682 -0.816890 -0.083504 -1.173836 -0.176374 0.301100 -0.005155 0.911784 0.443884 0.817744 -1.154601 0.071961 -0.902631 -0.094334 -0.191721 -0.172550 0.365169 0.093107 -0.122203 -1.187964 1.200221 0.345212 0.384611 -0.023156 -1.208695 0.037601 -0.219677 -0.085052 -0.015913 -0.130339 -0.462316 -0.754598 0.112263 0.516385 -0.333778 0.645186 -1.433829 -0.713415 -0.431696 -0.074624 -0.436812 -0.182265 -1.131660 0.730746 0.187575 0.422134 -0.375790 0.647709 -0.747010 -0.464258 -1.091631 0.018739 0.814195 -0.126832 -0.400320 -0.014064 0.331363 -0.045281 -0.391800 -1.424726 0.335620 -1.135455 0.313059 
-0.997421 0.607469 -0.997616 -0.657702 -1.332137 -0.396610 0.519184 0.149982 0.323094 0.150808 -0.006504 -0.525716 0.229818 -0.286558 0.219616 -0.193074 -0.489188 0.499662 0.606194 0.560051 -0.339775 1.019028 0.676174 -0.182978 0.770421 -0.946070 0.863817 -0.213091 -0.395427 -0.251754 -0.241262 -0.503722 -0.718939 0.725708 0.159780 -0.996084 0.944493 -0.950091 -0.864734 -0.469045 -0.257309 -0.363364 -0.263868 -0.755414 -0.078631 -1.138791 0.758827 -0.541292 -0.339842 -0.475803 -0.598895 -0.686870 0.786129 0.246666 -0.228811 -0.761759 -0.017043 0.253465 -0.898304 -0.432555 -1.055735 0.346664 -0.967069 0.705784 
-0.501122 0.484293 -0.883164 -0.189723 -0.955377 -0.171800 0.332080 0.440859 -0.464602 0.301764 -1.347933 -0.453606 -0.306487 -0.374624 -0.438009 0.099462 0.204299 0.415433 0.343996 0.645296 0.030360 1.094856 -0.270620 -1.158201 0.056925 0.102029 1.321298 -0.375692 -0.264490 -0.283211 -0.606566 -0.126804 -0.659683 0.656925 0.678856 -0.193699 1.161785 -0.495885 -0.810799 -0.473685 0.137186 -0.943329 -0.345573 -0.583923 -0.120472 -0.292257 1.390779 -0.765387 0.403818 -0.127768 -0.727604 -0.361482 0.523477 0.503829 0.404024 -0.994811 0.171692 0.287245 -1.072914 -0.778000 -0.747712 0.444418 -0.562191 0.870833 
-0.155007 0.707155 -0.100763 0.162817 -0.553434 -0.091761 0.019149 0.053183 -1.257936 0.890449 -1.338880 -0.333344 -0.265066 -0.149811 0.065374 0.091471 -0.149319 0.288825 -0.273322 0.268147 -0.180221 1.518602 1.021980 -1.131668 -0.428545 0.514298 0.286796 -0.167721 0.324176 -0.264559 -0.451507 0.596662 -0.802598 0.558554 0.047876 1.015103 1.683798 -0.333087 -0.155866 -0.706457 -0.050976 -0.773863 -0.180215 -0.394314 0.570614 -0.096371 0.815899 -0.202265 0.782645 -0.375600 -0.101904 -0.274565 -0.319305 -0.480715 0.019285 -0.883800 0.851797 0.322287 -0.245175 -0.662264 -0.382502 0.842881 -0.121637 0.911192 
0.272645 0.453766 0.027412 0.326246 -0.415027 -0.073175 0.026540 -0.037749 -0.810058 0.703121 -0.753115 -0.219264 -0.155129 -0.387945 0.327195 -0.103598 -0.568367 -0.096204 0.002946 -0.278657 -0.589669 0.692172 0.799930 -0.504511 -0.402435 -0.185782 0.126802 -0.003020 0.324163 0.040783 -0.245482 0.108329 -0.603545 0.183379 -0.312183 0.726984 1.245090 -0.155575 -0.085026 -0.325560 0.095575 -0.569536 0.057497 -0.383263 0.469074 0.028027 0.380610 0.119466 -0.352748 -0.323328 -0.000864 -0.192381 -0.152889 -0.560872 -0.185722 -0.634782 0.504657 0.226167 -0.215850 -0.479807 -0.104728 0.461017 -0.071561 0.510148 
0.220290 0.128904 0.055231 0.018424 -0.099844 -0.054591 -0.055947 -0.078489 -0.214086 0.273612 -0.017151 -0.075794 0.028700 0.012753 0.302700 -0.021716 -0.187449 -0.008572 0.014270 -0.220846 -0.139107 0.055794 0.317488 -0.248099 -0.012732 -0.008898 0.030033 0.004659 0.155642 -0.126067 -0.019781 -0.062149 -0.066394 -0.049377 -0.045998 0.086701 0.013463 -0.047981 -0.015205 -0.057332 0.171539 -0.116659 0.068697 -0.140276 0.142402 -0.048642 0.139274 0.068469 -0.236691 0.064907 0.017026 -0.002276 -0.058606 -0.121997 -0.169696 -0.074062 0.102969 0.033681 -0.040505 -0.020516 0.047380 0.106287 -0.017523 0.127752 
0.261286 0.046169 0.029349 0.042675 0.057950 -0.060041 0.014992 -0.069487 -0.082038 0.098915 -0.028459 -0.011705 -0.162058 -0.076487 0.074590 -0.077379 0.044019 -0.057339 -0.024386 -0.097401 -0.153949 -0.056475 0.077178 0.015459 -0.071265 0.017559 0.090696 0.015338 -0.024438 -0.074606 -0.054703 -0.119712 0.077847 -0.032020 -0.083151 0.085154 0.001035 0.063584 -0.055781 0.062033 0.037685 -0.096886 -0.033776 0.054035 0.150340 -0.019074 0.085628 -0.015295 0.053664 0.023679 -0.044979 -0.063783 -0.075455 0.069574 0.006685 0.032773 -0.024020 0.093938 0.017937 0.082894 -0.025598 0.099700 0.013796 0.015462 
-0.058781 -0.026420 -0.052607 0.048738 0.063307 0.005722 0.001897 -0.063866 0.083000 0.050068 -0.080100 -0.051398 -0.023744 0.028599 -0.029465 -0.067710 0.011630 -0.033198 0.018266 0.049015 0.014924 0.038987 -0.002256 0.046723 -0.016091 -0.080241 -0.053660 0.024254 -0.082251 -0.009105 0.019686 0.067461 -0.000459 -0.026140 -0.008786 -0.076233 0.002008 0.058384 0.006378 -0.046891 0.069339 -0.070470 0.076444 -0.018541 0.055426 -0.076218 0.078286 -0.009746 -0.083960 0.051165 -0.066763 -0.061243 0.013491 -0.062358 0.054349 -0.040340 -0.041668 -0.033422 0.044788 0.075336 0.071660 -0.055696 -0.052490 0.007366 
0.040619 -0.048313 0.008522 0.042057 0.060315 -0.021192 0.058850 0.024778 -0.034651 -0.005663 0.038471 0.061182 -0.072038 -0.027899 -0.004068 0.060490 -0.015598 0.026053 -0.006739 -0.048379 0.042268 0.011018 0.018657 0.025565 -0.014975 -0.016936 -0.001281 0.026666 -0.069434 0.029366 0.047898 -0.055966 0.019180 0.070740 -0.013051 -0.062705 0.066886 -0.005055 0.040704 0.058096 -0.068977 0.029812 0.062808 0.067482 -0.013032 -0.036799 -0.031234 -0.011059 0.034448 0.021423 0.017152 -0.020257 0.029436 -0.040236 0.011649 0.005244 0.015429 -0.037853 0.018169 -0.071962 0.066191 -0.079143 -0.023810 -0.006952 
0.047783 -0.055446 0.040720 -0.223528 0.068634 -0.102549 -0.087055 -0.018215 0.134241 -0.059563 0.071673 0.002167 -0.076036 -0.162348 -0.132427 0.047269 0.080998 0.075779 -0.004823 0.122132 0.045265 -0.069704 -0.033959 -0.061495 0.061475 0.035153 0.043187 -0.082699 -0.167274 -0.032906 0.128059 -0.174368 0.176778 -0.056221 -0.317717 -0.042135 0.067741 -0.007247 0.036417 0.103693 -0.046218 0.073674 -0.039968 -0.018529 0.072786 -0.125589 0.092058 0.010370 0.101918 -0.065520 -0.135197 -0.059834 0.130854 -0.026742 0.166870 0.049296 0.023245 -0.134606 0.090154 0.044686 -0.083318 -0.020835 -0.035552 -0.067939 
0.052154 0.144732 -0.170277 -0.200718 0.117036 -0.481547 -0.059062 0.131629 0.234823 0.100401 0.174953 0.062115 -0.101037 0.053229 0.054478 0.109964 0.220636 0.293607 -0.103508 0.036793 -0.185008 -0.025383 0.025070 -0.051617 0.217997 0.044191 -0.037967 -0.167139 -0.036627 0.016324 0.037718 -0.305977 0.361408 -0.281943 -0.403905 0.006546 -0.045117 -0.157669 0.149464 0.188689 -0.103310 -0.216457 -0.108077 -0.036725 -0.092701 -0.423729 -0.003890 -0.204542 0.255525 -0.125360 -0.271182 -0.160276 0.168698 -0.023293 0.294056 0.036016 0.028570 -0.413665 0.241457 0.076925 0.140561 -0.072992 -0.219771 -0.177924 
-0.209141 0.581237 -0.243119 -0.613830 -0.118234 -0.528343 -0.623472 0.147679 -0.536096 0.306086 0.682423 0.513541 -0.222723 0.007977 -0.098774 0.402693 0.209322 0.488023 0.380541 0.143523 -0.803558 -0.477691 -0.489933 -0.291748 0.459145 0.043969 0.248539 -0.177425 0.206228 0.555257 0.249062 -0.340511 0.129159 0.270574 0.248792 0.172304 -0.220670 0.043570 -0.130055 -0.131287 0.022771 0.052587 0.324986 0.504800 0.042346 -0.274727 -0.091783 -0.614974 0.504760 -0.338249 -0.391889 -0.528040 0.417781 -0.125968 0.028973 0.498113 0.006670 -0.443924 -0.124824 -0.461132 0.152072 0.125742 -0.562013 -0.903488 
-0.158897 0.170229 -0.195488 -0.427482 -0.529170 -0.845204 -1.007209 -0.186868 -0.853518 0.070811 0.594033 0.606036 -0.263599 -0.127137 -0.356935 0.469040 0.344620 0.561442 0.421664 0.452239 -0.238835 0.092880 -0.639829 -0.448534 0.685205 -0.025229 0.280994 0.054053 0.142699 0.912685 0.308799 -0.038235 -0.028123 0.226842 0.402391 0.337656 -0.136039 0.100689 -0.605663 -0.656879 -0.234445 -0.281373 0.207879 -0.178773 -0.050165 -0.203138 -0.064614 -0.838246 0.348459 -0.113210 -0.560858 -0.303553 0.198278 -0.128031 0.035793 0.728276 -0.050879 -1.339503 -0.182959 -0.861850 0.190319 -0.037144 -0.742364 -0.369973 
-0.647412 0.430523 -0.618412 0.310449 -0.723873 -0.910803 -1.275199 -0.113047 -0.430377 0.190362 0.598629 0.225326 -0.498121 -0.185044 -0.071958 -0.384732 0.853324 0.285753 -0.350615 1.026821 -0.125445 0.664659 -0.638240 -0.435667 0.613175 -0.619114 0.685074 -0.578552 -0.122930 -0.644624 -0.179105 0.090596 0.224796 0.183849 0.366409 0.336486 -0.356344 0.140074 -0.526951 -0.355408 0.114009 -1.162348 0.479604 -0.683972 -0.191692 -0.623817 -0.179808 -0.495173 0.820672 0.466604 0.049836 -0.163594 0.506515 -0.142319 -0.232429 0.621636 -0.248000 -0.706905 0.064529 -0.669633 0.421001 0.101830 -0.679431 -0.104641 
0.292743 0.406859 -0.519890 -0.083197 -0.025327 -1.046883 -0.855290 0.064440 0.501171 0.236660 0.142594 0.502411 -0.754180 -0.229983 -0.661667 -0.192438 0.680328 -0.713171 -0.195795 0.569816 0.108226 0.256537 -0.659970 -0.599896 1.120615 -0.254616 0.969548 -0.356230 -0.306671 -0.387052 -0.048450 -0.148142 0.849485 0.062354 1.119530 1.077951 -0.457356 0.042497 0.103189 -0.287417 -0.370967 -1.650300 -0.092749 -0.408823 -0.480594 -0.533130 0.001043 0.501130 0.396517 -0.294250 0.981336 -0.131606 1.035855 -0.396744 -0.142086 0.001000 -0.309649 -0.862845 0.532605 -0.989977 0.254757 0.086224 -0.787924 0.172350 
-0.495402 1.007461 -0.345930 -0.037038 -0.120999 -1.129955 -0.884423 0.765832 -0.036397 -0.141631 0.406241 -0.939704 -1.370146 -0.187116 -0.466273 0.486352 -0.277910 -0.967211 -0.099525 0.421348 -0.065734 0.682063 -0.789514 -1.171510 0.688942 -0.498562 0.902855 -0.738103 -0.523818 0.633840 -0.577437 -0.258657 0.900354 -0.337299 0.139835 0.401407 -0.555979 -0.194363 1.045785 0.576819 -0.682444 -1.111152 -0.001914 0.820965 -0.102028 -0.397667 -0.031030 1.106201 0.038932 -0.239939 0.474369 0.246106 -0.023044 0.122858 0.205710 0.093538 -0.232261 -0.874120 1.013547 0.120064 -1.040792 -0.192159 -0.953053 -0.166850 
-0.767371 0.645475 -0.503726 -0.210288 -0.301465 -0.711476 -0.942878 0.146665 -0.525981 0.306585 0.014657 -0.382646 -1.748907 -0.143626 0.472801 0.580416 0.029531 -0.385880 0.166980 0.273382 0.184825 -0.329068 -0.761688 -0.609412 0.395383 -0.498771 -0.033704 -1.805606 -0.527704 0.513512 -0.414555 0.338532 0.473690 0.191930 0.707066 0.107539 0.098824 -0.598089 -0.492200 0.092957 0.035448 -0.528389 -0.313700 -0.784511 -0.082903 -0.916622 -0.462266 0.227674 0.043143 0.603641 -0.821570 0.237839 0.386256 0.519892 0.511679 -0.970549 -0.467735 -0.018876 0.098377 0.619158 -2.637883 -0.190773 -0.473732 0.378372 
-0.280699 -0.981592 -1.401081 -0.838055 0.295278 -0.611929 -0.982386 -0.294992 -0.072575 0.430558 -0.080019 -0.073304 0.150869 0.325699 -0.299625 0.246115 1.555872 -0.079380 0.503034 0.287387 -0.176830 -0.621698 -0.410975 -0.114774 0.129506 -1.419694 -0.553715 -1.593646 -0.638057 0.342694 1.008142 0.951330 0.759782 -0.296627 0.923928 -0.749658 0.243837 -0.334465 0.033567 -0.456088 0.341009 -0.262154 -0.380784 -0.834466 -0.020165 -0.319689 -1.104180 0.422699 -0.114206 0.177055 0.194055 0.059243 0.340255 0.594650 0.645133 0.286876 -0.637010 0.839026 0.589557 0.134305 -2.890180 -0.933830 0.097370 0.760734 
-0.333506 0.125083 -0.628378 -0.873253 -0.178647 -1.308584 -1.445621 0.321584 -0.244191 0.596073 0.453044 0.423029 0.660980 -0.469405 -0.475833 0.633106 1.259307 0.667159 0.416196 0.936819 0.331934 0.248620 0.514567 -1.103469 0.379390 -0.410492 -0.679286 0.188894 0.426991 0.700478 1.320157 -0.406287 0.556116 -0.435842 0.056222 0.075716 0.227752 -1.457641 2.432968 0.618630 0.628220 -0.625314 0.334219 -0.423744 -0.580812 -0.040855 0.212819 -0.024893 1.006962 0.190886 1.103949 0.014138 0.359879 0.340178 0.413582 0.178208 -0.995805 1.380222 -0.117709 0.026582 -2.786356 -2.319113 -0.369485 2.178365 
0.060874 1.381337 -0.544073 -0.786671 0.206133 -2.003076 -1.434261 0.469937 -0.712817 0.375370 -0.335722 0.671301 1.242938 -1.086793 1.143499 0.731040 0.773382 0.608424 0.606021 0.613645 0.575210 -0.332562 -0.228981 -1.067998 1.328746 -0.868587 -1.040443 -0.577241 0.332359 -0.260368 -0.262345 -0.464609 -1.352426 0.017834 -0.552150 0.302751 -0.216521 -2.441365 1.393477 0.622621 0.776790 0.314785 0.223723 -0.008864 -1.029882 -0.246787 1.504723 -1.055714 0.450035 0.278687 -0.033545 0.193186 1.862232 -0.080706 0.286651 -1.154047 -0.458629 0.409325 -0.389958 -0.116086 -1.901381 -2.120492 -0.100098 1.107081 
0.097494 1.650715 -1.754294 -0.847791 0.034026 -2.045498 -2.321496 0.239190 -0.771906 0.635556 -2.028845 1.362679 0.913225 -0.539083 1.237809 -1.008012 1.555403 -0.069540 -0.060277 0.057592 -0.236278 -0.200437 0.072869 0.278867 -1.003514 -1.202719 -0.957182 0.364435 -0.404051 -3.336796 -1.620125 0.006777 -1.069491 0.205781 0.088393 -0.348007 -0.155601 -0.923815 -1.178307 0.205249 0.347513 1.452395 0.104895 -1.675407 -0.308374 -1.048817 1.130230 -0.348889 0.758800 -0.294170 -0.717125 -0.347139 1.276416 -0.276036 -0.334218 -0.581311 0.449378 0.166138 -0.814531 0.234473 -0.308728 1.330579 -1.317159 -1.158319 
-0.521160 0.254139 -2.746285 -0.447615 0.669416 -1.211016 -2.319993 0.568009 -0.392635 0.941849 -1.137355 1.074097 0.413221 -0.870749 -0.003308 -2.348179 1.543340 0.615587 -0.868015 0.866036 -0.528331 0.249554 -0.737518 0.243828 -0.924160 -2.597705 -0.491155 0.116482 0.715906 -2.090938 -1.254593 0.104570 -1.016323 -0.489837 0.282735 -0.918797 -0.473960 -0.063675 -1.772451 -0.099226 -0.300513 1.405371 0.474688 -1.251307 -0.387886 -1.546513 0.908616 -0.006930 1.074045 0.278904 -1.176333 0.381940 0.604522 -1.075173 -0.682378 0.197521 0.179294 0.379253 -1.139557 0.217228 0.878162 1.115702 -0.815086 -2.579890 
-0.990215 -1.363122 -2.989468 -0.557695 0.310638 -0.282015 -0.282327 -0.124811 -0.678846 0.525254 1.061448 1.571481 0.523234 -0.192950 -0.525778 -1.977984 0.084284 0.084421 0.005238 -0.062984 1.337103 0.897698 -0.456372 0.559344 0.675950 -1.932135 -0.613458 -3.953428 0.410480 0.300375 -0.242623 -0.139502 -1.603199 -1.111309 0.621170 0.522877 -0.668932 0.912211 -0.646883 0.256552 -0.339826 -0.248571 -0.838281 -1.275612 0.120816 -0.604955 0.097298 0.080229 0.520540 0.441208 -0.914154 0.222700 0.530796 -1.207960 -0.312827 -1.077434 -0.311238 0.039480 -0.052980 -0.916117 0.861015 0.869867 -0.441620 -2.073751 
0.005221 -0.732820 -2.625186 -0.761739 -0.153897 -1.244235 0.367067 -0.263522 -0.151827 0.127030 0.986665 0.244569 -1.875596 0.498980 -0.015651 0.807699 0.524345 0.437999 -0.468128 -0.608464 0.427534 -0.045686 -0.842575 0.809500 -0.294464 -1.240326 -0.782702 -2.535528 0.321597 2.039875 -0.031228 -0.003869 -0.845003 -0.207817 -0.016124 1.461119 -0.149368 1.003748 -1.458458 0.208550 -0.647124 -1.074836 -1.474244 -0.935577 0.958082 -0.347039 -0.172713 -0.241559 0.727757 0.189727 -0.904270 -0.742685 0.258013 -1.181638 0.203969 -2.382835 -0.255269 -0.209014 -0.612005 -0.087986 0.794244 0.419572 -0.259926 0.557841 
-0.726076 0.367418 -2.612448 -0.582261 -0.874260 -0.405800 0.811341 -0.141273 -0.013319 0.488377 1.845171 -0.219001 -2.353768 0.675110 0.784649 1.320731 1.284343 0.444552 -0.835208 0.514611 -0.520822 0.101572 0.366961 1.042683 -0.013981 -2.351644 -0.866078 -0.313719 -1.053621 0.059955 0.917492 -0.091059 -0.692956 -0.410091 0.576255 1.015659 0.311069 0.988554 -2.171930 0.474223 -0.461429 -2.018088 -1.011952 -1.076240 1.705862 0.003562 0.118699 -0.513492 1.333942 -0.538987 -0.377359 -0.733923 1.271132 -1.240631 0.274258 -1.697845 -0.545517 -0.256151 0.135432 -0.064740 0.704634 -0.233140 -0.418137 -0.260873 
-1.541177 0.438073 -2.894567 -0.837543 -0.593124 -0.261735 -0.191305 0.201854 -0.435505 0.884068 0.728531 -1.654421 -1.481851 0.823483 0.096910 -0.324588 0.556811 0.543106 0.528371 -0.166655 -0.741939 0.870452 0.150898 1.386802 -0.271937 -0.800925 -0.506041 0.312339 -0.572972 0.224716 0.857699 1.135007 -1.171869 0.011131 0.578647 0.366208 -0.263202 0.018454 -2.797668 0.482616 -0.191729 -0.971334 -1.204807 -1.456769 1.815986 -0.248559 0.204081 0.202100 0.953577 0.209178 -0.736252 -0.656259 0.402528 -0.124183 -0.727831 -1.785836 -0.478836 1.180268 -0.298928 -1.415680 -0.228106 0.271344 -0.901518 -0.897943 
-0.599007 0.195514 -2.318367 -1.182541 -0.592297 -0.023694 -0.258314 -0.321214 0.666550 0.093765 1.149256 -1.971295 -0.787038 0.057493 0.225766 -0.606798 0.096100 1.103450 -0.232414 0.079629 -0.771369 0.266493 0.205910 0.018574 -0.421310 -0.418336 0.035152 -0.077317 -0.791303 -0.204175 0.109051 0.682117 0.049468 -0.061474 0.584818 -0.137414 0.880080 0.540201 -3.365131 -0.306268 -0.891434 -0.472750 -0.574931 -1.422545 1.007109 1.275400 0.573861 0.234605 -0.211418 -1.138482 -1.232053 -1.157131 -0.218728 1.469595 -1.022836 -0.859846 -0.786447 0.678755 -0.457556 -0.010498 -0.803288 0.137042 -1.001340 -0.266903 
-0.515258 -0.628893 -1.862497 -0.761339 -0.617704 -0.386694 0.419736 -0.091139 0.942476 -0.321840 1.338218 -1.526734 -0.016897 -1.564653 0.475590 1.102692 0.114620 -0.490902 -0.627072 0.034005 -1.222096 0.346091 0.095711 -0.127759 -0.818201 -0.129478 -0.366047 0.670526 -1.140001 -0.262928 0.411357 -1.117898 -0.535436 -0.834219 0.307226 0.041286 0.892645 -1.075001 -2.649031 -0.655692 -1.345555 -0.611341 -0.695693 -0.863154 0.690554 1.045350 1.024111 0.078849 0.624989 -0.160456 -0.632616 -0.933439 1.024227 2.289362 -0.624087 -0.424708 -0.310665 0.448195 0.609501 0.142239 -1.578584 -0.725360 -0.580831 -0.235163 
-0.250505 0.114225 -2.700938 0.289351 -1.126891 -0.627853 -0.447661 -0.165327 0.151261 -0.289169 1.389086 -1.313575 0.423509 -0.841286 0.603339 0.249007 0.035525 0.283085 0.006762 0.864631 0.121116 0.195242 -0.198350 0.456283 -0.703787 -0.512489 -0.021102 0.423561 -1.069507 -0.067390 0.136504 -0.194092 -0.338397 -0.206851 0.755214 0.312028 -0.188008 -1.102889 -1.123147 -0.794017 -0.337282 -0.902749 -0.155203 -0.533402 0.083465 0.491943 0.434791 -0.254343 0.597062 0.448864 -0.549749 -0.799250 -0.329770 1.235539 -0.085006 0.257855 0.035771 -0.033837 -0.896511 0.044369 -1.383224 0.306266 -1.076328 -0.114006 
-0.615214 0.752292 -1.682143 -0.039507 -1.104385 0.054043 0.519942 0.121957 0.068585 -0.249532 0.357531 -0.667337 -0.356154 -0.201390 0.348055 -0.390738 0.077820 0.850342 0.302925 0.780552 0.522795 0.191596 -0.769977 -0.841387 0.580677 -0.984062 0.913978 -0.257216 -0.910071 -1.104996 -0.133016 -0.060773 -0.637243 0.310768 0.585423 0.220028 -0.063674 -0.734643 -1.340512 -0.431933 -0.455363 -0.457248 0.107652 -0.608425 0.164352 -0.693178 1.014207 -0.814974 0.415157 0.009508 -0.507528 -0.595849 0.395963 0.568613 -0.825696 -0.605140 0.665159 0.056854 0.208372 0.248117 -1.123694 0.440572 -0.580007 0.412163 
-0.307621 0.246608 -1.507880 -0.223979 -1.212599 0.072723 0.506777 -0.025591 -0.362000 -0.294870 -0.810694 -0.450155 -0.497640 -0.523846 0.062195 0.130335 0.058907 0.509610 0.494497 -0.045252 -0.135198 -0.041262 -0.812558 -0.960276 -0.225265 0.149541 1.168471 -0.324273 -0.600936 -0.966435 -0.279422 -0.146613 -0.415958 0.277683 0.636810 0.569194 0.598304 -0.327476 -0.909369 -0.474183 0.199957 -0.581147 -0.561352 -0.355829 0.925970 0.056405 1.453627 -0.957791 0.638172 -0.491634 -0.760378 -0.224260 0.588021 0.855245 0.246173 -0.806070 0.481329 0.443354 -0.984518 -0.200569 -0.618037 0.780244 -0.861315 0.595611 
0.066477 0.323365 -0.417381 -0.136614 -0.411404 -0.072830 -0.155893 0.147461 -0.810956 -0.090080 -0.927253 -0.178421 -0.386527 0.249687 0.204916 0.148957 0.157187 -0.242424 -0.143488 -0.260340 -0.038481 0.619268 0.749224 -0.720053 -0.748611 -0.114694 0.240945 -0.251392 0.116404 0.148165 -0.532329 -0.240164 -0.583444 0.292125 0.300599 0.790303 1.112189 -0.265679 -0.064203 -0.526796 0.549293 -0.434351 -0.256724 -0.202013 1.057714 -0.151164 0.914230 -0.217515 0.761568 -0.450785 -0.275072 -0.243112 -0.395330 0.039070 0.018981 -0.354943 1.039170 0.219923 -0.752680 -0.181495 -0.135502 0.944670 -0.330158 0.633289 
0.257901 0.451344 0.055102 0.142449 -0.489667 0.105953 -0.009814 -0.011391 -0.484934 0.074684 -0.488310 -0.044144 -0.145871 -0.146150 0.266348 -0.050082 0.032687 -0.166804 0.114633 -0.149454 -0.159430 0.688788 0.542206 -0.640175 -0.236515 -0.254989 0.235156 -0.210706 0.276205 -0.244276 -0.329368 -0.243005 -0.447718 0.377331 -0.095246 0.528280 0.745805 -0.070029 -0.055769 -0.299984 0.190996 -0.650262 0.121399 -0.245656 0.558619 -0.195141 0.347528 0.024885 0.148767 -0.295433 -0.001402 -0.055599 -0.189273 -0.560405 -0.237551 -0.149064 0.417935 0.178375 -0.290811 -0.586716 -0.151201 0.312591 -0.361279 0.544367 
-0.126985 0.328268 0.143890 -0.032733 -0.112958 0.164990 0.082832 -0.052301 -0.111710 -0.034665 -0.124102 0.003934 -0.093192 0.040245 0.143343 -0.004517 0.031510 0.136039 -0.058393 0.032671 0.018933 -0.017210 0.427782 -0.173551 0.403296 0.082464 0.105310 -0.180070 -0.027666 0.131918 -0.054948 -0.121196 -0.176838 0.100187 -0.040796 0.052980 -0.070461 -0.043869 -0.053372 -0.087335 0.150355 -0.131110 0.100782 -0.045390 0.176070 -0.094488 0.017364 0.082671 -0.234661 0.182822 -0.014488 -0.062919 -0.035000 -0.139475 -0.074111 -0.048247 0.087254 0.046200 -0.053027 0.061693 0.041909 0.026321 -0.017716 0.202950 
-0.170908 0.154097 0.057126 -0.203392 -0.147235 0.001943 0.025200 0.051120 -0.008442 -0.027306 -0.055236 -0.002551 0.049967 0.032967 -0.016161 -0.055522 0.026111 0.029676 0.081902 0.248364 0.099932 0.047993 0.091594 -0.067302 0.571300 0.110770 -0.151052 0.011234 -0.009278 0.016049 0.013792 -0.098197 -0.049434 0.098637 -0.057817 -0.110159 -0.036011 -0.004568 -0.013749 0.107934 0.001948 0.004752 -0.023337 0.164960 0.065788 -0.060888 0.015486 0.084494 -0.018049 -0.079489 0.053296 -0.080273 0.057879 0.025259 0.029400 0.015663 -0.026373 0.010199 0.007713 -0.057653 -0.010239 -0.157343 -0.061834 -0.138985 
-0.038731 0.022518 -0.042930 -0.050142 0.043740 0.066695 -0.040655 0.042275 -0.023580 -0.034576 0.019226 0.008574 0.047128 -0.032556 0.015056 -0.057823 0.035602 -0.034155 -0.044495 -0.007313 0.055806 0.027786 0.012683 -0.047248 0.055741 0.061119 -0.055092 0.001423 0.046690 -0.009232 0.016530 -0.017500 0.012218 0.052715 0.055772 0.067828 0.049930 0.050827 -0.064517 0.004947 0.038832 0.045335 -0.028448 -0.032026 0.049814 -0.026252 -0.023901 0.048591 -0.039894 -0.002189 0.003996 0.057521 -0.010999 -0.079818 0.022396 0.035395 -0.060897 -0.031632 0.017740 -0.052105 0.049050 -0.055929 -0.036939 -0.020751 
0.049217 0.049460 -0.020259 0.041590 0.025580 0.015443 -0.047047 0.038265 -0.042690 -0.044437 -0.049563 -0.013814 -0.019831 0.075195 -0.057863 0.097894 0.111969 0.060623 -0.055601 -0.006427 0.032097 0.080622 -0.001703 -0.072441 0.055995 -0.024829 0.061657 -0.046977 -0.046983 -0.054808 0.003291 0.044127 -0.021566 -0.021651 0.014136 0.003794 -0.073720 -0.017110 0.025894 0.007812 0.028455 -0.052789 0.004920 0.066827 0.022938 -0.001594 -0.057161 0.037127 0.096192 0.074077 0.057423 -0.010736 0.075276 -0.001166 0.018428 0.025781 -0.021267 0.028994 -0.090751 0.025069 -0.047416 -0.035747 -0.082825 0.077840 
-0.006826 0.066707 0.060057 -0.285155 -0.105839 0.011834 0.053448 -0.004834 -0.109231 0.038987 0.006623 -0.003281 -0.079075 -0.076755 0.128501 0.014464 0.178116 0.033763 -0.032459 0.162985 -0.022724 -0.033492 -0.025281 0.098504 0.024391 0.047234 -0.064732 -0.053315 -0.082527 -0.096242 0.117033 0.047812 0.015246 0.021458 -0.047678 0.018624 -0.023013 -0.045968 0.018693 -0.001687 -0.026011 0.025938 -0.175420 -0.045326 0.000629 -0.130745 0.101381 0.002575 0.256106 0.034141 -0.044858 0.013799 0.053204 0.099833 0.113539 0.022963 -0.039168 -0.179306 -0.101578 -0.020322 0.011285 0.078101 -0.165138 -0.121866 
0.104664 0.049138 -0.198620 -0.344330 0.193441 -0.719565 -0.259007 0.039181 0.183581 0.113936 0.342513 0.357134 -0.254836 0.061808 -0.028758 0.144571 0.353288 0.469659 0.023010 0.305876 -0.245785 -0.044973 -0.208286 -0.122758 0.069070 0.155170 -0.078267 -0.150973 -0.030655 0.059520 0.053304 -0.331069 0.440764 -0.046193 -0.164556 0.165982 0.001306 -0.056652 0.086873 0.160801 -0.029281 -0.093156 0.059799 0.166899 -0.054220 -0.254431 -0.076694 -0.114290 0.555433 -0.157111 -0.094089 -0.472361 0.223805 0.037327 0.178600 -0.057083 -0.149498 -0.238612 0.189672 -0.022216 -0.049819 0.048343 -0.139984 -0.338722 
-0.548105 0.406247 -0.389496 -0.304986 -0.118548 -0.953972 -0.645794 -0.168572 -0.082888 0.120796 0.864688 0.205825 -0.329231 0.003375 -0.198617 0.398465 0.420286 0.752333 0.075166 0.332034 -0.698154 -0.335486 -0.564091 -0.325871 0.431715 -0.106995 0.249433 -0.362232 0.243850 0.491138 0.251070 -0.281802 0.402397 -0.085733 0.452727 0.409113 -0.158412 0.088728 0.006375 -0.430676 -0.110338 -0.046177 -0.085654 0.228487 -0.049043 -0.184475 -0.144737 -0.606374 0.459222 -0.146919 -0.166466 -0.517114 0.446722 -0.231352 0.025324 0.450135 -0.145697 -0.620343 -0.385375 -0.142192 -0.310206 0.046449 -0.242779 -0.474255 
-0.543016 -0.242429 -0.610147 -0.370465 0.014584 -1.527101 -1.037036 -0.595224 0.199697 -0.320334 0.631101 1.013868 -0.727119 -0.157323 -0.270535 0.521001 0.570343 0.132436 0.076415 0.786943 0.177597 -0.086751 -0.566113 -0.018343 0.233926 -0.243838 0.213769 -0.478335 -0.007620 0.550979 0.896729 0.216559 0.259565 -0.176543 0.313812 0.209202 -0.203348 -0.634568 -0.362726 -0.616500 -0.184609 -0.617703 -0.333944 -0.508408 -0.147114 -0.295532 -0.290604 -0.327006 0.165043 0.156993 0.054034 -0.325363 0.553025 0.176263 -0.033198 0.111181 -0.195101 -0.733967 -0.201035 -0.393692 -0.555580 0.043314 -0.379140 0.382206 
-0.756730 -0.257250 0.182521 0.092607 0.440347 -2.138500 -1.249016 -0.553996 0.814739 0.346653 0.479065 0.668908 -0.585004 -0.260494 -0.778568 -1.293870 2.074286 -0.149077 -0.057606 0.585255 0.193795 0.598838 -0.278802 -0.086692 0.707363 -0.381141 0.319561 -1.316265 -0.229520 -0.639674 -0.250154 -0.013274 0.477378 0.076782 -0.229035 0.387868 -0.270615 -0.739922 0.024234 -0.110719 -0.066383 -1.214759 -0.354178 -0.464008 -0.242216 -0.280437 -0.051998 -0.056883 0.400550 0.093184 0.181566 -0.347417 0.258366 -0.272148 -0.203187 -0.228236 -0.475256 -0.129000 -0.102871 -0.771846 -0.859148 0.062152 -0.456848 0.844388 
-0.628052 0.022122 -0.053760 0.097849 0.818634 -2.866084 -1.624909 -0.537919 0.834030 0.216458 -0.234438 0.536209 -0.381117 -0.439598 -1.446749 -0.311728 0.558200 -0.173806 -0.410000 0.114001 0.134170 0.248905 -0.457909 -0.545262 0.557046 0.058806 0.289656 -0.387808 -0.602043 0.166131 0.483057 0.564639 0.509216 -0.470236 -0.257623 0.093049 0.131290 -0.201882 0.503502 -0.651809 -0.124900 -0.808875 -1.114034 0.054229 -0.558390 0.362674 0.329308 0.617844 -0.280583 -0.343420 0.841191 -0.094728 -0.046700 0.181923 -0.632393 -0.512704 -0.093121 -0.584458 0.613565 -0.585297 -1.264834 0.079050 -0.871290 0.860129 
-0.828458 0.349165 0.050731 0.435588 0.443075 -3.666922 -1.167380 0.443177 0.553073 0.374730 -0.017361 -0.470903 -0.510272 -0.393951 -1.651226 0.109456 0.119741 0.312054 0.280686 0.047279 -0.280693 1.320437 -0.966456 -1.300001 1.578851 -0.126660 0.590124 -0.350591 -0.830711 0.442640 0.002323 -0.167093 -0.201187 0.189385 -0.640423 0.178315 0.284551 -0.285176 1.098624 -0.017078 0.140323 -0.599962 -1.153823 0.106358 -0.128645 0.240702 -0.146704 1.328152 0.299933 0.089284 0.804170 0.018509 0.707338 -0.222403 -0.174982 0.037090 -0.005842 -0.380332 0.808797 0.746866 -2.735515 -0.345532 -0.390029 0.578228 
-0.783340 0.635756 -0.037831 0.213646 -0.554288 -3.867011 -1.906574 0.516470 0.265980 0.629528 -0.227153 -0.334315 -0.795602 -0.035346 -0.751662 0.325509 0.676141 0.666368 0.144188 -0.184626 0.986098 0.255859 -0.520315 -0.814203 0.349638 0.059260 -1.258621 -1.597120 -1.805347 -0.017693 0.162072 0.944289 -0.550300 -0.917782 -0.029268 0.232895 0.001691 -0.460550 0.616663 0.189888 0.606423 -1.052150 -0.539939 0.140527 0.015694 -0.666460 0.002253 1.522237 0.436453 0.641184 0.097021 -0.630468 0.776114 0.204955 1.258170 -0.973477 0.830055 0.162627 -0.199460 0.459275 -1.955130 -0.719604 0.178128 1.004357 
-0.643948 -0.081505 -1.464437 -0.103743 -0.352697 -3.372712 -2.800747 -0.259348 0.705524 0.873739 -1.033981 0.359617 0.057023 0.479400 -0.138167 1.021021 0.961518 0.667198 0.120514 -0.061625 0.727724 0.826148 0.804090 -1.111420 0.493042 0.307345 0.129166 -1.217615 -0.569475 0.301485 0.441405 -0.809399 -0.321035 -0.803625 -0.197146 0.195809 0.028391 -0.045155 1.342608 -0.573677 0.541657 -0.675845 -0.497629 0.761787 0.034372 -0.160213 -0.306383 0.076169 1.121195 0.837164 0.401953 -0.177854 1.268985 -0.734563 1.131958 -0.517298 -0.079054 0.154548 0.503396 -0.156350 -0.778143 -0.911251 -0.056641 1.859320 
0.067588 0.343879 -1.256833 -0.325601 0.659678 -3.672926 -3.083120 0.534171 0.669207 0.394741 -0.579138 1.078423 0.268534 0.338885 -0.123207 2.086633 1.442131 0.888039 0.185641 -0.231258 0.899936 -0.153948 0.771184 -0.594393 0.081045 0.193650 0.255007 -1.013912 0.621033 1.097521 0.362738 -0.563225 -1.185560 -0.739459 1.118976 0.333679 0.277740 -0.467909 2.242329 0.466171 -0.179284 -0.262637 -0.592592 0.024619 -0.629146 -0.452227 0.410558 -0.981373 1.063086 0.060940 0.596137 0.049164 1.107729 0.908752 0.845800 -0.492569 0.169604 -0.103500 -0.649115 -0.734404 -0.226484 -2.320779 -0.237635 2.024609 
0.043684 1.061673 -1.079474 -1.037297 0.173541 -2.881478 -3.018571 0.397827 -0.715256 0.090522 -3.019977 0.579975 0.136538 -0.758203 1.170277 1.539879 0.507782 0.692579 0.540825 -0.005283 0.833041 -1.133640 0.291421 -0.611061 -1.053958 0.371855 -0.704518 -0.699082 1.695144 -1.555712 -0.945848 0.262830 -1.202497 0.275796 0.075430 0.764080 -0.130713 -1.329377 -0.736974 1.061647 0.428463 0.049734 0.400829 0.537956 -0.833847 -1.364247 0.600081 -0.961278 -0.248388 -0.026500 -0.435697 0.026240 0.024342 -0.544186 -0.030476 -0.843225 0.579610 -0.419609 -0.882212 -0.079075 0.323649 -0.875102 -0.598490 1.778057 
-0.123514 1.456937 -1.116326 -3.481605 0.204126 -2.717215 -3.359569 0.350295 -1.657514 0.418683 -1.767839 1.531159 0.216826 -0.079588 0.116392 -1.648373 1.605128 -0.501132 0.529004 0.682892 -0.031112 -0.827117 -0.204165 0.440813 -1.455731 -0.657741 -1.072648 1.403059 0.674997 -3.060891 -2.572900 -0.091683 -0.096523 0.292897 -0.057518 -1.006117 0.382671 -1.096893 -2.014752 0.027866 0.058745 1.164849 1.822132 0.075726 -0.661491 -1.393970 0.833991 -0.487979 1.171363 -0.342983 -0.106757 -0.097695 0.155308 -1.154243 -0.731076 0.154679 0.534275 -0.295852 -1.726878 0.279159 1.070990 1.252916 -0.735562 -1.356755 
-0.785991 0.924277 -2.832438 -1.559114 -0.454347 -1.839671 -2.949788 -0.305286 -0.853439 -0.342243 1.080050 0.121588 0.663056 0.518539 -0.728011 -3.112999 1.515332 0.338658 -0.251211 0.775773 -0.123042 -0.230610 -0.612813 0.327913 -2.203743 -1.278316 -0.841374 -0.380907 0.137742 -1.609060 -1.745628 -0.474779 -0.625628 -1.648555 -1.514043 -1.407700 0.849894 -0.380300 -2.010239 -0.133544 -0.402215 1.299770 1.729896 -0.352634 -0.441441 -0.968889 1.238200 -0.710324 0.132974 -0.400017 -0.618921 0.359098 -1.361659 -0.402706 -1.075336 -1.140176 0.079004 0.269884 -0.419907 0.370245 1.774394 1.237668 -0.431779 -3.078606 
-0.156649 -0.413744 -2.455084 -1.806063 -0.021108 -1.767137 -1.136698 0.274543 -0.189803 -0.627775 2.559305 0.172068 0.571146 1.117868 -1.824185 -1.479891 1.244291 -0.127324 0.131200 0.635168 1.197204 -0.438287 -0.369194 -0.619564 -0.851469 0.319375 -1.297735 -2.807725 0.296664 1.256857 -0.602176 -0.973244 -1.325488 -1.687419 -0.487354 -0.596417 0.578042 0.995729 -0.673090 0.204601 -0.614809 -0.285990 -0.107849 0.599350 0.181198 -0.889833 1.443619 -0.455582 0.638509 0.430123 -1.466573 0.861144 -0.489210 -0.342460 -0.287363 -1.646273 -1.140099 -0.663483 0.314885 -0.965893 0.045069 0.415685 -0.943041 -1.969504 
-0.721734 0.036643 -2.025074 -1.559668 -0.122702 -0.054990 0.959271 0.715864 1.084033 -0.926649 1.492843 -0.617247 -1.511323 0.820494 0.441017 0.002823 1.533955 -0.299254 -0.001261 0.047419 1.869477 -1.196610 -0.026979 -0.008559 0.220373 -1.042227 -0.751882 -1.303249 -0.536224 1.586418 0.234877 -0.594094 0.109471 -0.358466 -0.411939 0.067083 0.865207 -0.047521 -0.450379 0.581757 -1.359375 -0.416685 0.152488 0.105193 0.631662 -0.316549 0.486565 -0.266445 0.459708 -0.541997 -1.110883 -0.531134 -0.833655 -1.554674 0.210708 -0.600241 -1.348680 -0.777264 0.121897 -0.649799 1.428247 0.027245 -1.038645 -0.890197 
-0.557434 0.587729 -3.376765 -1.073908 -0.613994 -0.235864 0.992794 0.901955 0.221478 -1.018791 1.205015 0.073259 -1.540410 0.252139 -0.066413 0.806413 0.882051 -0.223325 0.432540 -0.751286 0.454808 -2.950651 0.319814 1.833071 -0.394960 0.113450 -0.593579 0.928970 -0.923027 0.982969 0.819962 -0.440068 0.710350 -0.888381 -0.378165 0.219986 -0.077627 0.519956 -1.121753 -0.363232 0.043875 -0.682590 -0.005047 -0.176781 0.626127 0.087421 0.527177 -0.633645 0.640926 -0.991692 -0.689705 -1.146183 0.590894 -1.136443 0.483538 -0.330686 -1.376332 -1.066699 0.379606 0.083381 1.067711 0.294260 -0.698719 -0.373777 
-0.995280 -0.081443 -3.884751 -0.515878 -0.585079 -0.210674 -0.100260 0.176985 0.915952 -0.288546 1.086828 -1.233698 -2.079093 0.361747 -0.437433 -0.399320 -0.126488 1.452351 0.382227 -0.010561 -1.202688 -2.094866 -0.106847 2.757123 -0.356382 0.230469 -0.180350 1.379818 -1.469625 -0.335277 0.285464 0.940733 0.444411 -0.629168 0.303706 -0.339760 -0.093253 0.107840 -1.302782 0.652590 0.302497 -1.001631 -0.973568 0.016579 0.862069 -0.153792 0.871583 -0.481178 1.795187 -0.519464 -0.687206 -1.148175 0.802658 -0.386356 -0.659347 -1.014088 -1.435750 -0.081830 0.021164 -0.258960 -0.978168 0.214055 -1.248936 -1.100544 
-0.815121 0.094315 -3.006632 -0.114094 -0.539937 -0.370950 0.268902 0.197414 1.736983 -0.479295 1.041170 -1.805551 -0.725714 -0.085709 -0.050078 0.026001 -0.100777 1.363207 -1.087019 0.311043 -1.742686 -1.593644 0.061474 0.809045 -0.113855 0.564758 -0.064308 0.873149 -1.222441 -0.173747 0.333945 0.502512 0.399547 -1.421150 0.861455 -0.630435 -0.182239 0.311047 -2.254858 -0.512773 -0.903131 -0.303344 0.081990 -0.137497 1.144796 0.135952 0.438117 0.249449 1.646437 -0.807556 -1.188344 -0.861783 -0.257074 0.485107 -0.847498 -1.056457 -0.389777 0.469309 0.135018 -0.393241 -1.626556 0.450782 -0.178079 0.087875 
-0.418304 0.517254 -2.458693 -0.627547 -0.666696 -0.527623 0.719536 0.058102 1.492584 -0.617783 0.870510 -1.452471 0.122700 -0.856003 0.188030 0.549971 0.237196 0.432561 -0.640953 0.430616 -1.445325 -1.911296 0.144839 0.005460 -0.484927 -0.200984 -0.787928 0.183535 -1.648271 -0.472610 0.439788 -0.722959 0.172029 -0.730149 1.010066 0.054357 0.284645 -1.313804 -1.453456 -0.526336 -1.253344 -0.245152 -0.796322 -0.078389 1.481840 0.203905 0.473373 -0.267676 1.436950 0.443606 -0.554624 -1.027350 1.014602 1.344937 0.078405 -0.324914 -0.464607 1.217486 0.799751 -1.111078 -1.590045 -0.376382 -0.595923 -0.714197 
0.250392 0.160715 -2.587565 -0.075625 -0.300258 -0.467325 0.025330 -0.595437 -0.244249 -0.744407 0.646664 -1.121969 -0.385183 -0.434100 -0.028722 0.144658 -0.279078 0.552796 0.396068 0.704522 -0.152556 -0.845067 -0.816716 0.350120 -0.528231 -0.578142 -0.398778 -0.187863 -1.671116 -0.756110 -0.186577 -0.844069 -0.544646 0.119644 0.465409 0.306945 -0.399307 -1.224788 -0.821496 -1.292976 -0.036360 -0.654314 -0.648941 0.156247 0.901887 -0.154936 0.762864 -0.040308 0.626854 1.133708 0.114572 -0.623356 -0.038191 1.025997 0.500885 0.291210 0.045288 -0.447047 -0.171117 0.064092 -0.831465 -0.054316 -0.652227 0.250071 
-0.081178 0.181363 -1.976200 -0.354844 -0.796231 -0.365669 0.286804 -0.700406 -0.250282 -0.758988 0.213446 -0.550045 -0.618966 -0.071515 0.383201 0.038613 0.337483 1.200785 0.138938 -0.377034 0.202642 -1.075453 -0.778869 -1.071081 -0.284305 -0.435196 0.226316 -0.161596 -1.197893 -1.255092 -0.039888 -0.378526 -0.672380 0.251402 0.189838 0.317630 0.260228 -0.667725 -1.392978 -0.900460 -0.031299 -0.289526 -0.089651 -0.537451 0.283841 -0.607101 0.943181 -0.476523 0.624256 -0.357410 -0.731553 -0.652414 0.417004 0.678338 -0.499283 -0.715890 0.038703 -0.485263 0.015642 0.465108 -0.526451 0.507022 -0.222529 0.510403 
-0.743267 0.004022 -1.901278 0.032413 -0.650628 0.120360 0.229882 -0.287024 0.390693 -0.717683 -0.648665 -0.131830 -0.285054 0.270531 0.982970 -0.529930 0.330907 1.127425 0.221752 -0.599573 0.019021 -1.391271 -0.386320 -1.243335 -0.774956 -0.488940 0.727906 -0.844947 -0.956747 -0.393742 -0.390657 -1.019259 -0.027438 0.199026 0.131577 0.294418 0.757439 -0.544727 -0.945969 -0.354362 0.248243 -0.457644 -0.103778 -0.271159 1.270833 -0.020794 1.166581 -1.029258 0.285864 -0.520159 -1.188646 -0.360935 -0.021230 1.316036 0.082422 -0.098401 -0.025277 0.436526 -0.582247 0.568305 -0.240854 0.907017 -0.645146 0.132258 
-0.052384 -0.140606 -0.724813 -0.016293 -0.309844 0.161069 0.286642 0.113928 -0.332376 -0.241439 -1.107515 -0.146853 -0.287258 0.665980 0.440120 -0.097272 0.386889 0.177314 -0.210946 -0.165758 0.108639 -0.215857 0.881570 -0.793232 0.054500 -0.088630 0.433754 -0.382269 -0.387155 0.062093 -0.705971 -0.823593 -0.307069 -0.017761 0.079655 0.479243 1.273324 -0.484593 -0.309596 0.017175 0.441774 -0.301514 0.168372 0.214916 1.434166 0.069167 0.787766 -0.454422 0.684112 -0.543601 -0.623654 -0.272812 -0.401431 0.417933 0.263317 -0.069798 0.259143 0.548232 -0.382173 0.029031 -0.184231 0.517808 -0.307926 -0.061326 
0.019033 0.273161 -0.069472 0.008287 -0.334909 0.209700 0.234985 0.233160 -0.530194 -0.031736 -0.460656 0.043942 -0.363027 0.677940 0.234684 0.034643 0.615544 -0.082539 0.032082 0.265234 -0.090175 0.140425 0.939805 -0.685671 0.425745 0.059716 0.042967 -0.149013 0.082826 0.227839 -0.073750 -0.034083 -0.570194 0.147560 -0.011199 0.406298 0.734240 -0.143963 -0.111345 -0.007105 -0.096702 -0.421305 0.305101 -0.065018 1.007378 -0.188396 0.239535 0.056063 0.373624 -0.477325 0.020692 -0.285714 -0.155114 -0.096321 0.025964 -0.427740 0.500807 0.127924 -0.069864 -0.681131 -0.075737 0.359415 -0.265914 0.355425 
-0.101697 0.349645 0.102052 -0.042583 -0.153309 0.108533 -0.008346 -0.045378 -0.131850 0.127585 -0.064083 -0.085624 -0.055255 0.230764 0.078722 0.077008 0.149302 -0.093330 0.009598 -0.035137 -0.048961 0.159707 0.115645 -0.148213 0.275325 0.094142 0.029087 -0.050508 -0.052219 0.110182 -0.121161 -0.150495 -0.179416 0.154462 -0.098341 0.030625 0.091193 0.005994 0.027881 0.044987 0.082888 -0.112233 0.034503 0.084546 0.167134 -0.152880 0.063046 0.065856 -0.018918 0.070168 0.123810 -0.235164 -0.007991 -0.162210 -0.059892 -0.030381 0.160272 0.155997 0.028962 -0.056575 -0.013429 0.132716 -0.091110 0.125586 
-0.054781 0.096495 0.038110 -0.071491 -0.107895 0.020909 0.052446 0.015485 0.008329 -0.035773 0.039204 -0.023616 -0.048186 0.089065 -0.002746 -0.015833 0.089065 0.001077 -0.048784 0.039796 0.006070 0.018032 0.119284 0.029365 0.072138 0.012933 -0.116103 0.071467 0.035483 -0.087426 0.077874 -0.047025 0.007182 0.019479 -0.057262 0.047828 0.079683 -0.045900 0.058250 0.001853 -0.037168 -0.138350 0.055773 -0.059491 0.079437 -0.084115 -0.005668 0.044377 -0.000242 0.016901 0.073689 0.037351 -0.022816 0.012426 -0.075624 0.028140 -0.036703 0.036836 0.007419 -0.036925 -0.043246 -0.071636 -0.018191 -0.002544 
0.083927 0.036966 -0.077015 -0.080818 0.008837 -0.057634 -0.010984 0.036872 0.057227 -0.071483 -0.003420 0.034940 0.071762 -0.018111 0.022050 0.001374 -0.067795 -0.052560 -0.034089 -0.010062 -0.043572 0.037641 -0.014483 -0.077932 -0.041184 -0.027260 -0.019472 -0.027697 0.046667 -0.021827 0.071768 -0.004211 -0.080160 0.047153 0.058092 -0.001309 -0.082757 0.018314 -0.039550 0.042619 0.072179 0.074755 -0.021265 0.060029 -0.083433 0.007296 -0.055844 0.001305 0.005615 0.045349 -0.038696 -0.051241 -0.004991 0.084119 -0.028005 -0.064926 -0.035994 -0.057109 -0.074639 -0.046281 -0.015837 0.007615 -0.023422 0.062412 
0.103224 0.019903 0.037894 -0.019721 -0.020978 0.021945 -0.030520 -0.044907 0.048138 0.033385 0.053854 -0.010527 -0.014060 0.060380 0.017393 0.034400 0.029477 -0.021895 -0.066545 0.026304 0.055496 -0.019342 -0.024511 -0.066921 0.046839 -0.020904 -0.045746 -0.010656 0.017695 0.010991 0.048631 -0.063735 -0.080637 0.040508 -0.049530 -0.043733 -0.054744 -0.056706 0.001464 -0.095162 -0.061968 0.038575 0.016768 -0.050908 -0.069355 0.025924 0.082676 0.005237 0.116019 -0.050937 -0.053112 0.049332 -0.000964 0.038189 0.060612 0.071415 0.071602 -0.021550 0.024397 0.033243 -0.030579 0.046751 0.046380 -0.044092 
-0.061517 -0.017478 -0.046810 -0.050338 -0.073626 -0.157695 -0.074617 0.073459 -0.067779 -0.003904 0.087843 -0.001314 0.040440 0.064639 0.224247 0.010890 0.338336 -0.053582 -0.077578 0.066152 0.081599 -0.018517 -0.022813 -0.104153 -0.034558 -0.000681 -0.034849 -0.075889 0.045848 -0.047149 -0.059146 0.014043 -0.076533 -0.054329 0.045739 -0.113388 0.069836 -0.032539 0.129639 -0.020263 0.070145 -0.195023 -0.072959 -0.005908 0.017982 -0.030188 0.055497 -0.131586 0.599949 -0.015925 -0.001818 0.081115 -0.000634 0.058043 0.166369 -0.014186 -0.208109 -0.127271 -0.122412 -0.075423 0.045942 0.035744 -0.147097 -0.010337 
-0.201039 0.190495 -0.285729 -0.197256 -0.018287 -0.445409 -0.209786 -0.120441 0.069393 0.159583 0.249055 0.310547 -0.094408 0.053395 0.131370 0.084106 0.577512 0.456455 -0.133233 0.386190 -0.116859 -0.001417 -0.292586 -0.297075 -0.030479 0.017006 -0.219785 -0.112807 -0.010074 -0.044317 -0.015982 -0.143272 0.388710 -0.016513 0.310985 0.031966 0.055633 0.052102 -0.012177 0.160182 -0.144054 -0.197027 0.177740 0.221541 -0.095672 0.035286 0.146838 -0.263794 0.679541 -0.262222 0.033815 -0.263818 0.177592 -0.088340 0.352867 0.117762 -0.238273 -0.392497 -0.378976 0.029345 -0.047229 -0.042901 -0.247851 -0.402630 
-0.994976 0.257123 -0.330227 0.388942 -0.112480 -1.049637 -0.897814 -0.502021 0.322175 0.137369 0.519000 0.289818 -0.266971 0.053710 -0.137561 -0.043561 0.829201 0.563075 -0.157703 0.727599 -0.305235 -0.170120 -0.706613 -0.353460 -0.620377 -0.444803 0.319571 -0.518668 0.230678 0.089764 0.390098 -0.593031 0.538577 -0.108546 -0.337036 -0.064892 -0.122735 -0.312272 -0.155057 0.061494 -0.195034 -0.041624 -0.039248 0.324938 -0.006587 -0.422136 -0.451907 -0.485944 0.325063 -0.137043 0.043959 -0.361829 0.099810 -0.201185 0.108428 0.720595 -0.425484 -0.346981 -0.381105 -0.231758 -0.381652 0.164009 -0.363270 -0.181588 
-1.037883 -0.677150 -0.433064 0.434504 -0.132521 -1.782645 -1.623956 -0.709524 0.440483 -0.583738 0.448432 0.514126 -0.479436 -0.210466 -0.217422 0.746358 0.733864 0.576640 -0.042345 0.264824 0.002012 -0.197415 -0.708242 0.032090 -0.128024 0.036635 0.275445 -0.453093 -0.032207 0.549131 0.941939 -0.549891 0.474730 -0.878456 0.181174 0.162270 -0.311316 -0.358116 0.027500 -0.329866 -0.281550 -0.626703 -0.650790 0.008329 0.033796 -0.628419 -0.691073 -0.477645 -0.181535 -0.082990 0.077159 -0.213108 0.289545 -0.069235 0.031735 -0.097620 -0.679048 -0.249316 -0.527715 -0.552835 -0.601772 0.063830 -0.447672 0.530378 
-1.217328 -0.561481 0.294524 0.444442 0.293902 -2.740887 -1.510885 -1.078121 0.719074 -0.435030 0.187618 -0.382322 -0.466768 -0.262704 -0.462701 -0.219942 0.565396 0.520600 -0.174270 0.074639 -0.070002 0.356238 -0.316100 0.572962 0.187148 0.060407 0.164459 -1.267467 -0.464908 -0.069703 0.715785 -0.232544 0.296517 -0.565322 0.135439 0.188459 -0.063848 -0.357565 0.574790 0.217413 0.021602 -0.845024 -0.844905 0.034713 -0.197872 -0.238356 0.364662 0.515293 -0.357106 0.180271 -0.130275 -0.254440 0.194246 -0.365523 -0.196322 -0.826546 -0.229047 -0.208842 -0.603833 -0.628209 -1.194141 -0.288008 -0.017471 0.563093 
-0.374712 -0.132890 -0.475055 0.288360 0.751591 -3.257242 -1.747440 -1.065788 0.929592 -1.074857 -0.297486 -0.553725 -0.082634 -0.610010 -1.237091 -0.748929 0.594212 0.518429 -0.424890 0.144748 -0.519009 0.681409 -0.531907 -0.747690 0.047725 0.619724 -0.589569 -0.816290 -1.016906 -0.373799 0.660895 0.421984 -0.740417 -0.852639 -0.688126 0.343739 0.675504 0.152235 0.202621 0.183460 0.529362 -0.557381 -1.152630 0.220180 -0.630717 1.120122 0.697954 -0.123986 -0.471903 0.604180 0.191853 -0.085085 0.338850 -0.470271 -1.094236 -0.189909 0.225025 -0.980821 0.118759 0.105330 -1.355443 -0.457247 -0.476498 0.585618 
-0.942731 0.368547 -0.313425 1.181440 0.151279 -3.655792 -1.643482 -0.306517 0.730632 0.225856 -0.650017 -0.472242 0.430429 -0.633045 -0.697166 -0.164560 0.476907 0.177599 0.054332 0.355253 -0.534589 0.384374 -0.137150 -0.040274 -0.434987 0.743232 -1.500780 0.237501 -1.651987 0.062209 0.052593 0.562075 -0.804144 -0.482960 -1.374479 0.886367 0.483965 0.272179 0.534384 0.059948 -0.026436 -0.882494 -0.974071 0.021929 -0.105700 0.759926 0.119939 1.075506 0.007777 0.250450 -0.918564 -0.697888 0.496936 0.223542 0.000737 -0.300147 0.978382 0.093542 0.388142 0.071099 -0.878514 -0.899799 -0.073615 0.299669 
-1.272587 1.189999 -0.560254 1.650769 -0.486513 -3.396642 -2.646543 -0.021492 0.454503 0.715383 -0.714946 0.028574 -0.104412 -0.999510 0.192319 1.221730 -0.297660 0.465246 -0.108193 -0.729255 0.340552 -0.635393 -0.281014 -0.399257 -1.546465 1.195483 -1.521410 -0.781863 -1.989872 0.106073 1.024023 0.180846 -1.185677 -0.958185 0.714469 1.515520 -0.918804 1.057196 0.161149 0.377824 -0.142904 -1.399248 -1.102071 0.835238 -0.365482 0.310910 -0.494163 1.112905 0.554272 0.948289 -0.455890 -0.620930 1.040144 -0.442785 0.934792 -0.184467 0.949743 0.297691 0.266931 0.087455 -0.168149 -0.390202 0.237900 0.321078 
-0.889022 0.770694 -0.699241 1.371762 -0.919077 -2.603071 -1.955322 0.212981 0.595757 0.171082 -0.800833 0.195743 0.448763 0.236012 0.210363 1.395633 0.697428 -0.124019 -0.638917 0.157082 0.418976 -0.203266 0.108602 -0.864858 -1.930993 0.919814 -0.883938 0.059143 -1.079706 -0.360291 0.128257 -0.302958 -1.637115 0.246452 -0.055169 0.387127 -0.947290 1.009508 0.342090 -0.665156 -0.810926 -0.355565 -0.932041 -0.016126 -0.061445 -0.953131 -0.528460 0.026551 -0.126624 0.441078 0.591085 -0.221026 0.684945 0.328910 0.970809 -0.188718 0.449693 0.069717 0.282025 -0.469992 0.648149 -1.076201 -0.750433 0.061206 
-0.228196 1.254805 -0.222395 1.582576 0.806329 -1.569602 -1.795646 0.955313 0.268677 0.074955 -1.643759 0.764697 1.059855 0.228346 -0.005083 2.256666 1.171343 -0.688241 -0.322189 0.611127 0.703659 -0.449083 0.532019 -0.466143 -3.220614 -0.111553 -0.602847 -0.671486 -0.657896 -0.529579 -0.231546 0.327423 -0.721507 -0.178520 2.413059 0.487586 -0.040693 -1.183746 0.428403 0.656757 -1.171832 1.311852 -0.509711 -0.882148 0.222492 -0.491858 0.247197 -1.349969 0.623283 0.001555 -0.556458 -0.196764 -0.185150 0.147514 -0.032276 0.046596 -0.227406 -0.306602 -0.814576 -1.127689 0.733178 -1.844970 -1.241120 1.341066 
-1.077191 1.868533 -0.544137 -0.376714 -0.806892 -1.249137 -1.750939 0.711086 -1.178654 -0.558807 -1.556790 0.339062 0.904804 -0.369418 0.075938 0.485351 1.066213 -1.168008 -0.562489 0.440249 0.320769 -0.000882 0.153092 -0.584835 -5.083730 0.385672 -1.127625 0.638519 0.080439 -1.243462 -1.276594 0.766549 -0.015308 -0.015122 0.486708 0.472605 -0.039484 -1.086137 -0.432481 -0.086722 0.389272 1.469048 0.567840 -0.320275 0.031441 -0.902868 0.404794 -0.573113 0.931434 0.074681 -0.012703 -0.344150 -0.805189 -0.141974 -0.954610 -0.054869 0.132312 -0.437477 -0.162789 -1.191489 1.075493 -1.107182 -0.479169 1.906189 
-1.326801 2.319005 -0.179620 -2.405170 -1.012690 -1.276426 -1.377075 0.031571 -1.280934 -0.636466 0.027599 0.313835 0.707631 0.941499 -0.724248 -1.610874 1.811590 -0.533771 -0.965630 -0.097344 0.282912 -0.864269 -0.209455 0.148033 -3.514707 -0.456704 -0.433580 0.995705 -0.576869 -1.497796 -1.746123 -0.376795 0.531914 -0.152351 -2.216296 -0.878548 1.730361 0.572810 -1.603630 -0.823043 0.917056 0.996739 1.312474 1.652327 -0.536833 -0.519497 0.406711 -0.117866 0.325771 0.381262 0.100195 -0.055654 -2.420482 0.074530 -0.799047 -0.486686 -0.659366 -0.223332 0.186447 0.250403 0.558014 0.678170 -0.907315 -0.237561 
-0.821530 2.578197 -0.502008 -1.746114 -0.917107 -0.010902 -1.090317 -0.596243 0.898410 -1.143225 1.591252 -0.310307 -0.031246 1.057679 -1.219732 -1.378565 1.767090 0.735975 -0.162202 0.436006 0.054009 -0.875710 -1.132423 -1.001942 -0.798254 0.027345 -0.643265 -0.955710 -1.075862 -0.119064 -1.126445 -0.239874 -0.470301 -1.234245 -2.984893 -1.921436 1.645515 1.149509 -0.861320 -0.333858 0.669010 -0.425764 1.347312 1.626585 -0.671006 -0.588306 1.491275 0.159951 0.329880 0.226023 0.376692 1.170047 -2.416766 0.011501 -0.565946 -0.985147 -0.998444 0.420804 1.089964 1.147011 0.989990 0.446616 -0.607270 -1.654068 
-0.824319 0.939054 0.116544 -1.668155 -0.646222 -0.174635 -0.609366 -0.116380 1.670303 -1.245331 1.437703 -0.635899 0.016008 0.402881 -1.114311 -1.330624 1.360883 0.671001 -0.208286 1.121177 0.982580 -1.027421 -0.835973 -1.251122 -0.843582 0.981162 -1.299982 -1.805358 -0.819394 0.720139 0.652610 -0.279533 -0.104087 -1.605828 -2.009029 -2.473256 0.978804 0.952415 0.389889 -0.055635 -0.910000 -0.677925 1.055949 1.653849 -0.328791 -0.908350 0.938712 -0.396643 0.060247 0.073410 0.044250 0.599018 -1.334208 -1.148945 0.072418 -0.486701 -0.410815 0.299655 0.737486 0.255395 -0.207322 0.417227 -1.448761 -1.152916 
0.442056 0.487817 0.265963 -0.633078 0.230292 -0.297605 0.681114 0.510350 0.602004 -1.356117 0.495548 -1.566497 -0.316823 0.803108 0.219328 -0.425786 0.622309 0.899491 -0.440200 -0.119332 2.073030 -1.374176 0.369268 -1.408923 -0.996420 0.531006 -0.338874 -0.691124 -0.375665 1.404235 1.169677 -0.176409 -0.069468 -0.231537 -0.721001 -0.572592 0.396206 0.241369 0.279085 -0.226804 -1.389961 0.077556 0.819633 0.764408 -0.330112 -1.254625 0.261680 -0.343040 0.346186 -0.831338 -0.359581 0.051515 -0.842214 -2.126557 1.074587 1.042395 -0.218859 -0.020453 0.293633 -0.141027 -0.319424 0.035415 -1.230394 -0.156652 
0.085307 0.239898 -0.967187 -0.120312 -0.207939 -0.110022 0.885620 -0.066950 0.440281 -2.022827 0.549928 -0.565416 -0.457132 0.464166 0.481882 0.798425 0.701255 0.199141 0.083341 -0.909005 1.226529 -3.218285 0.441978 0.004791 -0.618667 -0.792494 -0.957181 0.614679 -0.156929 0.019141 0.862224 0.959510 0.458767 -0.610172 -0.414449 -0.742810 0.590661 -0.389969 -0.032436 0.059641 -0.018266 0.570406 0.989026 -1.090303 -0.234984 0.132632 -0.307333 0.235671 0.782368 -1.778156 0.639063 -1.843612 -0.417379 -2.206941 1.182782 0.536934 -0.203769 -0.513177 0.668429 -1.070963 -0.646391 0.036147 -1.014680 -0.421424 
-1.305628 -0.325971 -1.048887 0.174502 0.159603 -0.368097 -0.351420 -0.183450 0.396954 -0.924338 -0.032225 -0.987798 -1.631870 -0.001247 0.014235 0.420817 -0.289000 0.692411 0.142173 -0.345289 -0.817731 -4.384617 -0.737817 2.187111 -0.038926 -1.049294 -0.607252 1.335354 0.111118 0.254554 1.079076 0.568781 0.061055 -0.392828 0.636699 -1.117381 0.002737 -0.894320 0.737501 1.517357 -0.264658 -0.377311 1.315362 0.420171 -0.349568 -0.249571 0.064552 -0.526260 1.355610 -0.838423 0.837263 -1.363428 0.294254 -0.948388 0.531541 0.298895 -0.878193 -0.654035 1.204914 -0.480416 -1.718462 -0.108050 -0.899274 -0.846898 
-0.102576 -0.427003 -1.408798 -0.528973 0.060826 0.568877 0.728773 -0.003816 1.976839 -0.243074 0.295731 -1.300296 -0.112390 0.506065 0.199351 0.249374 0.208072 0.247006 -0.441829 0.530637 -1.702404 -3.662231 0.548409 1.543824 0.156511 -0.721544 0.634568 0.857579 -0.464363 -0.275037 0.368920 0.416707 0.317901 -0.706688 -0.386795 0.116537 -0.371938 -0.960756 -0.417610 -0.078085 -0.789569 0.223693 -0.184490 0.221254 -0.100567 -0.350451 0.043737 -0.314499 0.881397 -0.375665 -0.664484 -1.196056 -0.179867 -0.167325 -0.774578 -0.325193 -0.790939 0.573060 1.202968 -0.094354 -1.273763 0.228513 0.669448 0.533092 
-0.314315 0.820592 -2.686960 0.377650 0.174390 -0.057423 0.715924 -0.394124 2.030636 -0.540214 0.966757 -0.812275 0.280429 -0.201196 -0.296285 -0.138850 0.361755 0.754938 0.137381 0.886408 -0.846439 -3.086373 -0.153983 -0.108467 -0.211740 -1.844374 0.096715 -1.333967 -0.827279 -0.342359 0.798587 0.009298 -0.693959 -0.894041 0.281218 0.217712 -1.172232 -1.569307 -0.927923 0.000636 -0.718703 -0.426283 -0.799578 -0.389279 0.643416 0.495344 -0.227334 -0.183638 0.980714 0.511304 -0.099691 -0.743593 0.886300 1.701270 0.680435 0.435837 -1.617442 0.874308 1.243713 -1.295742 -0.561277 -0.185940 -0.520342 -0.819552 
0.491807 -0.293990 -2.620206 -0.009053 -0.495609 -0.166485 -0.219198 -1.534369 1.270869 -0.818866 -0.155589 -0.840509 -0.202789 0.617729 0.191300 -0.543458 -0.111020 0.636189 0.719087 0.416481 -0.355798 -2.001131 -1.099077 0.686539 -0.379546 -0.299515 -0.427070 -0.018570 -1.238680 -0.823338 0.130722 -0.281505 -1.062864 -0.277966 -0.265210 -0.134499 -0.850412 -1.294808 -0.650972 -0.090223 0.060172 0.137668 -0.995760 -0.113605 0.888791 -0.439045 0.430794 -0.017489 0.677258 0.574098 -0.180761 -0.433312 -0.186565 0.898449 0.736056 -0.048144 -0.583045 0.546516 0.521300 -0.059683 -0.484634 0.243392 -0.774533 -0.381482 
-0.178324 0.318959 -2.041497 0.234547 -0.725420 0.279826 0.183765 -1.005623 0.882662 -0.713858 -0.024284 -0.366937 -0.593627 0.451039 0.959089 -0.683903 0.638146 1.066449 0.169954 -0.184894 -0.315175 -2.186556 -0.569659 -0.464510 -0.317382 -0.703147 -0.713897 0.219030 -1.432018 -0.738038 0.484697 -0.622656 -0.649474 -0.017477 -0.387009 0.166253 0.024201 -0.529461 -0.860517 0.317598 -0.058727 -0.064733 -0.534688 -0.381605 0.539653 -0.323626 0.187856 0.148400 0.674799 -0.201436 -0.497488 -0.400594 -0.460361 0.677823 -0.132090 -0.011447 -0.762310 -0.095978 -0.316299 0.880076 0.052717 0.378487 -0.053939 -0.014828 
-0.764988 0.104889 -1.494775 0.614478 -0.114481 0.126823 0.065388 -0.279674 0.680101 -0.597293 -0.884037 -0.002160 -0.814533 0.627044 1.305059 -0.725409 0.276874 1.488913 -0.048178 -0.753292 -0.054011 -1.916577 -0.223412 -0.764502 -0.584419 -0.638008 0.412275 -0.611520 -1.246286 -0.136931 -0.307205 -0.935523 -0.451624 -0.174581 -0.166936 0.368612 0.088075 -0.425612 -0.378985 -0.208451 0.368346 -0.522373 -0.087553 0.078019 1.055564 -0.305778 1.875223 -0.336788 0.981304 -0.378705 -0.979065 -0.143509 -0.270424 0.669023 0.409938 0.374145 -0.504506 0.296345 -0.189329 1.245536 0.203261 0.675592 -0.416048 -0.410470 
0.091442 0.187323 -0.804407 0.370570 -0.489939 0.223131 -0.042220 -0.441744 -0.124412 -0.298796 -0.978584 -0.085598 -0.895857 0.448566 1.173897 -0.540133 0.415391 1.097087 -0.351730 -0.791415 -0.450037 -0.847572 0.192068 -0.610991 -0.471806 -0.299826 0.516909 -0.551054 -0.632154 -0.087193 -0.836015 -1.131857 0.018115 -0.142967 0.039518 0.343011 0.359083 -0.339649 -0.032825 -0.329743 0.530377 -0.937030 0.297606 0.269657 1.481909 0.127891 1.298844 -0.495259 0.755213 -0.252942 -0.638356 -0.345476 -0.275273 0.420211 0.536717 -0.107972 -0.061117 1.174403 -0.117895 1.299802 -0.143630 0.392431 -0.519795 -0.067981 
-0.034212 0.199328 -0.168252 0.170959 -0.307595 0.050347 0.020771 -0.080130 -0.009791 -0.122024 -0.244659 0.045141 -0.762202 0.308283 0.534838 -0.129895 0.602149 0.396026 -0.023664 -0.167930 -0.269280 0.011691 0.383335 -0.604497 -0.043873 -0.043012 0.145327 -0.153926 -0.222874 0.039161 -0.206617 -0.486808 -0.369000 -0.099243 -0.036247 0.113215 0.240190 -0.159846 -0.146307 -0.045878 0.053212 -0.675758 0.144748 -0.197175 0.613105 -0.018154 0.329317 -0.177723 0.477559 -0.260408 -0.086126 -0.165712 -0.081609 -0.039622 -0.183174 -0.339848 0.208456 0.296637 -0.113128 -0.052410 -0.121384 0.268577 -0.187042 0.157529 
-0.030409 0.323654 0.067289 0.202326 -0.275247 -0.070851 0.030395 -0.055085 0.045452 0.153464 -0.024085 -0.008629 -0.312069 0.065686 0.238315 0.021729 0.101974 0.207924 -0.007712 -0.149589 -0.018402 0.068421 -0.051255 -0.297080 -0.062220 -0.113546 -0.001827 -0.126572 -0.071269 -0.040797 -0.060728 -0.450485 -0.049356 0.050353 0.031261 0.199263 0.052360 -0.052659 -0.180774 0.001154 0.154031 -0.529234 0.114706 -0.190444 0.095317 -0.040468 0.116594 -0.056989 0.027464 -0.114401 0.163356 -0.194255 -0.004663 -0.200070 -0.067601 0.005647 -0.050688 0.215171 0.055498 0.077517 0.031500 0.122425 -0.177168 0.185833 
0.024398 0.051862 0.040708 0.015612 -0.056823 -0.063328 0.059583 0.039229 -0.034115 -0.079578 0.009847 0.007088 -0.052956 0.008275 0.048224 -0.059915 -0.031820 0.076813 0.051464 -0.024025 -0.065802 -0.068959 -0.013753 0.056982 0.014289 -0.080919 -0.059859 0.062472 -0.072494 0.062531 -0.031598 0.022016 0.023240 0.070471 0.056627 -0.031299 -0.007549 -0.051297 -0.031635 -0.002453 0.032814 -0.129703 0.070065 -0.004094 -0.050088 -0.044635 0.100192 -0.067380 0.079259 0.046226 -0.002903 0.017972 0.065349 -0.062911 -0.060990 -0.019422 0.059872 0.019164 -0.053396 0.057684 0.027215 -0.038212 -0.024310 0.032270 
-0.048284 0.080023 -0.007657 0.019786 -0.062439 0.032302 0.069884 -0.017011 -0.031806 0.002514 -0.000840 -0.077440 0.029149 -0.033211 -0.029478 0.004953 0.016843 -0.025222 0.028540 -0.064137 0.032288 -0.036611 0.063420 0.017736 0.008495 0.054317 0.032213 0.000383 0.064769 0.016201 -0.003816 0.001657 0.037950 0.020211 -0.022930 -0.051765 -0.081210 0.023939 0.060280 -0.039185 -0.019898 0.080860 0.076820 -0.015554 -0.029022 -0.080688 -0.038646 0.079714 0.031506 -0.079598 -0.047568 0.012037 0.010748 -0.012184 0.050247 0.058424 0.012024 -0.046738 0.082910 -0.012345 0.024204 0.029771 -0.032966 -0.016583 
-0.051188 0.091431 -0.007188 -0.075030 0.072664 0.056869 0.082412 0.041979 -0.090373 -0.045689 -0.052679 -0.031638 -0.054614 0.004560 0.015065 -0.060879 0.042830 0.017855 -0.062969 -0.033843 -0.076678 -0.035618 -0.050400 0.067283 -0.063585 0.049104 -0.008381 0.007838 -0.060543 -0.080735 0.037420 -0.001164 0.005835 -0.021039 0.108600 0.052125 -0.066423 0.062561 0.069686 0.016666 -0.016161 -0.035287 -0.080861 -0.068664 0.035760 0.042797 0.060314 -0.043637 -0.020445 0.077111 0.002779 0.055681 -0.070785 -0.037384 0.102176 0.023432 -0.051130 0.019910 0.033160 0.006305 -0.069702 0.073622 -0.080210 0.042778 
0.003921 0.051370 0.052826 -0.096456 -0.079496 -0.193429 -0.090354 0.002669 -0.096395 0.030657 0.103629 -0.036801 0.020681 0.029652 0.056374 0.075773 0.035660 0.056723 0.051224 0.110317 0.067788 0.037770 -0.060936 -0.106627 0.049587 0.078457 -0.013187 -0.040484 -0.033123 -0.097783 0.020614 0.052750 -0.046238 -0.013962 0.133296 -0.082950 -0.060252 0.017191 0.101664 0.016266 0.050840 -0.187827 -0.010583 0.120482 -0.018040 0.041278 0.043060 -0.099083 0.250361 0.066539 -0.054285 0.035823 -0.018007 0.027478 0.200498 0.093430 -0.002521 -0.164867 -0.132970 -0.017088 0.045590 0.030842 -0.055925 -0.115937 
-0.242963 0.522738 -0.141968 0.083947 -0.092545 0.039173 -0.256842 -0.227078 0.093375 -0.106409 0.086100 0.134278 -0.099382 -0.065621 0.055863 -0.024393 0.150906 0.286711 -0.029181 0.312137 -0.110625 0.043478 -0.115183 -0.141867 -0.585669 0.270418 -0.140581 -0.199798 0.029040 -0.583659 0.265095 -0.178454 0.286203 -0.048444 0.199103 -0.016493 -0.126039 -0.020516 -0.065580 0.231436 -0.035439 -0.254006 -0.102367 0.101726 -0.189008 0.040638 0.143068 -0.138656 0.200578 0.027679 -0.172725 -0.115377 0.081225 0.155742 0.296609 0.175313 -0.459518 -0.314573 -0.573169 -0.057105 -0.070954 -0.042798 -0.471178 -0.032873 
-1.109211 0.310257 -0.248321 0.407075 0.043730 -0.495530 -1.197594 -0.833994 0.362868 -0.100396 0.217430 -0.000104 -0.388899 -0.027671 0.005142 -0.061730 0.598816 0.294227 0.071376 0.186983 -0.137185 -0.162623 -0.577872 -0.095427 -1.097877 -0.645987 0.274635 -0.511155 0.292337 -0.484770 0.947011 -0.452616 0.328554 -0.296911 -0.169446 0.195021 -0.144910 -0.389629 0.017239 0.502297 -0.037001 -0.082287 -0.348073 0.011884 -0.092903 -0.377927 -0.422570 0.346439 -0.312409 -0.277906 0.070104 -0.194230 -0.066812 0.110336 0.201314 0.626252 -0.660713 -0.499471 -0.838027 -0.681648 -0.204462 0.285373 -0.427117 -0.154745 
-1.159624 0.181238 -0.258746 0.367366 -0.130584 -1.003816 -1.439704 -1.201914 0.542306 -0.792283 0.972285 0.211976 -0.401430 -0.287832 -0.021091 0.401743 0.695288 0.755148 -0.571507 -0.442563 -0.357700 -0.506472 -0.963718 0.193710 -1.054709 -0.093784 -0.346486 -0.890095 -0.207559 -0.290410 1.107055 -0.810775 0.059766 -0.927049 -0.381663 0.765803 0.061250 0.186388 0.405682 0.152181 -0.296722 -0.860683 -0.632785 0.035778 -0.030661 -0.885791 -0.585301 -0.097656 -0.443103 -0.100958 0.184399 -0.146158 -0.004453 0.103541 0.917037 -0.388146 -0.832889 -0.046575 -0.602992 -0.890233 -0.288209 0.001665 -0.803772 0.180706 
-0.832130 -0.217990 0.059111 0.833857 0.069155 -1.976150 -1.630212 -1.398012 0.282778 -0.564606 0.384211 -0.737069 -0.740129 -0.476010 -0.530529 0.245824 -0.348683 0.868352 0.009987 -0.659163 -0.425822 0.372106 0.010766 0.360565 -1.690439 0.734912 0.117035 -1.318542 -0.629440 -0.202621 0.651597 -0.204981 -0.393169 -0.329007 0.256269 0.509799 -0.042618 0.045601 0.795845 0.498126 0.072689 -0.690338 -1.117191 -0.000640 -0.504764 0.146791 0.458880 1.012202 -0.754458 0.007239 0.014764 -0.436806 -0.115636 0.222473 0.410855 -1.171318 -0.528540 0.321172 -0.041307 -0.601293 -0.837648 -0.198613 -0.651882 -0.026075 
-0.221974 -0.100524 -0.345289 0.695826 0.496509 -1.783008 -1.526059 -1.740473 -0.039392 0.011067 -0.523586 -1.552216 -0.593422 -0.414295 -1.135070 0.817699 0.614399 0.503495 -0.558491 0.462924 -0.331008 0.644670 -0.046000 -0.423831 -2.503156 0.712688 -0.284227 -0.257326 -0.908147 0.127620 -0.419239 -0.129181 -1.354531 -0.475563 0.547754 0.269263 0.243400 -0.252763 0.032670 0.079416 0.845160 -1.144939 -1.014389 0.562672 -0.101254 1.029677 0.812456 0.192419 0.590876 0.391019 0.439018 -0.420329 1.229631 -0.839133 -0.020396 -0.329330 0.108629 -0.980828 -0.102154 -0.562643 -0.463883 -0.612123 -0.862998 0.246485 
-0.683647 0.585693 -0.619701 1.195577 0.180457 -1.460609 -1.339441 -1.186420 -0.446176 -0.833616 -0.517489 -0.589249 0.443780 -1.006924 -0.401557 0.091227 1.307572 -0.073182 0.296176 0.424632 0.008503 0.222964 -0.074745 -0.014739 -3.556656 1.370217 -1.440128 0.065665 -0.706149 -0.149531 0.979535 0.659194 -0.576402 -0.184553 0.152947 0.504963 0.274586 0.355844 0.643136 -0.214430 0.017256 -0.894337 -1.028036 0.185016 0.349993 0.881290 -0.006111 1.170234 0.908291 0.658007 0.688893 -0.761247 0.467570 -0.495077 0.978289 -0.413898 0.436534 -0.305041 -0.140498 -1.133507 0.353390 -0.771447 0.580198 0.081227 
-0.425509 0.994719 -0.324742 1.768015 -0.658583 -0.951133 -1.436523 -1.615564 -0.504646 -0.444254 -1.796401 0.087696 -0.038539 -0.772408 -0.430977 0.239257 1.429717 -0.749805 0.412049 -0.743936 0.609237 0.166082 -0.642990 -0.406526 -4.838411 0.521398 -0.568736 -0.769703 -1.126939 0.261654 0.028380 0.238909 -0.798100 -0.482841 0.313411 0.349875 -0.080986 0.436222 0.682357 -0.664745 -0.069307 -0.261373 -0.957318 0.761555 0.406353 1.622658 -0.081176 0.267199 0.441420 1.126000 0.010596 -0.495530 -0.103247 -0.494696 1.527468 -0.556638 -0.016360 1.172147 -0.611194 -0.379709 1.274743 -0.095136 0.338152 -0.165645 
0.874452 1.915929 0.154645 1.487260 -0.586180 0.307377 0.378634 -0.325614 -1.158059 0.330935 -1.183478 0.242948 0.248037 -0.813661 -0.629529 0.846606 -1.138689 -0.799905 -0.045336 -0.281146 -0.194624 -0.053276 0.318257 -1.365219 -4.293095 1.978816 -0.234077 0.060015 -0.577791 0.230537 -0.662174 0.834463 -1.581677 0.736813 0.636874 0.331420 0.305676 0.832492 0.819518 -0.402362 -0.479683 0.479396 -1.188959 -0.273972 0.142423 0.229985 0.109336 0.008034 1.013872 -0.301521 0.064219 -0.349425 -1.061709 0.504010 0.775070 -0.204521 0.932927 0.572100 0.229113 -0.203687 -0.037655 -0.615876 0.207951 0.287852 
0.199665 2.217769 0.703019 2.073599 0.572631 1.219013 0.068980 -0.594862 -1.513413 -0.502009 -1.118192 -0.365723 1.560382 -0.220478 0.060976 1.948683 -1.146994 -0.958624 -0.822991 0.082542 -0.614164 0.292188 -0.029944 -0.994541 -4.083251 1.367838 0.647080 0.770489 -0.675529 -0.280118 0.212693 1.172949 -0.137375 0.600899 1.798830 0.815761 -0.135581 -0.234148 0.291704 0.110035 -0.750840 2.915640 -0.730483 -0.339541 0.392653 -0.106889 0.227926 -1.193827 1.112867 -0.331835 0.991291 -0.243949 -2.318323 0.130684 -1.157984 -0.136648 -0.164267 -0.029953 0.308045 -0.365676 -0.196471 -1.512957 -0.484616 0.871950 
-0.504830 1.280675 0.585539 1.341160 -0.181284 1.218901 0.399703 -0.680010 -1.671852 -0.965586 0.253070 -0.217476 1.490617 0.628649 -0.825363 0.712078 -0.661896 -1.568972 -1.310967 -0.362111 0.688948 -0.352035 0.219084 0.063391 -1.926879 1.820887 -0.626377 2.007921 -0.481494 -0.461519 -0.554845 0.839114 -0.926844 -0.207160 0.313141 1.459600 0.690901 0.068078 -1.537241 -1.298229 0.799930 2.307709 0.278144 0.890982 0.185244 -0.570498 -0.250848 -0.985440 0.808835 -0.689232 -0.256318 -0.425088 -2.711686 -0.230395 -1.832989 -1.198620 -0.194833 0.358201 0.371363 0.675601 0.244000 -0.842860 -0.288753 2.525243 
-0.551021 0.577267 0.959879 -0.815316 -0.485874 0.569614 -0.495613 -1.135670 -0.610292 -0.551997 1.002278 -0.512713 0.460223 1.581421 -0.948357 -0.804246 0.974934 0.469589 -1.956077 -0.477556 0.703419 0.097196 0.091608 -0.648983 -0.452549 1.541099 -0.281025 1.178147 0.614430 -0.295623 -1.343709 -0.326444 -0.541720 -0.025596 -2.561551 0.264672 1.910899 -0.359278 -2.282960 -1.365648 1.489512 0.959762 0.895106 0.617919 0.193383 -0.420519 -0.901611 -0.642141 -0.074970 -0.670243 0.918070 0.130635 -3.585344 -0.246995 -1.698174 -1.586592 1.396630 1.001076 0.750571 1.052674 -0.272595 0.657066 0.195727 1.507786 
-1.163222 0.965291 0.350543 -1.888496 0.117481 0.991441 -0.647249 -1.732859 0.926815 -0.206006 1.697882 0.338702 -0.313880 1.657648 -1.013344 -1.171438 1.672927 0.517449 -2.252044 0.693563 0.233946 -0.523482 -0.184520 -1.566661 0.149965 0.678216 -0.134241 -1.286830 0.092938 -1.066981 -1.544149 0.267179 0.590196 -0.812346 -3.422650 -1.889604 1.204216 -0.079239 -0.767825 0.184670 0.380674 0.034601 1.184730 1.617883 0.412216 -1.236355 -0.550082 -1.164197 -1.151457 0.319194 0.376681 1.245471 -1.554163 -0.013205 -0.860443 -0.105757 0.960138 1.409515 1.954279 0.375728 0.456882 1.389756 -0.158441 -1.063419 
-0.990557 1.793751 0.511165 -0.945487 -0.556255 0.054773 0.130025 -0.809123 0.963027 -0.679452 1.254109 -0.384659 0.272781 0.779159 0.013562 -0.485948 0.354355 1.339774 -1.576093 1.762963 1.390691 -1.569325 -0.563884 -2.313152 0.138614 -0.050810 -0.517278 -1.692042 -0.486783 0.055487 -0.038379 0.700501 0.464688 -1.160399 -1.696841 -2.529276 -0.095651 0.064050 -0.126081 0.136836 -1.414783 -1.031033 1.681768 0.677219 -0.145820 -1.625034 -0.103659 -0.825171 -1.439611 0.610658 0.372921 0.793347 -0.352049 -1.751200 0.177498 0.296115 0.221879 0.703857 -0.113310 -0.310408 -0.349083 0.710380 -0.960911 -1.011180 
1.180135 0.219811 0.457050 0.206128 0.631668 -0.268679 1.166147 -0.341778 0.501140 -1.019715 0.557426 -0.422411 0.428125 1.306825 0.420765 -0.667010 -0.148762 0.815430 -0.838953 0.270377 2.179922 -0.907767 -0.346035 -1.810632 -0.171000 -0.309614 -0.650331 -0.095024 -0.677127 -0.017054 0.806215 0.567981 0.360502 -0.206826 -0.154967 -1.840537 -0.773517 0.362516 -0.595080 -0.364053 -0.931734 -0.365782 1.453999 0.354256 -0.437461 -0.776423 0.294568 -0.305488 -1.122126 -0.494970 -0.460742 0.474528 0.366236 -2.606299 1.241784 1.532662 0.287556 0.408325 0.004467 0.097292 -0.062930 -0.826004 -0.680658 -1.067849 
-0.414619 -0.647297 0.375409 0.668259 0.093878 -0.393002 0.183447 -0.904165 1.459313 -0.428971 0.213594 0.153821 0.245392 0.393733 0.884275 0.022506 0.705391 0.350077 0.340226 -0.584329 1.284644 -1.100576 -0.675735 -0.935194 -0.609040 -1.173415 -0.348705 1.045251 -0.387377 0.274695 0.873110 0.324719 -0.050898 -0.409358 -0.564362 -1.940930 0.009127 -0.710261 -0.836850 0.210590 -0.280283 -0.704899 1.777294 -0.649949 -0.668379 0.179849 -0.102350 0.370653 -0.055060 -0.359144 -0.619602 -2.229553 -0.064310 -1.899627 1.203954 0.877335 0.300211 0.057774 0.885169 0.360875 -1.714244 -0.091101 -0.451778 -0.940287 
-1.399393 0.531325 0.082188 -0.117604 0.353624 0.105414 -0.514285 -0.365311 0.397179 -0.386114 -0.319752 -0.194207 -0.873059 0.007274 0.479235 0.266046 0.335281 0.312798 -0.396854 0.205241 -0.399118 -2.246716 -0.749274 0.087895 0.184484 -0.099327 -1.101832 0.210190 0.882847 0.237199 1.130778 1.428416 -0.395598 -0.584359 0.561355 -1.952526 -0.035966 -1.424055 0.823732 1.153342 -0.651713 -0.046713 2.814874 -0.471163 -1.506777 0.788508 -0.005738 0.031967 0.286875 -0.414942 -0.761379 -1.679220 0.414634 -0.864474 0.391048 0.358542 0.037006 -1.038307 1.768206 -0.326484 -1.472673 -0.506764 -0.994481 -0.711618 
-0.436156 0.832394 -0.740916 0.085505 1.061812 -0.256566 0.014757 -1.000106 1.775163 -1.130793 -0.098250 -0.604067 -0.186285 -1.144094 -0.597316 -0.193074 -0.351334 0.542133 0.036142 0.724247 -1.702645 -4.048345 0.064451 -0.220597 -0.546542 -1.433035 -0.193801 -0.759551 0.304108 0.349571 0.801450 1.180816 -0.004422 -0.995486 -1.462136 -1.014869 -0.902329 -1.572477 0.578421 0.023245 -0.453545 0.288080 0.499120 -1.077243 -1.408265 1.385083 0.510285 0.595453 -0.288275 -0.164027 -0.594929 -1.031733 -0.691190 0.500762 -0.396129 0.030060 -1.258890 0.150448 0.577429 -0.354197 -1.047930 -0.502450 0.118233 0.723620 
-0.084503 0.576439 -1.355592 0.312736 0.075617 0.326829 0.641082 -1.081856 1.222721 -0.684398 -0.209889 -0.414422 0.799129 -0.387037 0.422869 0.056027 -0.663658 0.987841 0.141834 0.698139 -1.113724 -3.360061 -0.151981 0.139135 -0.349635 -0.452978 -0.669175 -0.811539 -0.052850 0.084257 0.212266 0.286963 -1.195249 -0.459554 -0.307825 -0.105390 -1.617092 -0.935155 0.164727 -0.066369 0.497967 0.429153 -0.223789 0.001351 -0.397090 0.080789 -0.286805 0.232660 0.583795 0.226605 0.082884 -0.137673 -0.043813 0.766898 0.890586 -0.203130 -0.593534 1.194104 0.845749 -0.310833 -0.743652 -0.193300 -0.076687 -0.217923 
0.332816 -0.354438 -1.413561 0.794401 -0.934726 -0.607074 -0.245739 -1.178491 1.479376 -1.480116 -0.075482 -0.576746 0.299621 0.407949 0.631559 -0.526111 -0.423359 0.577112 0.090565 0.480335 -0.321083 -2.186557 -0.706719 0.900873 -0.654473 0.140094 -0.214973 0.147360 -0.958334 0.178440 0.507944 -0.178402 -0.742060 -0.142225 -1.068648 -0.046336 -1.246995 -0.911579 -0.522522 0.304918 0.471150 0.139478 -0.292713 -0.188656 0.060656 -0.238998 -0.522667 0.084418 -0.334938 0.147721 0.001871 -0.083907 -0.537929 0.381604 1.486724 -0.204134 -0.631100 0.614357 0.293500 0.963882 -0.151777 -0.371749 0.014317 -0.275202 
0.516232 -0.380493 -1.000004 0.449350 0.033711 -0.773115 -0.289252 -0.664303 0.882483 -0.853095 -0.138968 -0.096078 -0.380487 0.014903 0.541197 -0.240668 0.310195 0.691809 -0.385601 -0.055499 0.063050 -1.990927 -0.588351 0.488965 -0.767733 -0.164462 -0.665375 0.786393 -1.235089 -0.154805 0.710064 -0.348624 0.038278 -0.022918 -0.017697 -0.161655 -0.428578 -0.310185 -0.297060 0.479961 0.431586 -0.173101 -0.534923 -0.144796 -0.012093 -0.197995 0.003911 0.488869 0.219880 -0.478462 -0.201235 0.053366 -0.507977 1.245331 0.656597 -0.084735 -0.624833 0.178542 0.096503 1.469106 0.060138 -0.240588 0.223598 -0.326129 
-0.294571 -1.113109 -0.746667 0.243332 0.006884 -0.574661 -0.309136 -0.199751 0.556574 -0.316755 -0.146117 0.322267 -0.504793 -0.109858 1.244778 -0.761600 -0.148268 0.880101 -0.293576 -0.975428 -0.053399 -1.915420 -0.751028 -0.151997 -0.424189 -0.138590 0.031168 -0.424922 -0.910126 -0.022688 0.076911 -0.541133 0.390427 0.216536 0.078346 0.203837 -0.319455 -0.179024 0.504998 -0.315056 0.694330 -0.615580 -0.959591 0.424357 -0.218257 -0.365366 0.847063 0.464542 -0.436331 -0.169955 -0.506374 0.018536 -0.939724 0.734594 1.183540 0.372440 -0.417814 0.641830 0.137184 1.120158 0.305693 -0.356144 -0.709504 -0.082054 
0.626061 -0.952783 -0.910475 -0.055954 -0.008984 -0.205417 -0.233707 -0.246823 0.410082 -0.151073 -0.261151 -0.041615 -0.500112 -0.093546 1.106323 -0.263143 -0.472009 0.545533 -0.238034 -0.604151 -0.133660 -1.069251 -0.453857 0.126322 -0.266829 -0.001909 0.181420 -0.113322 -0.536755 0.113202 -0.281188 -0.377249 0.609289 -0.218228 0.384594 0.326076 -0.326087 -0.072103 0.256439 -0.651625 0.752253 -0.808891 -0.466841 0.828738 0.148695 0.055909 0.616702 -0.546324 -0.089755 0.085301 -0.806000 -0.016910 -0.471049 1.053686 0.466251 -0.167818 -0.339102 0.361519 -0.133819 0.992647 0.149286 -0.281055 -0.122291 -0.003878 
0.157724 -0.159397 -0.316626 0.248587 -0.090402 0.326944 -0.095825 0.138969 0.057353 0.091239 -0.095280 0.045039 -0.393297 0.072461 0.380029 -0.094418 0.298278 0.091798 -0.167083 0.121432 0.076571 -0.283915 0.283621 0.004346 0.040514 0.015171 -0.098512 -0.001971 -0.130345 -0.075351 -0.143772 -0.157130 -0.003827 -0.122958 0.068079 -0.007814 -0.022424 0.054462 -0.014255 -0.003114 0.019810 -0.555969 0.087706 0.049067 0.341486 -0.136192 0.098054 -0.271909 0.178046 -0.075414 -0.268477 0.096390 0.054114 0.067591 -0.044455 0.004737 -0.133017 0.064697 0.021358 -0.014265 -0.022029 0.034118 0.089248 0.171292 
0.034277 0.051427 0.076394 0.077414 -0.118876 -0.008475 -0.041975 0.061864 -0.079520 0.254439 0.036357 0.037869 -0.237097 0.139778 0.221162 0.081772 0.085361 -0.013590 -0.058809 0.081001 0.069121 -0.019226 -0.054961 -0.115135 -0.031631 0.068510 -0.122317 -0.116410 0.078642 0.032626 -0.078127 -0.065511 0.020335 0.064657 0.060843 0.090038 0.145368 0.004318 -0.047189 -0.018340 -0.042555 -0.344854 0.052633 -0.059879 0.191282 -0.089463 0.138213 0.008168 0.190582 -0.119120 0.087399 0.012944 0.009426 -0.033762 -0.013354 0.110130 -0.082565 0.012294 0.001477 -0.081864 0.001504 -0.042796 -0.053825 -0.016920 
0.039424 0.064041 -0.081247 -0.020597 -0.061729 -0.010670 0.068524 0.080781 -0.031028 0.015005 0.026076 -0.000177 0.016836 -0.006347 -0.040182 0.049064 -0.043888 0.005548 0.071228 0.093681 0.051109 0.005864 -0.067419 0.080207 -0.009907 0.029074 -0.014709 0.065272 -0.020250 0.011175 -0.001300 -0.009794 -0.053632 0.021872 -0.064376 -0.047159 0.016333 0.059295 0.072876 -0.032845 0.024571 0.052244 0.009869 0.026237 -0.023592 -0.050438 0.000288 -0.011625 0.030272 0.065386 -0.029745 -0.058483 -0.027264 0.009817 0.022671 0.070823 -0.109615 0.006240 -0.027790 -0.078105 0.012812 0.006025 0.046766 -0.115500 
0.048305 0.046523 -0.024123 -0.021685 -0.022847 0.062986 0.012675 -0.056220 0.024318 0.081986 0.005927 0.070914 0.066539 -0.014688 0.007624 0.015898 -0.067990 -0.057371 -0.045856 0.061707 -0.074094 0.036290 0.057147 -0.033606 0.015458 0.032419 0.078980 -0.019625 0.080151 -0.000294 -0.063025 0.063684 0.008905 0.035049 -0.039854 -0.021109 0.033761 -0.037372 0.045692 -0.009117 0.078058 -0.041494 0.076574 -0.027513 0.023850 -0.058913 0.006830 0.010456 0.016678 0.022519 -0.043674 -0.026029 0.015097 0.030869 0.068000 -0.036195 0.062067 0.062623 -0.035250 -0.055441 -0.020157 0.073641 0.081636 -0.026372 
-0.034844 -0.033920 0.000791 -0.000582 -0.053965 0.016563 -0.063542 -0.010276 -0.002592 -0.049499 -0.014759 -0.022175 -0.019001 -0.034734 -0.072011 0.032622 -0.009334 0.065689 -0.065278 0.008278 -0.050650 0.070425 0.049117 -0.071492 0.043303 0.083153 -0.002975 -0.077753 0.035076 -0.062098 0.075228 -0.018492 0.034150 0.023531 0.080569 0.007099 0.044860 -0.060274 0.069597 0.027291 -0.024485 0.014710 0.021604 -0.071223 -0.025093 0.001242 -0.010093 -0.035097 0.064331 -0.014608 0.045726 0.071114 0.011085 0.013888 -0.043903 -0.044478 0.083282 -0.091825 0.061520 0.015134 -0.021096 -0.061167 -0.063850 0.056995 
-0.059647 0.001391 -0.003048 -0.074949 0.060915 -0.034760 0.080224 0.004002 0.004792 0.048586 0.047934 0.057390 -0.069828 -0.065455 0.009291 0.132231 0.103726 0.074586 -0.047425 0.104741 0.049716 0.073987 -0.101180 -0.134826 -0.028881 -0.011797 -0.095799 -0.035506 -0.124326 -0.003475 0.010750 0.072167 0.049024 0.015115 0.133153 0.036290 -0.073623 -0.056416 0.107902 0.040423 0.078595 0.018028 -0.088007 -0.024769 -0.007663 0.017807 -0.039722 -0.005749 0.156500 0.012491 0.013066 -0.059092 -0.018832 -0.055636 0.106240 0.077942 -0.078983 -0.134712 -0.160011 0.028682 -0.023208 -0.014389 0.064340 0.046606 
-0.123028 0.421466 0.029613 0.004892 -0.037190 0.389994 -0.140175 -0.441684 0.256201 -0.012421 0.126053 -0.162775 -0.136889 0.014176 0.050681 0.077610 0.005719 -0.141628 -0.107634 0.255849 -0.161486 -0.012149 -0.075715 -0.212033 -0.849396 0.212167 0.079612 -0.070466 0.005413 -0.566551 0.251418 -0.115158 0.290176 -0.013838 0.202412 -0.020993 0.006653 0.002818 -0.049725 0.138720 -0.006621 -0.151278 -0.346993 -0.007549 -0.311010 -0.083348 -0.070563 -0.266838 -0.082049 0.054712 -0.120402 0.059210 -0.192434 0.109307 0.008478 0.096666 -0.364135 -0.027251 -0.592366 -0.082702 -0.018921 0.022795 -0.369417 -0.141045 
-1.327234 0.169485 0.089791 0.810403 0.038002 -0.200850 -0.851261 -1.066764 0.123157 -0.345273 0.028179 -0.187822 -0.333778 0.131148 0.206378 0.215333 0.466660 0.080206 -0.187721 0.026911 -0.029347 -0.263467 -0.446483 0.290258 -1.064871 -0.418581 -0.187259 -0.206581 0.146873 -0.582743 1.102771 -0.219806 -0.103314 -0.205019 -0.137210 0.385694 -0.089087 -0.537265 -0.274208 0.750129 -0.110498 -0.103311 -0.681758 -0.206996 -0.116113 -0.285171 -0.357537 0.484626 -1.112221 -0.322833 -0.453195 -0.101104 -0.636333 0.287810 0.599230 0.632844 -0.661207 -0.441292 -0.755074 -0.660596 -0.326977 0.174361 -0.571113 0.081546 
-0.977030 -0.175587 -0.498274 0.802587 -0.371878 -0.217498 -0.907666 -1.330690 -0.071384 -0.532954 0.259560 -0.470310 -0.203820 -0.151049 0.289525 0.114361 0.408974 0.640094 -0.316534 -0.624131 -0.369265 -0.454555 -0.759305 0.339863 -2.020457 0.200552 -0.390831 -0.438566 -0.259683 -0.736097 0.924248 -0.576513 -0.476088 -0.551406 -0.181106 0.774251 0.104281 -0.216119 -0.141493 0.199280 -0.572902 -0.615765 -0.846012 -0.027026 0.084967 -0.838061 0.066413 0.684856 -0.503496 -0.164742 0.286965 -0.094259 -0.620291 0.189571 0.972832 0.049833 -0.829925 -0.126085 -0.778670 -0.743377 -0.070489 -0.020620 -0.565980 0.459895 
0.284869 -0.779874 0.031111 0.529057 0.065795 -0.452632 -0.830147 -1.834583 0.433211 -0.201142 0.506814 -0.819134 -0.697772 -0.335466 -0.364347 0.700108 0.241172 0.216588 -0.229686 -0.136934 -0.628781 -0.037543 -0.011633 0.679348 -2.701244 1.124335 -0.318813 -0.133428 -0.034913 -0.571500 0.047649 -0.364757 -0.801184 -0.228557 0.957009 0.387373 -0.321857 0.413221 0.195843 0.185349 -0.250821 -0.876953 -1.079080 0.125474 -0.569418 -0.031708 0.949070 0.273013 0.002492 -0.502417 -0.250169 -0.454099 -0.262766 0.599141 1.041454 -0.555067 -0.647112 0.278496 -0.175147 -0.284131 -0.274501 -0.531266 -0.537323 -0.601595 
0.110341 -1.043804 -0.096062 1.055401 0.264063 -0.060784 -0.809258 -1.904803 0.208707 0.601928 -0.020231 -1.481027 -0.444281 -0.318855 0.043467 0.557349 -0.399869 0.473991 -0.657837 0.794306 -0.419839 0.156962 0.739161 0.006304 -3.890725 0.481327 -0.439977 -0.708739 -0.391619 -0.201693 0.583877 -0.028070 -1.018861 0.125061 0.641707 0.271985 -0.052711 -0.365704 0.181902 0.519169 -0.201051 -0.568589 -0.962959 0.247934 -0.025500 0.034240 0.218972 1.059869 0.239948 -0.604653 0.548169 -0.518721 0.059917 -0.049377 1.034015 -1.105252 0.091900 -0.094809 0.195875 -0.263108 0.094372 -0.365771 -0.486338 -0.319510 
0.393902 -0.282192 -0.992432 1.144707 -0.049761 0.543429 -0.304137 -2.479396 0.422025 -1.633208 -0.197432 0.265678 0.316722 -0.244214 -0.029532 0.807491 -0.578681 0.415074 -0.817056 0.188656 -0.859673 -0.512599 -0.012959 -0.655234 -4.563374 0.996235 -0.447872 0.699240 -0.463849 -0.468127 0.875600 0.139649 -0.283306 -0.533327 1.032072 0.320901 0.999274 -0.583448 -0.009812 0.439331 -0.654666 0.632383 -0.492965 -0.224882 0.047067 0.203151 0.097597 0.637813 0.717897 0.474012 0.534698 -0.429141 -0.357893 -0.343743 1.460604 -1.122421 0.038757 0.816149 -0.353090 0.532257 -0.165662 0.215020 0.908812 0.147287 
0.511177 0.214352 -0.309129 0.982725 -1.301577 0.405999 -0.141373 -2.487877 -0.647001 -0.662950 -1.179919 0.696666 0.331109 0.028491 0.347583 -0.040535 0.064911 0.210514 -0.273561 -0.496467 -0.112771 -0.019191 0.237715 -0.777609 -3.847180 1.543829 -0.163139 0.357199 -0.276615 0.469203 0.573119 0.272420 -0.181344 -0.327579 0.399568 0.212741 -0.006090 0.083932 -0.176865 -0.961038 0.075992 0.819564 -0.554457 0.278160 0.208107 0.871601 -0.006801 -0.212513 0.588137 0.950738 0.012231 -0.275897 -1.267428 -1.028644 1.660212 -0.837736 0.206922 1.205322 -0.505165 0.449369 0.869322 1.190409 -0.448174 0.071984 
0.945156 0.199142 -0.031575 1.774857 -0.159357 1.385669 0.427085 -1.926532 -2.100644 0.214553 -0.207459 0.076698 0.568772 -0.168436 0.397850 0.494970 -0.846836 -0.525727 -0.788149 -0.410821 0.479511 -0.121838 0.606725 -0.736773 -1.627752 1.710688 -1.250777 0.231751 -0.313539 -0.030691 0.718084 1.683153 -0.370888 0.154801 0.582526 -0.529379 0.586052 -0.264386 0.992090 -0.274468 -0.123839 0.832965 -0.834786 -0.041260 0.008957 0.827387 -0.078118 -0.561130 1.755221 -0.634834 0.112314 -0.510324 -2.549386 0.225597 0.764129 -0.490294 0.700681 -0.096312 -0.308463 -0.223287 0.467106 -0.448518 -0.408635 -0.547492 
0.695069 2.310739 0.096971 3.610108 0.534891 0.854812 -0.006364 -1.938710 -1.689650 -0.412540 -0.122710 0.061468 1.124263 0.893999 -0.319753 0.867051 -0.208178 -0.917342 -1.395855 -0.063619 -0.364348 0.162071 0.194757 -0.916100 0.316626 1.017982 0.211190 1.572629 -0.453731 0.865891 0.091601 0.267753 -0.383498 0.073211 1.702602 0.534949 0.531024 -0.282514 -0.189559 -0.493970 0.907987 0.329523 -0.126667 -0.357366 -0.001275 0.416497 0.037572 -1.166391 1.169083 -0.740176 -0.037650 -0.053610 -2.837796 0.072758 -1.513030 0.106719 0.390624 0.019850 0.044195 0.579586 0.071928 -0.684903 -0.070072 0.307265 
0.542643 2.168538 0.746572 3.342300 0.315912 1.331090 -0.363283 -1.253325 -0.976186 0.380986 0.107451 -0.257606 0.829840 0.939457 -1.246396 -0.881929 -0.737368 -0.662357 -2.169573 -0.583202 -0.312082 -1.071081 0.765281 -0.369410 1.135556 2.204243 0.501446 1.556669 0.118342 1.128986 0.299820 -0.824296 -1.111842 -0.089300 -0.953688 1.581285 0.840532 -1.171375 -1.234702 -1.648668 1.354208 1.272892 0.086410 -0.051677 0.729736 -0.230642 0.641059 -0.942129 0.457632 -0.854053 0.011677 -0.524056 -2.341980 0.192176 -2.357796 -1.265689 0.867223 1.331938 0.732690 1.149882 -0.469975 0.609066 0.424406 0.311984 
-0.462750 0.832715 0.901596 2.399498 0.950598 2.354683 -1.123475 -0.901478 1.106930 0.160010 0.424830 -0.361185 -0.134779 1.211322 -0.805314 -1.458897 0.299635 0.431009 -1.450009 -0.582191 -0.104426 -0.040402 1.080444 -0.959937 1.006844 1.321056 0.985910 0.022416 -0.398833 0.753674 -1.113638 -0.443485 -0.368443 -0.077523 -3.070184 1.229010 0.373609 -1.369784 -1.689762 -0.170199 0.160757 0.188944 0.509573 0.381677 0.278862 -0.902164 -0.602681 -0.922956 -1.070591 -0.111318 -0.384620 -0.151314 -0.764108 -0.460856 -1.378637 -0.946572 1.483551 2.034017 1.533580 1.467777 -0.019682 -0.350670 0.732759 0.184948 
-0.564897 0.856121 0.759329 0.516513 0.095311 0.425497 -0.606527 -1.690842 1.925393 0.502173 1.261796 0.296086 0.114177 0.722575 0.066458 -0.740346 0.075213 0.462650 -1.508899 0.021691 -0.011015 -0.158930 0.491226 -1.591620 0.081001 0.355743 0.153502 -1.191836 0.789207 -0.174264 -2.334122 0.149093 -0.783941 -0.147201 -3.150786 -0.946584 -1.133362 -0.645680 -1.499723 1.322126 -0.304795 -0.656717 0.850257 0.634694 -0.298369 -2.130702 -0.821503 -1.232157 -1.696051 0.868642 -0.007196 0.374192 0.674530 -0.497722 -0.646179 0.207146 1.359052 1.276238 1.647045 0.049756 1.056188 0.871271 -0.797004 -0.519628 
-0.318874 1.976451 0.316909 0.803231 -0.206157 -0.293829 -0.161761 -0.430151 1.274200 -0.024321 0.323493 0.086707 -0.025039 -0.502724 0.965207 -0.390592 -1.059083 1.006427 -1.401343 0.540276 1.235106 0.409366 0.036303 -2.641366 -0.308838 -0.013865 -0.222591 -0.777891 0.087291 -0.285469 -1.247629 1.350496 -0.357083 -0.963746 -1.274471 -0.777630 -0.833623 -0.626350 -0.225880 0.830812 -0.130513 -1.124074 1.323079 0.151284 -0.350419 -1.376926 -1.248431 -1.185249 -2.753691 1.042403 -0.352439 0.491985 0.230074 -1.618849 -0.425026 1.015603 1.094593 1.102410 0.636524 0.589046 0.371146 -0.169693 -0.502422 -0.397119 
0.120816 1.771851 0.155797 0.431123 0.179502 0.075143 -0.767141 -0.325660 -0.351123 -0.307505 -0.386366 1.359238 0.786309 0.794157 -0.164313 -1.299361 0.134780 0.141911 -1.426706 -0.127088 1.755775 -0.034208 -0.163549 -2.450223 0.079687 0.626660 -1.131694 -0.700648 0.098381 -0.677359 0.348731 1.208318 -0.356303 -0.623054 -0.271208 -2.231116 -0.722285 0.248468 -0.453020 0.976335 -0.441183 0.043905 1.563043 0.455248 -0.109569 -0.305023 -0.205558 -0.127332 -0.444598 -0.085555 -0.757321 0.403872 -0.546751 -2.205040 -0.513825 1.833882 1.484857 -0.524872 0.808257 0.357363 -0.237644 -0.163883 0.064020 -1.201338 
-0.623878 -0.100914 -0.367018 0.244673 -0.110543 -0.693090 -0.768170 -0.640475 0.278226 0.029089 1.238960 1.095972 -0.011033 0.181446 0.125912 0.162451 0.055577 0.914194 -0.011087 -0.800533 1.928953 -0.050897 0.129956 -1.675003 -0.184624 0.051994 -0.299135 0.166733 -0.197260 0.908701 1.133991 0.391439 -0.853902 -0.791465 -0.949334 -1.349213 -0.050520 -0.168777 -0.842468 0.495396 -1.019084 -0.531558 0.202593 -0.651166 -0.180069 0.188598 0.072838 0.644630 -1.161589 -0.475027 -0.656443 -2.324268 -0.498507 -1.581877 -0.376595 0.138438 -0.234289 -1.456919 -0.153661 -0.515362 -0.825481 0.373663 0.093552 -1.076906 
-0.479115 0.512126 -1.258226 0.001749 0.920577 -0.094194 -0.164837 -0.703992 0.839930 -0.402859 0.684032 0.086024 -0.709839 -0.715874 -0.619302 1.117414 -0.215009 0.689366 -0.470905 0.425759 -0.683996 -0.103793 -0.427056 0.033104 0.436191 0.781421 -0.743401 0.218064 -0.290261 0.326840 -0.048128 1.462442 -0.714530 -0.770680 -0.268597 -0.856596 -0.136215 -0.832360 -1.030512 0.115043 -1.009065 -0.353712 0.193978 0.016083 -1.415184 1.015145 -0.137974 0.974209 -1.035689 -0.731408 -1.188845 -1.396019 -0.017267 -0.775152 -0.381700 -0.195815 0.670240 -1.174509 0.609496 -0.863839 -0.014778 -1.174903 -0.334347 -0.481719 
0.915659 0.439592 0.098839 0.185232 1.045675 -0.742472 -0.374694 -0.851084 2.506333 -0.244581 0.217222 -0.286936 0.047488 -0.979778 -0.065106 0.053246 -0.491270 0.372272 -0.320271 0.539083 -2.459956 -0.221877 -1.071635 0.550105 -1.049417 -0.612529 -0.505139 -0.267082 0.594374 0.717107 0.679083 1.032197 0.439085 -0.373217 -1.200249 -0.853459 -0.935539 -1.458100 0.060133 0.438474 0.192111 0.613590 -0.246738 0.458220 -1.212013 0.124299 -0.720666 0.326779 -1.310921 -0.350098 -0.482691 -0.564311 -1.180705 0.371669 -0.831345 1.463509 0.346101 -0.420065 -0.422329 -1.235816 -0.143465 -0.918410 0.118001 0.369682 
0.926347 0.186123 -0.551929 0.372885 -0.154036 0.035122 -0.028217 -0.925166 0.342568 -0.155860 0.226546 -0.319719 0.564205 -0.493831 0.410643 0.203239 0.193055 1.174348 -0.245536 0.442195 -1.358492 -1.541550 -0.891017 0.146999 -0.673020 0.402633 0.188928 -0.079957 0.666723 0.615162 0.753567 0.225707 -0.057758 -0.603074 -0.693611 -0.509105 -1.044494 -0.405209 0.156743 0.459029 0.276158 0.259332 -0.021535 0.321178 -1.025844 -0.211185 -0.257139 0.853892 0.793679 0.557641 0.182169 -0.252017 -0.446557 0.775715 -0.534940 -0.155740 -0.340997 0.870780 -1.158108 -0.682752 -0.237992 -0.838736 -0.476710 -0.394930 
1.153400 -0.756611 -0.912437 0.330371 -0.835183 -0.131056 0.202705 -0.780749 0.418768 -1.392028 0.067543 -0.458408 0.225700 -0.131902 0.199864 -0.262990 0.047285 0.148158 -0.287438 0.288264 -0.145159 -1.225673 -1.009446 0.380172 0.226979 0.711021 -0.351373 -0.006553 -0.549242 0.372068 0.602320 0.048026 0.351377 -0.571471 -1.218649 -0.650056 -0.443538 0.064776 -0.467608 0.886340 0.038067 -0.133744 0.025293 0.307625 -0.405205 -0.133923 -0.157690 0.782274 0.226721 0.301074 0.238501 -0.096503 -0.704768 0.518352 1.116040 0.304668 -0.496928 -0.419286 -0.496883 0.337085 0.468516 -0.900549 0.587135 -0.401858 
1.316109 -1.099877 -0.697770 0.179807 -0.128480 -0.809435 0.240694 -0.347857 0.187396 -1.476208 -0.033318 -0.115397 0.000019 -0.398869 -0.030644 0.515389 1.187668 -0.030780 -0.156003 -0.578030 0.376535 -2.007473 -1.131319 0.284021 -0.266802 0.136343 0.249147 -0.116656 -1.178978 0.353496 0.522946 -0.643168 0.485323 -0.181545 -0.392506 -0.522126 -0.333973 0.478128 -0.497223 0.216416 0.373312 -0.705524 -0.132445 0.089776 -0.350631 -0.121796 0.313945 0.731927 0.143977 -0.336042 0.111999 -0.036373 -0.673171 0.923107 1.237794 0.578670 -0.128664 0.552928 -0.567403 1.075904 -0.254555 -1.024990 0.486245 -0.407117 
1.211622 -1.156946 -0.341123 -0.201483 0.910027 -0.217027 -0.250682 -0.393327 -0.118412 -0.496168 -0.247746 0.159521 -0.116686 -0.491085 0.171184 -0.163414 0.348312 0.189594 -0.233895 -0.761722 0.484936 -1.868911 -0.927310 0.199008 0.172619 0.785791 0.468643 0.027920 -0.880612 0.503859 -0.021192 -0.093455 0.384866 0.500725 -0.418466 -0.184481 0.101683 0.036409 0.370994 -0.363953 0.550721 -1.271188 -0.471363 0.844064 0.023691 -0.451138 0.475428 0.440296 -0.671676 0.067063 0.063010 -0.061895 -0.948467 0.747960 1.825015 1.020003 -0.078838 0.610298 -0.414620 1.083641 -0.060924 -0.780481 0.183267 -0.524639 
1.168930 -0.721100 -0.502736 -0.654471 0.726573 0.265525 -0.297802 -0.068965 -0.159080 0.061690 -0.306490 0.351368 -0.296529 -0.284467 0.148802 0.296996 -0.111540 0.679086 -0.373028 -0.204373 0.498117 -0.843328 -0.249841 0.199686 0.358949 0.732244 0.169050 0.290707 -0.555577 0.042856 -0.186963 0.433352 0.078071 0.189504 0.214524 -0.197656 -0.454429 -0.332450 0.494807 -0.620232 0.274547 -0.978834 -0.336294 0.733043 -0.059070 -0.090321 0.605640 -0.564918 -0.071942 0.273003 -0.399338 0.124246 -0.312947 0.957503 0.927013 0.043741 -0.295836 0.042317 -0.127056 0.453421 -0.042223 -0.432218 0.017661 -0.462994 
0.295075 -0.191323 -0.282622 -0.002709 0.015320 0.451369 0.027655 0.175543 0.223520 -0.131498 -0.317704 0.037542 -0.408847 -0.245692 0.028974 0.060057 0.224474 0.111918 0.020161 0.325181 0.348077 -0.116127 0.217908 0.389601 0.298406 0.274944 -0.038860 -0.046208 -0.150427 -0.270261 -0.222114 -0.007154 0.016877 -0.048880 0.028805 -0.080283 -0.102068 0.057304 -0.003311 -0.321874 0.142858 -0.666651 -0.000825 0.023390 0.124433 0.105914 0.098688 -0.265433 0.036195 0.254528 -0.297961 0.180630 -0.124560 -0.023255 0.160475 0.138524 -0.239946 -0.051441 -0.132762 0.127930 0.007801 -0.086507 0.344138 -0.101236 
0.168099 0.029583 0.037076 0.079034 -0.044558 0.088453 -0.065130 0.159461 0.005572 0.131004 -0.096218 0.078477 -0.289449 -0.135144 -0.138866 -0.050614 0.229475 0.007122 -0.010884 0.242544 0.322508 -0.044010 0.108921 -0.030752 0.227847 0.087361 0.082660 -0.055141 0.045518 -0.090507 -0.031612 0.152875 -0.024423 0.034360 0.007611 0.060327 -0.047719 -0.058754 -0.087996 -0.007323 -0.011371 -0.308089 0.021831 -0.073203 0.077326 -0.064576 0.083325 0.033387 -0.002392 0.029738 0.017851 0.062540 0.101153 0.056775 -0.082504 0.050859 -0.223608 -0.089462 -0.012106 0.108610 -0.023409 -0.014298 -0.003439 -0.008808 
0.036938 -0.042645 0.062679 -0.075063 0.000913 0.061336 0.040231 0.008197 0.025711 -0.062545 0.044872 0.053223 -0.054330 -0.105567 0.075522 0.030325 -0.049307 0.049169 -0.025011 0.020841 0.129916 -0.033308 0.112468 0.012619 0.006844 0.025463 0.055909 -0.044483 0.000166 -0.017161 -0.028669 -0.032434 -0.036908 0.011971 0.061697 0.030755 -0.039053 0.013400 -0.006934 0.049815 -0.033331 0.042215 0.033011 0.067257 -0.026144 -0.031826 0.036847 -0.071925 -0.003629 -0.031436 -0.028924 0.047926 0.022389 -0.036403 -0.105963 0.030114 0.005871 -0.012303 -0.084174 0.039080 0.034863 -0.011772 0.034343 -0.035956 
0.016186 -0.000392 0.020830 0.026002 -0.061751 -0.070153 -0.035325 -0.017699 0.036460 0.062176 -0.004074 0.037903 -0.005664 -0.067969 -0.055898 -0.070790 -0.006800 0.082019 0.058060 -0.074084 -0.047289 -0.016599 -0.054336 -0.000657 -0.041053 -0.029865 -0.068544 -0.024592 0.071968 -0.008227 0.040818 0.076588 -0.020079 -0.013401 -0.013513 -0.014123 0.073033 0.065487 0.063985 0.027504 0.008565 -0.061048 -0.042806 -0.081014 0.054143 -0.032595 0.059477 0.024860 -0.059754 0.078346 -0.048091 0.065863 -0.012853 -0.060194 0.004234 0.050775 -0.074903 -0.002295 0.054404 0.055790 -0.001652 0.034042 -0.037089 -0.071753 
-0.059053 0.077901 0.031832 0.073351 0.081304 -0.031811 0.016558 0.037223 -0.033031 0.084340 -0.006862 0.086511 0.079831 0.006532 -0.044788 0.067595 0.009573 0.006125 0.044039 0.075046 -0.052820 0.035415 -0.086359 0.058709 0.018985 -0.022748 -0.064731 -0.023164 -0.037625 -0.050553 -0.014178 -0.054079 -0.022105 0.078036 0.087451 0.044514 -0.080774 -0.021624 -0.007126 0.068961 0.052809 -0.092704 -0.021589 -0.008707 0.063755 -0.058196 -0.026993 0.074864 0.027609 0.081282 0.039587 -0.010006 0.077571 0.052486 -0.059273 -0.073589 -0.045749 0.041596 -0.059635 -0.049991 -0.071583 0.041339 -0.091206 0.055891 
-0.027950 0.059126 -0.073424 -0.040402 -0.061612 -0.074125 -0.073482 -0.035659 -0.097061 -0.071322 0.062113 0.009608 0.063377 -0.007686 0.067911 0.146164 -0.057089 0.016828 -0.063683 0.002406 0.001756 0.094666 0.000760 -0.062199 0.013262 0.003440 0.053926 0.027744 0.048216 0.055856 0.055041 0.078523 -0.017764 -0.029914 0.191782 0.045365 0.052520 0.061392 0.094931 -0.029305 -0.058565 -0.056976 -0.017672 0.024058 0.039203 -0.034602 -0.037105 -0.103580 0.184535 0.038220 0.002115 0.027741 -0.033705 0.015464 0.029140 0.044588 0.027280 0.022683 0.003837 -0.081043 -0.036702 -0.077124 0.016856 0.043896 
0.093653 0.048188 -0.109228 -0.025171 0.110921 0.043957 0.029055 -0.508205 0.080318 -0.076046 0.026105 -0.117398 -0.023246 -0.006916 -0.006934 0.113098 -0.210474 -0.056837 -0.109966 -0.024142 -0.077573 -0.018078 0.013961 -0.059085 -0.935929 0.098025 0.103242 0.153553 0.148863 -0.049341 0.372845 0.097032 0.012288 0.003302 0.161344 0.023312 -0.089718 -0.009356 -0.077376 0.193948 -0.023916 -0.118630 -0.369959 0.171622 -0.163695 -0.086488 -0.044107 -0.021700 0.002884 -0.132642 -0.186953 -0.021899 -0.277467 0.084385 -0.088203 -0.067901 -0.051332 0.084487 -0.432861 -0.130316 -0.066643 0.116089 -0.006952 -0.138027 
-0.844921 -0.366062 0.096135 0.553655 -0.104859 0.264580 0.054048 -0.837278 -0.248879 -0.121985 0.143312 -0.324296 -0.114351 -0.023093 0.095101 -0.083853 0.259974 0.022451 -0.154374 -0.614204 0.062699 -0.382850 0.129438 0.440504 -0.996847 -0.575297 -0.008505 -0.030666 0.045562 -0.047917 0.609129 0.019705 -0.350358 -0.129140 0.050265 0.248064 0.065594 -0.388078 -0.010281 0.280915 -0.282807 -0.016312 -0.210439 -0.465858 -0.072204 -0.220643 -0.457585 0.859038 -0.989462 -0.221154 -0.754152 -0.002569 -0.468703 0.170018 0.075559 0.023187 -0.305902 -0.143178 -0.499766 -0.338909 -0.221316 -0.089398 0.136709 -0.087296 
-0.122401 -0.986791 -0.385731 0.977445 -0.309834 0.460778 0.171927 -1.407778 -0.208821 -0.709639 0.150666 -0.671860 -0.309490 -0.079395 -0.356716 1.154870 -0.729315 0.444729 -0.696358 -1.035245 -0.284053 -0.182695 -0.329749 0.700213 -1.857677 0.755699 -0.519294 0.724625 -0.326953 -0.031951 0.340485 -0.354599 -1.023705 -0.433203 0.605246 0.633183 0.228824 -0.001983 -0.421687 -0.469905 -0.008180 -0.136742 -0.172620 -0.034599 0.053203 -0.466443 1.160483 0.500726 0.182416 -0.369995 -0.699001 -0.073549 -1.494251 0.873285 0.628933 0.007688 -0.545786 -0.437166 -0.992772 0.395880 -0.192803 -0.215486 0.169334 0.281394 
0.965493 -1.835107 0.680790 1.124464 -0.001506 0.477488 0.808436 -1.605092 -0.331739 0.025587 -0.329172 -0.827678 -0.654205 -0.606426 -0.664087 0.241059 -0.658754 -0.384562 -0.973882 -0.507546 -0.964623 -0.097804 0.056914 0.996624 -2.272771 1.151493 -0.107249 -0.000037 0.098482 -0.792930 -0.548177 -0.341824 -0.586233 0.282154 1.113228 0.681293 -0.963327 0.359758 -0.269984 -0.639483 -0.348336 -0.603425 -0.777343 0.132415 -0.762872 -0.054429 1.068546 0.516301 0.429121 -0.799457 -0.277995 -0.349503 -1.579826 0.479031 0.831942 -0.355511 -0.857597 -0.447094 -0.222835 -0.025674 -0.153809 -0.465698 0.491829 -0.069316 
0.817523 -2.260964 0.398141 1.367290 0.418681 1.048177 0.488026 -1.558279 -0.692278 0.431270 -0.674589 -0.885070 -0.787993 -0.570944 0.517459 0.693482 -1.331679 -0.122764 -1.035059 0.221959 -0.160921 0.371472 1.218648 0.765166 -2.480316 0.664880 -1.058823 -1.050804 -0.268240 -0.249181 0.126734 0.410688 -0.119148 0.550813 1.821604 -0.022016 -0.554124 0.686389 -0.112843 -0.252965 -0.539428 -0.234407 -1.232962 -0.121762 -0.447552 -0.121493 -0.198328 0.810506 -0.544670 -0.594633 0.402435 -0.326119 -1.748717 0.052519 0.775399 -1.248790 0.172985 -1.036048 0.796804 0.883847 -0.125013 -0.172503 0.742486 -0.554269 
0.541690 -2.110376 0.061256 1.583354 0.361247 1.408967 -0.034801 -2.646332 -0.099567 -0.173355 -0.098477 -0.235130 -0.708884 -0.224741 -0.306583 -0.604469 -0.816491 0.063200 -1.414323 0.150211 -0.564741 -0.321817 0.846819 -0.204190 -2.109045 0.849844 -0.841753 0.497701 -1.064066 -0.186272 0.171615 0.879933 0.174602 -0.192990 0.824612 0.180156 -0.802619 1.264714 0.502178 0.118649 -1.096105 1.070671 -1.183851 -0.939677 0.216064 -0.090579 -0.340155 0.092588 0.242736 -0.274264 0.299764 -0.029921 -2.222768 -0.066904 1.111031 -0.602203 1.013878 -0.213138 0.606852 1.190177 -0.647801 0.700326 -0.154283 -0.448637 
1.548067 -2.386301 -0.474522 0.573233 -0.337877 1.872554 1.070229 -2.170293 -0.530171 -0.085212 -0.132485 0.250045 0.205841 1.023774 0.109933 0.280569 -0.745360 0.056329 -1.697970 -0.167308 0.239524 -0.301930 0.700841 -1.251058 0.104305 1.967726 -0.720868 1.013022 -1.171860 1.148773 0.013664 0.453827 0.104854 0.036714 -0.098528 -0.190223 -0.619320 0.589187 0.357447 0.246149 -0.531205 1.601462 -1.027533 -0.680871 -0.127073 0.048438 -0.499682 -0.069161 0.923826 -0.354306 0.777191 0.142786 -2.377666 0.089163 1.397854 -0.421627 0.998445 0.649028 0.402104 0.866854 -0.312214 0.775632 -0.492456 0.094008 
0.735927 -1.152140 -0.073686 0.534829 -0.341280 1.067861 1.054144 -1.841153 0.004965 0.395839 -0.622305 -0.637866 0.729819 0.416815 0.301329 0.346284 -0.291118 0.290707 -1.739495 -0.263516 0.649836 0.486218 0.482196 -2.060975 0.529329 0.995337 -0.580008 0.463586 -0.656193 0.935294 0.487412 0.476431 0.159730 0.572923 0.990589 -0.260262 -0.891256 -1.225078 1.047388 0.339097 0.299405 0.741779 -0.443830 0.090639 -0.469770 0.418133 1.133846 -0.967633 1.307154 -0.837039 0.083955 -0.450034 -2.766454 0.083094 0.638913 -0.396494 0.467621 -0.094686 0.409127 1.070384 -0.818276 0.214251 0.014236 -0.422857 
1.663163 1.435987 0.257733 1.387549 -0.373347 -0.353868 -0.072574 -1.809945 -0.336904 0.042891 -0.254965 -1.044199 0.814668 0.923092 -1.364853 -0.762286 -0.163793 -0.388128 -2.286950 -0.347873 -0.224110 0.687827 0.128099 -0.842747 1.052578 1.509638 0.114294 0.326295 -0.990054 0.554977 -0.258089 -0.362371 -0.326040 0.386300 0.617223 0.602425 0.054320 -0.895880 0.778332 -0.178000 0.219243 0.191598 0.045863 -0.890089 -0.276222 -0.496893 0.922264 -0.652487 -0.151698 0.263888 -0.046174 0.086025 -1.841851 0.432344 -0.795185 -0.710201 1.806993 0.054283 0.382644 1.448370 0.245936 -0.207743 1.093543 -0.318499 
2.107875 1.674008 0.772213 2.022409 -0.548332 0.258506 -0.313783 -1.232949 0.349921 -0.091676 0.540387 -0.551711 0.938609 0.354385 -0.576865 -1.077701 0.054650 0.754950 -1.447895 -0.429498 0.195374 -0.346431 0.901846 0.575959 2.020870 2.140915 -0.024875 -0.027278 0.199405 -0.108313 -0.692054 -0.595624 -1.583979 -0.057539 -2.412986 0.282163 0.420910 -0.315119 -0.230474 -0.333340 -0.264898 0.165290 -0.577362 -0.146730 -0.258295 -0.687855 -0.154464 -0.641396 -0.661158 -0.101306 0.366474 0.261863 -0.469543 0.120649 -1.228918 -1.698762 1.873922 1.063839 0.934967 0.873642 -0.154733 -0.081458 1.216503 -1.408169 
-0.071164 1.774060 -0.078344 1.522730 0.756389 0.909436 0.099332 -1.239299 1.618320 0.490825 0.650967 0.129865 0.190871 -0.140362 0.626171 -1.269421 -0.462946 1.209277 -1.022085 -0.368976 0.284485 -0.214758 0.864584 -1.024983 1.073705 0.373193 0.295599 -1.249774 0.026387 -0.343993 -1.278158 -0.350068 -0.630298 -0.103100 -3.806134 1.778310 -0.391216 -0.112516 -0.780793 0.436578 0.564755 -0.075477 -0.541088 0.882388 -0.232743 -0.378672 -0.432731 -0.578713 -0.911630 1.052946 0.355553 0.004699 0.148994 0.149726 -1.224694 -0.923469 1.131347 1.409769 0.915228 0.514471 -0.316836 0.296243 -0.076637 -0.970220 
-0.843090 0.633302 -0.602619 0.792538 0.577680 0.499549 0.539864 -0.247975 2.137549 0.598582 0.651182 -0.211633 0.023052 -0.280424 0.813074 -0.875191 -0.799082 0.719680 -1.158200 -0.120473 -0.566055 -0.010407 0.163338 -1.554764 0.534125 -0.424345 0.512715 -0.086965 0.653929 0.827290 -2.523023 0.734682 -0.913452 -0.014269 -2.560130 0.600979 -1.823071 -0.050509 -1.310394 -0.155222 0.082521 -0.508905 -0.295114 0.768245 -0.826465 -0.340725 -0.876995 -0.638676 -0.954713 1.421918 0.199591 0.878178 -0.047834 0.121527 -1.148303 -0.132196 0.165608 0.035172 0.817716 -0.156194 0.107203 0.686134 -0.358487 0.300798 
-0.628975 0.551298 -0.282884 1.257418 -0.470382 0.236383 0.137223 -0.795223 0.562520 0.249482 0.818381 0.140766 -1.171632 -0.028848 0.968470 -0.125612 -1.202633 0.212766 -1.964733 0.610236 0.284517 -0.419374 0.186369 -2.156367 0.375213 -0.874761 -0.508702 0.220802 -0.304854 0.467207 -2.449552 1.499490 0.122971 -0.565564 -0.054372 0.265383 -0.886369 -0.979783 -1.462314 0.994050 -0.699442 -0.243139 0.559363 0.313024 -0.630429 0.495325 -1.553519 -0.842175 -1.172797 0.559936 -0.338026 -0.147323 -0.053523 -0.830815 -0.963582 0.445781 0.700177 0.010267 1.314779 0.372429 -0.396978 -0.373902 0.394165 -0.412939 
0.236014 0.310548 0.040699 1.239253 0.733066 -0.212291 0.073717 -0.121766 1.066107 -0.458990 -0.029047 0.804631 0.212477 0.774270 -0.611448 -0.695307 -0.491108 0.743738 -1.381761 -0.027693 1.489799 -0.143054 0.611207 -1.649925 0.225755 -0.231546 0.736442 -0.131401 0.657454 0.597651 0.313102 1.908918 -1.445921 -1.235891 -0.570615 -0.146437 -0.947115 0.244108 -0.697869 0.409087 -0.782772 0.444036 0.805397 0.396362 -0.251106 -0.592994 -1.710673 -0.007891 -0.419187 -0.653325 -0.532866 0.099701 -0.423555 -1.979287 -1.255454 0.899017 0.796498 -0.763115 0.874401 -0.180955 -1.270009 0.604090 0.934087 -0.670963 
0.780465 0.048449 -0.862807 0.236486 -0.879059 0.283995 0.055875 -0.459289 0.678021 -0.630555 0.588500 0.042230 -0.827468 -0.622480 -0.483368 -0.261261 0.158656 1.857551 -1.331371 0.306178 2.471953 -0.053351 0.164971 -1.195498 0.560696 1.081567 -0.542793 0.073698 0.146599 0.779629 1.172535 0.459678 -1.655962 -1.471348 -0.797376 0.156476 -0.488803 0.047702 -0.459045 0.106060 -0.064225 -0.053979 -0.695461 -0.079705 -0.869911 -0.669499 0.100874 0.463768 -0.868080 -1.153342 -1.136164 -2.236794 -0.442865 -1.307312 0.034118 -0.324920 0.343665 -1.097868 0.029947 -0.324885 -0.919520 -0.983839 0.317016 -0.260752 
0.099899 -0.895494 0.779105 -0.103854 0.136974 0.511040 0.031064 0.124274 1.409645 -0.206357 0.336557 -1.709191 -0.190524 -0.779686 -1.135904 0.051604 0.414173 0.143484 -0.600722 0.527350 -0.879326 0.659676 -0.725572 0.447741 -0.278359 0.113776 -0.630862 0.122090 -0.214363 0.204197 0.401340 2.113712 -0.041138 -1.240298 -0.613267 -0.669437 -1.314528 0.128695 0.393449 0.624934 -0.970433 0.190685 -0.466607 0.577602 -0.869548 -0.133397 0.437505 0.337941 -1.263502 -0.650046 0.101852 -1.049731 -1.058108 -0.118897 0.268775 0.658624 0.273355 -0.654120 -0.463459 -0.787874 -1.131571 -1.106960 -0.024956 -0.630087 
0.298835 -0.190135 -0.004970 -0.099467 0.318694 -0.586975 -0.346425 -0.249207 1.486408 -0.564151 0.502806 -0.168574 0.445493 -0.831478 1.295422 1.197454 0.144707 0.875892 -1.356699 0.421620 -2.060813 0.597900 -0.310866 0.828983 -0.295371 -0.276941 -0.653841 0.829973 0.042529 1.350416 0.617398 2.152102 0.063230 -0.376128 -0.232694 -0.211599 -0.918680 0.220940 -0.092283 0.889634 0.086699 0.257319 0.290481 0.803989 -0.613694 -0.626791 -0.772349 -0.411033 -1.770273 -0.168923 -0.493206 -0.826898 -0.064411 0.934570 -0.583497 1.178896 0.051588 -0.573005 -1.935210 -0.775600 0.423478 -0.982293 -0.438963 -0.098952 
0.543480 -0.841982 0.385365 0.077593 0.212310 0.183450 -0.326276 -1.278342 -0.773494 -0.161714 0.155431 -0.438943 0.104934 -0.668450 0.568787 0.095985 -0.065314 -0.327574 -0.819769 0.217112 -0.724674 0.892842 -0.986576 1.202185 0.363619 0.662885 -1.147755 -0.175790 0.775825 0.393814 1.322386 0.985062 0.578939 0.363545 -1.412461 -0.894713 -0.337254 -0.020821 0.226569 1.568038 -0.342203 0.523361 0.691893 0.882887 -0.878666 -0.354282 -0.426494 0.134323 -0.463744 0.023488 0.390144 -0.675015 -0.722565 1.215977 -0.774174 0.620047 -0.427326 0.206690 -1.318829 -0.321517 -0.354608 -0.671616 -0.340683 -0.466096 
1.381683 -0.623130 -0.473173 -0.019864 0.613367 0.409923 0.657042 -0.917778 -1.327520 -0.627605 0.485422 -0.200838 0.162127 -0.211796 -0.124980 -0.428450 -0.869216 -0.403240 -0.136355 -0.357354 0.236142 -0.986306 -1.088236 0.235451 0.472977 0.866768 -1.384435 0.168540 -0.442264 0.957193 0.508770 -0.088722 0.215145 -0.386866 -0.837103 -1.157263 -0.320672 0.749695 0.112029 1.038902 0.162905 0.502891 0.438541 0.701758 -0.706847 0.403220 -0.274160 0.142234 -0.469469 -0.267681 0.607069 -0.277940 -0.680012 0.567813 0.065386 0.970900 -0.346766 -0.689946 -0.553702 0.063655 0.656465 -0.931927 0.178051 -0.291498 
1.675193 -1.271973 -0.574187 0.273798 0.941657 -0.338533 0.112646 -0.086470 -1.347165 -1.134641 0.509583 -0.176606 0.156025 -0.162728 0.080251 -0.438481 -0.029140 -0.287114 -0.263098 -0.361174 0.829133 -1.834095 -1.011031 -0.031939 0.135351 0.491807 -0.833467 0.230771 -1.198072 0.692586 0.707398 -0.089402 -0.147974 -0.267283 -0.454065 -1.077496 -0.536349 0.439937 0.155893 0.298645 0.214793 -0.480767 -0.408971 0.590036 0.050570 -0.230188 0.269437 0.840852 0.517124 -0.107854 0.373695 -0.093191 -0.961849 0.470983 1.493890 1.194450 -0.386858 -0.064665 -0.569296 0.092777 0.307474 -0.847938 -0.175294 -0.353904 
1.019230 -0.629801 0.229856 -0.638312 1.169135 0.386799 0.068851 -0.393700 -0.882978 -0.375573 0.057105 0.147378 -0.189666 -0.310476 -0.061966 0.357083 0.504090 -0.114812 -0.310949 0.023909 0.869135 -1.931924 -0.399167 -0.123637 0.126646 0.779854 -0.025914 0.541563 -0.831291 0.513532 0.039327 0.105138 -0.372520 0.781476 -0.128601 -1.114833 -0.109484 -0.038750 0.225777 -0.262620 0.379467 -1.389720 -0.043491 0.604449 0.093029 -0.389242 0.863951 0.659402 0.608513 0.209526 0.924638 -0.128813 -0.597161 0.164366 2.191340 0.987286 -0.070610 0.395219 -0.583600 0.773000 0.102494 -0.660972 -0.202735 -0.689739 
1.010885 -0.052209 0.075331 -1.147392 0.677083 0.524364 -0.033165 -0.186558 -0.423000 0.056399 -0.168123 0.142239 -0.252297 -0.270336 -0.370823 -0.003982 0.469966 0.108991 -0.391027 -0.033477 0.113702 -0.703439 0.278190 0.143167 0.207016 0.710034 -0.120457 0.377144 -0.486088 0.453031 -0.443037 -0.116608 0.103134 0.542378 0.058259 -0.620426 -0.154823 0.202464 0.736395 -0.582992 0.446791 -1.062419 -0.016420 0.559818 -0.249232 0.153742 0.942942 -0.110381 0.286741 0.260545 -0.290246 -0.109471 -0.325276 -0.001869 1.159545 -0.067720 -0.249248 0.688995 -0.026309 0.853443 0.099049 -0.238081 0.151771 -0.052532 
0.343314 0.183788 -0.363288 -0.037267 0.263704 0.376130 0.121041 0.071308 0.168033 -0.163872 -0.043391 0.032076 -0.202599 -0.110428 -0.105916 -0.031727 0.274566 -0.117885 -0.269746 0.104346 0.300490 -0.222407 0.417271 0.356141 0.224398 0.107328 0.075461 0.114717 -0.057293 -0.111180 -0.146179 -0.079990 -0.003968 -0.113503 -0.075163 -0.314909 -0.159368 0.123220 -0.158974 -0.341997 0.106217 -0.532282 0.287901 -0.030929 -0.044728 0.100965 0.090390 -0.278989 -0.238904 0.171544 -0.222965 -0.049172 -0.105940 -0.172037 0.120383 0.025427 -0.135207 0.002624 -0.119323 0.425963 -0.096465 -0.125657 0.403441 0.148787 
0.067786 0.036153 -0.019626 0.030960 0.082751 0.184257 0.006482 0.149510 0.074023 0.018024 -0.051708 0.031131 -0.180729 0.027483 -0.125323 -0.051772 0.123227 -0.050608 0.079839 0.009259 0.229660 -0.104162 0.014999 0.064523 0.034375 0.035225 -0.012920 -0.021036 -0.011202 0.009330 0.079737 -0.035178 0.010446 0.064567 0.077487 -0.187876 0.075398 -0.010253 -0.096473 -0.119433 -0.091549 -0.060733 -0.008633 -0.129067 -0.014159 -0.006586 0.052968 0.010691 -0.017634 0.015128 0.068839 0.062374 0.114108 0.078116 -0.080978 -0.083816 -0.112222 -0.020171 0.067125 0.063819 0.016184 -0.132969 0.097403 0.043025 
-0.066986 0.052376 -0.051391 0.078426 0.079192 0.048214 -0.048265 0.044258 0.028668 -0.072154 0.073297 0.033433 -0.033180 0.024685 0.026997 -0.048210 0.009363 -0.051888 0.067090 0.041701 0.044106 0.056869 0.037210 0.027655 -0.074483 -0.023828 -0.062520 0.005061 -0.027118 0.041118 0.046877 -0.041704 0.025388 -0.066542 0.078550 0.028301 -0.030189 0.042796 0.050298 0.015493 -0.065582 -0.004696 -0.042815 0.018586 -0.069834 0.062620 0.043204 -0.002281 -0.033945 -0.018521 -0.019687 0.049077 -0.012613 0.025231 -0.072667 -0.057098 -0.044365 -0.078734 0.081207 0.020525 -0.061949 -0.035141 0.011323 -0.029856 
0.002575 0.002301 -0.062156 0.057887 -0.031840 0.031528 0.072930 -0.006601 -0.016321 0.005461 -0.051936 0.056088 -0.039646 0.038560 -0.072769 -0.023899 0.011113 -0.047714 -0.017171 -0.072017 -0.076564 0.035239 0.044414 0.011451 -0.014059 -0.069470 0.073282 0.048381 0.018004 0.055488 -0.048398 -0.064544 -0.069910 -0.062347 0.034438 0.031908 0.015319 0.059345 -0.074311 -0.033908 -0.081250 -0.082771 0.033599 0.055255 0.040839 0.061562 -0.069976 0.017727 -0.050668 -0.017294 -0.081815 0.014358 0.073804 -0.053852 0.006119 0.045914 -0.083823 -0.010741 -0.005455 0.047870 0.058806 -0.025889 -0.073789 0.077583 
0.025345 -0.028816 0.066522 0.072194 -0.045795 -0.028406 -0.035378 -0.085545 -0.029223 0.082175 0.099135 0.020016 0.052822 0.023471 0.075297 -0.072307 0.075174 0.072423 -0.070846 0.051754 0.062618 -0.083879 0.033384 0.026529 0.000445 -0.038121 -0.041318 0.058395 0.023026 0.017168 -0.082992 -0.051391 -0.011396 0.039488 0.070548 0.062877 0.040616 0.062688 -0.029364 0.033579 0.030190 0.040305 0.095260 0.014514 -0.054205 -0.065617 -0.010335 0.019705 -0.005536 -0.074889 -0.033548 0.043990 -0.072251 -0.003289 0.033325 -0.000040 0.043068 -0.029896 -0.020218 0.045717 -0.076220 -0.060549 0.004163 -0.060292 
0.006672 0.008948 -0.009554 -0.168216 0.063079 -0.062787 0.007093 -0.049388 -0.080378 0.076271 -0.001631 0.081465 0.073662 0.009850 -0.089756 0.063223 -0.048193 -0.014889 -0.047708 -0.124169 0.078157 -0.059037 0.083748 -0.130128 -0.060983 0.056065 -0.054777 0.096237 -0.021605 0.009415 -0.073703 -0.047031 0.045337 -0.026016 0.091816 -0.017191 -0.073324 0.027237 -0.055010 0.013795 -0.037920 -0.001360 0.068553 -0.040679 0.027414 -0.062429 0.050227 -0.008914 0.122814 0.033506 0.061738 0.018450 0.053795 -0.027647 0.095951 -0.010474 -0.080780 0.068475 0.014233 0.072023 0.016114 -0.017864 -0.020996 -0.065429 
0.186887 0.161019 -0.177949 -0.227245 0.220277 0.216005 0.337622 -0.339525 -0.021944 -0.077961 -0.148415 -0.081542 -0.082457 0.073101 -0.004173 0.539921 -0.400300 0.052568 -0.113093 -0.001771 0.078287 -0.189421 0.286233 -0.007537 -0.750139 0.242874 -0.025926 0.246408 -0.055078 0.011183 0.368119 0.332584 -0.152237 0.024027 0.192097 -0.013518 -0.153337 0.042942 -0.056878 0.170597 -0.043616 -0.064754 -0.131742 0.187038 0.027392 -0.096005 -0.179515 0.003756 -0.157295 -0.062964 -0.220206 -0.096371 -0.186620 0.034446 -0.101977 -0.191048 -0.146103 -0.160933 -0.141431 0.062803 -0.028314 -0.044392 0.147262 -0.073797 
0.116747 -0.377655 -0.191926 0.136856 0.017626 0.567407 0.615440 -0.602532 -0.072762 -0.157669 -0.030052 -0.347006 -0.056871 0.162773 -0.066664 -0.151802 -0.070103 -0.057128 -0.268584 -0.626997 0.054540 -0.393274 0.767874 0.314371 -0.897296 -0.232834 -0.095149 -0.119270 -0.025376 0.112993 0.157267 0.307742 -0.241543 -0.264285 0.438275 -0.164237 0.557233 -0.029710 0.000164 0.345010 -0.223940 0.148958 0.656381 -0.576510 0.237182 -0.310001 -0.060899 1.018111 -0.158254 -0.344934 -0.972961 -0.098670 -0.416509 -0.110396 -0.100116 -0.430644 -0.173078 0.094789 -0.287568 -0.046508 -0.277433 -0.276335 -0.149298 -0.143914 
1.049619 -1.715315 0.010005 0.576526 -0.159930 1.219160 1.151795 -1.080451 0.071357 -0.294898 0.079212 -0.435373 -0.122949 0.098147 -0.934548 0.197844 -0.393167 0.628960 -0.374938 -0.976696 -0.503366 0.131356 0.509445 0.709306 -0.941932 0.702574 -0.009022 0.448599 -0.459340 0.344214 -0.316572 -0.084686 -0.066152 -0.333278 0.697825 -0.136438 0.069348 -0.335844 0.024296 -0.156446 0.228871 0.027289 -0.012493 -0.061185 -0.373320 -0.278444 0.475012 0.422510 0.338027 -0.349771 -1.740823 -0.089736 -1.517438 1.194914 0.249868 -0.522653 -0.532697 0.418581 -0.898854 0.366592 -0.099439 -0.208581 0.359000 -0.419593 
0.858976 -2.326439 0.561379 1.342107 -0.302163 1.273239 1.156121 -0.946942 -0.384781 0.284350 -1.048153 -0.348247 -0.565604 -0.454623 -0.128861 -0.394828 -0.220324 0.336983 -1.071234 -0.652773 -0.955971 0.262257 0.257691 0.605667 -0.720140 0.362218 0.057727 0.043871 -0.119291 -0.646442 0.225578 0.205396 0.271305 0.058854 0.187091 0.411749 0.168238 -0.343897 -0.130665 -0.169187 -0.228037 -0.415752 -0.170492 0.336901 -0.241878 -0.158356 0.575768 0.112601 0.729787 -0.355351 -1.726702 -0.261622 -1.913360 0.559396 0.607763 -0.222160 -0.773004 -0.406992 -0.841778 -0.359449 0.115951 0.205839 0.730823 -0.339924 
0.965091 -2.520076 0.313095 1.209698 0.127351 0.352780 0.225217 -0.859364 -0.897102 0.892958 -1.446106 0.062435 -0.767788 -0.182383 0.418563 0.608494 -0.938975 0.047992 -1.569830 -0.391577 -1.039116 0.753944 1.052913 0.603372 -0.432261 -0.060094 -0.558826 1.203333 -0.257427 0.261744 0.460823 0.493642 0.784998 -0.044811 1.566240 0.147158 -0.251482 1.105376 -0.413083 -0.599796 -1.066157 0.154672 -0.287476 -0.021368 0.290799 0.051723 0.367404 0.477484 0.183186 -0.549710 -2.362338 -0.141497 -2.230758 -0.141263 0.826363 -0.980898 -0.772941 -0.861418 -0.722736 0.703384 0.412302 0.239087 0.327892 -0.092969 
0.336781 -2.413963 1.212723 1.555656 -0.146698 0.119115 0.149557 -0.527979 0.340344 1.203323 -0.578883 -0.236487 -0.567134 -0.279965 0.285761 -0.183293 -0.214911 0.529677 -0.440623 0.119043 -0.250213 -0.620489 0.802312 0.474166 0.609416 0.476708 -0.512226 1.966541 -1.059073 0.341845 0.091238 0.666939 0.013867 0.313658 0.462866 -0.280015 -2.002045 1.264384 -1.123410 -0.198197 -1.578093 0.438062 -0.689438 -0.200345 0.572979 0.063938 -0.489554 0.465405 -0.436236 -0.839021 -1.344259 0.085362 -2.772193 -0.524124 0.408082 -0.571020 0.136456 0.214017 -0.360765 0.549082 -0.612256 0.289782 0.537058 0.035422 
1.261885 -3.567131 0.155838 0.212098 -0.951759 -0.166424 0.339419 -0.734698 -0.104189 0.224388 -1.016067 0.092502 -0.177636 0.244293 -0.097437 -0.166846 -0.059419 0.373755 -0.538212 -0.691629 0.161668 -0.753129 1.418412 -0.846661 0.406476 1.912809 0.194812 0.761359 -1.578086 0.196873 -0.020130 -0.264473 0.821078 -0.177598 0.132189 0.551513 -1.457582 1.007889 -0.897168 -0.195214 0.056086 0.440447 -0.899378 -0.507917 0.097648 -0.137755 -0.053704 0.639329 -0.358453 -0.111895 -0.187865 0.680835 -2.095970 0.403165 0.708739 -0.017171 -0.245154 -0.166526 0.172221 0.835663 -0.585581 0.430552 1.215670 1.187969 
0.988281 -2.940242 0.179361 -0.213753 -0.985004 1.044233 0.048028 -0.801381 -0.029018 0.821590 -1.015563 -0.687732 -0.133267 0.318317 0.460757 0.759041 -0.172254 -0.120696 -0.876630 -0.334932 -0.503239 0.353895 0.228529 -1.719421 0.511990 1.488240 -0.203290 0.965622 -1.579243 0.355134 0.806508 0.128899 -0.258152 0.268487 0.504017 0.995299 -2.433453 -1.037461 0.250225 0.528890 -0.111226 0.269477 -1.331979 -0.803181 -0.381847 -0.888574 0.688731 0.286748 0.147297 -1.025668 0.040172 -0.029348 -1.356472 0.835397 0.509137 -0.046910 0.352850 0.368825 0.751317 0.716096 -0.414354 -0.189485 0.774981 0.967088 
0.860395 -0.413458 -0.977697 0.191898 -0.260748 -0.255312 -0.172904 -0.081355 0.370253 0.353725 0.502259 -0.187644 0.598762 1.040793 -0.127544 0.086629 0.029555 0.183650 -1.166798 -0.113335 -0.518414 -0.131327 -0.210249 -0.636322 0.746505 0.744851 0.218433 0.113027 -1.255745 0.136458 0.406827 -0.343287 -0.565215 1.287429 -0.704027 0.497477 -1.134941 0.153328 -0.596863 0.865339 0.218809 -0.221586 -1.086835 -0.809871 -0.168026 -0.441445 0.424681 0.158996 0.018405 1.346285 0.405900 0.815360 -0.813543 -0.317068 -0.751010 -0.009386 1.174527 -0.172862 0.569700 0.479976 -0.412178 -0.803345 0.897191 0.406769 
1.094981 0.209864 0.342181 2.372753 0.440906 -0.042212 -0.178449 -0.622701 0.913532 -0.069627 0.795232 -0.002182 0.984213 0.772894 0.125696 -0.863577 -0.080692 -0.035324 -0.379062 -0.280343 0.018527 0.105497 0.596414 0.094814 0.294538 0.869506 -0.065725 -0.850573 0.719353 -0.608278 0.110035 -1.042307 -2.422965 0.075799 -3.423843 0.783505 0.623256 0.734196 -0.554468 0.524349 0.875261 0.159905 -1.699394 0.962498 0.308297 0.216630 -0.160865 0.723559 -1.287728 0.838374 0.734368 -0.124572 0.188820 -0.154643 -0.969124 -0.807640 1.707116 1.575726 0.445486 0.054763 -0.678757 -0.172956 0.214163 -0.198851 
-0.206835 0.957677 -0.898865 2.248626 1.858852 0.375730 0.110338 0.045308 2.108362 0.073059 1.039442 0.575809 0.118149 -0.462702 0.892462 -0.251752 0.012594 0.430316 0.188088 -0.069965 0.688671 -0.196016 0.323065 -0.841841 0.623310 -0.149465 0.705066 -0.258002 0.409916 0.013535 -0.599873 -0.554282 -1.339195 -0.594365 -3.474745 1.441183 -0.690556 0.020272 -0.833765 0.280536 -0.153614 -0.837977 -1.193563 1.720903 -0.134065 -0.304812 -1.179682 0.142913 -2.289573 1.840597 0.097812 0.872760 -0.211438 -0.671109 -1.504964 1.027107 0.920128 0.219295 0.550028 -0.326846 -0.317495 0.468288 0.278123 -0.264740 
-0.436350 1.327536 -0.809906 1.097840 0.162548 -0.325837 -0.337131 -0.215670 2.114244 0.273743 1.134246 -0.037189 0.293821 -0.562751 1.095741 0.148310 -0.162748 0.320512 -0.975445 0.266725 -0.595786 -0.325479 0.099295 -1.674973 0.425524 0.808043 0.546241 0.891044 -0.251221 0.082081 -2.319348 0.576658 -0.317229 -0.270966 -1.698754 2.267912 -1.319992 -0.230802 -1.309448 -0.101687 -0.831341 -1.102093 -0.359337 1.710957 -0.172278 -0.521579 -1.364405 -0.521566 -1.913338 1.617754 -0.206612 -0.082811 -0.193399 -1.219696 -0.757835 0.552364 0.342235 -1.790795 0.272775 -0.719169 -0.610306 1.584405 0.049673 -0.422298 
-0.953659 0.218523 -0.554205 0.975433 -0.718446 0.390672 0.489003 -0.739636 0.740555 -0.592684 1.087519 0.269906 -0.944653 0.281636 1.227789 -0.629749 -0.291318 0.393591 -0.611364 1.333899 0.771048 -1.130406 0.772476 -1.237777 0.620659 0.610580 0.076433 0.522647 -0.976903 0.333247 -2.655485 1.308331 0.158718 -0.399456 0.264192 0.769321 -0.334127 -0.938631 -1.639658 0.324132 -1.619623 -0.558557 -0.018373 0.256799 -0.104421 0.705085 -1.114288 -1.143651 -1.123902 -0.187261 -0.071234 -0.240245 -0.110050 -1.797842 -0.296929 0.080972 0.868832 -2.002008 -0.430148 -0.228343 -1.816930 0.540916 0.181989 -1.106479 
1.289889 -0.648661 -0.656675 0.909636 -0.507176 0.488259 0.282070 -0.877748 1.442127 -0.357569 0.247640 -0.087568 0.625588 0.263704 0.177572 -1.314795 0.068239 0.785164 -0.817465 0.273730 1.394639 -0.997413 0.903572 -0.691850 -0.537400 0.717410 1.372586 -0.212304 0.078859 -0.536069 0.488255 0.710992 -0.161985 -0.737751 -0.336505 0.976634 -0.485476 0.209627 -1.137714 0.111400 -1.142830 1.546982 0.284816 0.796265 -0.981589 -0.784805 -0.781035 -1.075778 -1.594382 -0.926408 -0.750152 -0.776796 -0.787343 -1.735574 -1.023789 -0.082732 0.501047 -1.076426 0.321115 -0.240975 -0.253462 -0.159413 0.775273 -0.972214 
1.408153 -0.200288 0.311490 0.206487 -1.353905 0.427777 0.502995 -0.873110 0.780982 -1.091004 -0.717610 0.232038 0.103588 -0.389259 0.030368 -0.313337 1.029736 1.361171 -2.056239 0.737862 0.946097 1.009097 0.942594 -0.466617 -0.138044 0.449623 -1.448165 0.304975 -0.243936 0.409396 1.193184 0.782818 -1.171910 -0.634458 -0.304810 -0.242614 -0.151346 0.083949 -0.571194 1.170224 -0.234541 1.523630 -0.320271 0.790894 -0.824768 -0.705663 -0.566701 -0.319011 -0.340321 -1.253424 -0.579907 -2.871066 0.283268 -0.747366 -0.477513 -0.966715 1.125577 -0.801967 -0.144035 -1.242864 -0.566610 -1.988893 1.070319 -1.353646 
0.060635 0.241405 0.046383 0.207512 -0.489394 -0.061873 0.384394 -0.467680 0.727995 -0.797266 -0.145343 -0.760577 -0.975139 -1.005320 -0.223635 -0.248615 0.307001 0.390402 -1.084172 0.610791 -1.881789 1.202795 0.142233 -0.424163 0.311018 -0.248320 -0.779134 0.963857 -0.615146 -0.071673 0.811640 1.197285 1.045330 -0.242186 -0.591641 -0.346956 -0.315739 0.154292 0.758703 0.935860 0.821732 0.946084 0.116908 0.794738 0.087351 -0.237660 0.410506 0.558708 -0.624060 -0.688715 0.269407 -1.842008 -0.326592 0.360191 -0.323336 0.688753 0.019585 0.401646 -0.694373 -1.023170 -0.656774 -0.075930 0.188993 -0.588769 
0.807465 -0.364203 -0.040896 -0.119324 0.698974 -0.385305 -0.139701 -0.376201 0.538115 -1.097402 0.852373 -0.431217 0.237708 -1.434986 -0.308278 0.638451 0.724225 -0.401125 -1.010681 0.523344 -1.667478 -0.001706 -0.400252 0.487030 0.391699 -0.011921 -1.241689 0.985263 -0.405920 0.950592 1.272964 1.396216 0.705152 -0.350956 -0.953680 0.820034 -0.496692 0.298751 0.308836 0.227581 -0.152187 0.447815 1.023829 -0.147606 -0.158956 -0.423892 -0.434898 -0.106602 -0.823651 -0.604254 -0.508627 -1.170559 0.229790 1.784056 -0.135551 0.604424 -0.486962 0.772261 -0.785238 0.122682 -0.111545 -0.797260 0.050184 -0.016242 
0.122219 -0.305829 0.690977 -1.117333 0.819450 0.144003 -0.701491 -0.214216 -0.961698 -0.328225 0.758293 0.438693 -0.088921 -0.640250 -0.208120 -0.330365 0.386596 -1.370093 -0.924672 0.929005 -0.716803 0.502792 -1.703235 1.167465 0.160861 0.254804 -2.064923 0.180477 0.807111 -0.206853 1.508808 1.019747 0.579346 0.841210 -1.284443 -0.641980 0.399038 0.107776 0.115005 0.907729 -0.658184 0.486295 1.084514 -0.059459 -0.888990 0.018101 -0.176813 0.049558 -1.341663 -0.722270 0.151616 -0.635266 0.683630 0.954979 -0.106009 1.158925 -1.101726 0.261408 -0.672270 0.193740 -0.529490 -0.528245 -0.066138 -0.031143 
0.424606 -0.361173 0.039054 0.025614 0.605011 0.205053 0.212579 -0.197775 -1.413242 -0.066957 0.619576 0.576374 0.260652 -0.124055 0.113819 -0.211634 0.112246 -1.116581 -0.340919 0.597814 -0.108936 -0.821958 -1.143978 0.160792 0.602947 0.608469 -2.099469 0.310674 -0.666652 0.172851 -0.095368 0.667866 -0.001266 1.113495 -0.582794 -0.661161 0.110399 0.603951 0.990286 0.521267 -0.691992 0.310376 0.556727 0.738858 -0.557812 0.540717 -0.064223 0.215257 -0.741706 -0.886493 0.719906 -0.194348 0.119948 0.160669 0.627287 0.834864 -0.835376 0.100987 -0.110470 -0.209912 0.333739 -0.807930 -0.282895 0.062605 
0.175108 -0.208125 -1.010724 -0.196251 0.239517 -0.386812 -0.964521 -0.603699 -0.800352 -0.987539 0.355266 0.428069 0.075092 0.000284 0.111383 0.118158 -0.737276 -0.121414 -0.605887 0.393574 0.471477 -1.608725 -0.393016 -0.185017 0.376596 0.087939 -0.933108 0.721819 -1.056011 0.280307 0.194020 -0.171211 -0.348627 -0.070209 -0.025423 -0.868146 -0.215028 0.473467 -0.209353 -0.092211 -0.197506 -0.200483 -0.212532 0.412545 0.029976 -0.219287 -0.076863 0.705175 -0.417245 -0.533679 0.492635 -0.144584 -0.409975 0.635014 0.954254 0.142276 -0.526853 0.017918 -0.571821 -1.002761 0.458932 -0.782287 -0.467307 -0.879135 
0.708667 -0.046353 -0.167614 -1.329152 0.285133 0.978951 -0.265350 -0.197364 -1.249930 -0.090067 -0.318981 0.309405 -0.351621 -0.067947 -0.109810 -0.333944 -0.111620 -0.468869 -0.225485 -0.024522 0.108014 -1.090416 0.269999 -0.384686 0.688249 0.179535 -0.363933 0.462606 -0.731400 0.266762 -0.986043 -0.751865 -0.142286 0.895783 0.259274 -0.979417 0.112081 0.019628 0.304936 -0.131886 -0.140210 -0.856771 0.340818 0.635756 0.130480 -0.656002 1.093983 0.419161 0.564242 0.655925 0.835645 -0.242582 -0.281282 -0.026357 0.798214 0.068888 -0.115323 0.463673 -0.248265 -0.015744 0.450449 -0.312883 -0.438298 -0.305644 
0.786347 -0.199588 0.128260 -0.978278 0.590151 0.772965 -0.022432 0.313784 -0.194292 -0.177954 -0.430783 0.164738 -0.475908 -0.228894 -0.318943 -0.687705 0.296800 -0.830990 -0.132109 -0.260860 0.074715 -0.647757 0.588446 0.098362 0.420293 0.201928 -0.141316 0.034001 -0.175460 0.082579 -0.738019 -0.562599 0.226979 0.394436 -0.154047 -0.895939 0.043398 0.100131 0.386758 -0.544970 0.209230 -0.812894 0.660586 -0.149322 -0.510648 0.123497 0.596406 -0.128999 0.051386 0.279270 -0.145483 -0.225141 0.051360 0.258772 0.090492 0.056530 -0.261717 0.575841 0.069859 0.695392 0.079822 -0.258182 0.277046 -0.053846 
0.671525 0.191423 -0.088475 0.152809 0.311969 0.208376 0.056796 0.062115 0.159446 -0.202924 -0.168066 0.018319 -0.249672 -0.048150 -0.307557 -0.300031 -0.324511 -0.382388 -0.375063 -0.153881 0.209039 -0.355575 0.181979 -0.029353 -0.039829 -0.093154 0.015592 0.122875 -0.098828 -0.015384 -0.041513 -0.128292 0.026443 -0.237863 -0.308132 -0.287318 -0.081470 0.205206 -0.169113 -0.544953 -0.192430 -0.535981 0.499234 -0.144646 -0.119573 -0.070053 0.036334 -0.126043 -0.271731 0.356665 -0.216057 0.020730 -0.117235 -0.325952 0.007497 0.027847 -0.167704 -0.013357 0.044083 0.383336 0.016485 -0.053422 0.555317 -0.022572 
0.014198 -0.029229 0.025030 0.007582 -0.026947 0.083711 0.055720 0.152154 0.049903 0.052839 -0.029590 -0.019667 -0.135723 -0.017903 -0.092414 -0.090403 -0.064600 0.143649 0.047836 0.066558 0.389698 -0.129421 0.198017 0.097318 -0.021833 -0.033212 0.075218 0.055528 0.017138 0.072079 0.068995 0.063779 -0.000741 0.025630 0.049279 -0.089335 -0.092392 0.133734 -0.316644 -0.141409 -0.230049 -0.172480 0.057973 -0.201528 0.019333 -0.029942 -0.089928 -0.005422 0.070026 0.135687 -0.026981 0.018013 0.062948 0.107399 -0.280886 -0.040720 -0.014673 -0.002094 -0.015074 0.117025 0.067268 -0.038804 0.148478 0.067142 
0.081041 0.002329 0.039424 -0.037179 0.083094 0.032430 -0.043396 -0.049147 0.066121 0.041141 0.078719 0.052107 -0.024895 0.030671 -0.047787 0.040461 -0.075396 0.058990 0.068760 -0.004950 0.016029 -0.034298 -0.027026 0.091548 0.033251 -0.068700 -0.036579 0.074028 0.038699 0.077739 0.025500 0.003367 -0.024948 0.012149 -0.037454 -0.000964 0.022224 0.042869 -0.007628 -0.078623 -0.071198 -0.083475 -0.075942 -0.070732 -0.048530 -0.035166 -0.049095 0.035810 0.075422 0.024780 -0.002826 0.074660 0.055486 -0.072235 -0.060531 -0.042034 -0.083454 0.072225 -0.070209 0.052788 0.036151 -0.004337 0.051816 0.051449 
-0.013567 -0.050512 0.042431 -0.031317 0.045815 -0.073047 -0.019959 0.040167 0.013141 -0.024525 0.009553 0.019441 -0.056828 0.031419 -0.064082 0.051444 -0.035274 -0.047769 0.043905 -0.037241 -0.014717 -0.081063 -0.004106 0.065802 0.075470 -0.023290 -0.021191 -0.073947 0.066541 -0.082524 -0.016273 0.039583 0.006517 -0.048469 0.083394 0.012124 0.008015 0.007216 -0.053612 0.037539 -0.044121 -0.043707 -0.051331 -0.060318 -0.037099 -0.049989 -0.066085 0.052191 0.022927 -0.033072 0.002359 0.050769 -0.082220 -0.055405 0.052639 0.012325 0.014512 -0.067389 -0.067678 -0.016042 -0.028205 -0.043089 -0.049419 -0.019215 
0.028837 0.043367 0.077736 0.060094 0.048202 0.088313 -0.074435 0.032218 -0.031882 0.002212 0.068631 0.001993 0.047930 0.074620 -0.067268 0.011640 -0.002987 0.012749 -0.012094 0.006688 -0.061598 -0.050642 -0.093506 -0.091389 -0.059521 -0.067678 0.043990 0.044033 -0.029762 0.034698 0.028342 0.058091 0.052559 -0.047313 0.029849 -0.050061 0.037595 0.078363 -0.008001 -0.003017 0.059993 -0.045458 -0.010894 0.071675 -0.063429 0.058404 0.019441 0.032901 -0.042629 -0.076270 -0.037573 -0.038933 0.040168 -0.006198 0.063812 0.072357 -0.017736 0.033410 0.095461 0.029862 -0.053655 0.029540 -0.068824 -0.049645 
0.040412 0.004934 -0.083220 -0.131042 0.084080 0.089831 -0.026032 0.042990 0.047108 0.058155 0.031845 -0.018481 -0.057095 0.024294 0.036392 0.069497 -0.046212 -0.102391 -0.125012 -0.073647 -0.077880 -0.082454 0.075121 -0.074704 0.068589 -0.090184 0.014995 -0.029555 -0.042962 -0.011608 -0.100307 0.007483 -0.000726 0.115070 -0.093556 0.037127 0.004307 0.069068 -0.058308 -0.037968 -0.066861 0.043062 0.067163 0.047918 -0.056077 0.011798 0.033234 -0.006134 0.057891 -0.106631 -0.001310 -0.019797 0.103152 -0.063796 -0.021746 -0.023532 -0.097114 0.031737 0.203880 0.055605 -0.071003 -0.007127 -0.082814 -0.047496 
0.217222 0.006833 -0.027318 -0.116266 0.162224 0.438140 0.673151 -0.036373 0.083116 -0.062371 0.074095 -0.068979 0.032684 -0.013969 -0.132960 0.365213 -0.270835 -0.028417 -0.116449 -0.233727 0.059560 -0.278702 0.465131 0.004575 -0.212077 0.145100 0.085709 0.241598 -0.040380 -0.165050 0.091645 0.397811 0.020077 0.056816 0.093873 -0.127503 0.129803 0.175084 0.116655 -0.003720 0.032008 -0.103065 0.375371 0.201892 -0.044662 -0.212323 -0.376043 -0.012339 -0.080632 -0.057359 -0.224813 -0.075172 -0.193043 -0.156837 -0.066075 -0.150699 -0.052077 -0.073446 0.050040 0.097510 -0.131456 -0.158902 -0.067758 0.086765 
0.238637 -0.440231 -0.036978 0.160234 0.317301 0.684188 0.647062 -0.718831 0.236267 -0.120615 0.156835 -0.337481 0.003612 0.227987 -0.454344 -0.239021 0.459639 -0.351385 -0.062577 -0.441453 0.014114 -0.075751 0.710821 0.289743 -0.476704 -0.394201 0.063534 -0.191326 0.023468 -0.245332 0.709064 0.959547 -0.207845 -0.393223 0.635515 -0.848298 0.593212 -0.270793 0.092747 0.088616 -0.192156 0.262412 0.763460 -0.415772 0.056863 -0.343534 0.253663 0.385879 0.277431 -0.196707 -1.654712 0.032287 -0.857538 0.276536 0.132115 -0.346303 -0.372956 -0.043452 -0.408167 0.235452 -0.352037 -0.102552 -0.358203 -0.284207 
1.229541 -0.939263 -0.126241 0.388052 -0.251102 0.672633 0.683846 -0.912393 0.292108 -0.205025 0.084673 -0.449872 -0.076837 0.391027 -0.404075 -0.524442 0.041868 0.544308 -0.303395 -0.322826 -0.621134 -0.398202 0.704924 1.273032 -0.550331 0.497401 0.402735 0.286588 -0.467763 0.036698 0.166500 0.535091 0.261047 -0.633763 0.496198 -1.032236 0.261136 -0.499817 -0.021032 0.245264 -0.267700 0.190627 -0.222359 0.512166 0.023103 0.325814 0.465362 0.056824 0.592733 -0.620276 -1.879719 -0.253341 -1.534759 0.798446 0.719372 -0.446550 -0.758741 0.427503 -1.197918 0.037381 -0.217901 0.358136 -0.337982 -0.799199 
0.794198 -1.411957 -0.003731 1.092012 -0.079335 0.439495 0.619519 0.521522 -0.153399 -0.330984 -0.744710 0.002873 -0.456809 -0.376619 0.096641 -0.019182 -0.500707 0.851258 -0.631973 -0.564114 -1.107932 -0.550859 0.381212 0.312282 0.029021 0.713053 0.237186 1.072075 0.183134 0.177249 0.627570 1.030520 -0.285660 -0.765445 -0.342582 -0.825574 0.151675 0.230432 -0.406672 0.628873 -0.335379 -1.018625 0.055295 0.141405 0.117284 -0.408750 0.648958 0.182884 -0.208146 -0.761257 -2.322901 -0.090589 -1.918706 -0.052727 0.391881 0.024161 -1.318459 -0.257832 -1.153422 0.739287 -0.124056 0.216915 0.443091 -0.351316 
1.028704 -0.468229 -0.058020 0.518437 0.608654 -0.149034 0.388908 0.711597 -0.683869 0.277852 -0.955058 0.703348 -0.165315 -0.896963 0.175072 0.209141 -0.276629 0.308516 -0.724375 -0.832095 -1.003152 -0.255301 0.699088 0.979161 0.734691 1.193817 -0.684560 1.606731 0.502886 0.399906 0.380199 1.013315 -0.553650 -0.840142 -0.200693 -1.094041 -0.327807 1.137635 -0.101076 0.764867 -1.018754 -0.529025 0.729029 -0.268002 0.418498 -0.037555 0.038536 -0.686180 -0.009106 -0.616417 -3.824593 0.118389 -1.931608 -0.212165 0.761399 -0.788710 -1.808722 -0.385777 -0.736646 1.620377 0.439456 -0.419668 0.330783 -0.255687 
-0.051544 -0.228562 0.106485 1.079396 -1.263856 -1.352158 -0.201178 0.121064 -0.620392 0.645745 -1.193769 -0.226042 0.222984 -0.868543 -0.611875 0.559332 0.172599 1.212586 -0.517572 0.340468 -0.485787 -1.264662 0.136268 1.210136 0.078027 0.864739 -1.137556 1.596476 -0.779641 0.028394 0.159579 1.062667 -0.986944 -1.385655 -0.406553 -0.637884 -0.619453 0.208173 -1.420411 1.057955 -1.001402 0.381240 -0.179697 -0.420335 0.240030 -0.178646 0.605735 0.376003 0.361040 -0.777051 -3.357855 0.350517 -1.532279 -0.649468 0.614164 -0.101560 -2.053578 0.337188 -1.570975 0.731722 0.161559 -0.350987 0.755157 0.758255 
1.264574 -0.229870 -0.593377 0.172275 -1.108060 -0.484173 0.607062 0.823137 -0.591000 1.294365 -0.914462 0.061548 0.084025 -0.083466 -0.839786 -0.023605 0.459014 0.302947 -0.392429 -0.129073 0.189114 -0.502325 -0.088043 0.138447 0.188778 1.123872 -0.202004 0.543986 -2.191636 0.202025 -1.003509 -0.058815 0.271981 -1.239523 0.084726 0.288815 -2.166678 -0.120475 -1.053436 1.039807 0.408081 -0.314935 -1.009549 0.229193 0.527345 -0.342292 0.539445 0.091899 0.162286 -0.295502 -2.900912 0.864826 -0.457089 0.152815 0.686543 0.074064 -2.555358 -0.117392 -1.788178 1.526399 0.012296 -0.364298 0.559497 0.997178 
0.270252 -2.242255 -0.173636 -0.004971 -0.339664 0.155862 0.436977 1.249518 -0.460389 1.870739 -0.323505 -0.430297 0.288199 0.403642 0.566994 -0.283916 0.670915 -0.294102 0.396752 -0.321479 -0.298742 -0.073329 0.052577 -0.987693 0.655241 0.421584 0.590517 -0.701633 -1.619988 -0.509455 -0.720591 -0.245358 -0.060074 -0.501189 -0.300308 1.113631 -2.564042 -1.391379 -0.361377 0.840261 0.736132 -0.082515 -1.628478 -1.001485 -0.328100 -0.638372 0.500376 0.031171 -0.056583 0.451784 -2.393824 0.382939 -0.712017 -0.100660 -0.624978 -0.343550 -1.725985 1.416566 -0.765577 1.645973 -0.140918 -0.998340 0.800988 0.118713 
0.004193 -1.751406 -0.047579 0.450749 1.879520 0.256222 -0.182532 1.394429 0.446552 1.111528 0.294498 -0.121998 1.192520 0.716722 0.518359 -1.156044 -0.162667 -0.834170 0.439407 0.063357 -0.504423 -0.993882 -0.141954 -0.195653 0.228483 0.258450 0.424766 -0.550813 -1.120077 -0.200066 0.035283 0.326387 -0.212408 0.302581 -2.152613 1.256854 -2.624629 -0.316583 -0.414993 1.093974 1.382757 0.069527 -2.239382 -0.345542 -0.225348 0.132793 -0.437926 0.094342 -1.410568 1.167980 -1.753761 0.264050 -0.629956 -0.802773 -1.239971 -0.242456 -1.077869 0.894314 0.363109 1.464878 -0.597079 -0.861794 1.501499 -0.720362 
0.559343 -0.971306 0.900644 1.470517 0.869657 -0.057309 -0.140579 0.429352 0.058192 0.846158 0.820283 0.691532 -0.020217 0.245140 1.328624 -0.358869 -1.060613 0.252335 0.120230 0.246060 0.055913 0.325672 0.824901 0.544158 0.850940 1.115703 -0.274651 -0.802633 0.164742 -0.571952 -0.091163 -0.184896 -0.958508 0.324022 -2.894286 1.885806 -0.857566 0.224519 0.235674 0.715437 2.040748 -0.347541 -2.326698 0.013640 -0.410095 0.409239 -0.779892 0.292262 -1.293769 2.156426 -1.290691 -0.833202 0.377753 -1.235779 -1.590443 -0.746037 0.015214 0.441466 1.382916 -0.213580 -1.186621 -0.282437 0.182404 0.348824 
0.046098 -0.597882 -0.080489 0.958862 0.955407 0.526963 -0.663472 0.054274 1.420072 0.323566 0.755919 0.954979 0.633421 0.387760 1.351532 -0.592150 -1.015363 0.330033 0.646890 0.498031 0.032748 -0.695397 0.217541 -0.133450 1.046511 1.110131 0.311600 -0.006447 -0.281177 -0.116031 -1.128618 -1.206970 -0.586477 -0.339926 -2.404132 2.109568 -1.000675 -0.028716 -0.833546 -0.442122 1.080403 -1.286667 -1.635320 0.745288 -0.369923 -0.870383 -1.591585 -0.050239 -1.390470 1.952111 -0.237510 0.260758 0.111801 -0.951108 -1.075340 0.622119 0.213651 -0.417047 0.178886 -1.137500 -0.590614 0.776256 0.111713 0.259594 
0.674520 0.123308 -0.195739 0.465033 0.451302 0.215491 -0.649706 -0.759933 0.900704 -0.248802 -0.191795 0.270159 0.891905 0.066539 1.099845 -0.478709 -0.450555 0.714341 -0.351842 0.803902 0.348436 -0.325746 -0.367094 -0.787166 -0.274631 1.142941 1.462849 0.481829 -0.073179 -0.187655 -2.942459 0.150462 0.796053 0.510578 -0.209279 2.016458 -0.594077 -0.026168 -1.127082 -0.294812 -1.452371 -0.857138 -1.443254 0.803456 -0.581399 -0.444085 -0.933300 -0.279049 -0.942166 -0.332058 -0.364400 -0.163916 -0.122482 -1.311864 -0.549650 0.670907 -0.566661 -1.696056 -1.105710 -0.749779 -0.868974 0.735924 0.904128 -0.788112 
0.032281 -0.440415 0.159190 0.438686 -0.015358 -0.121447 -0.603991 -0.480797 -0.264232 -0.522454 -0.644159 -0.959508 -0.194504 0.352051 0.398964 0.255724 -0.831747 0.884822 0.019047 1.552002 0.865309 -0.814858 1.167679 -0.023641 -0.320580 1.425029 0.559448 0.753043 -0.636605 0.469737 -2.123728 1.186858 0.387699 -0.389103 0.795264 1.478182 -0.160937 0.661370 -0.973326 -0.341018 -1.041398 -0.487651 -1.678826 -0.252891 -0.156079 -0.285351 -0.650412 -0.987788 -0.878847 -0.393417 -0.161436 -0.578065 -0.803273 -1.291621 -0.207033 0.377327 -0.380802 -2.565555 -0.510520 0.058289 -1.462124 0.484020 0.765952 -0.913865 
1.467433 -0.295475 0.278417 0.220333 -0.800347 0.143005 -0.482201 -0.080440 0.937483 -0.351913 -0.034825 -1.477954 0.800237 0.841075 0.445320 -0.199770 -0.253026 0.323139 0.032292 0.848123 0.566807 0.059036 1.062768 -0.535699 -0.481414 0.590491 0.564526 0.265136 -0.239297 -0.438688 0.515199 0.848640 -0.149263 -1.133943 -0.227111 1.278994 -0.725782 0.379028 -0.570656 0.067184 -0.793124 1.022364 -1.358629 -0.023485 -0.302685 -0.494489 -1.155149 -1.547129 -1.605427 -0.442478 -0.881741 -0.974266 0.137618 -0.586725 -0.920212 0.667699 0.615818 -1.395957 -1.257116 -0.234717 0.008122 -0.690041 1.157749 -0.449277 
1.403528 0.535793 0.542121 0.190867 -0.786272 -0.022772 0.531461 -0.472304 0.673998 -0.997220 0.070006 -1.443706 -0.173647 -1.201990 0.198783 -0.242928 0.199564 0.236179 -0.812071 0.910687 -1.657446 0.396503 0.565449 -0.283093 -0.230164 0.993268 0.128582 0.205461 -0.305662 -0.625448 1.837326 0.916548 0.109381 0.020391 -0.121683 0.272528 0.143907 0.052031 -0.018479 -0.039500 0.230257 1.010959 -0.794171 0.005792 -0.512583 -0.330094 -0.667671 -1.540367 -0.817594 -0.239378 -0.588259 -2.580659 0.400389 0.640390 -1.521279 0.312910 0.353029 -0.913372 -1.362395 -0.078188 0.077812 -1.148300 1.676580 -1.281758 
0.609912 0.669594 -0.428420 -0.157706 -0.510605 0.192234 0.294024 0.793589 -0.515516 -0.546196 0.099297 0.273602 -0.099607 -1.421141 -0.979620 -0.505844 -0.376021 0.080652 -1.130472 0.671718 -2.053526 0.222196 -0.422037 -0.240110 0.218042 0.336373 -0.687375 0.630723 -0.561866 -0.565820 0.608338 1.439171 1.048427 -0.295540 -0.582071 -0.695371 0.596506 0.576729 -0.461076 0.466108 0.070790 1.419445 0.773525 -0.007766 0.548627 -1.230087 -0.528515 0.149391 -0.118109 -0.143498 0.607068 -1.221993 0.284290 0.507323 -0.880518 0.678683 -0.509828 0.710547 -0.103497 -0.589809 -0.108317 0.424072 0.126205 -0.938996 
1.009087 0.383108 0.014973 -1.857462 -0.015147 0.865535 0.534247 0.265462 -0.857363 -0.393374 0.260288 0.540942 -0.513538 -0.820326 -0.968960 0.207433 0.954293 -1.124190 -1.413330 0.788441 -0.977489 -0.225539 -0.855150 1.508060 0.486074 0.765365 -1.287551 0.393540 -0.344167 -0.413556 0.443198 0.141945 0.092684 0.011521 -1.091321 0.572224 0.067373 1.681950 -0.123517 0.199284 -0.513479 0.708225 1.916093 -0.435563 0.140078 -1.159068 -0.615655 0.154888 -0.226396 -0.478531 -0.329646 -0.214568 0.765114 0.921106 0.136538 0.275351 -0.587439 0.456750 -0.493856 -0.308812 -0.133056 -0.599086 0.533747 -0.072202 
0.269289 -0.601763 1.110863 -1.594414 -0.062237 0.271249 -0.020782 -0.235392 -2.099655 -0.751832 -0.578173 -0.283919 -0.284092 -0.396403 -0.580383 0.229611 0.355245 -0.578112 -1.564964 0.758359 -0.458615 -0.478883 -0.887049 1.838456 0.227736 0.415150 -1.295003 -0.193428 0.658430 -0.765363 0.501169 0.571415 1.376345 1.139082 -1.429496 -0.306215 0.675217 0.381389 0.484920 -0.193865 -1.522237 -0.043780 1.431210 -0.604818 -0.554520 -0.347274 0.157213 0.796612 -0.988916 -0.564375 0.412116 0.042057 0.067576 0.721183 0.787140 -0.304844 -0.779453 0.467443 -0.411806 0.046537 -0.774319 -0.622655 1.253420 0.393341 
0.226005 0.085577 0.564160 -0.698767 0.699757 0.286729 -0.244908 -0.168158 -0.772807 -0.417000 0.588500 0.699490 -0.157111 -0.071139 -0.229175 1.258639 -0.007113 -0.708999 -0.713443 1.415117 -0.267356 -0.964673 -0.016069 -0.005648 0.329674 0.572122 -1.381234 0.966453 -0.624983 -0.396836 -0.310944 0.302076 0.223648 1.131879 -0.432737 0.211034 -0.001900 1.215306 0.574218 -0.565258 -1.039899 -1.053850 0.272082 0.016008 -0.073876 0.084329 0.004968 0.487246 -0.537072 -0.844136 0.257184 -0.225584 0.441258 -0.041320 0.389280 0.882088 -0.876391 -0.007680 -0.404832 0.330842 0.330861 -0.630471 1.784049 -0.075640 
-0.387826 0.338277 -0.156186 -0.305664 0.400520 0.296489 -0.788198 -0.109984 -0.246213 -0.367438 -0.152802 0.708053 -0.426315 -0.115966 -0.292681 0.236693 0.476539 -0.435877 -0.783795 0.900905 0.064498 -0.610639 0.245080 -0.399684 0.159084 -0.083609 -0.527358 0.514063 -1.165710 -0.067165 -0.342566 -0.423589 -0.059901 0.495190 0.014294 -0.341176 -0.277982 0.138781 0.560963 -0.338655 -0.783077 -0.764620 0.316124 -0.244510 0.298796 -0.389394 0.034417 1.222251 -0.638982 -0.278693 0.272567 -0.054769 -0.020310 0.618767 0.342606 0.185208 -0.844074 0.510702 -0.855453 -0.407081 0.574654 -0.226062 1.102741 -0.583325 
0.502441 0.527405 -0.052678 -1.045155 0.435419 0.609219 -0.698749 0.075051 -0.289074 0.142801 -0.638140 0.496173 -0.357393 -0.010446 -0.444982 -0.434812 0.614699 -1.007175 -0.175061 0.172282 0.122107 -1.029425 0.320919 -0.629796 0.618605 -0.025142 -0.113593 0.148110 -0.717944 0.146368 -0.966592 -0.170726 -0.096093 1.501128 0.476895 -0.991951 -0.344148 0.302347 0.901887 -0.267284 -0.522287 -0.689323 0.601652 0.049178 0.135880 -0.480536 0.816421 0.078605 0.150453 0.705456 0.226173 -0.027401 0.145536 0.185043 0.426953 0.300545 -0.566028 0.485823 -0.305555 0.325765 0.266490 0.053048 0.570486 -0.284561 
0.786397 -0.109002 0.271486 -0.437053 0.610284 0.596093 -0.418267 0.024845 -0.193428 -0.042897 -0.147046 0.470999 -0.262997 -0.129313 -0.497757 -0.514740 -0.045864 -1.041752 -0.264327 -0.303607 0.158491 -0.887339 0.183220 -0.215187 0.597780 0.005770 -0.085692 -0.023465 -0.050516 0.468004 -0.342021 -0.126737 0.153067 0.553289 -0.424463 -0.624502 -0.193758 0.687967 0.199598 -0.365667 -0.039172 -0.442121 1.064627 -0.008093 -0.492667 -0.105583 0.170320 0.057685 -0.214215 0.148865 0.047334 0.205410 0.287832 0.052232 -0.008880 0.072363 -0.541953 0.113485 0.235255 0.287635 0.193390 0.153701 0.508579 -0.217318 
0.690953 -0.297556 0.065835 0.121987 0.827203 0.541764 0.093503 0.127618 0.362192 -0.123763 -0.252215 0.085160 -0.302502 -0.212432 -0.357708 -0.203155 -0.080510 -0.715654 -0.032130 -0.291365 0.288403 -0.358067 0.221660 0.028753 0.045064 0.055544 0.081156 0.187447 -0.140861 0.119263 -0.124346 -0.194733 0.163596 -0.023196 -0.258150 -0.132749 -0.035941 0.417572 -0.146630 -0.473221 -0.232060 -0.318497 0.225647 0.009617 -0.050668 -0.002900 -0.139651 -0.031383 -0.361859 0.499714 -0.186819 0.176557 0.085299 -0.396662 -0.035104 0.218269 -0.357057 0.184611 -0.027830 0.491023 -0.123876 -0.187026 0.529312 -0.014581 
0.004752 -0.122046 -0.112599 -0.181884 0.384383 0.372366 -0.022172 0.131867 0.020536 0.052296 -0.065602 0.106402 -0.202784 -0.021589 -0.239911 -0.168122 0.421151 0.026283 0.224348 0.120267 0.404548 -0.202361 0.107308 0.028104 0.103549 0.032137 0.010565 -0.073908 -0.058130 -0.045147 -0.013828 0.024478 0.188532 0.098256 0.071088 -0.018742 -0.111522 0.179665 -0.374863 -0.021627 -0.113457 -0.133726 0.021439 0.006629 -0.134195 -0.005144 -0.114287 -0.071605 -0.001654 0.212679 0.081390 0.179180 0.066257 0.042593 -0.397693 -0.037678 -0.235539 -0.031492 -0.140559 0.144667 0.111383 -0.050287 0.304372 0.034445 
-0.048466 -0.106952 -0.002964 -0.147116 0.087068 0.066170 0.028512 0.100996 0.070873 -0.004733 0.042096 0.138303 -0.024702 0.002168 0.008134 0.032076 -0.004344 -0.030362 0.222204 -0.069284 0.221009 -0.047411 0.029785 0.048099 -0.076634 -0.008357 -0.068503 0.072433 0.011923 -0.009419 0.054551 -0.005322 0.090748 -0.020499 0.028820 0.043290 -0.066199 0.074486 -0.149043 0.000829 -0.049302 0.064536 0.072965 0.062602 -0.119227 0.070862 -0.064404 -0.021486 -0.028318 -0.037581 -0.019428 0.140557 0.024761 0.067778 -0.242715 -0.023865 0.051090 0.001073 -0.037037 -0.020501 -0.038042 -0.018947 0.078398 -0.075586 
-0.053259 0.072497 -0.022911 -0.010281 -0.018049 0.015672 0.001456 0.017464 -0.064421 0.035310 -0.008864 -0.008946 -0.078227 -0.026305 -0.050872 0.050076 0.001250 -0.023291 0.052017 -0.074905 -0.051016 0.034058 -0.052684 0.057249 0.038262 0.003525 -0.036517 0.007986 0.028307 -0.022706 -0.052073 -0.052664 0.019939 -0.076923 -0.055945 -0.010379 0.030089 -0.027799 -0.063179 -0.031537 -0.069309 -0.049003 0.017844 -0.028169 -0.032440 0.032327 0.050122 0.023101 -0.028241 -0.074125 0.015189 0.069951 0.002729 -0.001753 -0.045497 0.013090 0.030838 0.059097 0.014948 -0.072857 0.052761 0.045538 0.014989 0.037446 
-0.070296 0.023855 0.051619 -0.067914 0.006155 0.037336 0.044947 -0.063383 -0.054665 0.081663 -0.071331 -0.064292 0.044130 0.068342 0.008433 0.045187 -0.075811 0.046508 -0.057859 -0.000217 0.057654 0.038976 -0.008953 -0.080388 0.012964 -0.048242 0.003496 0.007564 0.019097 0.066695 -0.051678 -0.003829 -0.036729 0.061457 -0.068300 -0.053781 0.075239 -0.072839 0.030266 0.008173 -0.051877 0.061242 0.002209 0.049845 0.016764 0.021331 0.041400 0.009394 0.053240 -0.035867 0.021675 -0.028914 0.060624 0.014738 -0.002959 0.037083 -0.069030 0.020681 -0.009217 -0.039407 -0.028682 0.047743 -0.067216 -0.030019 
0.066619 -0.045601 -0.238203 0.064412 -0.025958 0.052058 -0.011997 -0.059913 0.041221 0.066765 0.214288 0.103098 -0.013803 -0.041371 -0.061408 0.030333 0.028023 0.007353 -0.081316 -0.020120 0.015383 -0.267147 0.033569 -0.032778 0.230883 0.042540 0.051138 -0.026150 -0.003608 -0.038323 -0.189387 -0.063281 0.017350 -0.038291 -0.050813 -0.015434 -0.060698 0.237323 -0.002652 -0.045566 0.023530 0.030431 0.035915 0.014230 -0.048414 -0.139737 0.055275 -0.027880 0.027546 -0.119503 -0.056683 -0.022332 0.060172 -0.094336 -0.003450 0.055048 -0.027029 0.093937 0.039799 -0.053499 0.023240 0.067810 0.101267 -0.124519 
0.340385 0.096245 0.105141 0.004704 0.038821 0.410406 0.362132 0.079275 0.001372 0.052971 0.359682 0.022508 -0.008665 -0.043607 -0.019543 0.119301 -0.186840 -0.123665 0.038017 -0.174377 0.012392 -0.238331 0.411952 0.041908 0.376368 0.118369 0.188544 0.090775 0.171219 -0.175513 -0.146602 0.448791 0.119983 0.215009 -0.147387 -0.202577 0.378577 0.271631 -0.112573 -0.024105 -0.101875 -0.243256 0.764063 0.129666 -0.065099 -0.279868 -0.449451 0.028160 -0.125864 -0.090472 -0.094376 -0.085213 -0.198389 -0.299148 -0.090492 -0.182203 0.104895 0.089557 0.099346 0.176343 -0.019271 -0.011203 0.022700 -0.040496 
0.400421 -0.095036 0.028206 -0.058811 0.256722 0.861546 0.259917 0.043033 0.500542 -0.158121 0.616673 -0.136197 0.077667 0.200530 -0.234237 0.178612 0.141654 -0.437872 0.102041 -0.040213 -0.149863 -0.113277 0.537439 0.376085 0.416958 -0.082004 0.175870 0.429423 0.206833 -0.181301 0.499640 0.922194 -0.182163 -0.189629 0.465153 -0.817608 0.766604 0.150749 -0.289621 -0.324359 -0.011191 0.228915 0.906352 -0.050243 -0.086387 -0.113557 -0.072899 -0.070341 -0.004196 0.068314 -1.229555 0.000505 -0.786877 0.131893 0.071408 -0.408120 -0.211614 -0.260924 -0.752153 0.554045 -0.358087 0.219608 0.366356 -0.099046 
1.068748 -0.152311 -0.303441 -0.296962 -0.318294 0.331768 0.466298 -0.299439 0.429994 -0.080095 0.194067 -0.468540 -0.104627 0.223167 -0.393307 0.030388 0.395284 0.214974 0.092471 -0.044295 -0.771181 -0.613943 0.564945 1.140492 0.032882 0.127996 0.418053 0.184711 -0.128009 0.006526 0.443699 0.864529 0.161352 -0.754767 0.453986 -1.541571 0.408842 -0.341968 -0.167769 -0.061712 -0.283918 0.029482 0.451010 0.462229 0.469736 0.158086 0.985865 0.000542 0.544271 -0.460419 -1.667807 -0.313568 -1.245165 -0.069071 0.841190 -0.398453 -0.491181 0.458339 -0.788093 0.050984 -0.595508 -0.078477 -0.041695 -0.986042 
0.823517 -0.149048 0.164834 0.651460 -0.343756 -0.156962 0.433052 1.097340 0.252189 -0.938826 -0.968970 -0.038544 -0.373985 -0.255311 -0.109151 -0.007800 -0.000403 0.850544 -0.158899 -0.376726 -1.067746 -0.038702 0.577370 0.394622 -0.220060 0.726262 -0.200284 1.738266 0.548181 0.384396 0.705868 0.568407 -0.609073 -0.855676 -1.047518 -1.193924 -0.300289 -0.077072 -0.283208 0.133207 -0.811729 -1.118476 0.183037 -0.480084 0.041318 -0.640458 1.028506 -0.292250 0.203702 -0.940541 -1.622351 0.056452 -1.642732 -0.368315 0.261663 -0.362597 -1.031083 0.251355 -0.974282 1.193206 -0.557515 -0.180897 0.997025 -0.734520 
0.926527 -0.064643 0.502246 0.617372 -0.203103 -1.257388 -0.347724 0.647110 -0.384194 -0.346725 -0.353087 -0.043495 -0.151003 -0.948251 -0.572355 -0.019884 -0.211488 0.263935 0.726144 -0.675637 -1.266858 0.277452 -0.047042 1.680891 -0.294035 0.728841 -0.583655 1.048434 0.313591 1.051335 -0.307861 0.678791 -0.798156 -0.337921 -0.871723 -1.548165 0.249104 0.368646 0.309948 0.930050 -1.377417 -0.082680 1.016856 -0.974657 -0.203775 -1.376100 0.285705 -0.907152 -0.476170 -0.887133 -2.977558 0.258343 -0.407138 -0.177250 0.644285 -0.948612 -2.230852 1.027653 -1.166414 1.235235 -0.383400 -0.105395 0.004814 -0.920309 
0.439485 -0.461552 -0.175549 0.725159 -0.691114 -1.388331 -0.378248 1.571023 -0.554927 -0.378564 -1.236890 -0.408209 0.224589 -1.244638 -0.489209 0.501640 -0.678992 0.508120 -0.094247 -0.481727 -0.764362 -0.588146 0.372675 2.385763 -0.595389 0.843249 -0.750628 0.695988 -0.587309 0.236679 -0.242718 0.727138 -0.274588 -2.491734 -1.209990 -1.533208 0.047824 -0.438725 -0.717941 0.770772 -0.896423 0.338491 0.658774 -0.877889 0.219641 -0.815921 1.683155 -0.131915 -0.502747 -0.600728 -3.344295 0.519157 0.472773 0.455407 -0.763206 -0.172273 -2.638584 0.390146 -2.307894 0.494436 0.062062 -0.116926 0.738470 -0.530898 
0.535050 -0.409483 -0.301855 0.846582 -1.554068 -0.768076 -0.888737 1.424505 -0.314989 0.265389 -1.276835 -0.134754 0.710937 -0.135907 -0.841654 -0.140555 -0.210358 0.788759 -0.046796 -0.614182 0.439731 -0.231076 0.616507 0.906688 0.811344 0.475891 -0.523186 -0.531097 -1.294529 0.374140 -0.125920 -0.552250 -0.190184 -2.670249 -0.506649 -0.185591 -0.394220 -0.931389 -0.600532 0.533026 0.704813 0.407443 0.207099 -0.243988 0.715470 -0.163347 1.708278 0.646614 -0.794590 0.018454 -3.213921 0.591101 0.662785 0.674676 -0.263848 -0.296191 -2.574098 0.810441 -3.116710 2.996638 0.330698 -0.222408 0.131400 0.194871 
-0.187742 -2.270664 0.517707 0.306850 -0.206046 -0.903789 -0.527712 1.000681 0.424307 1.175555 -1.392249 -0.293111 0.554547 -0.425888 -0.402401 -0.575355 0.969740 -0.057867 0.701049 -0.163363 -0.008557 0.173601 0.302255 0.903479 -0.776526 -0.044932 -1.173826 -1.999982 -1.162589 0.162067 0.289780 -0.386268 -0.566564 -1.902019 -0.440631 -0.618807 -1.451619 -1.812299 -0.660249 0.882238 2.147307 0.775337 -1.098356 0.135662 0.030449 0.148436 0.397327 0.353851 -0.940941 0.551399 -4.045664 0.327916 0.157027 -0.214255 -0.537981 -0.980638 -2.923318 1.473862 -3.223957 2.132325 -0.146315 -0.397615 0.585490 0.419661 
-0.374033 -1.365989 0.006515 -0.246659 0.987499 -0.702634 -0.330309 1.480847 0.476316 1.155414 -0.153699 -0.383159 -0.879972 -0.627630 0.421515 -1.111516 0.157705 -0.276519 -0.308300 0.346526 -0.253636 -0.486204 0.223845 0.169340 -0.352950 0.466404 -1.261515 -1.095120 -1.537028 0.401151 -0.508219 1.066079 -0.310890 -2.069705 -1.705157 0.754440 -2.687251 -0.381880 -0.113380 0.093853 2.576983 -0.288252 -1.059347 0.483353 -0.232809 1.067914 -1.576621 -0.100493 -1.890299 1.219709 -3.591399 -0.106872 -0.432830 -1.071507 -0.670629 -0.920038 -2.807043 1.123046 -2.087186 0.392919 -1.150474 -0.390859 0.975371 0.035045 
0.202943 -1.401610 0.067735 -0.559578 1.089187 -0.389148 -0.296567 0.906315 0.999533 0.981073 0.182199 1.175581 -0.378878 0.075831 0.958095 -1.564415 -0.728713 0.977403 0.012608 -0.380024 1.031569 0.300113 0.298356 0.282259 1.566445 0.655891 0.318693 -1.117706 -1.883916 0.057462 -1.070124 -0.551951 -0.049590 -1.038875 -2.349285 1.293187 -1.609262 -0.250963 -0.212803 -0.648776 2.307673 -0.112665 -0.781518 -0.343814 -0.067468 0.737435 -2.256067 0.290058 -1.151994 2.566410 -3.318664 -0.603986 -0.416656 -1.588206 -0.555731 -0.315140 -2.750720 0.563731 -0.793318 -2.147957 -1.127312 -0.458565 -0.694917 -0.148644 
0.273247 -0.592062 -0.409856 0.212619 1.020725 -0.025930 -1.249014 0.062755 1.524132 0.689610 0.424644 1.321453 0.544155 0.544110 0.378906 -1.276471 -0.782270 0.976721 0.159531 0.275476 1.105165 -0.480974 -0.121107 -0.769504 0.426948 1.241635 0.969915 -0.157762 -1.212409 -0.648236 -1.889493 -1.160409 0.227259 -0.856779 -1.383143 2.635864 -0.805451 -0.340798 -0.816259 -0.124224 -0.150103 -0.910086 -1.028671 -0.072190 0.103525 -1.217836 -0.416127 -0.583379 -0.371783 0.782996 -3.155830 0.045115 0.747851 -0.094376 -0.618729 0.645304 -1.386484 -1.363085 -1.425134 -1.359898 -0.413478 -0.499541 0.315680 -0.453544 
-0.015277 -0.203226 -0.478154 0.117781 -0.418435 0.088500 -0.521254 -0.071461 -0.065838 -0.707704 -0.503486 0.176954 0.037400 -0.198995 0.834155 -0.109878 0.114689 1.573311 -0.796839 0.423463 0.751862 0.006285 0.437992 -1.047825 0.828296 1.330788 1.234379 0.407350 0.773821 -0.491074 -2.326221 -0.071090 -0.689418 -0.114890 -0.006457 1.480036 0.261099 0.024272 -0.634179 -0.094442 -0.801046 0.343984 -1.463045 -0.155962 -0.272921 -0.433196 0.025954 -0.796464 0.061271 -1.208908 -1.325452 0.185803 0.583862 0.034704 0.126125 0.187612 -1.621368 -2.719844 -1.352459 -0.284497 -1.376164 0.050065 1.612951 -0.747862 
-0.374481 -0.582353 -0.289402 0.134420 -0.390749 0.258286 -0.233481 0.020602 -0.737819 -0.200552 -0.654986 -0.703951 -0.588056 0.079478 0.274355 0.783824 0.263178 1.227885 -0.424448 0.366704 0.627423 0.241038 1.143532 0.285221 -0.106411 1.271908 -0.374727 0.178544 0.873096 -0.269713 -0.644927 1.636269 -0.866340 -0.945576 -0.057626 -0.068636 0.373542 0.962091 -1.335395 0.457340 -1.098882 0.273782 -1.978300 -0.459950 -0.139120 0.421662 -0.747090 -1.035224 0.681256 -1.602549 -0.131605 -0.864263 -0.467552 -0.055580 -0.755025 1.088534 -0.199696 -2.247986 -0.357391 -0.291205 -1.513399 -0.526152 1.187961 -0.483115 
1.545974 0.944347 -0.565187 0.301722 0.393680 -0.900574 -0.111321 0.323506 -0.311656 -0.548502 -0.059742 -1.040196 -0.899755 -0.280498 -0.655629 0.525640 -1.272873 0.565941 -0.272025 -0.193027 -1.022739 0.069945 0.405646 -0.468534 -0.631991 0.241652 -0.575122 0.131884 0.138439 -0.042824 1.788680 1.770632 -0.326998 -1.979101 -0.021815 0.474135 -0.216169 0.468371 -0.657902 -0.802722 -0.454569 0.095257 -0.829782 0.076724 -0.214757 -0.021173 -1.031550 -1.457709 -1.673214 -0.933809 -1.310281 -1.603804 -0.247026 -0.245036 -1.522026 0.454806 0.368033 -1.052331 -1.399962 0.335437 0.067994 -0.267942 0.878381 -0.226902 
0.999722 -0.021641 0.213856 -0.123026 -0.253966 0.045823 -0.584993 -0.248434 -1.075126 0.496776 0.697620 -0.590073 -1.297632 -1.735947 -1.083508 0.371746 -0.239262 0.642556 -0.983542 1.078391 -2.129510 -1.029573 0.109164 0.303023 0.332816 0.754272 -0.656348 0.995811 1.292258 -0.898000 2.025315 1.534134 0.322706 0.300929 -0.051264 -0.466288 0.457638 0.169605 0.092732 0.039126 -0.722455 0.943981 -0.075175 -0.384694 -0.072000 -0.834074 -0.678123 -1.207542 -0.425563 -0.232748 -0.310628 -1.546368 0.305348 0.605840 -1.524430 -0.205461 -0.202883 0.131117 -1.144292 -1.028139 -0.039401 -0.455371 0.841285 -1.294123 
0.855158 -0.166622 1.536821 -0.762520 -0.575536 0.543383 -0.288301 0.227203 -2.399814 1.025583 0.491336 -0.661471 -0.110417 -1.060298 -1.253050 0.350314 0.508557 -0.520078 -1.870696 0.804368 -1.428521 0.279779 -0.143749 0.748056 -0.392608 0.551467 -0.609701 1.503174 0.771364 0.267621 1.086944 1.929165 0.014884 0.776027 -0.110750 -0.957949 0.462589 0.156097 0.751669 0.299495 -0.518035 1.003361 0.356378 -0.843289 0.642330 -1.770915 -0.505127 0.027625 0.867630 -0.374741 0.382610 0.088543 0.327778 0.438335 -0.349737 0.084908 -0.692540 -0.056898 -0.094792 -0.973382 0.075320 0.501167 0.729865 -0.402607 
0.386540 0.504142 0.869871 -1.733457 -0.222630 0.049011 0.264711 -0.679021 -1.740932 -0.435622 0.651980 0.926678 -0.105944 -0.631196 -0.816080 -0.057683 1.104881 -0.083067 -2.108793 0.338020 -0.984888 -0.137462 -0.419388 1.350385 -0.444517 0.516270 -1.221998 0.654487 0.053591 -0.995798 -0.339215 -0.321332 0.282247 0.972460 -0.858817 -0.243125 -0.241555 0.863058 0.297760 -1.035961 -0.866013 0.106878 1.786144 -0.535977 -0.181545 -1.192562 -0.838574 0.535631 -0.367887 -0.351359 -0.375655 0.736999 0.815085 0.685785 0.237442 -0.054943 -0.685700 0.000969 0.210702 -0.203919 -0.114618 0.098744 0.147688 0.034764 
-0.549902 -0.713818 1.416746 -0.763927 0.275563 -0.443669 -0.563130 -0.396847 -1.278202 -0.683852 -0.701750 -0.047393 -0.242347 -0.093260 -0.247126 0.067238 1.062252 0.828814 -1.936479 0.665916 -0.169159 0.553205 -0.473698 0.998410 -0.726872 1.394547 -0.117718 0.580442 0.529184 -0.902920 0.206437 -0.214958 0.696782 0.622682 -0.420416 -0.234333 -0.460149 0.882250 0.334482 -1.076208 -0.871532 -0.955122 0.505996 -0.209370 -0.377598 -0.380615 -0.097328 1.288381 -0.695591 0.082991 -0.032079 0.484826 -0.180543 0.655631 0.989595 0.245398 -0.326909 -0.247487 -0.254426 0.103493 -0.601157 0.204851 1.548157 -0.052287 
0.406445 -0.081164 0.977392 -0.925259 0.398739 -0.668685 -0.910659 -0.500913 -0.119166 -0.261538 0.520079 0.578059 -0.455425 -0.091772 -0.228160 0.806687 0.218894 -0.370922 -0.879737 0.935774 -0.889819 -0.312496 0.251416 0.430380 0.730809 1.234048 -0.201618 1.522355 -0.294128 -0.587526 -0.632246 0.430970 0.009454 0.591488 -0.681705 0.023058 -0.651993 1.435610 -0.164832 -0.453121 -1.227552 -1.775125 0.196876 0.091390 -0.523682 -0.181039 -0.171254 0.425240 -0.388487 -0.230528 0.132342 0.080819 0.144859 0.261731 0.175291 0.649799 -0.322833 -0.533717 -0.515877 0.322173 0.204248 0.105748 1.789741 -0.130301 
0.430961 -0.389226 0.155523 -0.407212 -0.533705 0.430635 -0.866525 -0.378687 -0.075646 0.093036 0.276376 0.969061 -0.613010 0.043943 -0.440998 0.081786 0.530126 -0.601360 -0.256361 0.444435 -0.328149 0.294044 0.077471 0.705625 0.357156 0.780648 -0.453811 0.729913 -0.345118 -0.688947 -0.379800 0.205446 -0.291660 0.312873 0.265683 0.049817 -0.652773 0.254218 0.480537 -0.582447 -1.230493 -1.263090 0.057059 -1.051384 -0.177102 -0.516744 -0.265989 0.724926 -0.598481 -0.110904 -0.627501 0.191141 -0.370083 0.473604 0.221348 0.230051 -0.568532 0.227960 -0.533299 0.521729 0.513932 0.299749 0.968377 -0.532152 
0.203009 0.302310 0.549141 -0.844045 -0.423573 0.200425 -1.047521 0.036245 -0.247969 0.241007 -0.484016 0.472830 -0.198697 0.024728 -0.012153 -0.378173 0.345811 -0.722647 0.023785 0.086351 0.182469 -0.360547 0.088353 -0.277075 0.418661 0.785137 -0.098329 0.112744 0.053505 0.169669 -1.001625 0.576964 -0.282340 0.855740 0.120036 -0.628499 -0.738221 0.799497 0.778844 -0.196094 -0.322108 -1.022948 0.681206 -0.534242 -0.081780 -0.454852 0.386106 0.063263 0.034194 0.564049 -0.119623 0.653096 0.077718 0.042747 0.149722 0.435524 -0.259441 0.118134 -0.032370 0.013912 -0.172574 0.474992 0.516183 -0.138225 
0.232046 0.187108 0.197267 -0.463579 -0.249691 0.130506 -0.453511 0.265707 -0.292883 -0.160757 -0.140370 -0.217978 -0.015578 0.178624 0.041785 -0.386808 0.042718 -0.258602 0.134819 -0.062371 0.389439 -0.315272 -0.027413 0.033311 0.431667 0.149352 0.393301 0.064227 0.203511 0.180294 -0.173095 0.355728 0.032573 -0.105524 -0.361278 -0.757331 -0.220352 0.716639 -0.062060 -0.118502 -0.060722 -0.757346 0.766966 -0.400391 -0.685644 -0.225937 0.698755 0.045790 -0.200764 0.133637 -0.012213 0.678972 0.241303 -0.232770 -0.060393 0.420191 -0.204578 -0.555048 0.005851 0.111811 0.031139 0.134879 0.528176 0.191230 
0.037188 -0.326948 0.065674 -0.358109 0.476423 0.441655 0.153508 0.289820 0.193043 -0.092467 -0.004668 0.020031 -0.116139 0.038081 0.128614 -0.118906 -0.247879 -0.244234 0.347297 0.068089 0.331823 -0.157016 0.118913 0.502875 0.185416 -0.098538 0.017354 0.157896 -0.195072 0.125668 0.049677 0.296918 0.007797 -0.154716 -0.144348 -0.443887 -0.157426 0.124689 -0.139001 -0.152415 -0.152228 -0.553026 -0.140746 -0.101553 -0.132598 0.179405 0.110249 0.005397 -0.170386 0.620712 -0.146722 0.376672 0.246988 -0.212845 -0.032139 0.248535 -0.072143 -0.206597 -0.121310 0.558978 -0.080243 -0.171113 0.655018 0.076922 
-0.066228 0.018332 -0.079523 -0.101275 -0.106706 0.123853 0.063509 0.199157 0.032520 0.033064 0.087534 0.032208 0.042893 0.193159 0.041546 0.020917 0.047016 0.122053 0.078052 0.054348 0.259608 0.212120 0.140426 0.022792 0.129605 0.029375 -0.042414 0.008276 -0.047190 0.021632 0.087016 0.189504 -0.066783 -0.073606 -0.034423 -0.215688 -0.051212 0.056660 -0.176970 -0.017173 -0.095672 -0.172547 -0.002364 -0.053713 -0.045991 0.013101 0.023827 0.018365 -0.064842 0.055394 -0.060507 0.221774 0.121705 -0.066449 -0.060439 0.050779 -0.022320 -0.205222 -0.065967 -0.005092 0.062256 0.024831 -0.060611 -0.036247 
0.043700 -0.055403 0.021628 0.000757 0.016562 -0.036682 -0.035551 -0.019323 0.026616 0.070134 -0.061242 -0.074529 -0.108716 0.008482 -0.002639 -0.019777 0.032305 0.082151 -0.037224 0.066440 0.090827 -0.016146 -0.017486 -0.007585 -0.087618 0.013559 -0.009847 0.051983 0.051929 0.003176 -0.062559 -0.018260 0.057989 -0.084380 -0.068086 0.050838 0.027540 0.029634 -0.059456 -0.061274 -0.000298 -0.005245 0.015852 -0.053551 -0.047985 -0.038255 0.039344 0.023984 0.015762 0.029756 0.013085 0.062063 0.041151 0.014310 0.012520 0.068140 -0.005216 -0.049716 0.024962 0.041715 -0.004969 -0.012440 -0.056416 -0.018422 
0.022356 -0.065257 0.057249 0.015124 -0.076224 0.033898 -0.051980 -0.011621 0.066541 0.079162 0.067264 0.034303 0.043963 -0.073701 -0.035542 0.035236 -0.059021 -0.059826 -0.013865 0.078321 -0.014892 -0.061131 0.028648 0.054335 0.021535 0.073846 0.006267 0.021534 0.048838 -0.048329 -0.007957 0.066478 -0.050657 0.083580 -0.039915 0.021044 0.031320 0.024774 0.044172 -0.006632 -0.010489 -0.035707 0.038772 0.040558 0.016852 0.035699 -0.083476 -0.006461 -0.056901 -0.077375 -0.064452 -0.033240 -0.028856 0.001995 0.027180 -0.056887 -0.057533 -0.072935 0.022266 -0.059497 -0.053649 -0.066321 -0.069914 -0.026457 
0.043465 -0.024429 -0.033214 -0.080469 -0.025061 0.063833 -0.029423 0.027628 0.052333 0.046133 -0.006407 0.052445 0.020380 0.054708 -0.052223 -0.076833 0.002026 0.068049 -0.056168 -0.074444 0.062927 0.066622 -0.069555 -0.045540 0.032825 0.083273 -0.015774 0.012163 -0.030365 0.007066 -0.006178 -0.003989 0.052847 -0.076335 -0.076593 -0.053942 -0.042618 0.008904 0.064274 -0.028609 0.009722 -0.081517 -0.051443 0.012386 -0.005207 0.054730 0.033349 0.011472 -0.075605 -0.058462 -0.046372 -0.031078 -0.027716 -0.040092 -0.019856 -0.042807 0.035515 -0.007960 -0.019837 0.072786 -0.018282 0.047958 -0.006998 0.062103 
-0.001941 -0.006868 -0.179652 -0.062168 0.001282 0.079472 -0.079780 0.013270 -0.088600 0.062861 0.112871 -0.001284 0.012791 0.060562 -0.055070 -0.023048 0.036952 0.001621 -0.141858 0.055770 0.002772 -0.135844 0.018305 -0.052308 0.128106 0.039535 0.076972 0.081536 0.031097 0.015124 -0.064103 -0.095697 0.076218 -0.011095 -0.087615 0.024453 -0.042516 0.070533 -0.052577 -0.022453 0.054743 -0.011336 0.122075 -0.088502 0.042513 0.012544 -0.054160 -0.104068 0.072951 -0.077500 0.053026 -0.093939 0.078138 0.021467 -0.044510 -0.055820 -0.008426 -0.000842 0.057455 -0.064178 0.107735 -0.037635 -0.101868 -0.103081 
0.167220 0.261762 0.064670 -0.034483 0.115263 0.170125 0.364422 0.342545 -0.017867 0.021936 0.436389 0.154822 -0.017281 0.010899 -0.109120 0.006624 -0.349183 -0.377852 0.078820 -0.158037 -0.026165 -0.472668 0.395002 0.129941 0.539238 0.107643 0.135484 0.265122 0.326781 -0.025864 -0.268722 0.348507 0.189665 0.332681 -0.338031 -0.124051 0.480163 0.322635 -0.063259 -0.443363 -0.205075 -0.331407 0.792483 0.140678 -0.316331 -0.229090 -0.925389 0.055810 -0.179355 -0.093266 -0.093260 -0.073674 -0.032137 -0.506696 -0.058471 -0.187272 0.118468 0.117996 0.079788 0.154586 0.124943 -0.009619 -0.051721 -0.023726 
0.636440 0.071043 0.302253 -0.261898 0.152948 0.467158 0.043442 0.420256 0.299233 0.081681 0.221815 -0.053352 -0.053605 -0.001912 -0.715059 -0.084049 -0.276545 -0.596421 0.232060 -0.177975 -0.150729 -0.228030 0.612717 0.429144 1.095143 0.148041 0.443741 0.234142 0.551913 0.071234 0.111379 0.877436 -0.283443 -0.116975 -0.342789 -0.790407 0.950427 0.200651 -0.019613 -0.656553 -0.103865 0.100526 0.963137 0.030217 -0.087081 -0.323968 -0.408623 0.096897 -0.217943 0.246031 -0.544131 -0.081065 -0.222483 -0.284358 0.383911 -0.372943 0.364462 0.074145 -0.563407 0.662331 -0.205458 0.187982 0.500946 0.170194 
0.838460 0.298047 0.184494 -0.303456 -0.098240 0.297083 0.422467 0.965090 0.894110 -0.174790 -0.039564 -0.299227 -0.238961 -0.088794 -0.746965 -0.021823 0.605516 -0.105877 0.352507 -0.385309 -0.762820 -0.504520 0.629883 0.613143 0.258241 0.139645 0.551028 0.145163 0.412920 -0.157445 0.310631 0.723277 0.190369 -0.945773 -0.242590 -0.849618 0.821416 0.080214 -0.482521 -0.705110 -0.444843 -0.413786 0.478398 0.325341 0.463843 0.104793 1.099726 -0.261794 0.338390 -0.226072 -1.867590 -0.105356 -0.503482 -0.027976 0.434026 0.018252 -0.028685 0.223077 -0.966585 0.480289 0.026580 -0.360039 0.219456 -0.279779 
0.222965 1.115848 -0.121075 0.303487 -0.184054 0.208936 0.312206 0.863369 0.816215 -0.782528 -0.718522 -0.112760 -0.551806 -0.459115 -0.812315 -0.321213 0.451538 -0.021371 0.663240 -0.517721 -0.729546 0.256270 0.659748 0.667566 -0.695309 0.015150 -0.151502 1.244016 1.338512 -0.185333 0.607190 0.266336 -0.368844 -0.826081 -1.276488 -0.800202 0.718184 0.060748 -0.565264 -0.876102 -0.623178 -1.095601 0.619771 -0.407044 -0.092614 -0.660034 0.854090 -0.380361 0.098109 -0.411987 -0.960724 0.178330 -0.880735 -0.757459 0.151075 -0.602238 -0.526019 0.202211 -0.980908 0.954132 0.126750 -1.000856 1.094102 0.152268 
1.022739 1.102745 -0.177974 -0.374592 0.328055 -0.584520 0.281748 0.905550 -0.869578 -1.368064 -0.210484 -0.430744 -0.961921 -0.795775 -0.774348 -0.354127 0.277162 0.093656 1.487357 -0.066071 -0.635857 1.082799 0.420994 1.061164 -0.835467 0.404115 -0.223167 0.750624 1.020114 -0.133615 0.548902 1.133859 -0.119367 -0.546935 -1.712184 -1.417809 0.962230 -0.059406 0.143417 -0.873898 -1.419728 -0.249249 1.461229 -0.267665 0.211202 -0.718369 0.125203 -1.147319 0.264376 -0.323767 -1.090637 0.311271 0.376645 -0.527046 0.198333 -0.151723 -1.228486 -0.152783 -1.418732 0.847964 -0.091459 0.099912 0.060607 -0.459036 
0.261854 0.154299 0.000659 -0.670936 0.105649 -0.043149 0.592026 1.136810 -0.897902 -1.792015 -0.930760 -0.348170 -0.964250 -0.695878 -0.803926 0.361968 0.130836 0.534804 0.727643 -0.877353 -0.310745 -0.030463 0.788644 0.796015 -0.457083 -0.484946 -0.693569 -0.077372 0.593590 0.161615 -0.272314 0.781433 -0.077471 -1.565665 -1.251910 -1.735020 1.608206 -0.039018 0.381749 -0.909486 -0.478870 0.487671 0.254174 -0.163694 1.050158 0.273680 0.828769 -0.671485 -0.062355 0.363035 -1.448254 0.185989 0.632118 0.154102 -0.118299 0.169671 -1.396998 0.296940 -2.602939 1.920858 0.016444 0.294418 0.167598 -0.561458 
0.586213 -0.164384 0.817534 -0.075784 -0.447968 1.193004 0.114690 0.869938 -1.120369 -1.293895 -1.043183 -0.256086 0.696303 -0.805622 -1.714410 0.181992 -0.278251 0.115240 0.866270 -1.612813 -0.032234 0.036581 0.452517 1.177649 -0.824729 0.429576 -0.434634 -1.293135 0.468733 0.606455 -0.655352 0.011355 -0.674776 -1.447343 -1.118517 -1.477015 0.648141 -0.316221 -0.287957 -0.279459 0.643071 -0.071063 0.136803 0.238802 0.499610 0.290954 0.212082 -0.068061 -1.229179 0.967979 -1.882741 0.511259 0.298471 1.158494 0.383238 -0.794472 -2.282467 1.171474 -3.418474 3.191962 0.073018 0.758464 0.012323 0.457719 
1.120683 -1.202948 0.462079 0.517230 0.680303 0.042368 -0.204636 1.215612 0.519364 -0.717165 -0.749361 -0.386014 -1.000760 -0.536195 -1.729093 -0.849969 -0.358776 0.736584 0.310030 -0.942731 -0.457755 -0.542205 0.381542 0.295780 -0.945953 0.166412 -1.160037 -2.757555 -0.270416 0.888829 -0.017178 0.535938 0.726933 -2.529573 -0.645030 -1.360978 -0.664753 -1.143957 -0.784498 -0.017022 1.811257 -0.348879 -0.239318 0.545390 -0.069269 0.251798 -0.811746 0.338799 -1.530052 0.978356 -2.212378 -0.120890 -0.353756 -0.089703 0.519228 -0.920047 -2.040886 2.710276 -3.574347 0.939819 -0.309641 0.007665 0.378722 0.536423 
0.034360 -0.768734 -0.760729 -0.469376 0.666328 -0.509417 -0.283893 1.105038 -0.089621 -0.165524 -0.292414 -0.255268 -1.478503 0.322789 -0.602620 -1.101013 -0.159605 1.686458 -0.334548 -0.456217 -0.363107 -0.037038 0.142950 -0.054475 -0.164210 0.201784 -1.432503 -1.424041 -1.949473 0.084881 -0.500051 0.438781 0.295815 -2.887735 -1.207063 -1.168603 -0.979023 -0.667752 -0.685586 -0.863969 1.742953 -0.096550 0.568968 0.157105 0.337327 0.429557 -1.251084 0.155455 -0.796520 1.376279 -2.662980 -0.594969 -0.706230 -1.358837 0.644901 -0.689522 -1.219166 1.612823 -3.433970 -2.538281 -1.127191 0.732384 -0.931044 -0.200052 
1.612453 -2.001581 -0.027718 0.671976 1.042424 -0.218717 -0.287837 0.289639 1.088365 -0.800175 -0.862446 0.185180 -0.560633 0.677702 -0.680734 -0.799636 -0.527127 1.035848 -0.086405 -1.163181 0.408252 0.673943 0.050256 0.039338 0.492571 0.719523 -0.130334 0.000352 -1.705928 0.051318 -1.143848 -0.946564 0.066556 -1.948342 -1.443271 0.917412 -1.164852 -0.343205 -0.742169 -1.793907 1.699172 0.000976 -0.178102 0.614651 0.386343 -0.119630 -1.591575 -0.559801 -0.405434 2.826746 -2.583907 -0.375806 -0.410472 -1.229777 0.128173 0.275238 -1.634573 0.695136 -3.377857 -3.693210 -1.031086 -0.570562 -0.445583 -0.720462 
0.671785 -0.498304 -0.416968 1.318674 0.963560 -0.179315 -0.656398 -0.191492 1.096710 -2.063647 -0.068871 0.255666 0.348468 0.272959 0.175094 -0.696208 -0.061493 1.593174 -0.830025 -0.813380 0.183230 -0.079517 0.454817 0.029574 0.798053 1.357754 0.285743 -0.156648 0.222968 -0.045210 -1.881667 0.557256 -0.529607 -2.339546 -1.347139 1.238147 -1.213367 0.939859 -1.143256 -0.742523 -0.886571 -0.761440 0.184559 1.037783 0.038095 -1.091542 -0.457911 -1.484863 0.150325 0.274064 -2.579528 0.660408 -0.053142 -0.805497 -0.132840 0.563495 -1.114412 -1.764385 -2.119384 -1.173757 -0.443701 -0.649331 -0.048279 -0.252937 
0.326866 0.007554 0.370177 -0.186931 0.448423 -0.215451 -0.262379 -0.503216 -0.354084 -1.570904 0.075329 -1.422292 -0.078742 -0.484694 0.135749 0.128028 0.200297 1.153240 -1.116066 -0.512663 0.108876 0.644797 0.727131 -0.528855 0.176859 0.810806 -0.514055 0.258773 1.681032 -0.656468 -1.457496 1.226062 -1.305875 -2.315706 -0.788597 0.644313 0.073939 -0.162992 -1.276282 -1.219737 -1.539345 0.128006 -0.320087 0.602347 -0.633539 -0.997528 -0.724577 -1.360500 -0.143641 -2.681071 -0.776474 0.548733 -0.182707 -0.328489 -0.639020 0.136244 -0.191844 -2.113679 -0.726790 -0.136191 -0.992565 0.203880 1.657639 0.293900 
0.488996 0.114305 -0.395720 -0.952022 0.100342 -0.793302 0.699955 -0.391916 -0.816186 -1.250961 -0.114500 -0.959591 -0.730032 -1.152400 -0.556296 0.826219 -0.325708 -0.558100 -1.009299 -0.558862 -0.529305 1.340559 0.507952 0.177682 0.342488 0.135117 -0.594625 0.062299 -0.196036 0.046159 -0.080665 0.927741 0.264913 -1.564607 -0.284652 -0.977428 0.537791 0.037125 -1.626937 -0.841659 -0.288141 0.507428 -0.831560 0.450343 -0.416677 0.095671 -1.061069 -1.472531 0.247356 -1.695444 -0.472981 -0.601069 0.249726 -0.306624 -0.488423 0.568619 -0.229034 -0.037670 -1.009325 -0.607610 -0.675706 -0.381924 1.975465 -1.072581 
0.734819 1.034308 -0.229343 -0.549181 0.060267 -0.035209 0.264084 0.196439 -1.529397 -0.163662 -0.120227 0.555429 -0.980547 -1.474637 -0.054152 0.188101 -0.589368 -0.297945 -1.104047 -0.876492 -1.639367 0.144773 0.184977 -0.224920 0.061568 0.685703 -0.102448 0.925765 0.067631 -0.036729 2.245474 1.564942 1.047176 0.032331 0.459095 -0.777145 -0.016814 -0.476107 -0.163487 -0.925605 -0.432890 0.326587 -0.890450 0.798493 -0.703076 -0.971843 -0.751292 -1.513321 -0.831284 -0.307506 -0.371590 -1.071064 0.775456 0.230257 -0.764025 -0.203643 0.197276 -0.253140 0.262680 -0.541894 -0.152474 -0.255536 1.401923 -1.045798 
0.156997 -0.172262 -0.745647 -0.003653 0.131151 0.338871 -0.465555 0.354022 -1.291717 0.593200 0.244524 0.473450 -1.476935 -1.271444 -1.318556 -0.249232 0.053430 -0.579846 -1.680118 -0.107855 -1.045294 0.127584 -0.484248 -0.287061 1.055001 0.436336 -0.587989 1.323942 0.487963 -1.168652 1.702446 1.593118 0.875846 -0.038418 -0.295711 -0.666749 0.412674 -0.098971 0.801151 -0.186222 -0.457014 0.136671 -0.227556 0.854899 0.318408 -1.466541 0.109001 -1.089129 0.502195 -0.011413 -0.452539 0.000954 0.874848 0.832426 0.639010 0.421205 -1.123649 0.520013 -0.893989 -1.564825 -0.611988 0.267363 1.164511 -1.155247 
0.109857 -0.275353 0.609351 -0.390177 0.367767 0.257759 -0.997552 -0.063835 -0.580525 0.300967 0.808329 -0.096015 0.047484 -0.608012 -1.307947 0.390719 -0.164788 -0.398703 -1.855864 -0.690607 -0.120413 -0.352786 -0.387995 1.091864 0.158400 0.344995 -0.584099 0.252952 -0.136225 0.498176 1.089804 0.111049 0.588184 0.754997 1.030933 -0.605873 -0.401914 -0.539673 0.381602 -0.718221 -0.528696 0.450529 -0.303571 -0.248994 0.299270 -0.997802 -0.954779 0.113906 0.593529 -0.382631 -1.072465 0.354698 0.737249 0.190997 0.567771 0.099447 -0.882773 -0.792133 -1.109836 -0.276437 0.433876 -0.160968 1.346977 -0.461812 
-0.207818 0.410919 0.268139 -0.880038 0.403104 0.489049 0.949125 -0.027180 -0.987623 -0.196769 0.256413 1.144617 -0.351040 -0.569551 -0.706606 -0.376978 0.350457 -0.231913 -1.539731 -0.530365 -0.496761 0.009642 0.134008 0.969112 -0.172485 1.213819 -1.059431 1.064122 0.056014 -0.383234 0.004260 -0.708845 0.708194 0.787906 -0.023799 0.118059 -1.159599 -0.845487 0.169845 -1.162482 -0.888065 -0.089059 0.363478 -0.887395 -0.123480 -0.956051 -0.884474 0.778437 -0.564212 -0.966014 0.098157 0.446814 0.634026 0.933210 0.309365 -0.697217 -0.983556 0.229961 0.283182 -0.562561 -0.259873 -0.229099 1.792111 -0.554240 
-0.519512 -0.001063 0.875957 0.117121 0.568040 -0.052617 0.184302 0.062314 -0.229407 0.622362 -0.276467 0.773104 -0.429867 -0.075828 0.011811 -0.570173 -0.011838 0.842103 -0.147768 -0.468910 -0.285603 0.013767 0.166374 0.037650 -0.353429 0.776492 0.494116 0.433911 0.183560 -0.568425 -0.427041 -0.760524 0.345230 0.673336 0.508971 -0.103098 -1.476616 -0.102865 0.192002 -0.383915 -1.313685 -0.901105 0.234104 -0.483693 -0.340984 -0.342928 -0.757225 0.663561 -0.536231 0.022725 0.491255 0.512612 -0.275082 -0.000725 0.487183 -0.616388 -0.730811 0.103966 -0.195405 -0.182955 -0.124759 -0.624677 1.454341 -0.478879 
0.138143 -0.072583 0.303336 -0.660609 0.433820 0.072878 -0.627823 -0.340160 -0.370857 0.051780 -0.320882 0.501891 -0.060206 -0.097362 -0.115689 0.070073 -0.249715 -0.454354 0.487241 -0.467341 -1.080031 -0.717528 0.117385 -0.078470 0.090885 0.757580 0.021997 0.842806 -0.436046 -0.274247 -0.329267 -0.138349 0.527532 0.728652 0.351001 -0.375043 -1.041100 0.527259 0.195046 -0.260027 -0.993982 -1.266116 -0.086240 -0.554348 -0.306073 -0.010064 0.018927 0.846595 -0.045412 0.503786 0.642262 0.099100 -0.334267 -0.029763 -0.107449 -0.094553 -0.549991 -0.287116 -0.533542 -0.356296 0.737586 -0.453478 1.124661 -0.661139 
-0.088542 -0.199618 0.050392 -0.578829 -0.131919 0.388744 -0.345352 -0.214018 0.323686 0.490424 -0.174815 0.684694 -0.675926 -0.032050 -0.297895 -0.486490 0.464663 -1.439579 0.361663 -0.382427 -0.241863 -0.417478 0.081599 0.533589 0.133730 0.228615 0.017958 0.741527 -0.442106 -0.785131 -0.643598 -0.735680 0.444353 0.353243 0.497576 -0.062271 -0.731614 -0.083618 0.900416 -0.620467 -0.750653 -1.413526 0.199313 -1.331021 -0.406804 -0.080366 0.005471 0.474717 -0.380243 -0.272732 -0.121152 0.391124 -0.801404 0.085381 0.061654 -0.072536 -0.628803 0.481022 -0.208883 0.389917 0.674852 -0.353599 0.422304 -0.634408 
0.004719 -0.070549 0.366677 -0.578165 0.088697 0.223879 -0.785776 0.379032 0.266434 0.313985 -0.968116 0.263986 -0.385506 -0.179073 -0.236746 -0.967552 0.453942 -1.253118 0.695732 -0.418159 0.511552 -0.568511 0.377264 -0.087318 -0.110776 0.344053 0.677747 0.234719 -0.073366 0.300029 -1.295172 -0.232481 0.017105 0.538524 -0.258767 -0.240347 -0.455019 0.340556 0.470184 -0.718987 -0.335834 -1.263684 0.559941 -0.453643 -0.246430 -0.103590 0.503270 -0.634549 -0.086202 0.271660 -0.248837 0.643804 -0.147008 0.066575 -0.431130 -0.112535 -0.314660 0.374701 0.044260 0.482904 -0.335267 -0.095364 1.336233 0.132602 
0.151741 -0.297811 0.496768 -0.321089 0.350805 0.391345 -0.151340 0.562480 0.178186 -0.032220 -0.530413 -0.274740 -0.137611 -0.094423 -0.192991 -0.186242 0.130161 -0.634331 0.141528 -0.067970 0.678304 -0.265878 0.373743 0.149560 0.027153 0.077289 0.734444 0.332235 0.384038 0.141094 -0.279601 0.212420 0.203399 -0.125626 -0.373825 -0.438272 -0.221988 0.433289 0.049449 -0.586082 -0.128143 -1.083889 0.272825 -0.707406 -0.392548 -0.074868 0.469812 0.300783 -0.242236 0.042564 -0.114376 0.593544 0.367424 -0.110455 -0.052196 0.072336 -0.173440 -0.428040 -0.359783 0.183748 -0.029485 0.083775 1.173950 0.332412 
-0.007940 -0.344698 0.043145 -0.330216 0.629668 0.462665 0.148965 0.477246 -0.039020 0.018707 0.046296 0.082756 -0.098373 -0.064096 -0.034340 0.000506 -0.006872 -0.279021 0.221578 0.017317 0.113989 -0.123652 0.069263 0.317428 0.169980 -0.168138 0.153908 0.252519 -0.041134 -0.028767 -0.011914 0.038900 -0.054886 -0.046525 -0.024898 -0.392162 -0.094935 -0.123291 0.018815 -0.123378 -0.072827 -0.386828 -0.137539 -0.038700 -0.126142 -0.013807 -0.000253 0.002918 -0.125701 0.533019 -0.006388 0.388155 0.025173 0.010045 0.231372 0.100863 0.033899 -0.296633 0.030376 0.290494 -0.002723 0.124319 0.618912 0.137107 
-0.084416 -0.020728 -0.029230 0.042631 -0.085593 0.076113 -0.049429 0.089651 -0.086661 0.078671 0.001304 0.032956 0.077469 0.069942 0.027577 -0.038844 0.078472 0.084287 -0.019750 0.033195 0.099271 0.201550 0.014000 0.062169 0.003165 0.053148 -0.088688 0.028338 -0.019777 -0.072602 -0.042835 0.117932 -0.088078 0.068904 0.032908 -0.027412 -0.030756 -0.014799 -0.073157 -0.027098 -0.060762 0.012940 -0.009381 0.009667 0.010300 0.031356 -0.075422 0.016220 0.037351 -0.033922 -0.052680 0.032615 -0.018241 0.052177 -0.017576 0.085463 0.096263 -0.127191 -0.058204 0.043719 0.011755 0.060043 0.033290 -0.001573 
0.103224 -0.046843 0.001004 0.018942 -0.005429 0.081530 -0.064713 0.108639 0.065526 -0.064331 -0.067060 -0.040778 0.006083 -0.063846 0.067618 -0.047014 0.030724 0.063231 -0.054120 0.006405 -0.051607 0.009565 0.079019 -0.056218 -0.001141 0.078638 -0.043605 -0.079844 -0.047651 0.038374 0.025267 0.048186 -0.059006 0.030243 -0.031263 0.063753 0.071001 0.003862 -0.031201 -0.073521 -0.006892 -0.068485 0.039575 0.043344 0.009098 0.008072 -0.012518 0.023833 0.043497 -0.029553 -0.002458 0.018774 0.077010 -0.016932 -0.008320 -0.046965 0.056051 -0.051826 0.033760 0.069428 0.001236 0.080698 0.073251 -0.027627 
0.049038 -0.079351 -0.074592 -0.058019 0.018503 0.015727 -0.033447 0.015990 0.048233 0.003550 -0.033077 0.043597 -0.049419 -0.041137 0.073277 0.069586 0.070654 0.015545 -0.006534 0.053064 0.002544 0.033029 -0.065915 -0.064452 0.004251 0.083176 -0.082135 0.027501 -0.056735 -0.066639 -0.074566 -0.069011 -0.058062 -0.008577 0.025673 0.020412 0.078150 0.037610 0.079172 -0.002216 -0.054309 0.059749 0.029509 0.058707 -0.027767 0.021549 0.030654 0.026587 0.083982 0.020277 0.079095 -0.027486 -0.029786 0.018860 0.081395 0.033585 0.069704 -0.064119 0.025906 -0.081107 -0.038345 -0.048554 0.011529 0.021833 
0.012576 -0.038128 -0.028883 -0.102663 -0.066770 0.057880 0.015278 0.031358 -0.079505 -0.040353 0.074554 0.077577 -0.063838 -0.075258 0.057439 0.047786 0.107903 -0.030489 -0.029296 0.024227 -0.067177 -0.068581 0.039274 0.075793 -0.023943 0.057118 -0.034159 -0.046007 -0.030338 -0.081532 -0.024784 -0.049329 -0.040867 -0.060009 -0.008123 0.007830 0.005368 0.047061 0.072877 -0.059777 0.056946 -0.075476 -0.027399 0.041010 0.016840 0.053490 0.004350 -0.066148 0.106656 -0.084306 0.074258 0.017472 -0.077417 0.062246 -0.005948 0.076062 -0.093748 0.010063 0.011088 -0.075263 -0.045086 -0.072238 -0.089137 -0.052365 
-0.081874 0.095125 0.093177 -0.076184 -0.094459 0.080923 -0.072902 0.104244 -0.006748 0.079555 -0.164590 -0.013411 -0.003369 0.022333 -0.014486 0.014127 0.119022 -0.071290 -0.032829 0.079582 0.035299 -0.075320 0.039081 -0.052825 0.106231 -0.083143 -0.088722 0.066539 -0.082701 0.021280 0.038514 -0.111856 0.087364 0.095081 0.093587 0.075009 -0.034612 -0.047328 0.034185 -0.022674 -0.000643 -0.012262 0.033301 -0.004379 0.013676 -0.020800 0.005858 0.047066 -0.045189 0.033982 -0.013351 0.020632 -0.082317 -0.071654 0.028319 0.095590 -0.114637 0.033803 -0.054721 -0.044560 -0.195015 0.041614 0.115423 -0.073308 
0.006030 0.067122 0.133996 -0.073409 -0.093632 0.064306 0.288500 0.306826 -0.068207 0.073969 0.606728 -0.067809 0.017450 -0.061126 -0.351684 -0.044427 -0.353502 -0.476206 0.208258 -0.307372 -0.045886 -0.389392 0.139575 0.025646 0.417993 0.163127 -0.135945 0.159774 0.368029 0.323434 -0.327613 0.403876 0.114954 0.317718 -0.363404 -0.063221 0.588126 0.497776 0.154558 -0.342943 -0.102147 -0.087300 0.849774 0.037420 -0.269642 -0.052465 -0.665164 0.176617 -0.266156 0.032873 -0.025991 -0.094606 0.097528 -0.534003 -0.108792 -0.321208 0.201083 0.001469 0.164695 -0.246181 0.279764 -0.240716 -0.580306 -0.035625 
0.318227 0.011072 0.725095 -0.427316 0.111221 0.310774 0.757265 0.492844 -0.078828 0.208948 0.280534 -0.036324 -0.039345 -0.346385 -0.534258 -0.310758 -0.117868 -0.778229 0.226351 -0.298357 -0.266542 -0.397409 0.392944 0.344345 0.858012 0.303432 -0.015779 -0.101410 0.259941 0.059098 -0.226218 0.289853 0.043536 0.045679 -0.627727 -0.485694 0.609827 0.245552 0.317927 -0.840559 -0.203595 0.031709 0.488366 0.202564 -0.213114 -0.177243 -0.038167 -0.029023 -0.235751 0.229957 -0.018914 -0.037575 0.223227 -0.775696 0.063498 -0.438082 0.822432 0.069293 -0.262501 0.539889 -0.241558 -0.077125 0.185124 0.086302 
0.466360 0.371722 0.500213 -0.538288 0.345486 0.118880 0.667535 0.453127 0.178962 -0.135260 0.553781 -0.147038 -0.324906 -0.156616 -1.385911 -0.213416 0.336584 -0.596982 -0.047192 -0.754899 -0.707745 -0.318653 0.280769 0.772948 0.834476 0.128079 0.709642 -0.174421 0.145811 -0.173337 -0.365900 -0.158231 0.309662 -0.518896 -0.748911 -0.179830 1.048547 0.378724 -0.451364 -1.221113 -0.723342 -0.327732 0.196288 0.040157 -0.023949 -0.080036 0.646453 -0.254151 -0.026233 -0.329859 -0.752085 -0.137363 0.182295 -0.178578 0.015537 -0.279547 0.534708 0.883343 -0.578497 0.733055 0.054683 -0.596832 0.277847 -0.475890 
-0.169797 1.462028 -0.336976 0.021422 -0.135341 0.172726 -0.227295 0.277403 -0.032089 -0.600443 0.608121 -0.484977 -0.508529 -0.420288 -0.507422 -0.230124 0.045509 -0.921917 0.937882 -0.926365 -0.722021 -0.261026 -0.046480 0.463087 -0.159034 -0.547867 0.819267 0.061092 1.254034 -0.530277 0.184800 -0.650676 -0.171189 -0.404018 -0.451074 -0.412590 1.111790 0.728603 -0.093809 -1.526696 -1.023121 -0.610718 0.171412 -0.274835 -0.324495 -0.277946 0.968526 -0.098349 0.025208 -0.253189 -0.047018 0.153847 -0.093502 0.163788 0.458624 -0.237336 -0.026847 0.611556 -1.403269 1.035261 -0.416524 -0.174568 -0.080028 0.494372 
0.226329 1.290947 -1.097379 -0.901590 0.979880 -0.226157 0.062925 0.790872 0.171803 -0.947980 0.075567 0.284115 -0.681249 -0.210363 -0.295950 -0.651324 0.313079 -0.189681 1.317062 -0.913319 -0.755998 0.111041 0.261673 0.628676 -0.028685 0.062845 0.475017 -0.081201 1.064718 -0.164399 0.809491 0.171771 0.338082 -0.542716 -1.052244 -0.830340 1.026175 0.489223 0.131389 -1.643007 -0.560076 -0.309167 0.460611 0.101845 0.025292 -0.070070 -0.050459 -0.843643 0.162994 0.172200 -0.315767 -0.184580 0.033988 0.357721 0.194931 -0.016685 0.268674 0.570428 -1.193514 0.988903 0.098862 0.132765 0.274059 -0.078564 
-0.375023 0.594058 -0.063323 -0.675390 0.293394 -1.022502 0.616893 0.560025 -0.584972 -1.601575 -0.337327 0.131223 -1.067022 -1.013026 -0.151009 -0.092960 0.173162 -0.126663 -0.113209 -0.882145 -0.487395 0.158148 -0.328136 0.302918 0.136366 -0.923626 -0.124370 -0.561532 1.261873 -0.204666 0.534823 0.449976 -0.053521 -0.663645 -0.538478 -0.516168 1.213807 -0.068754 0.084356 -2.286677 0.427572 0.019394 -0.518192 0.351892 0.050369 0.875501 0.555199 -0.615562 -0.353287 0.527934 -0.038211 -0.190676 0.506509 -0.115229 0.092984 -0.387991 -0.234563 0.534223 -1.633875 1.144693 0.089883 0.310638 -0.025336 -0.530958 
0.326501 0.146255 -0.243897 -1.101087 -0.129269 -0.380837 0.198876 1.087641 -0.735966 -1.983509 0.109123 0.034348 0.655013 -0.568452 -0.846240 -0.543521 -0.529480 -0.627358 0.131989 -1.262580 0.062340 -0.382916 -0.127775 0.700731 0.604340 -0.082342 -0.233112 -1.295955 0.527570 0.593971 -0.491052 0.308674 -0.407004 -0.297929 -0.487188 -0.528862 0.602909 -0.090681 0.614995 -1.775627 0.306442 -0.780243 0.333610 0.997561 -0.786558 0.407974 -0.161229 0.080324 -0.952478 1.785842 -0.073616 0.241738 -0.420721 0.612893 -0.003938 -0.961405 -1.238301 0.351818 -1.515433 1.871214 -0.286726 0.499807 -0.480147 0.292811 
0.642422 -0.129142 -0.303211 -0.190692 0.702025 0.115645 -0.277453 1.227757 -0.049433 -2.655729 -0.580576 -0.046566 -0.046800 -0.786428 -1.184107 -1.265972 -1.061170 -0.755130 0.472873 -1.274470 -0.120665 0.159155 -0.178406 0.881124 0.228958 0.593268 -0.784649 -1.133675 0.020914 0.609575 -0.371591 0.285996 1.280713 -1.079384 -1.304686 -0.933611 0.862126 -0.771042 0.342384 -1.346776 0.327598 -1.391624 0.447874 0.820327 -0.534514 0.585713 -1.640169 -0.051602 -1.677600 2.266002 0.296854 -0.243246 -0.662176 0.075869 0.313195 -0.281002 -0.553258 1.507063 -1.687158 -0.368655 -0.535997 0.523411 0.051746 0.361956 
0.921160 -0.771674 -0.241727 0.273678 0.776921 0.629338 0.147549 1.822043 -0.060731 -2.546113 -0.629094 -0.857606 0.492544 0.055371 -1.101515 -1.774553 -0.702528 -0.483367 1.637160 -0.907022 -0.299230 0.746274 -0.380619 1.026500 0.700024 0.761007 -1.427523 -0.212477 -0.449436 0.323614 -0.838946 0.165236 1.015205 -0.354073 -0.795490 -2.104583 -0.178722 -1.057231 0.330799 -1.461100 1.517421 0.030992 0.756173 0.156737 -0.424169 0.238349 -1.219510 0.378914 -0.769260 1.619557 0.294248 0.088362 -0.225144 -0.394761 0.238434 1.117010 0.216970 1.228991 -2.352620 -3.465044 -0.926253 0.608675 -0.470373 0.303195 
1.405341 -1.186639 0.787878 1.469340 1.002461 -0.773201 0.110911 0.443031 0.051549 -1.781440 -1.846585 -1.296446 -0.409733 0.512432 -0.013427 -1.819125 -0.516878 -0.484479 1.118106 -1.143565 0.502229 1.136955 -1.094739 1.174801 -0.122295 -0.070961 -0.531216 -0.662411 -0.863721 -0.959707 -1.399855 -0.542274 -0.127097 -0.949714 -0.670720 -1.211956 -0.466562 -1.447137 0.208825 -2.214504 1.519507 -0.367583 0.630354 -0.071636 -0.562756 -0.543173 -0.232805 0.127829 0.324879 0.346312 0.065545 0.670281 -0.963893 -0.426425 -0.220165 1.097135 -1.026473 -0.473636 -2.347278 -2.858171 0.095206 -0.639836 -1.047896 -0.426546 
0.191817 -1.054229 0.159792 0.515380 0.908811 0.084047 0.242550 -0.065392 1.037652 -1.527871 -0.617474 -1.250926 0.175543 0.224236 0.107166 -0.613580 -0.474403 -0.696593 0.850952 -1.367399 -0.062924 -0.264811 -0.791357 -0.339018 0.315090 0.560193 -0.352535 -0.650936 0.792824 -0.932607 -2.043993 -0.242202 -0.116398 -1.878773 -1.414356 -0.255683 -0.041746 -0.148254 -0.994327 -1.856312 -0.292304 -0.653498 0.651479 0.798444 0.004921 -1.118615 0.431333 -1.100192 0.007060 -1.094155 -1.092029 0.812237 -0.704132 -0.616518 -0.432800 -0.188623 -0.688488 -2.926754 -2.103611 -0.714632 0.076118 -0.331822 -0.954602 0.412464 
0.401079 -0.507599 0.041197 -1.010686 1.208676 -0.640970 -0.120006 -0.260185 -0.690196 -1.156751 -0.245021 -1.000006 0.596869 -0.194685 -0.171147 0.758427 -0.113220 -1.314670 -0.310388 -0.493642 0.075941 0.322226 -0.295506 -0.712236 -0.301779 -0.217732 -1.316888 0.120029 1.193872 0.001065 -0.748944 0.995793 0.367249 -1.827398 -0.087771 -0.182893 0.088683 0.001781 -1.628892 -0.623823 -1.459569 0.626390 0.012256 1.297882 -0.179318 -0.884619 -0.000510 -1.096591 -0.468681 -2.683219 0.063224 0.266953 0.212765 -0.208467 -0.403567 -0.090250 -0.560525 -1.626428 -1.300747 -0.881921 0.119432 -0.766857 0.317896 0.127915 
1.023588 0.359071 -0.037949 -0.655196 1.320688 -0.575210 0.395829 0.281016 -2.223989 -0.424105 0.050114 -0.644139 -0.343504 -1.960203 0.602311 -0.145151 -0.119194 -1.068645 -0.643896 -0.861720 -0.168573 0.744839 0.055234 -0.236799 0.008940 -0.479291 -0.198408 0.191759 -0.994457 0.117496 0.733109 0.195661 0.164435 -0.534343 -0.549395 -0.058620 0.086089 -0.058207 -1.619773 -1.355964 0.126856 0.428580 -0.323369 0.555022 -0.210289 -0.184670 -0.689422 -1.435220 -0.631905 -1.279800 0.312321 -0.103919 0.409518 0.297402 -1.349252 -0.637730 -1.085898 -0.323198 -1.124766 -0.554130 -0.613179 -0.773436 1.359247 -0.797670 
0.138554 0.274638 -0.263782 -0.431015 0.243341 -0.248067 0.073987 0.432092 -2.020462 0.144361 0.070181 1.286001 0.264657 -1.481398 -0.057987 -0.874767 -0.593025 -0.611060 -0.349129 -1.352223 -0.613491 0.102365 -0.158136 -0.402641 -0.588889 0.135297 -0.181255 0.059044 0.461505 -0.460907 1.585552 0.196256 0.795350 1.022096 -0.471623 -1.046349 -0.255010 0.799660 -0.181847 -0.695577 -0.111778 0.058026 -0.190198 0.120172 0.197137 -0.808990 -0.719691 -1.937407 -0.292569 0.042404 0.386290 0.160282 0.449234 0.194200 -0.289066 0.126454 -1.310217 -0.292842 1.078923 -0.610973 -0.995939 0.126031 1.766439 -0.593871 
-0.402354 0.397880 -0.023738 -0.576312 -0.356605 0.712540 -0.097720 0.546574 -0.671012 0.030673 -0.384440 0.688854 -1.001556 -0.847287 -0.954766 -0.151144 0.046332 0.020240 0.432669 -1.246863 -0.534039 0.193433 -0.036066 -0.336689 0.891377 -0.094758 -0.586867 -0.279391 -0.211205 -0.771630 -0.107080 -1.094040 1.154731 0.474666 0.609463 0.002419 0.293783 0.064460 0.555621 -0.511086 -0.689246 -1.011530 -0.193641 0.876065 0.353308 -0.619596 -0.710001 -0.998099 0.444026 -0.900946 0.121675 -0.464122 -0.433939 0.473183 -0.152607 0.833517 -1.409546 0.487524 -0.306131 -0.986290 0.317349 -0.073909 1.580431 -0.610352 
0.316624 -0.340193 0.563020 0.196844 -0.306176 0.024214 -0.182130 -0.095702 -0.028365 0.379822 -0.210813 0.613272 -0.342219 -0.534414 -1.962892 0.717549 -0.046106 -0.760980 0.108758 -1.763649 -0.440597 -0.209478 0.276507 0.398649 -0.450178 -0.612016 -0.397545 -0.454414 -0.058754 0.252376 0.616626 -1.845638 1.031060 0.753250 0.459043 0.506423 0.608393 -0.491588 0.084085 -0.678622 -0.656962 -0.177540 -1.267498 -0.645732 0.454332 -0.667035 -0.656828 0.643165 0.121334 -0.521237 0.401650 -0.215298 -1.084690 0.688383 -0.709782 -0.035316 -0.588818 -0.030439 -0.274291 -0.626361 -0.128685 -0.283915 1.263948 -0.507967 
0.047984 0.404100 -0.753388 0.142452 -0.636811 -0.404816 0.303798 0.268034 -0.448411 0.580208 -0.049717 0.163530 -0.668108 -0.541528 -1.150482 -0.454958 -0.362011 -0.642232 0.749611 -0.966096 -0.503873 0.154604 0.230770 0.279077 0.285985 -0.394246 0.013927 -0.530706 -0.090380 -0.343308 -0.170367 -0.908386 1.361649 0.046011 1.160332 0.257644 -1.353276 -0.883003 0.273366 -0.306379 -0.772449 -0.127618 -0.492985 -0.469428 0.077820 -0.690198 -0.213906 0.971767 -0.649529 -0.614639 -0.048311 -0.078602 0.378618 0.256199 -0.089729 -0.453927 -0.935311 0.492505 -0.290388 0.080433 -0.093414 -0.660779 1.341244 -1.272937 
-0.260176 0.211986 0.176167 -0.141129 0.025265 -0.008510 0.600399 0.404526 -0.359101 0.820412 -0.728779 0.428317 -0.506233 -0.307581 -0.454346 -0.135097 -0.793361 -0.471620 0.625645 -1.144189 -0.302681 -0.939606 0.031420 0.084161 -0.238483 -0.644474 0.424552 -0.032528 0.270773 -0.506314 -0.088151 -1.212772 1.139330 0.932761 1.858378 0.004575 -1.585528 0.561966 0.555241 -0.349037 -0.938891 -0.409308 0.139430 -0.112742 -0.276166 -0.305041 -0.357759 0.987131 -0.372111 0.131536 0.173953 0.106086 -0.532489 -0.303639 0.229237 -0.373834 -0.787132 0.323539 -0.358974 -0.877497 0.472545 -0.909372 0.473130 -0.990230 
-0.775166 -0.102572 -0.026256 -0.373086 -0.180320 0.253837 -0.324314 -0.282370 -0.511586 0.317245 -0.608565 0.022338 0.156768 -0.266750 -0.079164 -0.183258 -0.639098 -1.379692 0.528421 -0.837420 -0.660706 -0.715114 0.021985 0.193172 0.126059 -0.198192 0.112661 0.405844 -0.549972 -0.186239 -0.310522 -0.796323 0.888375 0.392832 0.877816 0.009559 -1.133837 0.873084 0.248621 -0.445442 -0.726970 -0.607043 -0.223046 -0.595668 -0.499381 -0.304577 -0.044370 0.392919 -0.525546 -0.028952 0.190134 -0.059380 -0.614756 -0.291283 -0.291200 -0.654649 -0.599235 -0.017408 -0.195276 0.110233 0.080608 -0.494419 0.293796 -0.957341 
-0.951761 -0.162460 0.319403 -0.255727 -0.039233 -0.113449 -0.460497 -0.408510 0.358770 0.620795 -0.727540 0.519208 -0.646612 -0.213982 -0.393876 -0.850377 -0.300992 -1.844658 0.435249 -0.999199 0.002747 -0.459887 0.050980 0.504229 -0.117062 0.139081 0.498078 0.340080 -0.022075 -0.553958 -0.560737 -1.620054 1.297369 -0.144909 1.049188 0.466247 -0.591535 0.224427 0.539023 -1.064971 -0.302388 -1.108193 -0.276632 -0.349436 -0.369810 -0.190662 0.128100 -0.165690 -0.389467 -0.368825 -0.380769 -0.268458 -0.428579 0.074231 -0.254949 -0.676179 -0.579464 0.387687 -0.036831 0.855005 -0.152804 -0.346655 0.779011 -0.254181 
-0.239074 -0.396233 0.506861 0.303269 0.284436 -0.207144 -0.020955 0.458383 0.700557 0.278614 -1.011027 -0.605781 -0.202946 -0.230495 -0.453295 -0.625954 0.079870 -1.277302 0.524618 -0.405368 0.138592 0.051801 0.729211 -0.306450 -0.451793 -0.186344 1.126925 -0.131974 0.335890 0.135244 -0.656060 -0.845350 0.345973 0.260184 -0.091621 -0.158689 -0.388218 0.329206 0.524813 -0.775752 -0.194770 -0.704268 0.460905 -0.309889 -0.063418 -0.486688 -0.130254 -0.614573 -0.217033 0.247029 0.027310 0.532271 -0.249891 0.140351 -0.603981 -0.242092 -0.383801 0.242659 0.025008 0.445494 -0.297568 -0.177996 1.286284 0.768024 
0.022719 -0.073844 0.767597 -0.205010 0.261859 -0.195179 0.293350 0.742628 -0.367638 0.144007 -0.731359 -0.317355 -0.137652 -0.119512 -0.178774 -0.114542 0.041724 -0.307831 0.206942 -0.084688 0.172977 0.127984 0.432519 -0.511812 -0.284650 -0.250000 0.525154 0.104253 0.496942 0.368504 0.044088 0.068103 0.249797 0.109051 0.081181 -0.457066 -0.230006 0.014260 0.533656 -0.313240 -0.180901 -0.267583 0.426369 -0.290497 -0.036430 -0.376632 0.109751 0.516897 0.016726 -0.162462 0.426583 0.727949 -0.042474 0.021560 0.352516 -0.069324 -0.145290 -0.351288 0.023661 -0.278947 0.150030 0.190003 0.295312 0.404428 
0.110764 -0.272250 0.103796 -0.248665 0.338571 0.032775 0.039497 0.430174 -0.135761 0.124189 0.040754 0.029239 -0.109570 0.103258 0.141003 -0.029979 0.048364 -0.064022 0.273508 -0.096949 -0.033446 -0.126767 0.150726 0.122371 0.099176 -0.189504 0.042287 -0.005785 0.214474 0.074585 0.018766 0.092596 -0.058417 0.004757 0.229738 -0.141049 -0.078122 0.117621 0.193277 0.006712 -0.106819 -0.205388 0.017388 -0.099443 -0.062595 -0.097102 -0.034835 0.106760 -0.058991 0.204314 0.037714 0.155520 -0.023192 0.042885 -0.020839 -0.052061 0.029211 0.041416 0.076089 0.109135 -0.077430 0.164860 0.264693 0.173534 
0.114895 -0.107598 -0.019782 0.006964 -0.054785 -0.008526 -0.037628 0.059846 0.008281 -0.038757 -0.039399 0.018352 0.092955 0.050231 -0.015251 -0.022817 0.040996 0.056728 0.058892 0.020724 0.076315 -0.144873 0.112715 0.007490 -0.044532 -0.001019 0.066236 0.046478 0.006597 -0.069182 -0.031159 0.058994 0.019261 0.047751 -0.051154 -0.139623 -0.054845 0.105145 -0.036813 -0.112403 -0.002046 -0.069825 -0.011102 -0.054599 0.042145 -0.020281 -0.017260 -0.114328 -0.109061 -0.019728 -0.098082 0.079779 0.043845 -0.047169 0.058365 0.077554 -0.065006 -0.066629 -0.074991 0.019880 0.059588 0.005137 0.058297 0.018424 
-0.000981 0.050753 -0.039889 -0.018934 0.076597 0.071561 0.073474 -0.044960 0.025720 0.011757 -0.028230 -0.084067 0.006205 0.013079 0.036506 0.011241 -0.044211 0.046565 0.014012 -0.060470 -0.028049 -0.033784 0.027955 0.013066 -0.046216 0.074841 -0.029583 0.065962 0.029760 -0.038554 -0.079356 0.080259 -0.014680 0.049837 -0.028908 -0.020596 -0.067245 -0.002719 0.063503 0.055641 -0.045690 -0.036409 -0.030740 -0.010571 0.075442 -0.035027 0.048626 -0.034806 0.011590 -0.006829 0.065170 0.035189 -0.057354 0.045509 -0.066460 0.041116 0.053946 -0.061682 -0.008088 0.055587 -0.060590 -0.033969 0.076692 0.095494 
-0.019266 -0.059785 0.065248 -0.000614 0.076851 0.053259 0.036419 -0.004844 0.028153 0.038139 -0.080922 0.082463 -0.041266 -0.040311 -0.026079 0.048408 0.061484 -0.012155 0.052977 0.008402 0.050343 0.043063 -0.072620 -0.051416 -0.034617 -0.074284 0.013742 -0.076979 0.022644 -0.044223 0.064914 -0.035177 -0.023301 0.046164 0.036327 0.031645 0.062085 -0.072266 0.020786 0.054127 -0.056186 -0.036507 -0.070064 0.071368 -0.069802 0.054641 0.021155 0.017110 0.037071 -0.054558 -0.080121 -0.017941 -0.021078 -0.056237 -0.072122 0.011246 0.050189 -0.019394 0.080409 -0.074607 0.084003 0.063138 0.069833 0.075747 
-0.013561 0.045117 -0.005077 -0.012323 0.028476 0.088643 0.002648 0.012564 0.066709 0.051651 -0.023499 0.078401 -0.003476 -0.066669 0.002274 -0.030909 0.033929 -0.013865 0.013438 -0.001845 -0.016676 0.001101 -0.036943 0.017425 -0.013522 -0.088319 -0.072937 0.060373 -0.017767 0.032517 0.033396 -0.075301 -0.001589 -0.005634 -0.075681 0.040739 0.015481 -0.051607 0.035498 -0.012429 0.069233 -0.029240 0.051642 -0.025944 0.065167 0.082829 0.034632 0.008254 -0.081398 -0.047755 0.005005 0.011921 0.058637 0.057911 0.011512 -0.083793 -0.062954 -0.031107 -0.018047 0.083525 0.043837 -0.080124 0.036489 0.044024 
0.015838 -0.063233 0.169369 -0.070678 -0.040007 0.163279 -0.030784 0.049208 0.000521 -0.013500 -0.077048 0.001700 -0.062965 -0.077128 0.040052 0.072911 -0.044387 0.030689 0.088160 0.086949 0.065460 -0.016327 -0.021231 0.013440 0.072453 0.010975 0.056651 0.010876 -0.062931 0.057768 0.080847 -0.068739 -0.046882 -0.029684 0.035969 0.039344 0.111068 -0.012470 0.140915 0.058528 0.005963 -0.063721 -0.098188 0.095021 0.014814 -0.021741 0.033485 0.046121 -0.033538 -0.082886 -0.019267 0.018079 0.041538 0.078834 0.095520 -0.031705 -0.011519 0.093637 0.075073 0.074845 -0.183512 -0.089804 0.013624 0.012188 
0.120220 -0.233846 0.201297 -0.239059 0.044349 0.631977 0.163269 0.458647 0.156699 0.085836 0.447848 -0.026338 -0.017972 -0.210224 -0.235624 -0.125952 -0.087233 -0.563430 0.503352 -0.161950 -0.041283 -0.730826 0.306049 0.314109 0.490602 0.114988 0.221696 0.070348 -0.030539 0.072737 -0.181980 0.139575 0.369678 0.200556 -0.215893 -0.064552 0.416958 0.286502 0.065924 -0.197390 -0.214571 -0.149193 0.384404 0.034589 -0.109172 0.010899 -0.526878 -0.027957 -0.123164 -0.011776 -0.047169 -0.072698 0.225692 -0.253226 -0.120346 -0.126493 0.059166 0.000025 0.112980 -0.043239 0.233981 -0.451749 -0.033138 0.013601 
0.389023 0.102689 0.721767 -0.467187 0.209942 0.289762 0.371791 0.548765 0.130721 0.381113 0.297519 -0.177939 -0.084759 -0.221166 -0.639485 -0.536108 -0.082394 -0.835666 0.981353 -0.443188 -0.286636 -0.857415 0.522495 0.142319 0.662643 0.104093 0.495360 -0.257012 -0.404173 0.399280 -0.197623 0.098929 0.530714 -0.094380 -0.374743 -0.112074 0.414304 0.059700 0.304388 -0.431526 -0.558893 -0.419744 0.109461 -0.164675 -0.295434 0.042631 -0.149725 0.119592 -0.384318 0.281536 -0.060033 -0.005356 -0.008995 -0.626610 0.008222 -0.301015 0.482673 0.299813 0.156276 0.115765 -0.581944 -0.437985 0.173959 0.097099 
-0.123460 0.194840 0.963448 -0.244783 0.419497 -0.006434 0.336016 0.418450 0.099226 -0.029453 -0.154308 -0.089836 -0.396783 -0.161674 -0.976664 -0.381971 -0.088994 -0.514616 0.617554 -0.730114 -0.724525 -0.342489 -0.130540 0.477333 0.507961 -0.381122 0.657251 -0.536850 0.286862 -0.273721 0.284861 -0.783262 0.574302 -0.392615 -1.003084 -0.099864 0.807501 -0.125663 0.635258 -0.855304 -0.536985 -0.461388 -0.429514 -0.431975 -0.175124 0.133769 0.489198 0.024248 -0.094296 0.242750 0.516624 -0.153573 -0.176492 0.851349 -0.103097 -0.329970 0.249545 1.390814 -0.140906 0.531933 -0.308043 0.302557 0.495727 -0.139528 
-1.028647 0.152908 0.040058 -0.739519 -0.277620 -0.028650 -0.295549 0.357726 -0.166985 -0.239807 0.120645 -0.364442 -0.564761 -0.033459 -0.986515 -0.376424 -0.179258 -0.522512 1.346322 -1.120092 -0.535621 -0.394608 -0.076786 -0.584436 0.533562 -0.135547 1.264101 -0.348406 0.998964 0.023496 -0.147168 -0.878834 0.250919 -0.680407 -0.347115 -0.493755 0.960989 0.887353 -0.096810 -1.154080 -0.542207 -0.122396 -0.405809 -0.221118 -0.072321 0.040759 0.953164 0.593479 0.019884 0.394279 -0.014080 0.149892 0.286786 0.729011 0.399472 -0.417789 0.040470 1.082599 -0.463991 0.667961 -0.482910 1.007495 0.082171 0.014847 
-0.087946 0.576623 -0.685913 -1.271755 0.206916 0.216456 0.115977 0.389508 -0.128293 -0.431020 0.502741 0.521681 -0.582010 -0.871410 0.149392 -0.367218 0.099429 -1.225818 0.850716 -0.939548 -0.198638 -0.732214 -0.283855 0.252591 0.053617 0.473005 0.945073 -0.032141 0.493261 0.003570 -0.323745 -0.406119 0.544842 -0.953391 -0.364535 0.087799 0.574979 0.306335 -0.334785 -1.344359 -0.189668 -0.084781 0.145131 0.561528 0.104857 0.119735 0.680072 -0.208889 0.205403 -0.088412 0.153634 -0.310384 0.380857 -0.045791 0.482774 -0.163044 0.372672 0.776595 0.060151 0.953237 0.180667 0.741822 0.418578 0.448741 
0.094995 0.064495 0.290162 -0.690681 0.037240 -0.396588 0.235927 1.484937 -0.428834 -0.739464 0.167685 0.318783 -0.997712 -0.766346 -0.888583 -0.447195 0.421420 -1.742073 0.553446 -0.276678 0.178567 -0.470384 -0.479804 0.145558 0.161666 -0.531428 0.704212 -0.812822 1.421455 0.003094 -0.906083 -1.357645 0.870601 -0.310375 -0.439410 0.372384 0.612741 -0.585134 -0.096568 -2.142677 1.431375 0.191455 -0.137295 0.472071 -0.216656 0.645404 0.610175 0.206132 -0.494542 1.303059 1.109853 -0.178335 0.770993 -0.273063 -0.254095 -0.252905 0.986361 0.852756 0.025693 0.658412 0.660652 0.659696 0.631875 0.924366 
0.601430 -0.876770 0.262536 -1.313035 -0.351228 -0.627757 -0.272450 0.722291 -0.344892 -1.179706 0.017433 0.450786 -0.225621 -0.439119 -0.632530 -0.983278 -0.095057 -1.684274 1.241425 -0.445063 0.128067 -1.257365 0.056343 0.917254 0.249930 0.331828 0.421040 -1.627187 0.862736 -0.182466 -1.628378 -0.892420 0.976740 0.158535 -0.954998 -0.549333 1.474454 -0.759179 0.827573 -2.044528 0.698108 -0.140813 0.929926 1.586239 -0.545216 0.337255 -0.449036 0.762239 -0.609545 1.573212 0.616419 -0.606745 0.531160 -0.097666 0.352630 -0.850340 0.246320 0.725681 -0.381949 0.729427 0.932308 0.022913 -0.142493 0.385931 
0.832394 -0.334132 -0.475826 -0.504777 0.698882 0.209665 -0.382523 0.168980 0.810573 -1.488874 -0.112348 -0.166586 -0.620582 -0.213977 -0.000597 -1.139437 -0.260634 -1.886391 0.424831 -0.435474 0.540161 0.310296 -0.880349 0.835055 -0.518587 -0.110697 0.467017 -0.501387 -0.443206 -0.275668 -1.127260 -1.084912 1.281469 -0.726304 -0.225392 -0.020772 0.948622 -1.432964 0.391774 -2.626713 0.735074 -1.466798 0.143223 1.104798 -0.539347 0.911515 -0.756147 -0.195258 -0.884752 1.956209 0.654259 -0.509110 0.408255 -0.278186 0.241388 0.749860 0.504659 -0.080709 -0.133633 0.522269 0.367551 0.535248 0.026817 0.811005 
0.861684 -1.131827 -0.212712 -0.525564 0.253381 0.191485 -0.047081 0.767599 0.234845 -1.390275 -0.830511 -0.349699 0.210710 0.198481 0.371384 -1.162330 -0.272134 -3.204978 1.519508 0.125838 0.949131 0.738870 -1.019323 0.641954 -0.701003 0.021198 0.851079 -0.299966 -0.454553 -0.209850 -0.488618 -1.424306 0.644669 -0.357049 0.438581 -1.075846 0.342833 -0.603525 -0.207096 -1.807899 2.053207 -1.277326 -0.307012 -0.106420 -0.257897 0.743095 -0.419274 -0.200601 -0.603084 1.467415 1.374510 0.614883 0.560660 0.332554 -0.586296 1.602092 0.628019 -0.378849 0.259663 -1.727943 -0.276471 0.398968 -0.504154 0.917995 
1.004055 -0.864144 -0.597182 -0.824841 0.451794 -0.002073 -0.413562 0.209138 0.215243 -0.939580 -0.749381 -1.667683 0.174202 0.538887 0.129931 -0.575460 -0.347262 -3.595925 1.447247 -0.006418 1.270598 0.107774 -1.296031 0.575385 -0.984097 -0.238680 0.384829 -0.141420 -1.020244 -0.444857 -0.318297 -1.174528 -0.945909 -0.547930 1.124703 -1.770155 0.375247 -0.002326 -0.031529 -1.762120 2.059337 -0.619777 -0.262300 0.311845 -0.316699 -0.062878 0.058728 -0.483950 -0.288834 0.064708 1.206089 0.969672 -0.404312 0.069918 0.303408 1.513422 -0.128633 -1.499842 -0.208732 -1.952317 0.240780 -0.733796 -1.667218 0.362112 
0.972818 -0.425006 0.542703 -1.279265 -0.088406 0.220293 -0.453307 -0.972901 0.751240 -0.504208 -0.575885 -0.992292 -0.094385 -0.244866 0.246444 0.658845 -0.428634 -2.118167 1.675707 0.348938 -1.341325 -0.321433 -1.337276 -0.472763 0.045707 0.289966 -0.611835 0.075807 -0.336084 -0.672397 -0.554292 -0.613941 0.242473 0.726662 0.007030 -0.228937 -0.122267 -0.653810 -0.080315 -1.483314 -0.062890 -0.211599 0.375770 0.820887 -0.198116 -0.209485 0.203065 -0.703722 -0.769027 -1.043532 -0.128409 0.324047 -0.348175 -0.297441 0.476495 0.169789 -0.111202 -1.642850 -0.487221 -0.699171 0.480234 -0.332358 -2.258848 0.452624 
0.205484 0.047666 0.603705 -1.356114 0.527287 -0.079682 -0.121994 -1.173333 -0.719197 -0.283689 0.090042 -0.291592 0.402000 -0.396118 1.059550 0.234755 -0.465646 -1.885954 1.066848 -0.311667 -0.187420 0.051899 -1.450003 -0.551498 0.365383 -0.320937 -0.426010 -0.377244 0.304564 -1.132942 -0.441046 -0.995728 0.000288 0.789842 0.318437 0.528679 -0.205786 -0.838099 -0.106940 -0.472978 -0.183129 1.367993 0.751963 2.205142 -0.356507 0.112983 -0.832679 -0.865778 -1.261182 -1.244927 -0.210177 0.498499 0.114249 -0.767947 -0.030165 0.575186 -1.077953 -0.586085 -0.787768 -0.837181 0.515667 -0.111167 -1.178954 -0.555846 
-0.284541 0.844572 1.122252 0.731405 0.722020 -0.358973 -0.225797 -0.512767 -1.138763 -0.213278 0.088984 0.245327 0.333083 -1.459137 1.089389 -0.175720 -0.825257 -1.394910 0.855916 -0.579301 0.106495 0.384378 -1.560709 -0.614107 -0.183228 -0.542827 -0.024715 -0.510936 -0.382652 0.025777 0.924011 -2.560140 0.029305 0.517571 0.387386 0.923063 -0.256152 0.212070 0.570046 -0.981267 0.185577 0.300848 0.114131 1.294931 0.040951 0.265529 -0.344950 -1.237213 -1.432917 -1.039957 0.447502 -0.369776 -0.088057 -0.680463 -0.236313 0.930661 -1.394849 -0.055410 -0.594203 -0.113275 -0.758531 0.173843 -0.084070 1.571432 
-1.058555 -0.235533 0.017564 0.099597 0.411681 -0.328442 0.793248 0.206168 -1.053094 -0.708854 -0.329813 0.669048 0.543612 -1.067702 -0.257862 -0.450942 -1.119450 -1.094347 1.922728 -1.549718 0.047260 -0.782628 -0.051377 0.457580 -0.267031 0.088660 -0.034318 0.257281 0.566216 0.450252 0.936805 -1.087045 0.553822 0.507485 0.095514 -0.051735 -1.152483 1.189788 0.823939 -0.076158 -0.350694 0.098614 -0.725013 0.259376 0.133287 -0.417261 -0.878580 -1.065872 -0.525442 -0.440782 0.576062 0.163740 -0.329891 -0.675010 -0.051916 0.514695 -1.328688 0.181662 0.487676 -0.920846 0.039393 0.453192 0.863503 0.638760 
-0.792425 0.020014 0.707344 -0.242998 -0.244837 -0.483347 0.292839 0.189150 0.035702 -0.505415 -0.635254 0.126573 -0.635121 -0.846887 -0.437531 0.687336 -0.259830 -1.045228 1.865889 -1.184375 -0.605160 -0.128506 0.336261 0.161560 -0.609054 -0.391199 -0.489258 -0.294595 1.098047 -0.048246 0.618321 -2.192691 0.422724 0.398871 -0.777985 0.422166 0.857031 0.556302 0.931242 -0.267039 -0.922563 -0.210160 -1.397673 0.412147 -0.316948 -0.849343 -0.585158 -0.136467 -0.495518 -0.902769 0.871439 0.027772 -1.275688 0.185789 -0.110239 0.928743 -0.547438 0.768217 0.282227 -1.146537 -0.014827 0.220970 0.919515 -1.054734 
0.346835 -1.151002 0.236418 -0.468701 -0.066266 -0.845503 -0.037027 -0.215943 -0.172111 0.808007 -0.157757 0.254608 -0.385672 -0.714616 -1.295206 1.224831 -0.393935 -1.854220 1.542099 -1.984287 -0.757702 -0.698937 1.182331 0.602078 -0.649579 -0.507872 0.718679 0.240710 0.560029 0.290704 -0.316265 -1.660891 0.524463 0.204481 -0.411420 0.386587 -0.756155 0.863169 0.490398 -0.511147 -0.858102 -0.291786 -0.893012 0.762850 0.114328 -0.850452 -0.415693 0.718878 -0.547751 -0.645832 0.836617 0.061942 -0.937066 -0.046527 -0.172302 0.098684 0.054801 -1.240348 -0.159275 -1.025259 -0.194587 -0.607119 0.250937 -1.018041 
-0.147932 0.274562 -0.120011 0.402756 -0.807381 -0.744465 0.155828 0.012300 -0.459366 0.457654 -0.228537 -0.358771 -0.003867 -0.673395 -0.501924 0.424613 -0.084190 -1.443322 0.833518 -1.395899 -0.746626 0.102867 0.781717 0.486227 -0.171578 -0.845088 1.301946 -0.195883 0.709804 -0.457646 -0.345562 -0.853934 0.665538 -0.276947 1.299292 0.254565 -2.201877 -0.270081 -0.273941 -0.622527 -0.292944 -0.158471 0.009441 0.608634 -0.115678 -0.720932 -0.576914 1.159632 -0.369719 0.089086 0.081056 0.113348 -0.197763 -0.076448 0.000532 -0.762735 -0.578832 -0.228064 -0.431023 -0.818360 0.005432 -0.589859 0.461592 -0.546176 
-0.433470 -0.153029 0.047376 0.313250 -0.367504 -0.106793 0.198807 -0.193744 -0.005711 0.572858 -0.461791 0.411836 -0.466190 -0.178953 -0.345536 0.571154 -0.310870 -1.135191 0.203591 -0.653326 -0.018960 -0.717976 -0.134025 0.831938 -0.338820 -0.886181 1.573026 0.028221 0.050387 -0.403674 -0.294815 -1.496095 0.798813 -0.021342 0.763867 0.288797 -1.795014 0.904521 -0.393395 -0.395874 -0.457887 -0.708390 0.801811 0.783589 -0.542776 -0.822280 -1.086471 0.340665 -0.455635 -0.350084 -0.226902 0.038501 -0.486461 -0.394451 -0.713205 -0.567994 -1.006096 -0.334485 -0.284249 -0.875723 -0.380957 -0.519477 0.141740 -1.198685 
-0.433900 -0.388645 0.641918 -0.296069 0.082849 0.400202 -0.328035 -0.286968 -0.071531 0.376284 -0.310929 0.032044 -0.300925 -0.207075 -0.105575 0.400999 -0.356549 -2.017083 0.981147 -0.620322 -0.417882 -0.507248 -0.428592 0.788013 0.373799 -0.771004 0.864557 0.409173 -0.434112 -0.020044 -0.579187 -1.376969 0.847253 -0.142664 0.469510 0.271507 -0.880608 0.685911 -0.513454 -0.296614 -0.613186 -0.585519 -0.241637 0.806258 -0.291795 -0.510112 -0.869547 -0.708623 -0.677482 -0.085316 -0.755722 -0.461581 -0.835829 0.178008 -0.962313 -1.001546 -0.772389 -0.062377 0.053981 0.032440 -0.417939 -0.676595 0.462354 -0.763706 
-0.619519 -0.168375 0.362665 -0.250089 -0.050245 -0.175857 -0.170549 -0.099086 0.290201 0.195613 -0.796892 0.019963 -0.763942 -0.041477 -0.241930 -0.692233 -0.189698 -1.552401 1.361743 -0.629786 -0.198983 -0.302940 -0.056461 0.291656 -0.034935 -0.464294 0.885639 -0.039674 0.059421 0.046350 -0.098272 -1.451738 1.341943 0.208784 0.725612 0.537646 -0.612883 -0.076962 0.721282 -0.842813 -0.260445 -0.681683 -0.410136 -0.051128 -0.123120 -0.507813 -0.382571 0.066096 -0.153374 0.564594 0.681721 -0.110711 -0.462378 0.146405 -0.830051 -0.959882 -0.496492 0.469786 0.277006 -0.077374 -0.313174 -0.523428 1.173678 0.343843 
-0.473491 -0.614611 0.401594 -0.125725 -0.056994 -0.452269 0.462446 0.780966 0.417359 0.310405 -1.011691 -0.248794 -0.329892 -0.004858 -0.386912 -0.574341 0.141992 -0.962965 1.091848 -0.204140 -0.474247 0.278402 0.294316 -0.071211 -0.188513 -0.490368 1.096603 -0.299258 0.027628 0.165681 -0.168848 -0.601535 0.358228 0.458618 0.226217 -0.348179 -0.387426 0.154550 0.616414 -0.410092 -0.087232 -0.517154 -0.097387 -0.336712 0.081796 -0.480205 -0.461645 0.212299 0.066447 0.280486 0.378108 0.376758 -0.034468 -0.093053 -0.509186 -0.410082 -0.087778 0.448122 -0.239533 0.267908 -0.349236 -0.188653 1.406040 0.869489 
-0.509692 -0.176931 0.481433 -0.054983 0.135602 -0.208127 0.636814 0.785635 -0.120263 0.313696 -0.464639 -0.273789 0.007529 0.022121 -0.274423 -0.151074 0.194159 0.034398 0.680903 0.085365 0.054168 0.075958 0.275407 -0.214102 -0.124875 -0.366769 0.595048 -0.023429 0.142237 0.275904 0.218117 0.261690 0.049836 0.176126 -0.163189 -0.654943 -0.212048 0.283894 0.343785 -0.161088 -0.084492 -0.168076 0.330601 -0.121478 -0.154257 -0.297290 -0.120493 0.136193 0.032186 -0.118729 0.292098 0.364815 -0.087354 0.081785 -0.008453 -0.125779 -0.056999 -0.073388 0.072047 -0.674423 0.304103 -0.099478 0.271222 0.236203 
-0.084642 -0.160517 0.258856 0.064526 0.067617 0.012945 0.142105 0.331704 -0.003238 0.291997 -0.016972 -0.065525 -0.069640 -0.015543 -0.016502 -0.069624 0.202974 -0.095054 0.235242 -0.015927 0.035440 0.002741 0.150276 -0.049381 -0.001648 -0.138503 0.090707 -0.244105 0.137104 0.081556 0.100950 0.070909 -0.003820 0.019871 -0.016878 -0.013211 0.020551 0.046668 0.365872 0.104792 -0.078402 -0.031875 -0.027126 -0.138531 -0.029159 -0.100273 -0.111478 0.260779 -0.053780 0.109647 -0.018944 0.163700 -0.229406 0.035579 -0.051538 0.061677 -0.026723 0.165297 0.005615 -0.157320 -0.054111 -0.017231 0.170213 0.212494 
-0.020051 0.014567 -0.002973 -0.057699 0.067159 0.024444 0.080290 0.012331 0.052730 0.047261 0.058294 -0.036042 0.040022 0.008020 -0.046258 -0.073488 -0.032869 -0.087332 0.084573 0.063814 0.034144 0.023959 0.011223 0.076497 0.081115 -0.073169 0.031108 -0.022220 0.020418 0.063101 0.068093 0.014806 -0.077339 0.070867 -0.014594 0.007605 0.023974 -0.030816 -0.072200 0.057490 0.062643 -0.072818 -0.033781 0.062533 0.068444 -0.110100 -0.038050 -0.064802 -0.041332 0.085269 -0.039619 -0.050023 0.073203 0.021641 -0.069869 -0.013818 -0.008537 -0.003046 0.053677 -0.063022 0.008224 0.056722 0.071430 -0.045862 
0.016965 0.004925 0.039552 0.028545 -0.061403 0.026289 0.028358 -0.013565 0.042575 0.024862 0.052916 0.024539 -0.083382 -0.028626 0.046288 0.050631 -0.040568 0.070151 -0.011379 -0.057059 -0.013356 0.083848 0.019384 0.075729 -0.053535 0.067372 0.022860 0.060196 -0.067511 0.014004 -0.046046 -0.024831 -0.038345 0.037944 0.068411 0.034017 0.069241 -0.057713 -0.030905 -0.066172 0.011033 -0.035326 0.006598 0.058103 -0.033622 0.035821 0.076553 0.059051 0.017613 0.015893 0.024488 0.018915 -0.032220 -0.073894 0.065741 0.052736 -0.035758 -0.050617 0.047605 0.019445 -0.043070 0.057971 -0.001451 0.082072 
-0.027005 0.051463 -0.048972 0.082924 0.077801 0.031636 -0.031818 -0.011033 -0.014825 0.078335 0.043674 0.045615 0.046833 -0.005929 -0.036759 0.034638 0.051098 0.068926 -0.024589 -0.024600 0.084117 0.032064 0.004731 -0.017171 0.052117 0.001245 -0.063604 -0.061335 -0.069072 -0.076260 0.052525 0.054701 0.032545 -0.025586 -0.057249 -0.044012 -0.008759 -0.080910 0.016232 0.054133 -0.036263 0.075263 0.068532 -0.020602 0.054889 0.029259 0.039854 0.028189 -0.050482 -0.070563 -0.058342 0.058524 -0.023775 0.008012 0.050318 -0.060852 0.032749 -0.043989 0.027412 0.023096 -0.046232 0.028345 0.084049 0.030618 
-0.061904 -0.050119 -0.045247 0.028038 0.073724 0.040874 0.056259 0.037044 -0.063306 0.049002 0.014125 -0.057792 -0.044696 -0.048746 0.076771 -0.072722 -0.077727 0.017121 0.056200 -0.067181 0.025557 -0.094595 0.022041 0.002320 0.050180 -0.069468 0.013997 0.062470 0.013073 0.079159 -0.003103 -0.016831 -0.023008 0.000164 0.060314 -0.077404 -0.021793 -0.065196 -0.068701 0.019229 0.018381 -0.038489 -0.002256 -0.066793 -0.049555 0.038519 -0.043147 -0.038196 -0.001234 -0.039096 -0.065351 0.015954 0.015599 0.001305 0.018232 0.082284 0.048676 -0.077813 -0.054922 -0.062501 0.048476 0.083639 0.000991 0.063488 
0.108280 -0.186346 -0.092464 0.010284 -0.043779 0.052481 0.058813 0.060653 0.156428 0.033377 0.046329 0.062527 -0.025919 0.013995 -0.013021 0.029655 0.015062 -0.088041 0.183872 0.002956 -0.069257 -0.014795 0.078141 -0.010005 0.088594 -0.027858 0.120854 -0.049653 -0.271692 0.007162 0.082899 -0.078407 0.001480 -0.000140 -0.017129 -0.031366 -0.014824 -0.050443 -0.046583 -0.001650 0.021927 -0.090378 -0.075366 -0.033669 0.024440 0.067193 -0.002488 0.034205 -0.041918 0.028500 -0.115342 -0.053847 0.236230 0.205541 0.016677 -0.008239 -0.043487 0.030981 -0.001344 0.000253 0.087008 -0.044118 0.052852 0.026868 
0.097825 -0.311726 0.050765 -0.188870 0.079473 0.432670 -0.047914 0.413818 -0.021501 0.144272 0.209106 -0.027731 -0.033325 -0.154552 -0.223164 -0.178285 -0.093604 -0.566773 0.398561 -0.024278 0.021031 -0.524826 0.187316 0.106591 0.088296 0.000116 0.270445 0.064186 -0.158586 -0.015901 -0.134707 -0.094294 0.313559 0.105766 0.003241 0.069807 0.114075 0.112918 -0.061436 -0.034323 0.002812 -0.043857 -0.138289 0.268259 -0.086341 0.213735 -0.216853 -0.201642 -0.161798 0.143373 0.079352 -0.009181 0.169635 0.045984 -0.280113 -0.105973 0.019917 -0.032525 0.297479 0.033812 0.152101 -0.273729 0.263087 0.099308 
0.241427 -0.090747 0.487028 -0.096773 0.235232 0.163430 0.176102 0.673353 -0.028979 0.347395 -0.375783 -0.157245 -0.023521 0.053607 -0.140913 -0.209206 -0.112930 -0.751685 0.991174 -0.388227 -0.124521 -0.394041 0.336327 -0.126095 0.068051 -0.047466 0.647521 0.021327 -0.549541 0.129413 -0.373871 -0.252829 0.424986 0.307488 0.035966 0.389500 -0.414784 0.035953 0.097406 -0.272475 -0.648205 -0.712028 -0.253725 0.315137 -0.398521 -0.040713 -0.420775 0.153514 -0.553973 0.341039 0.434303 0.017387 0.244120 -0.340853 -0.227968 -0.218064 0.078256 0.221905 0.550109 0.165243 -0.210585 -0.692073 0.847454 0.172453 
-0.034733 -0.163410 0.585750 -0.630049 0.039402 -0.253074 0.563665 0.448408 -0.211702 0.281188 -0.243767 -0.437009 -0.018686 0.464213 -0.393492 -0.228526 -0.029086 -0.168445 0.575249 -0.881471 -0.096702 -0.324036 0.553682 0.086662 0.408351 -0.348965 0.372964 -0.366376 0.422549 0.476147 -0.189353 -1.043132 0.697358 -0.599864 -0.201667 0.762950 0.019415 0.274242 1.066038 -0.851468 -0.335224 -0.746045 -0.679995 -0.286792 -0.088216 -0.383880 0.328620 0.356029 -0.339358 0.576926 0.886500 -0.320395 -0.595364 0.258269 -0.342131 -0.417309 -0.190925 0.642318 0.565188 -0.171411 -0.362627 -0.608403 0.787803 0.026198 
-0.769046 -0.318205 0.482613 -0.912673 -0.199727 -0.034528 0.168587 -0.708396 0.576818 -0.110487 -0.107249 -0.645898 -0.452121 -0.195139 -0.170491 -0.192742 -0.231380 -0.434324 0.457404 -1.002134 -0.302168 -0.429786 0.014333 -0.768542 -0.139300 -0.461884 0.606966 -0.545108 0.220738 0.079304 -0.615853 -1.420003 0.475247 -0.868045 -0.108171 0.547716 -0.020615 0.656997 -0.015264 -0.791459 0.055062 -0.522094 -0.601283 -0.000596 -0.269606 -0.382576 0.686304 0.106847 -0.611495 0.341530 0.470008 -0.172831 -0.326523 0.593186 -0.568061 -0.641416 -0.601012 1.173637 0.300654 0.672657 -0.238310 0.076229 0.507284 -0.627637 
-0.971734 -0.506681 0.131856 -1.145642 -0.374865 0.405615 0.923092 -0.232050 0.344933 -0.439790 0.868332 -0.248619 -0.708597 -0.846900 0.326944 -0.355357 -0.415502 -1.350363 0.281898 -0.679410 -0.009797 -0.665227 -0.189001 -0.270872 -0.508243 -0.258166 1.284665 -0.481187 0.379829 0.033230 -0.652832 -1.354970 1.100471 -0.738912 -0.400951 1.070090 0.282905 0.149996 0.018857 -0.873550 -0.393826 -0.857254 -0.043402 0.465628 -0.232354 -0.596790 1.314862 0.112318 -0.861753 -0.047401 1.458618 -0.106481 -0.550876 -0.701422 -0.212438 -0.486211 0.247125 1.978635 1.440865 0.630102 -0.015582 -0.282134 0.493630 -0.541611 
-0.298204 -0.522842 -0.175132 -0.643297 -0.864677 -0.562187 0.406018 0.152118 0.334367 -0.462834 1.129681 -0.239480 -0.427259 -0.571527 -0.588430 -0.338992 -0.152892 -1.633146 0.497509 -0.021965 0.749283 -0.807783 -0.276360 0.723501 -0.284511 0.306860 1.206456 -0.249193 0.327702 -0.154140 -0.845741 -1.548003 1.334391 -0.209504 -0.035602 0.092597 0.452938 -0.247506 -0.369655 -1.483271 0.007385 -0.220508 0.081157 0.601092 -0.097693 -0.593307 0.646082 0.159437 -0.449602 0.968433 1.152355 -0.656040 -0.063111 -0.287979 -0.189972 -0.104352 1.266440 1.228069 1.007076 0.269589 -0.055685 -0.426777 0.755193 -0.053742 
0.117436 -0.853313 0.321994 -0.409210 -0.481222 -0.832655 -0.665159 0.936072 1.202816 -0.371781 -0.058983 -0.207592 -0.668392 -0.176824 -0.286910 -0.983140 0.136996 -1.269127 0.871111 -0.223754 0.682904 0.295763 -0.175725 0.756433 0.115304 -0.388199 1.385636 -0.632937 -0.300604 -0.098417 -1.418838 -1.947704 0.886090 -0.410966 0.064694 0.001480 0.030209 -0.056100 -0.629504 -1.423537 0.141574 -0.919140 -0.034641 0.826595 -0.143285 -0.157387 0.424227 0.792766 -0.060756 0.911321 0.593297 -0.059349 0.310589 -0.778478 0.068370 -0.126633 0.735932 1.102478 0.289210 1.350088 0.092795 0.300103 -0.309825 1.168845 
-0.556373 -0.520503 0.204217 -0.633329 -0.141172 0.587161 -0.259560 0.960499 1.483390 -0.055713 0.348457 -1.259725 -0.726382 0.427024 0.158818 -1.303607 0.119503 -1.160212 0.389679 0.017273 1.221096 0.181700 -0.972174 0.402736 0.044267 -0.839947 1.145706 -0.269504 -0.492800 -0.152519 -1.117899 -1.403957 0.447268 0.088804 1.189814 -0.638137 0.277703 -0.646104 -0.453547 -0.517585 -0.594620 -1.412565 -0.286857 0.973801 -0.257720 1.232615 0.109399 0.491701 0.230893 -0.595632 1.080345 0.208424 0.314328 -0.061324 0.664766 0.657917 0.594264 -0.481501 0.802462 1.060525 0.050894 0.560435 0.588201 0.393946 
0.615252 -0.235306 0.397534 -1.601300 -0.718668 -0.154156 -0.553382 0.057984 -0.049666 0.453718 -0.334862 -0.505434 -1.111150 -0.884848 0.336274 -0.750890 -0.497001 -1.998008 0.951236 -0.031132 -0.190241 0.649805 -1.361776 0.401472 -0.888618 -0.552645 1.300342 0.344186 -0.287974 -0.565217 -0.436189 -1.906183 0.146956 -0.251895 0.695938 -0.074261 0.375236 -0.265916 -1.027521 -0.838016 1.371927 -1.986643 0.000271 0.723991 0.097826 0.799589 -0.381580 -0.170686 0.742789 -0.494004 0.864155 0.112586 -0.275466 -0.318119 0.654560 0.259944 0.609750 0.002259 0.744461 -0.176590 -0.676832 0.089553 0.185322 0.392755 
1.767946 -0.338126 0.955941 -1.176068 -0.704174 0.150421 -0.320448 -0.304145 -0.673936 0.527622 -0.197681 -1.159829 -0.660013 -1.123427 0.327296 -0.578379 -0.482765 -2.039985 0.356072 0.763258 0.044731 0.637718 -1.042454 -0.193954 0.433831 -0.569347 0.168682 -0.385672 -0.526476 -0.983381 0.632836 -2.529498 -0.393848 0.509570 1.118170 -1.139063 0.158509 -0.307033 -0.345362 -0.686497 1.475324 -0.731440 -0.034939 1.447406 0.284054 1.208438 -0.509490 -0.240900 -0.205815 0.257050 1.414332 -0.050979 0.473955 0.407417 0.586871 1.067455 0.330539 -0.532229 -0.417271 -1.182973 0.173411 -0.105042 -0.236965 -0.271796 
1.300624 -1.073005 -0.149251 -0.940568 -0.599168 -0.472694 -0.151924 -0.704024 0.653557 0.862343 -0.137677 -0.838508 -0.183633 -0.296409 0.292345 -0.001199 -1.038763 -0.827196 0.661145 0.428774 -1.357610 0.563138 -1.651289 0.158475 0.193147 -0.412929 1.473806 -0.235227 -0.046138 -0.270896 0.066731 -1.730550 1.157860 1.480246 0.412144 -1.125775 0.518552 -1.007084 -0.036277 -1.042240 0.477416 -0.164981 0.214989 1.421995 0.657450 0.016067 -1.292879 -0.661684 -0.298317 0.957916 0.681108 0.008772 0.295008 -0.556793 0.131626 0.729888 -0.065786 -0.540403 0.498234 -1.196261 0.442683 0.150218 -0.644976 -0.111998 
0.171610 -0.087356 0.511060 0.089700 -1.184586 -0.752852 -0.024860 -0.188947 -0.368051 0.714260 0.019179 -0.716695 -0.315672 -0.218076 1.446188 -0.079165 -1.205223 -1.229116 1.685626 -0.600599 0.046996 0.456331 -1.874307 0.426875 0.416549 -0.302327 1.093382 -0.457180 0.700978 -0.902239 -0.339488 -2.343316 0.785389 2.490478 0.053480 0.533535 -0.226680 -0.380163 0.280976 -0.763450 0.463541 0.244580 0.041433 1.907446 0.302324 0.171198 -1.650238 -0.882952 -0.491154 -0.760696 -0.118634 0.172094 -0.074969 -1.424813 0.244664 0.838599 -0.608799 -0.590151 -0.258095 -0.759550 0.168530 -0.157509 -0.895693 0.453352 
-0.539965 0.227231 0.758859 0.773777 -0.646099 -0.274824 -0.488033 0.134598 -0.418005 0.169611 -0.343741 0.154819 -0.424666 -0.526251 0.737942 -0.178893 -1.050804 -0.498815 1.924043 -0.383150 0.002024 0.149234 -1.211917 -0.134991 0.552275 0.063433 0.216255 0.587593 0.962436 0.028942 0.178974 -2.389768 0.450693 1.609422 0.276223 0.507368 -0.330398 0.616471 0.321533 -0.415240 -0.128701 0.506898 -0.509387 0.769412 0.426940 0.592584 -0.413636 -0.952732 -0.751862 -1.811168 -0.107251 -0.370990 -0.710830 -0.870465 0.162486 0.416366 -1.457409 -0.403754 0.207964 -0.834948 -0.181901 0.150825 -1.547400 0.994455 
0.762222 -0.174697 0.714275 0.127498 -0.481018 -0.689138 -0.215826 0.296250 -1.200955 -0.117712 -0.049998 -0.386999 -1.011779 -1.721792 -1.367981 -0.062048 -0.799520 -0.362072 1.492426 -0.541269 -0.517690 -0.479546 -0.825691 0.483480 0.067464 0.465051 0.187031 0.625983 0.443496 -0.186790 1.223582 -0.863135 1.220426 0.005749 0.366229 -0.455686 -0.374940 0.184666 0.730830 0.503926 -0.668667 -0.088298 -1.247514 0.403137 -0.175332 -0.097101 -0.816558 -1.091232 0.030148 -1.802882 -0.045504 -0.545575 -0.173071 -0.525336 -0.405574 -0.390125 -0.742767 0.020644 0.446269 -0.893307 -0.073491 0.062918 -1.172647 -0.941037 
0.543110 -0.274282 0.810328 -0.551398 -0.756164 -0.741966 0.476565 0.291238 -0.218514 -0.714464 -0.765446 -0.825609 -1.833523 -1.385095 -1.499056 0.478460 -0.055747 -0.335893 0.764969 -1.341286 -0.737642 0.070040 -0.428480 0.633678 -0.551979 0.877974 1.349012 0.337991 0.767303 -0.556026 0.685982 -2.029568 0.772402 -1.074971 -1.198572 0.715045 -0.518698 0.473224 -0.369938 -1.204482 -0.415236 -0.982805 -0.516049 1.389977 0.363352 -0.078887 -1.273733 -0.622789 -0.548668 -1.038973 -0.442775 -0.238123 -0.480958 -0.736029 -0.297132 -0.252335 -0.502031 -0.004258 -0.742436 -0.263625 -0.052478 -0.609069 -0.715053 -0.950530 
0.552706 -0.701175 0.880282 0.345697 0.044151 -0.867965 0.518461 0.198538 -0.583301 0.163744 -0.026604 0.121375 -0.446223 -0.564375 -1.614463 0.139997 -0.052345 -1.096150 0.866478 -1.788499 -0.539762 0.160305 0.518096 0.485473 0.005754 0.493154 2.105993 -0.181645 0.759101 -0.529813 -0.024778 -1.425838 0.549546 -0.868004 -0.173725 -0.038509 -1.912458 0.642370 -0.132625 -0.706983 -0.308871 -0.414029 0.486311 2.420207 0.645820 -0.203829 -1.008371 0.727361 0.260129 -0.662960 0.172319 0.462157 0.271948 -0.373803 -0.015746 -1.012943 -0.112735 -1.291099 -0.614674 -0.594540 -0.498250 -0.517153 -0.592184 -0.949015 
0.433543 -0.879853 -0.052368 0.466206 -0.916275 -0.241279 0.826812 0.711082 0.140850 -0.001975 -0.233845 0.373037 -0.377681 -0.467549 -0.873044 0.238647 -0.217511 -1.394369 0.325708 -1.071947 -0.174575 0.190530 0.679281 0.494393 0.325134 -0.487378 2.229933 0.351243 -0.016303 -0.674607 -0.310805 -0.287422 0.268889 -0.811175 0.395595 0.018105 -2.190280 0.082783 -0.601086 -0.858972 0.134558 -0.482760 0.573730 0.725446 0.393656 -0.526960 -1.170653 0.503941 -0.347162 -0.309577 -0.074331 0.500034 0.372407 0.422780 -0.910640 -0.959674 -0.647061 -0.288340 -0.452013 -0.752691 -0.214435 -0.555780 -0.705465 -0.462474 
-0.216543 -0.116864 0.061074 0.360557 -0.013854 -0.182662 0.020844 0.338186 -0.463853 0.177013 -0.181782 0.454562 -0.400099 0.152628 -0.162961 0.738654 -0.137294 -0.830970 0.743115 -1.133784 0.315512 0.058198 0.207266 0.444702 0.233372 -0.968946 1.918092 0.248413 -0.307476 0.276464 0.279531 -0.847516 -0.536258 -0.147720 -0.322423 0.038181 -1.206449 0.088030 -0.150715 -0.114095 -0.084408 0.175360 0.058665 0.782795 0.264474 -1.383448 -1.300000 0.019914 -0.057622 -0.831251 0.072577 0.694087 -0.810729 0.101452 -0.866223 -0.932391 -0.981492 0.122668 0.268075 -1.134043 -0.806004 -0.253922 0.212943 -0.175997 
-0.112299 -0.592473 -0.128004 0.668368 -0.061681 -0.167862 0.270817 0.268742 0.359928 0.169398 -0.461697 -0.550258 -0.449847 0.244141 -0.012405 0.589709 -0.251065 -0.981346 0.425690 -0.801604 -0.281151 -0.150234 0.281014 0.218628 0.687669 -0.536777 0.885612 -0.029824 -0.412416 0.229541 -0.316022 -1.064683 0.305825 0.332264 -0.219187 0.251019 -0.477817 0.004601 -0.015023 -0.019597 -0.501413 -0.376598 -0.484717 0.284303 0.161834 -0.919715 -0.680058 -0.007895 -0.322251 0.053687 0.359718 0.084524 -0.583382 0.270338 -0.981100 -0.412133 -0.598983 0.309819 0.195375 -1.046589 -0.760885 -0.298713 1.216053 0.581365 
-0.250635 -0.863997 0.040100 0.200989 -0.037556 -0.365632 0.235417 0.612246 0.979880 -0.044260 -0.877767 -0.156977 -0.523557 -0.053175 -0.064888 -0.042064 0.003637 -1.428649 1.097864 -0.737906 -0.603757 -0.196653 0.162931 0.488999 0.137411 -0.296435 1.373984 -0.054700 -0.580427 0.520033 -0.250471 -1.305501 0.702842 0.104706 0.169525 0.104548 -0.334739 0.299974 0.416797 -0.523155 -0.121980 -0.498462 -0.390526 -0.253323 -0.107446 -0.342358 -0.131134 -0.359632 -0.109819 0.493519 0.352489 -0.038896 0.193807 0.029691 -0.953505 -0.411357 -0.347064 0.311418 -0.657291 -0.260689 -0.340107 -0.247199 1.502073 0.557306 
-0.373066 -1.067347 0.453404 -0.257385 -0.228816 -0.131382 1.001673 0.961400 0.240014 0.016140 -0.802468 -0.419289 -0.207996 0.027060 -0.032013 -0.292592 -0.209084 -0.560837 1.310532 -0.200047 -0.443298 0.007770 0.086067 0.271227 0.007818 -0.747245 1.306144 0.020246 -0.358877 0.225578 -0.013151 -0.406949 0.045677 0.640353 0.140898 -0.413359 -0.258999 0.228670 0.561462 -0.507235 -0.019494 -0.288618 -0.011229 -0.256452 -0.159371 -0.264608 -0.305429 0.275102 0.188111 0.372545 0.332305 0.326530 0.225342 -0.062912 -0.356918 -0.302963 0.098615 0.121600 -0.604105 -0.124041 -0.204726 -0.172130 1.187949 0.690769 
-0.619462 -0.519343 0.353238 -0.482133 -0.166277 -0.064344 0.426932 0.822855 0.134699 0.406087 -0.302412 -0.282429 -0.029631 0.086395 -0.022612 0.004055 0.141485 0.151281 0.816549 0.251236 0.036313 0.078729 0.328438 0.163329 -0.010587 -0.322116 0.502147 -0.083916 -0.057992 0.207947 0.285576 0.306340 -0.273096 0.151074 0.152026 -0.117194 -0.171256 0.092574 0.646796 -0.116522 -0.028398 -0.033283 0.102305 -0.032407 -0.112514 -0.028203 0.032938 0.414253 -0.050069 0.010067 -0.178503 0.423530 -0.072123 0.128036 0.157214 -0.125839 0.085271 0.115252 -0.380665 -0.518729 0.320739 0.056309 0.441805 0.070482 
0.009360 -0.132892 0.290204 -0.130672 -0.180061 0.109941 0.113781 0.277584 -0.029117 0.243961 -0.103427 -0.069725 -0.026577 -0.043965 -0.061814 0.057018 0.193548 -0.057757 0.189281 -0.042844 0.078971 0.017148 0.003817 -0.041193 -0.020493 -0.110130 0.252363 -0.057679 -0.062123 -0.017511 0.069559 0.075061 -0.185111 -0.046882 0.093669 0.047073 0.045368 0.181898 0.461133 -0.068791 0.071170 -0.077488 -0.061438 0.077243 -0.058349 -0.048889 0.097632 0.321675 -0.035572 0.031358 0.007040 0.084066 -0.064613 0.000747 0.152632 -0.025713 -0.067090 0.223103 -0.200196 -0.100231 0.019245 -0.068674 0.033639 0.159881 
-0.022061 -0.006516 -0.019333 -0.260687 -0.074153 -0.052965 -0.050867 -0.000836 0.035869 0.059586 0.042822 0.016365 -0.021677 0.048329 -0.005785 0.061816 0.042164 -0.035133 0.025214 -0.042502 -0.028107 0.054011 0.062559 0.028099 -0.031496 0.006308 0.046384 0.032273 -0.008844 0.068991 0.016848 0.051909 0.028461 0.066941 -0.035986 0.041647 0.044596 0.014683 0.001724 -0.003113 -0.055614 0.106187 0.061961 0.062010 0.057591 0.135703 0.042223 0.034480 -0.077319 0.015971 0.065807 0.075067 0.061399 -0.010858 -0.031211 0.005120 0.017409 0.147999 -0.050883 0.009943 -0.006008 -0.025329 -0.123970 0.009450 
0.007267 0.043222 0.044326 0.054784 0.053639 0.004105 -0.053850 0.069560 -0.073837 0.038268 -0.010225 0.009403 0.049989 0.043422 0.074982 -0.034006 0.019702 0.028654 0.010652 0.079048 -0.039957 -0.077226 0.026546 0.031383 -0.041209 -0.049175 -0.082885 -0.044074 -0.025571 -0.077349 -0.064717 -0.037035 0.013624 0.067390 0.076096 -0.045712 -0.047186 0.075639 0.027429 -0.039274 -0.023419 -0.007529 -0.039254 -0.022013 -0.002359 -0.040571 0.064329 0.041981 0.040800 -0.074710 0.001948 0.023240 -0.044685 0.024945 0.068720 0.049917 -0.066500 0.054076 0.011565 0.029448 0.031983 -0.082776 -0.021771 0.019630 
0.004791 -0.018967 0.066429 -0.080769 0.000322 0.013996 0.077351 0.060507 0.066506 0.018994 -0.016781 -0.003863 0.025619 -0.043178 0.020173 -0.076866 0.018470 -0.014597 0.076205 0.017193 0.082833 0.063168 -0.023127 -0.066860 0.075232 0.036373 0.001271 -0.030720 -0.016431 0.068435 0.035480 -0.072760 -0.079697 0.007509 0.060401 0.024770 0.012840 0.074759 0.044475 0.060900 -0.015588 -0.046577 -0.080452 0.014120 -0.011255 0.008496 0.065725 -0.045327 -0.031475 0.035366 -0.044844 -0.071536 -0.058893 -0.061787 -0.077036 0.048614 -0.003647 -0.074799 0.014110 -0.061382 0.054635 0.078299 0.033144 -0.050477 
0.020572 0.080966 -0.040623 -0.069329 0.043657 -0.027787 -0.011903 -0.004376 0.007719 0.015135 -0.005037 0.071616 -0.021679 0.050635 -0.070046 -0.017648 0.059196 -0.051149 0.059752 0.050312 0.038142 0.017373 0.021021 -0.071879 -0.033663 -0.036416 0.036027 0.021773 0.033708 -0.051260 0.007473 0.018946 0.045310 0.014327 0.034423 0.059060 0.045937 0.055939 0.075890 0.071989 0.061294 -0.034228 -0.044127 -0.039021 -0.014069 -0.017482 -0.043028 0.025473 -0.061549 -0.016570 -0.004587 -0.076005 -0.058803 -0.036977 -0.009187 -0.050648 0.069882 -0.062762 0.079125 0.056045 -0.051581 -0.018670 -0.062074 0.073398 
0.055537 -0.105570 0.029738 0.074415 0.046205 0.025996 -0.023921 0.087549 0.104414 -0.038320 0.110603 0.079538 0.070504 0.002895 -0.085902 -0.062772 0.075871 -0.090038 0.156937 0.013883 -0.046034 0.015737 0.003680 0.045955 0.083224 0.014513 0.022110 -0.033643 -0.155110 -0.068592 0.042226 0.046443 -0.057731 -0.019455 0.060190 -0.078736 -0.040791 -0.022719 0.018882 -0.005314 0.041871 -0.013440 -0.014991 0.016784 0.024970 -0.003035 0.051889 -0.079182 -0.076200 0.021628 -0.124427 0.069251 0.065594 0.173095 -0.018758 -0.062810 -0.090037 0.083014 0.068494 -0.050543 0.055990 0.037640 0.005256 0.066470 
0.097565 -0.323147 -0.074391 -0.160509 0.007267 0.409473 0.097802 0.084164 -0.244947 0.082284 0.258028 0.126662 -0.016538 0.035378 0.075078 -0.156712 -0.106098 -0.230996 0.123767 -0.066527 0.032308 -0.253321 0.148994 0.063075 -0.163998 0.056311 0.124069 0.105223 -0.289653 -0.061501 -0.042044 -0.208878 0.304099 0.125881 0.051660 0.154867 -0.001210 0.046904 -0.065113 0.075109 0.040660 -0.061385 -0.081573 0.022802 -0.028185 0.054242 -0.193079 -0.056664 -0.042792 0.157601 0.023994 -0.010528 0.054406 0.083334 -0.153619 -0.111927 -0.128635 -0.030566 0.165476 0.073802 0.132758 -0.000043 0.130546 -0.261260 
-0.155946 -0.242567 0.344627 -0.004635 0.095780 0.566327 0.487024 0.422173 -0.279440 0.068891 -0.217457 -0.114997 -0.027518 -0.074539 0.184528 -0.047980 -0.051186 -0.603008 0.356867 -0.115011 -0.040015 -0.502282 0.137370 -0.292924 -0.218238 -0.024560 0.430912 0.029516 -0.492546 -0.090140 -0.482340 -0.918924 0.355206 0.208659 -0.125232 0.689683 -0.372045 -0.181314 0.056167 -0.174782 -0.235966 -0.296999 -0.115155 0.185949 -0.459900 -0.151074 -0.443388 0.102458 -0.583244 0.390309 0.299020 0.099721 0.309910 0.029523 -0.260857 -0.121606 -0.247775 -0.217248 0.494746 0.016365 0.177768 -0.119547 0.396283 -0.073544 
-0.254941 -0.478488 -0.088641 -0.535921 0.175496 0.337461 0.541077 0.717322 -0.013403 0.238615 0.005067 -0.430025 -0.162078 0.106863 0.159447 -0.093462 -0.223946 -0.764233 0.557503 -0.676931 0.439823 -0.594782 0.330696 -0.066664 0.794388 -0.629843 0.474714 -0.109103 -0.383749 0.085319 -0.633396 -1.570893 0.363759 0.435321 0.248336 0.981430 -0.439947 0.276365 0.394789 -0.253369 -0.162513 -0.632962 -0.450113 0.285051 -0.319027 -0.284646 -0.072241 -0.074545 -0.319438 0.723857 0.649222 -0.096805 -0.116034 -0.150071 -0.385228 -0.200595 -0.080854 0.010641 0.792597 -0.000154 0.006681 -0.207254 0.515921 0.140317 
-0.885755 -0.591743 0.076662 -1.301797 0.184447 -0.914428 0.253249 -0.178970 0.460341 0.312050 -0.463097 -0.368326 -0.415062 0.116232 0.745331 -0.101637 -0.279518 -0.656812 -0.216312 -0.386215 -0.352267 -1.066559 0.091342 -0.254816 -0.341275 -1.219054 0.439387 -0.227437 -1.173427 -0.275734 -0.729441 -0.987630 0.232185 -0.365492 0.699460 0.566668 -0.319124 0.388176 -0.246802 -0.284686 -0.499619 -0.696491 -0.694131 0.101913 -0.252364 -0.326456 0.400481 -0.190386 -0.566182 0.526978 0.337698 -0.153300 -0.511758 0.411347 -0.730203 -0.278562 0.011780 0.525011 0.836799 0.677274 0.263422 -0.435941 0.290707 -0.897146 
-0.641579 -0.841098 -0.466878 -1.316472 -0.411300 0.100760 1.022049 0.071078 0.514114 -0.090337 -0.526959 -0.648500 -0.637975 -0.476452 0.697987 -0.157951 -0.589638 -0.881614 0.232936 0.122605 -0.173521 -0.106628 -0.114938 -0.404494 -0.712606 -0.753281 0.810754 -0.136119 -0.947031 -0.135581 -0.698147 -0.538511 0.207501 -0.536583 0.311483 0.982660 -0.088991 -0.290540 0.034201 -0.258205 -0.608366 -1.257378 -0.524284 0.483758 -0.305336 -0.315950 1.251883 -0.049042 -0.733857 0.855663 0.270231 -0.411441 -0.488135 0.205493 -0.372266 -0.228247 0.306661 0.924462 0.220162 0.419948 0.320473 -0.394858 0.403960 -0.212159 
-0.447445 -0.719928 -0.374550 -0.600243 -0.848930 -0.269068 0.610075 0.582161 0.418357 -0.121395 -0.005800 -0.583623 -0.598260 -0.071870 0.461539 -0.491590 -0.430619 0.461189 0.648306 0.499476 0.368009 -0.264243 -0.612932 -0.134893 -0.514488 -0.396728 1.328640 -0.298160 -1.160057 -0.368121 -0.700605 -0.793505 0.736898 0.088145 0.757904 0.211297 0.065176 -0.998975 0.110401 -0.401841 -0.794376 -1.152607 0.079379 0.251463 -0.831546 -0.352759 0.842347 0.130254 0.201463 0.755459 0.747088 0.045850 -0.867583 0.752587 -0.069471 -0.033202 1.239975 0.981431 0.941971 -0.181020 0.209374 -0.257328 0.122339 0.127151 
0.125328 -0.906276 -0.390664 -1.083654 -0.926888 -0.780775 -0.618017 0.727673 0.528028 -0.176577 0.020859 -0.002422 -0.968028 -0.317918 -0.578590 -1.033582 -0.488109 -0.216339 0.856697 0.026530 -0.137744 0.264374 -0.607163 0.877684 -0.525424 -0.959609 0.729042 -0.185979 -1.451622 -0.599427 -1.140303 -1.627451 0.191770 -0.155512 0.922267 -0.549709 0.167610 -0.523987 -0.628464 -0.921146 -0.130821 -0.324953 0.108309 0.832807 -0.430348 0.334377 0.614199 0.297259 0.764142 0.154570 0.631338 0.172268 -0.211948 0.319330 -0.556187 0.018972 0.693886 0.688168 0.540816 -0.042115 -0.171355 0.381717 -0.253914 0.136722 
0.478468 0.559571 0.062941 -0.453694 -1.213559 0.641420 -0.196188 0.062977 0.457997 0.594784 0.498531 -0.914365 -0.842206 -0.106575 0.676037 -1.533738 -1.013667 -0.663737 -0.373917 0.105263 -0.711713 -0.163181 -0.366916 0.297949 -0.155558 -0.415587 0.453840 0.090748 -0.769049 -0.640192 -0.558798 -0.904179 -0.859432 -0.028369 0.058543 -0.456770 -0.030496 0.070515 -1.207317 0.250511 -0.373353 -0.305644 0.891897 1.027355 -0.600811 0.830820 1.086397 -0.008208 -0.034970 -0.650545 1.059199 0.523253 0.324319 -0.082045 -0.483860 -0.481982 0.387669 -0.194935 1.648377 1.375165 -1.015487 0.400566 0.749268 0.207261 
0.140034 0.691677 0.789474 -1.394343 -1.701536 0.127225 -0.210847 -0.484311 -0.477505 0.854833 0.326217 -1.493748 -1.494677 -1.773415 0.103250 -1.181295 -0.975374 0.050574 0.317444 0.071746 -0.983215 -0.704525 -0.314918 -0.126384 -0.221693 -0.171893 1.305038 0.603625 0.238218 -0.560333 0.059749 -1.457099 0.040938 0.726846 0.376781 0.604075 -0.234441 -0.073029 -0.832925 -0.612435 0.870982 -0.762262 0.378691 0.409449 -0.713162 0.323913 0.021595 -0.798750 -0.175307 -0.932378 0.961850 0.011226 0.457616 -0.364318 -0.131245 -1.387082 -0.059392 0.769737 0.227797 0.526543 -0.419516 0.206553 0.977498 0.063117 
1.155309 -1.318101 0.918128 -0.930948 -1.461572 -0.822559 -0.299333 -0.945728 -1.492418 0.966689 -0.503965 -0.551609 -0.604853 -2.112784 0.156633 -0.592112 -0.143969 -0.589305 -0.191348 1.096561 -1.426450 0.477269 -1.221544 -0.137353 -0.852907 0.061907 0.749104 0.204314 -0.171846 -0.483588 0.664350 -1.198488 -0.324850 0.876388 -0.420040 -0.318056 0.295650 -0.622954 -0.483714 -0.425965 0.664989 -0.478904 -0.333794 1.251352 -0.144389 0.518834 -0.384641 -0.354338 0.183923 0.568711 0.003693 -0.393252 0.428105 0.022016 -0.441429 -0.891315 -0.065387 0.398858 -0.025332 -0.603449 0.581223 0.573997 0.335234 -0.556520 
0.470789 -1.429626 -0.792799 -0.742660 -0.915208 0.413546 0.084308 -1.349327 -0.480541 0.226091 -0.703593 0.008689 0.152874 -0.821348 0.087790 0.217024 -0.783847 -0.307904 -0.322964 -0.537522 -1.449875 -0.128616 -1.091865 -0.522950 0.783745 -0.163743 1.536467 0.454178 -0.192098 0.788881 0.244363 -1.555247 0.921310 1.087164 0.876888 -0.552739 0.018222 -0.154604 -0.397429 -1.536855 0.552845 -0.956776 -0.136061 0.894510 0.465619 -0.698073 -0.501090 -0.197811 0.190941 0.494905 -0.568560 -0.366204 0.493393 -0.823464 -0.137800 -0.446755 -0.157032 1.345654 0.338823 -1.020763 0.108706 0.526627 -0.719173 0.026562 
-0.280486 0.230918 0.274583 0.133809 -1.722420 0.003605 0.072393 -0.644910 -1.217493 -0.509500 -0.230187 -0.438279 0.104577 0.391260 0.486650 0.169079 -0.641272 0.604624 -0.036221 -0.602511 -0.106091 0.719730 -1.555440 -0.658062 0.054661 -0.683157 0.934845 -0.597934 0.934230 0.249589 0.101122 -0.418090 1.024986 1.380214 -0.013984 -0.045557 -0.451259 0.340354 -0.184645 -0.753478 0.175721 -0.596928 0.220734 -0.455106 0.322449 -0.347797 -0.349366 -0.596291 -0.345727 -0.464488 0.118508 -0.092083 0.241177 -0.879629 -0.041289 -0.619133 0.002028 0.263850 0.733625 -1.461421 0.317936 0.348879 -2.075175 0.367867 
-0.013670 0.175641 0.541207 0.553172 -0.693517 0.173477 -0.466370 -0.287213 -1.107973 -0.227007 0.630839 -0.846277 0.307246 -0.088193 -0.391571 -0.286322 -0.735965 -0.162245 0.014346 0.150257 -1.072671 1.285106 -1.381379 -0.481130 0.131453 0.020131 1.242431 0.662798 0.145078 -0.216320 0.829147 -1.011294 0.272058 1.011125 0.741207 -0.330316 -0.651177 -0.336361 0.295320 -0.535316 0.075012 -0.225615 -0.207567 0.228233 0.269562 -0.339529 -0.206879 -0.458365 0.529100 -0.787207 0.344938 -0.945940 -0.114177 -0.390979 0.032446 -0.440990 -1.047337 0.409220 -0.604337 -1.660683 -0.343729 0.106676 -2.704589 -0.274608 
0.497494 -0.166633 -0.219727 -0.209086 -1.669004 0.010576 0.299460 -0.089756 -1.161276 -0.456898 0.712728 -1.764151 -0.092752 -1.227386 -1.552488 -0.308642 -1.022049 -0.279743 0.176404 -0.468589 -0.909447 1.017224 -1.217866 0.217926 0.523557 0.990110 1.053498 -0.074828 -0.036924 0.013558 1.392283 -0.895120 0.490240 -0.215997 -0.291021 -0.236327 -1.132818 -1.667464 0.264709 -0.004091 0.006247 0.552730 0.309563 0.724061 -0.270090 -0.209889 -1.111811 -0.035227 0.201578 -0.785663 0.183077 0.073303 -0.248603 -0.304436 -0.039591 -0.864233 -0.406380 0.374230 -0.570691 -0.878407 -1.345215 0.051924 -1.793282 -0.485584 
0.101683 0.391889 0.346328 -0.159633 -1.836256 -0.600021 0.617021 -0.106754 -1.017070 -0.596167 0.225742 -0.262450 -0.469106 -0.568534 -1.431473 -0.494197 -0.261956 0.031498 0.438930 -1.247651 -0.177570 1.229487 -0.616091 0.515223 0.373420 0.289312 1.829727 -0.446379 -0.781107 -0.715123 0.672344 -1.762356 -0.090203 -0.146007 -0.000995 0.736119 -1.514154 0.080172 0.106622 -1.481593 -0.523779 -0.145491 0.496005 0.232504 0.130745 -0.349517 -1.487249 0.309372 0.326247 -0.776812 1.025616 -0.012096 -0.026966 0.139743 0.353461 -1.346091 -0.154775 -0.144544 -0.645404 -0.715521 -1.036816 -0.768220 -1.200214 -0.518965 
-0.129057 -0.819033 0.099586 0.682577 -0.493720 -0.728554 -0.139683 0.010469 -0.572789 -0.215420 -0.352079 0.938702 0.894087 -0.399204 -2.286756 -0.047893 -0.533014 -0.074629 0.959804 -1.811179 0.457198 -0.327892 0.251318 -0.265212 0.217374 -0.034392 1.266369 -0.488170 -0.339905 -0.714929 -0.353835 -0.913879 0.366141 -0.253630 0.232018 0.232882 -2.081407 0.545543 -0.022972 -0.957993 0.305436 -0.368466 0.577695 0.267632 0.172488 0.006929 -0.960157 0.829745 0.851249 -0.521621 0.851061 0.653041 0.431528 0.120661 0.392018 -1.487420 -0.106543 -1.096075 -0.754003 -0.417267 -0.479796 -0.491025 -1.123365 0.157229 
0.132464 0.051733 -0.399534 0.065960 -0.792344 -0.043080 0.201472 0.845623 -0.385658 -0.198628 0.684745 0.172961 0.211229 -0.219948 -0.670559 1.003053 -0.938853 -0.957626 -0.068270 -1.224241 0.140881 -0.012715 0.028472 0.121952 0.980941 0.410026 0.877098 0.308674 -0.779573 -0.401981 -0.535265 -0.197206 -0.116347 -0.406442 -0.232374 0.129914 -1.266746 0.334841 0.247711 -0.872537 0.169262 -0.297459 0.137925 -0.241247 0.134037 -0.688430 -1.024821 0.423458 -0.440810 -0.382382 0.252083 0.214020 1.211819 -0.027745 -0.113162 -0.738748 -0.379369 -0.169079 -0.244202 -0.320498 0.058798 -0.303979 -0.882153 0.439660 
-0.469936 -0.749740 -0.918541 0.906351 -0.218266 -0.315041 -0.143698 0.593264 0.182493 -0.046608 -0.244467 0.090906 0.154276 0.394158 -0.041363 0.761514 -0.458450 -0.315397 0.223171 -1.310788 1.052477 0.229000 0.136263 -0.100909 0.175294 -0.245681 1.347985 0.489022 -0.437347 0.153334 0.120250 -0.903363 -0.431838 -0.192653 -1.096492 -0.010901 -0.712775 -0.063649 -0.567087 -0.120766 -0.038476 0.060552 -0.170788 -0.280315 0.188647 -1.203024 -1.013053 0.150851 -0.284075 -0.217568 0.197990 1.070248 0.296067 -0.304699 -0.849379 -0.465885 -0.562583 0.393110 0.097496 -0.758070 0.048277 -0.097713 -0.123438 0.447527 
-0.289634 -1.307546 -0.521811 0.926174 -0.278964 -0.865592 -0.213797 0.434270 0.794474 0.008926 -0.512600 -0.370793 0.148969 -0.005682 -0.007191 0.909361 -0.319149 -0.535723 0.609540 -0.871943 0.333537 -0.213114 0.369009 0.634337 0.149256 0.078689 0.488620 0.462222 -0.003063 0.651511 -0.207763 -1.079623 -0.065614 0.172610 -0.472164 -0.485456 -0.402084 0.286406 -0.508492 -0.180366 -0.147778 -0.039306 -0.231664 -0.453618 0.133824 -0.873631 -0.481267 -0.524135 -0.033155 0.528917 -0.259285 0.398375 0.066783 -0.030370 -0.575634 -0.754118 -0.257384 0.563130 -0.168427 -0.775362 -0.743221 -0.110961 0.391485 0.478579 
-0.347758 -0.580703 -0.136134 0.182303 -0.253191 -0.582159 0.492302 0.351604 0.761619 0.308353 -0.651531 0.203976 -0.282917 -0.005402 0.067456 -0.233462 -0.008113 -0.729166 0.810670 -0.551887 -0.366567 -0.429476 0.064298 0.476992 0.109289 -0.126776 0.670084 -0.228958 -0.136681 0.868837 -0.263533 -0.889692 0.276962 0.585938 -0.263791 -0.247966 -0.136318 0.276154 0.503979 -0.128810 0.043351 -0.412604 0.091743 -0.511473 -0.173334 -0.270208 0.165686 0.198424 -0.226860 0.294038 0.318523 0.044509 0.347432 -0.139177 -0.762153 -0.773361 -0.060159 0.435085 -0.793333 -0.591766 -0.196899 0.030480 0.589840 0.626117 
-0.564143 -0.842616 0.273408 -0.202917 -0.438440 0.084657 0.483643 0.642708 0.502745 0.327579 -0.642822 -0.195738 -0.087697 0.098293 0.018282 -0.167403 -0.028706 -0.096519 0.971493 0.064144 -0.524434 0.051627 -0.121906 0.354034 -0.050109 -0.725856 0.971264 -0.096668 -0.126449 0.160240 0.046126 -0.504442 -0.068995 0.429359 -0.093013 0.028492 -0.147729 -0.190644 0.476431 -0.142574 -0.103461 -0.232479 0.220204 -0.363275 -0.183203 -0.169895 -0.005704 0.266637 -0.053664 -0.207070 -0.150797 0.287932 0.261207 0.057620 -0.468022 -0.596685 0.100468 0.352899 -0.434006 -0.460763 0.242633 0.075969 0.447117 0.607664 
-0.505585 -0.532860 0.103156 -0.290978 -0.351913 0.018943 0.259178 0.576032 0.326659 0.334553 -0.342917 -0.237945 0.064940 0.078580 -0.075510 0.056779 0.166936 0.072040 0.236414 0.264914 -0.174638 0.151158 0.277862 0.028336 -0.050913 -0.327476 0.276480 -0.105237 0.026383 0.106278 0.448380 0.343031 -0.298581 0.078192 -0.098799 0.402923 -0.109656 0.164397 0.196598 0.086323 0.048267 -0.088275 0.091589 -0.107065 0.016149 0.002045 -0.042215 0.060526 -0.098459 -0.023228 -0.066714 0.401279 0.059145 0.227109 -0.211532 -0.214602 0.007029 0.235761 -0.295538 -0.431971 0.299070 0.002024 0.350802 -0.019182 
-0.233486 -0.216290 0.232117 0.003039 -0.137884 -0.029518 -0.035171 0.142914 0.076795 0.171162 0.062938 -0.121671 0.020905 0.005508 -0.028702 0.054420 0.224957 0.053509 -0.003761 0.057463 -0.051268 0.042784 0.036986 -0.139342 -0.070721 0.090176 0.203844 -0.063708 0.043748 -0.237408 0.247359 0.043787 -0.126445 0.013929 0.014849 0.159588 -0.060793 0.106222 0.215324 0.038506 0.087667 -0.001133 0.026249 0.140812 0.059412 -0.115150 0.139219 0.126840 -0.075443 -0.020903 -0.047787 0.052790 0.035449 0.022323 0.003431 -0.032780 -0.119271 0.107060 -0.032077 -0.195320 -0.040852 -0.037449 0.024265 -0.024064 
0.081097 0.042667 0.110167 -0.015575 -0.019796 -0.047978 0.033391 0.069242 -0.069335 0.047265 0.070573 -0.081738 -0.017285 -0.010300 -0.065333 -0.035790 0.066206 -0.031780 0.002544 -0.052520 -0.013079 0.067429 -0.017795 -0.024748 -0.077338 0.022290 -0.086338 -0.051102 0.080974 0.010994 -0.059146 0.059731 0.016497 -0.080049 0.029978 0.173835 -0.075071 0.001014 0.016454 -0.012615 -0.031554 0.005840 -0.073147 0.052885 -0.003333 0.048474 -0.015357 0.103361 -0.049448 -0.007620 0.054602 0.019956 -0.003506 0.082840 -0.012788 0.052150 -0.006824 -0.042665 -0.057137 0.041234 0.017804 0.021559 -0.050991 0.069792 
-0.073308 0.062809 -0.041980 -0.045302 0.063980 0.064734 -0.027028 -0.069247 -0.008109 -0.053131 -0.074417 -0.065679 0.047750 -0.045512 -0.065273 -0.011339 -0.052679 -0.014466 0.058586 0.074371 0.040337 0.050877 0.028389 -0.060093 -0.034684 -0.043140 -0.030637 -0.012448 -0.033801 -0.081277 0.011847 -0.061541 -0.044726 0.028176 -0.025706 -0.028333 0.070777 -0.052530 0.050218 0.031182 0.000716 -0.050364 -0.020448 -0.022757 -0.019949 -0.033490 -0.009074 -0.022877 0.060147 -0.048645 -0.013095 -0.057993 0.052376 0.068594 -0.078196 -0.071013 -0.058368 -0.020945 0.031003 -0.021811 -0.024621 -0.059862 -0.007324 -0.041965 
0.055087 -0.039746 0.053947 0.076101 -0.008376 0.063430 0.006420 -0.063605 0.082873 -0.076805 0.053146 -0.002883 0.042293 0.079269 -0.044552 -0.054779 -0.057428 -0.031398 -0.002144 0.028641 0.025463 0.031224 -0.008987 0.030844 0.013690 -0.074037 0.019091 0.077950 -0.008710 -0.051755 -0.007262 -0.017998 -0.044588 0.040296 0.031763 -0.035403 -0.062388 -0.046883 -0.083756 -0.030720 -0.015200 -0.002467 -0.033334 0.070377 0.047211 0.055452 0.077729 0.027897 0.073072 -0.010168 -0.060653 -0.008556 0.020765 -0.034299 0.029509 0.066269 -0.080024 -0.048746 0.019466 0.071522 0.029098 -0.060375 0.064324 0.063800 
0.042714 -0.007832 -0.062973 -0.072169 -0.080034 -0.038571 -0.035285 -0.046749 -0.058219 0.013500 0.071409 0.026367 0.044146 -0.042652 0.044660 0.028857 0.073149 0.014928 0.022049 0.081662 -0.000454 0.030238 -0.058994 0.029560 0.056140 -0.080578 -0.024010 0.001153 0.004064 0.042308 0.033652 -0.074356 0.014722 -0.076471 -0.006461 0.009378 0.018244 0.059985 -0.057433 0.053465 0.005116 0.027486 0.072025 -0.047966 -0.017469 -0.021304 -0.009978 -0.074700 0.053254 -0.077164 -0.021797 -0.033036 -0.008577 0.009824 0.076153 -0.079742 -0.039104 0.078751 0.027029 -0.001512 0.068036 0.011046 0.005578 -0.032035 
0.057093 -0.000201 -0.053514 0.004475 0.044842 0.074038 -0.059076 -0.065216 0.045760 -0.017203 0.056860 0.030541 0.047510 -0.063880 -0.022164 0.033033 -0.060841 -0.042618 0.071943 0.063806 -0.082727 -0.052525 0.055401 0.080120 0.017117 0.050978 0.003468 -0.054483 -0.073819 0.067669 -0.004314 -0.097866 0.027606 0.064892 0.070854 -0.030255 0.051998 0.076145 0.079553 -0.053467 0.072027 0.000623 0.069961 0.004261 -0.008983 -0.040888 0.042639 0.011350 -0.019806 -0.020619 -0.082569 -0.075974 -0.009417 -0.011772 -0.057373 0.009769 -0.025969 0.037069 -0.072680 -0.002163 0.105831 0.063602 -0.075112 0.026299 
0.046441 0.046351 0.013271 0.049495 -0.018937 0.245737 0.119911 -0.216940 -0.197173 0.083055 0.068697 0.097755 -0.079117 -0.145129 0.017809 -0.027309 0.065034 -0.128283 0.087158 -0.208653 -0.112343 -0.116403 -0.023525 -0.081830 -0.105926 0.015668 -0.040601 0.018548 -0.003479 -0.041167 -0.153750 -0.216323 0.204637 0.164343 0.007869 0.229702 0.232744 0.038470 0.015527 0.169507 -0.084016 0.002770 0.006278 -0.039265 0.018776 -0.152014 -0.063603 0.155257 -0.078178 -0.259706 0.090303 -0.014266 0.030507 -0.022420 -0.119350 -0.183859 -0.077308 0.178012 0.071541 -0.032900 0.172465 -0.107443 -0.054762 -0.039077 
-0.194152 -0.176914 0.126791 0.019193 0.108623 0.509838 0.297182 0.261360 -0.288013 0.236531 0.205435 0.042116 -0.196473 -0.378355 0.284657 0.008159 0.030359 -0.358453 -0.206119 -0.200246 0.114962 -0.052555 -0.295027 -0.484881 0.133443 -0.020650 0.068979 -0.107492 -0.057987 -0.092523 -0.299469 -0.893987 0.260217 0.342242 -0.037200 0.582576 -0.080410 0.052517 0.131008 0.351980 -0.172112 -0.222369 -0.043452 0.025565 -0.176656 -0.068834 -0.450264 0.206803 -0.251013 -0.017382 0.180236 0.056485 0.089133 -0.189758 -0.205367 -0.057617 -0.052655 0.257078 -0.117458 -0.130944 -0.035293 -0.039681 0.147355 0.028653 
-0.440069 -0.378008 0.314594 -0.231704 0.097081 0.463247 0.422016 0.558328 -0.081004 0.384334 0.091178 -0.280975 -0.300851 0.011638 0.371217 0.090012 -0.032314 -0.591856 -0.347587 -0.137382 0.449533 -0.155488 -0.493380 -0.179649 0.738431 -0.253411 0.004763 -0.014674 0.179308 0.259437 -0.290382 -1.094202 -0.133424 0.678641 0.144158 0.657351 -0.056462 0.036844 0.314587 0.333901 -0.322967 -0.411310 -0.255571 0.119729 -0.157062 -0.291424 -0.286019 0.178470 -0.301877 0.138123 0.466809 -0.035591 -0.061603 0.042715 -0.028714 -0.140998 0.035379 0.419676 0.304077 -0.187381 -0.269867 0.119981 -0.019605 0.324865 
-0.872712 -0.386712 0.204673 -0.865403 0.060782 -0.597072 0.064680 0.958284 -0.028755 0.555059 0.138687 -0.267306 -0.283886 -0.053095 0.770778 0.018819 -0.154078 -0.577533 -0.496750 0.490636 0.199425 -0.233141 -0.385928 -0.253998 0.999137 -0.793235 -0.138864 0.059164 -0.160032 -0.258198 -0.675455 -0.263123 -0.173316 0.546173 0.964246 0.522390 -0.059219 0.041365 0.171399 0.876040 -0.598708 -0.363675 -0.871099 -0.015135 -0.479779 -0.555274 0.117950 0.156968 -0.021337 0.057062 0.321686 -0.023798 0.542975 0.315809 -0.029715 0.168397 -0.059103 0.418789 0.440085 -0.064096 -0.306900 0.300818 -0.341018 -0.586822 
-1.098210 -0.554514 -0.656014 -1.016574 -0.532247 -0.043532 0.446758 -0.103931 0.800226 0.077859 0.136585 -0.275867 -0.814315 0.266279 1.116002 0.004322 -0.353549 -0.643998 -0.372466 0.451162 0.072641 -0.288422 -0.427153 -0.005030 1.034524 -0.704154 -0.205688 0.356858 -0.630819 -0.110110 -0.432201 0.477713 -0.390327 0.563392 0.578042 0.628865 -0.303063 0.352247 0.140008 0.346205 -0.816178 -0.723040 -0.376091 -0.523652 -0.687735 -0.298664 0.476363 -0.462476 -0.331297 0.296604 0.039559 -0.540099 0.900789 0.488861 -0.354506 0.087968 0.081280 0.056830 0.225443 0.488986 -0.195747 -0.042646 -0.381942 -0.344451 
-0.850901 -0.752102 -0.293799 0.147421 -0.911288 -0.506200 -0.249668 -0.176895 0.357833 -0.237141 -0.370312 -0.628924 -0.508947 0.128944 0.776030 -0.539301 -0.300767 -0.690989 0.325236 -0.415687 -0.444962 -0.598634 0.037618 0.638004 -0.151757 -0.601114 0.895061 0.692863 -1.261595 0.006228 -0.725245 -0.692919 0.131353 0.665663 0.146724 0.990102 0.090067 -0.437697 0.400400 -0.518656 -0.526253 -0.525174 -0.356268 -1.014559 -0.278219 -0.442667 0.201362 -0.694481 -0.074095 0.741416 0.568325 -0.657500 0.058273 0.511960 -0.354702 0.042130 0.639333 0.803333 0.228049 0.498370 0.151414 0.590861 -0.217640 0.347164 
-1.203209 -0.277763 -0.037695 0.464423 -1.250787 0.202383 -0.315165 0.300829 0.034422 0.254695 -0.317416 -0.286055 0.138507 -0.104715 -0.363394 -0.750037 -0.579920 0.090979 0.880141 -0.384960 -0.386430 -0.042981 -0.447382 0.875813 0.185671 -0.180257 0.998716 0.695553 -0.927778 0.430117 -0.723390 -0.792718 -0.623390 1.233195 0.536914 -0.074192 -0.121533 0.100350 0.094267 -1.545644 -0.367138 -0.159103 -0.173694 -0.784113 -0.221925 -0.149022 0.238176 -0.768858 0.591644 0.418117 1.669596 0.222317 0.138364 -0.118138 -0.033640 0.297320 0.014148 0.829285 0.084671 0.195490 0.528158 1.020280 -0.057176 -0.432000 
-1.370909 -0.130092 0.106993 0.520927 -1.313651 0.241021 -0.236221 0.539474 -0.740552 1.368440 -0.183832 -0.168953 -0.158301 0.638456 -0.058456 -0.956480 -0.944837 0.169682 0.604735 0.102422 -0.453075 -0.122100 -0.286164 1.077585 -0.945896 0.336496 -0.076990 0.837220 -1.203068 0.097292 -0.821579 -0.499044 -0.653877 1.655432 0.799484 0.825358 0.137272 0.564010 0.082822 -0.111688 0.535652 -0.210833 0.419594 -0.628413 -0.706051 -0.037154 1.404306 -0.404453 0.096390 -0.306954 0.935556 -0.163708 -0.833027 0.708802 -0.017385 -0.121657 0.314472 0.113929 0.642068 -0.373779 0.102516 0.296390 -0.565114 0.246220 
-2.427173 -0.241923 -0.156615 -0.126894 -0.995912 0.396592 0.028418 0.443103 -0.060836 0.605534 0.494133 -0.326200 -1.271777 -0.625741 0.726677 -0.856023 -0.519175 0.633615 1.003705 0.640112 -0.271707 -0.901022 -1.069418 0.750051 0.043884 0.417226 -0.055321 0.244590 -1.324323 -0.676017 -0.296626 -0.181041 -1.074726 1.944623 -1.003595 0.134550 0.687366 -0.639687 -0.670763 -0.443622 1.053391 0.029427 0.792044 -0.427308 -0.736449 0.371473 0.817106 -0.957996 -0.738237 0.069869 0.538198 0.202857 0.283042 0.676530 -0.463086 -0.445919 -0.207888 1.043651 0.480067 -0.098607 0.377445 -0.228976 0.221672 0.818611 
-1.893253 -0.571867 -0.305964 -0.208927 -1.234242 -0.476819 -0.226283 -0.611655 -0.661445 0.365999 -0.229786 -1.367618 -0.790265 -0.288321 0.139487 -0.108073 -0.292261 -0.064417 1.451072 0.218048 1.001891 0.339914 -1.695913 0.449581 -0.637681 0.313831 0.776250 0.448869 -1.607170 0.091833 0.080355 -1.113672 -1.369634 1.056916 -0.751532 -1.289936 -0.182630 0.134871 -0.402547 -0.526378 0.497880 0.193255 -0.071129 0.529488 -0.072843 0.574521 0.016885 -1.027840 0.557663 1.182272 -0.304465 0.111261 0.269970 0.207818 -0.439643 0.110079 -0.243626 0.936824 0.088554 0.550304 -0.248120 0.161198 -0.057366 1.634641 
-1.394334 0.550791 -0.145348 -0.610985 -1.314634 0.280293 -0.343782 -0.995699 0.326089 -0.253512 0.345114 -0.431244 0.218895 -0.576142 0.710313 0.557930 -0.502307 0.944481 0.785353 0.046126 -0.876209 0.060335 -1.262121 -0.047383 0.319680 -0.071362 1.589351 -0.379235 -0.421768 0.198190 -0.408827 -1.656975 0.416891 0.616058 -0.155085 -0.193118 -0.910213 0.077020 -0.057204 -0.865401 0.595317 -0.181056 -0.175156 0.069697 -0.321478 0.599070 -0.732764 -0.832091 0.625615 0.373429 0.714550 -0.559243 -0.120505 -0.730730 -0.346367 -0.075687 -0.959926 1.404712 -0.347273 0.155896 -0.225582 -0.222003 -0.851586 1.233009 
-1.192261 0.710195 0.516131 -0.808229 -1.540052 0.465842 -0.576525 -1.094320 -1.166566 0.031325 0.352696 -0.459309 0.330434 -0.363520 0.091830 0.786209 -0.387770 0.803083 0.745902 0.456440 -0.590603 0.481709 -0.685121 -0.632250 -0.425080 0.622456 1.464015 -0.470075 0.052892 -0.497075 0.539666 -0.505827 0.191974 1.271042 0.024014 0.179546 -0.999871 -0.265403 0.822297 -0.503602 1.170839 0.207548 -0.449326 -0.582597 -0.274928 0.451232 -0.712362 -0.822557 0.008668 0.044692 0.406915 -0.903590 -0.301227 -0.495364 0.056145 -0.328407 -0.000159 0.561506 0.540460 -0.520820 -0.423638 0.570519 -0.779185 0.723369 
-0.894989 0.372162 -0.138850 -0.326681 -1.124082 0.425275 -0.597117 -0.922185 -1.107329 -0.066446 0.163836 0.038046 0.268696 -0.317328 -1.219510 -0.108405 -0.217522 0.595435 0.439267 -0.487482 -1.246604 0.037624 -0.243100 -0.641310 0.735620 0.584791 2.231977 -0.121483 0.345939 -0.869369 1.144626 -0.958098 -0.552276 1.180901 -0.610105 -0.183524 -0.597797 -0.315363 0.450540 -0.563856 0.846885 0.040396 -0.435641 -0.751607 -0.446977 -0.420485 -0.501015 -0.937776 -0.362897 0.082554 0.336049 -1.250518 -0.127541 -0.644546 -0.219628 -0.708542 -1.098118 0.636894 -0.774408 -0.989283 -0.272755 0.448207 -0.418566 0.095668 
-1.619864 -0.565865 0.019642 -0.356898 -1.170007 -0.156562 -0.114431 -0.520181 -0.589135 -0.501612 -0.450939 -0.796636 -0.446547 -0.851318 -2.212022 0.129030 0.048108 0.154189 0.295965 -0.997938 -0.078334 0.480396 -0.480430 -0.955946 0.060796 -0.317435 2.495870 -0.199818 -0.101187 0.050745 1.004346 -1.168767 0.049766 0.603828 -0.371649 0.083867 -0.259301 -1.422252 0.243346 -0.995696 0.656455 0.223996 -0.220483 0.064162 -0.077849 -0.043793 -0.636240 -0.467275 0.101612 0.115786 0.169509 -0.276771 0.403053 -0.475503 0.487863 -0.198321 -0.856383 0.447499 -0.410515 -0.545329 -0.676135 -0.055211 -0.593204 1.512691 
-1.625133 -0.116468 -0.259100 -0.051685 -1.473198 -0.880954 -0.325185 -0.274791 -0.110816 -0.478200 0.121620 0.314661 0.703531 -0.535053 -1.859967 0.444283 -0.687648 -0.002056 0.049474 -0.719348 0.281617 -0.394798 -0.517806 -0.328806 -0.394300 -1.174634 1.898073 -0.955595 -0.145554 0.296383 1.112468 -1.787947 -0.230725 0.836055 -0.426649 0.952766 -0.871978 -0.904510 0.005143 -0.680158 -0.255023 0.137208 0.044622 -0.447434 0.015284 0.144366 -0.848560 -0.006975 0.374684 -0.690539 0.098385 -0.320878 -0.048435 -0.365959 0.631887 -1.135880 -0.226607 -0.817989 0.125981 -1.081057 -0.370975 -0.327778 -1.618063 0.415354 
-0.529548 -0.432909 0.066039 0.609065 -0.533901 -0.314389 -0.730426 -0.296132 0.278785 -0.484034 0.846423 0.239353 0.453874 -0.619672 -1.460373 1.067473 -1.227701 0.118738 0.252763 -0.887260 -0.125338 -0.246590 -0.050524 -0.475871 -0.289625 -0.164297 0.694895 -0.797785 -0.329998 0.000759 -0.314250 -1.206161 0.626788 -0.381530 -0.700540 0.291931 -0.468573 0.896496 -0.196350 -1.055195 0.020122 0.051792 0.120987 -1.099540 -0.196127 -0.271919 -1.126143 0.293180 0.474259 -0.739756 -0.143745 -0.348166 1.090360 -0.795579 0.272356 -1.288461 -0.146147 -1.089882 0.216933 -0.939054 -0.076419 -0.510469 -1.236808 0.239844 
-1.064991 0.140029 -0.005369 0.835736 -0.294833 -0.465289 -0.187785 0.420768 -0.355350 -0.480497 -0.180831 -0.770528 0.233038 -0.386026 -0.850821 0.304944 -0.905884 -0.277144 0.574577 -0.886131 0.132933 0.064720 -0.613390 -0.344843 -0.560554 0.803572 0.892528 -0.420923 -0.092425 -0.435892 -0.616851 -0.500828 0.308401 -0.552268 -0.450393 -0.130096 -0.379613 0.852004 0.320705 -1.256230 0.109529 0.234940 -0.029868 -0.488386 -0.043637 -0.166034 -0.654792 0.431165 -0.035530 -0.279588 -0.731922 -0.268799 0.564060 -0.508495 -0.323655 -0.369361 -0.058318 -0.677440 0.166332 -0.664200 -0.164179 -0.363829 -1.497040 0.862013 
-0.807971 -0.191666 0.237621 1.224231 0.095281 -0.780012 -0.345218 0.167654 0.328982 -0.130157 -0.611615 -0.591413 0.235807 0.118042 -0.325311 -0.380946 -0.693830 0.022543 0.588019 -0.933446 0.318258 0.295114 -0.165241 0.017279 -0.534517 0.266481 0.935896 -0.375174 0.067993 -0.151739 0.521008 -0.998040 -0.227559 0.202905 -1.398274 -0.364687 -0.294886 0.190530 0.509749 -0.455458 -0.244244 0.098959 -0.030498 -0.221280 0.142392 -0.664640 -0.759619 0.494078 -0.093407 -0.185613 -0.578842 0.540015 0.232018 -0.417092 -0.466312 -0.404037 -0.146966 0.419974 -0.017535 -0.663222 -0.319977 -0.116774 -1.151689 0.302002 
-0.290782 -0.421937 -0.532154 1.155380 0.119233 -0.474159 0.060143 -0.076462 0.385037 0.141440 -0.644769 0.125131 0.168740 -0.159915 -0.008771 0.113421 -0.692728 -0.353908 0.846838 -0.713552 -0.135422 -0.200574 0.186248 0.577597 -0.171029 0.121854 0.464760 -0.157061 -0.104291 0.470242 0.292810 -0.841546 -0.062995 0.418831 -0.597697 -0.215844 -0.188158 -0.170550 0.167426 -0.293519 -0.250824 -0.021617 -0.159248 -0.255386 -0.040531 -0.411254 -0.225284 0.232703 -0.151544 -0.119176 -0.688259 0.239270 0.528651 -0.241100 -0.459018 -0.278982 0.029539 0.433381 -0.367624 -0.497315 -0.284710 -0.145060 -0.199435 0.462765 
-0.175716 -0.428603 -0.114754 0.625244 0.024497 -0.275501 0.041867 0.121278 0.850648 0.350092 -0.722628 -0.001538 -0.112674 -0.100699 0.114016 -0.397941 -0.065263 -0.306394 0.859992 -0.440815 -0.306581 -0.159861 0.147418 0.473387 -0.106167 -0.649558 0.645472 -0.059905 -0.127055 0.517567 0.013052 -0.755705 0.120212 0.267505 -0.496494 0.203283 -0.034677 -0.326151 0.165472 0.094289 0.008079 -0.294920 -0.244869 -0.069151 -0.108817 -0.018699 0.183932 0.193646 -0.498977 -0.140753 -0.456216 0.162985 -0.050217 -0.123589 -0.759129 -0.295166 0.167430 0.392533 -0.548894 -0.288376 -0.205033 -0.032844 0.067973 0.202517 
-0.478822 -0.331616 0.136312 0.329039 -0.386796 0.039839 0.216109 0.178201 0.475319 0.301788 -0.498296 -0.046391 -0.048856 -0.004860 0.070287 -0.265240 -0.021691 0.070811 0.349556 -0.019909 -0.394801 -0.068142 0.014127 -0.029352 -0.126338 -0.627621 0.508619 -0.179866 -0.047151 0.134650 0.103552 -0.282221 -0.005326 0.014635 -0.355188 0.632527 0.064202 -0.240800 0.166519 -0.060430 -0.102443 -0.187412 0.095974 -0.182340 -0.058782 -0.081829 0.299444 0.114941 -0.129014 -0.148583 -0.129115 0.098345 0.065924 -0.014096 -0.433069 -0.308340 0.164585 0.138872 -0.250148 -0.467568 0.022398 0.055633 0.231046 0.316014 
-0.386998 -0.241044 0.098314 -0.124874 -0.295326 -0.053659 0.060972 0.334111 0.156626 0.164320 -0.162036 -0.151288 -0.024506 0.100919 0.060618 0.053050 0.200912 0.023502 0.001622 0.283685 -0.347305 0.001309 0.192867 -0.012568 -0.046926 -0.305093 0.167967 -0.147272 -0.106549 -0.048365 0.319206 0.429568 -0.158659 -0.059677 -0.130002 0.300322 -0.010685 0.063561 0.106389 0.072107 0.053384 -0.002087 0.133298 -0.112835 0.055800 -0.089346 0.039627 0.320505 -0.051922 -0.090486 -0.130047 0.319108 0.174336 0.213922 -0.176933 -0.355478 0.010046 0.240268 0.002092 -0.462378 0.209839 -0.092927 0.157776 -0.114410 
-0.173964 -0.081295 0.168508 0.078205 -0.191036 -0.075031 -0.065901 0.096541 0.103252 0.132643 0.082118 -0.027843 0.063474 -0.008367 -0.080313 0.091907 0.097676 0.049566 -0.009903 0.047496 -0.043708 0.118099 0.074335 -0.160844 0.048653 0.114598 0.141515 0.018769 -0.062854 0.004602 -0.019621 0.016611 -0.107152 -0.055975 -0.077627 0.216466 0.029176 0.021134 0.201075 0.003195 0.062460 -0.062086 -0.085638 0.000503 0.068305 -0.091474 0.023766 0.136794 0.019696 -0.122617 -0.058609 0.071420 0.047935 0.081791 -0.045785 -0.087107 -0.042588 0.060535 0.067431 -0.072231 0.069178 0.007579 0.014334 0.127357 
0.031002 0.032698 0.108545 0.061832 -0.019719 -0.029023 0.012647 -0.027655 -0.073679 -0.051042 0.097852 0.043641 0.003481 0.023243 -0.073926 -0.011664 0.015679 -0.057134 0.052480 -0.084488 -0.053812 0.079430 -0.043835 0.024810 -0.069331 0.109128 -0.035819 -0.038749 -0.073052 -0.058726 0.019538 -0.077015 -0.012879 0.043859 0.010758 0.036302 0.013373 -0.015609 0.046943 0.033655 -0.074533 0.063125 0.039629 0.082199 0.026389 -0.099625 -0.033445 0.048759 0.032501 -0.077733 0.062515 0.002460 0.013994 0.033329 0.091106 0.032367 0.065711 0.096367 0.004640 0.001193 0.058264 -0.054274 -0.056389 -0.022826 
-0.077554 -0.041456 -0.072158 -0.040383 -0.051427 -0.065191 -0.080435 -0.030438 0.050492 -0.018003 0.007550 0.030618 0.057120 -0.064108 -0.059046 0.013485 0.057736 0.003874 -0.056838 -0.007991 0.038257 0.026536 0.003884 0.032630 -0.055005 -0.019661 -0.009609 0.049917 0.055010 0.065314 -0.005624 -0.035259 -0.066172 -0.016601 0.078448 -0.018984 0.065623 -0.042668 0.016417 0.040049 0.062388 0.067507 0.042000 -0.049275 0.060817 -0.048100 0.003555 -0.072441 0.054620 -0.011062 -0.041672 0.006518 0.069689 -0.048141 -0.059631 -0.078720 -0.032384 -0.044362 -0.083356 -0.071260 -0.065684 0.021566 0.020863 -0.039633 
-0.065376 0.052186 0.060791 -0.056335 0.030669 0.074746 0.070782 0.016196 0.013259 0.022270 0.064200 -0.056591 0.075824 -0.080173 -0.083690 -0.004243 -0.029385 0.081615 0.055806 0.072780 0.059215 -0.000721 0.026120 0.002554 0.014666 0.069571 -0.031167 -0.008700 -0.066932 -0.037143 0.071511 -0.054399 -0.051478 -0.032374 0.004053 0.006805 0.080994 -0.046272 -0.053008 0.010589 -0.056093 -0.065777 0.020627 0.043032 0.041076 0.064960 0.054841 -0.025530 0.073889 0.024169 0.041441 -0.025863 0.025940 -0.014681 0.012438 0.055190 -0.049183 -0.070977 0.022470 -0.019815 0.024364 0.011965 -0.011678 -0.068184 
-0.016540 -0.083767 0.063697 0.082576 0.017520 0.065361 -0.043730 -0.027173 0.047566 -0.061377 0.052289 0.036892 -0.036157 0.071080 0.063985 -0.038170 -0.056104 -0.057346 0.083839 -0.080229 0.057300 0.026177 -0.070736 0.031413 -0.038571 0.029385 -0.020652 0.063836 0.081400 -0.081621 0.060155 -0.064349 0.031588 -0.036399 -0.083243 0.004259 0.045979 0.002724 0.015513 0.026012 -0.002986 0.049809 -0.009994 -0.030130 -0.080265 -0.078376 0.035454 0.061212 -0.014512 0.010440 0.041420 0.040013 -0.027378 0.033015 -0.083053 0.056951 0.047858 0.072169 -0.064216 -0.004628 0.045738 0.067738 0.013341 -0.021006 
0.066713 0.091348 -0.062016 0.030969 -0.064275 -0.007678 -0.015979 -0.042436 -0.045179 0.002074 0.051641 -0.020126 0.052712 0.067320 0.010145 0.048434 0.083596 -0.065023 -0.049779 0.053468 -0.007345 0.034397 0.058010 -0.087777 0.044625 -0.025549 -0.031167 -0.049436 -0.073257 -0.032308 0.020326 -0.067983 0.065869 0.012790 0.047269 0.007042 0.033216 0.071219 0.000354 0.124165 0.064026 0.043148 0.047625 -0.056793 0.070411 0.073550 -0.058711 0.027562 -0.061676 0.009688 -0.053993 -0.078151 0.084438 0.065354 0.044322 -0.059222 0.024298 0.049790 0.034037 0.030932 -0.008468 -0.069601 0.014799 -0.068250 
-0.061970 0.149468 -0.050366 0.037579 0.054129 0.079576 0.022033 -0.081641 -0.045823 0.104915 0.104323 0.004591 -0.083087 -0.040425 -0.083638 -0.046141 0.096293 0.030637 0.029047 -0.019381 -0.149861 -0.116314 0.022484 -0.099706 0.048862 -0.064456 -0.144508 -0.069526 0.036772 0.056284 -0.103685 -0.188083 0.042362 0.091724 -0.006646 0.215470 0.179225 0.040208 -0.057136 0.065831 0.015530 -0.038501 0.102523 -0.090333 -0.062990 -0.117117 0.019794 0.121158 0.007762 -0.272634 -0.011950 -0.084038 -0.041793 -0.014149 0.019225 -0.059795 -0.048647 0.304880 0.124215 -0.087574 0.081835 -0.078833 -0.070288 -0.081070 
-0.113953 0.172547 0.118079 0.132392 -0.098559 0.133873 0.284506 0.176853 0.004943 0.158362 0.553771 0.038292 0.039359 -0.100286 0.125139 0.040517 0.079678 0.063772 -0.234547 -0.079804 0.207986 -0.272429 -0.294503 -0.262317 0.446898 -0.031082 -0.278498 -0.009505 0.139434 -0.182442 -0.081842 -0.051026 0.069393 0.180973 0.044544 0.323897 0.126224 0.055594 0.175664 0.633420 -0.248083 -0.084079 0.019739 -0.054332 0.033228 -0.111379 -0.118756 0.229979 -0.023386 -0.313534 -0.041866 -0.073143 0.426294 -0.067834 0.089033 0.044668 0.075101 0.271642 -0.061426 0.017180 0.095744 -0.233844 -0.115725 -0.155913 
-0.453764 0.050274 0.053225 -0.033939 -0.064747 0.237544 0.349392 0.304994 0.075943 0.270976 0.692610 0.224749 -0.052529 -0.235389 0.840512 0.128588 0.022549 0.298963 -0.580192 0.600140 0.478982 -0.252384 -0.627422 -0.515198 0.527496 -0.090506 -0.682118 -0.038236 0.370460 -0.409532 -0.049809 0.033719 -0.193990 0.389748 0.224382 0.031786 0.013448 0.062346 0.183903 0.963518 -0.621231 -0.117615 -0.176924 -0.043162 -0.227636 -0.180590 0.039783 0.202100 0.204374 -0.411574 0.093486 -0.092355 0.170026 -0.222682 0.083505 0.117908 0.144116 0.223153 -0.010543 0.107680 -0.032854 0.077155 -0.163223 -0.186424 
-0.971648 0.061235 0.341063 -0.367175 -0.128701 -0.016392 0.009845 0.182325 -0.032276 0.410071 0.929680 0.378625 -0.137244 -0.588073 1.012994 -0.066520 0.157061 0.289207 -0.684979 0.803047 0.269784 -0.542893 -0.530340 -0.748976 0.132036 -0.336795 -0.308307 0.018453 0.417007 -0.969843 -0.275623 0.260422 -0.064748 0.326738 -0.250061 -0.183363 -0.644334 -0.033858 0.093680 1.309196 -1.050189 -0.451350 -0.078207 -0.013279 -0.445534 -0.845015 -0.353436 -0.074094 0.192177 -0.531918 0.178498 -0.103546 0.321963 -0.128646 0.082258 0.079846 -0.055213 0.276157 -0.336760 -0.073827 -0.101604 -0.482235 -0.429278 -0.621244 
-1.379250 0.006967 -0.085258 -0.442895 -0.440808 0.205022 0.016854 0.013979 -0.136843 0.421227 0.645874 0.114863 -0.408550 0.146265 0.868128 -0.302992 0.222084 0.044200 -0.436692 0.440046 0.283859 -0.855433 -0.433382 -0.592481 0.027413 -0.600721 -0.361548 0.001915 0.342972 -1.175906 -0.565037 0.092384 -0.085060 1.321118 -0.414387 -0.207318 -0.653393 -0.024790 -0.079185 0.958145 -1.602579 -0.400165 0.072329 -0.503387 -0.744512 -1.019303 -0.569874 -0.141068 0.216814 -0.328082 0.184397 -0.207929 0.183409 0.169405 0.007413 -0.157549 0.272453 0.853463 1.061951 -0.011832 0.183545 -0.536126 -0.207154 -0.596797 
-1.527573 -0.170710 -0.436192 -0.614676 -0.405632 0.463358 0.379210 -0.377079 -0.151372 -0.031301 0.120922 0.097949 0.085158 0.406960 -0.092075 -0.612360 0.015062 -0.128825 0.011589 -0.364695 -0.070128 -0.822235 0.048696 -0.610742 0.429607 -1.126664 -0.225151 0.013783 -0.116092 -0.239506 -0.707932 -0.494898 -0.119688 1.409266 0.061042 -0.427413 -0.713992 0.138935 -0.251820 0.322753 -1.340232 -0.336548 -0.153223 -0.702718 -0.603363 -1.050474 0.064750 -0.181390 0.017115 -0.376548 0.251672 -0.158823 0.229745 0.329828 0.083444 -0.355891 0.360133 0.871594 0.555401 0.336390 -0.087649 -0.322236 0.119487 -0.271577 
-1.472812 0.560486 -0.065219 0.022327 -0.646505 0.009478 0.190039 0.305919 -0.435510 0.503083 -0.161101 0.158145 0.547131 0.396260 -0.965725 -0.671393 -0.615837 0.027109 -0.324330 -0.783338 -1.333308 -0.688845 0.327281 -0.739447 0.480385 -0.587632 -0.528547 0.359111 -0.126975 0.822748 -0.298449 -0.769974 0.190027 1.403701 0.707765 -0.424311 -0.368068 0.449840 -0.371634 0.280397 -0.567391 -0.267509 -0.085132 -0.183253 -0.003418 -0.842140 0.175433 0.113031 0.257718 0.037369 0.688992 -0.318132 -0.194626 0.331573 0.096498 -0.953436 0.030577 -0.057205 0.341478 0.436081 -0.347387 0.120366 -0.215289 0.272900 
-1.723677 0.610070 -0.336102 1.090023 -0.445247 0.372339 0.111707 0.558769 -1.181690 1.291514 -0.043835 0.478696 0.710842 0.498286 -0.080570 -0.753140 0.011680 0.995109 -0.622793 -0.131268 -0.488403 -0.754927 -0.081704 -1.191564 -0.240975 -0.380061 0.144972 -0.045416 0.085514 -0.915257 -0.109605 -1.248095 0.566883 1.076292 0.279685 0.567276 0.238121 0.007700 -0.574662 0.388979 -0.052250 -0.557915 -0.407781 -0.051662 0.398467 -0.789261 0.407330 -0.070821 0.907855 -0.340313 1.047823 -0.084962 -0.368162 -0.103008 0.190749 -0.975956 0.088244 0.156099 0.447969 0.329095 0.368821 -0.088187 -0.600874 0.130286 
-1.470246 -0.516690 0.110772 1.089472 -0.673404 -0.229756 0.107480 0.121065 -0.516048 0.411017 -0.870481 0.700784 -0.329102 -0.072941 1.406959 -0.635132 -0.102136 1.130959 0.188461 0.624239 -0.383324 -0.770643 -0.795138 -0.541726 0.083018 0.369627 0.475377 0.263551 0.014443 -0.876606 -0.889434 -0.621695 0.246749 0.459341 -1.226474 0.763051 0.496459 -0.218632 -0.755409 0.136807 1.192229 -0.495593 -0.222682 0.066279 0.557016 -0.196800 0.430480 -0.453067 0.217015 -0.389152 0.372353 -0.214035 -0.129446 0.074521 -0.292481 -1.252479 -1.079215 0.088258 -0.040248 0.091935 0.286976 0.633401 -0.683755 0.885561 
-1.803767 -0.197111 0.610017 0.610802 -1.032377 -0.833033 0.088849 -0.447420 -0.603632 1.304357 -1.578821 -0.763442 -2.060062 -0.639930 1.084028 -0.209297 -0.278759 0.812671 0.603307 -0.192425 -0.538460 0.439446 -1.056360 0.095873 -0.080061 -1.279927 1.268060 0.144062 -0.592351 0.156777 -1.025091 -0.837080 0.465528 0.696339 -0.142842 0.553560 0.701345 -0.521300 -0.328056 -0.187930 1.139520 -0.719321 -0.250286 0.014020 0.708283 0.710030 0.497251 -0.760518 0.356577 0.203713 -0.344445 -0.525528 -0.601438 -0.052853 -0.325737 -0.026783 -0.397484 0.756158 -0.363434 0.462623 -0.337191 0.589859 -1.150407 1.027894 
-1.377418 0.412672 0.860813 -1.007711 -1.282489 0.186033 -0.208806 -0.625979 -0.080641 0.253752 0.202264 -0.284417 -0.971299 -0.822464 1.652978 1.706769 -0.652767 0.633485 -0.441973 -0.086163 -0.397577 0.688285 -0.184989 -0.713353 -0.567958 -0.455813 0.237436 -0.199755 -0.571154 0.703022 -0.844521 -1.321471 0.643672 0.482771 -0.265074 0.430596 0.132546 0.529830 -0.459348 -0.471763 1.929058 -0.367186 0.083376 -0.739761 0.133511 -0.004687 0.446123 -0.960655 0.380112 0.364176 -0.361366 -0.284190 -0.331591 -0.570525 0.351618 0.946810 0.357728 0.309957 -0.700745 -0.239766 0.033929 0.337617 -0.811207 0.749201 
-1.431409 -0.303250 0.344754 -0.525155 -1.340280 0.521841 -0.008814 -0.276865 -1.098753 0.504381 0.871377 0.142704 0.164507 -0.495916 0.873620 1.146591 -0.537448 0.360531 0.315701 0.206458 -0.638515 -0.207822 0.043105 -0.969649 -0.699609 0.526151 0.300956 -0.350497 -0.733052 0.293410 -0.525118 -1.056116 0.259940 1.491053 -1.284428 0.455259 -0.550024 0.890450 0.204892 -0.146830 0.862366 -0.426445 -0.087527 -0.185272 -0.176034 -0.494478 0.676208 -1.620256 0.084981 -0.652953 -0.495290 -0.420125 0.015063 -0.466933 0.189465 0.792297 -0.182472 0.109155 -0.261678 -1.277747 -0.013405 -0.013153 -0.869843 0.473644 
-0.602690 -0.665980 0.271835 -0.214500 -0.710610 -0.009958 -0.262726 -0.538917 -0.584742 0.016110 1.140105 -1.188427 0.215529 -0.151656 -1.176194 -0.137200 -0.135294 0.279015 0.252589 -0.466627 -0.713758 0.242298 0.067435 -0.761141 -0.954856 -0.125518 0.742626 -0.097349 -0.907747 -0.827968 0.490723 -1.271133 0.138317 0.535589 -0.483315 -0.428478 -0.006809 0.371030 0.429920 -0.260572 0.175600 -0.007655 -0.148617 -0.621249 0.000981 -0.458087 -0.057564 -1.373604 -0.463475 -0.072904 -0.467098 -0.704137 -0.014698 -0.519443 -0.195635 0.640060 -1.382913 0.750067 -0.953942 -1.469954 -0.656811 0.168060 -0.856265 0.509921 
-0.276986 -0.788216 -0.376552 0.008344 -0.264900 -0.616521 -0.172135 -0.391750 -0.168278 -0.564265 0.537194 -0.561242 -0.345858 -1.010092 -2.515876 1.034540 0.365119 0.065004 -0.001222 -0.505577 -0.078888 -0.092497 -0.694120 -0.464395 -0.371096 -0.722235 0.070599 0.447369 -0.582808 0.311254 0.667943 -1.760213 0.393847 -0.370161 -1.178122 -0.338221 0.367194 -0.766307 -0.487198 0.207393 0.136149 -0.160381 -0.229137 -0.258198 0.153790 -0.412817 -0.220630 -0.246950 0.224976 -0.128711 0.286702 -1.370028 0.322536 -0.465987 -0.196652 -0.159316 -0.461955 0.336171 -0.695633 -1.371823 -0.395342 -0.286830 -1.048776 0.778483 
-0.227616 -0.872421 -0.205335 -0.650182 0.197784 -0.042322 0.450576 0.197839 -0.603799 0.102205 0.522702 -0.107259 -0.351315 -0.614942 -2.624732 0.799600 -0.343976 -0.079280 0.650452 -0.013246 -0.252640 -0.687113 -0.611210 -0.511371 0.431362 -0.835278 -0.032053 -0.644023 -0.627716 1.391878 0.199079 -1.019936 0.194329 0.632885 -0.271361 -0.029411 -0.103693 -0.820029 -0.364884 -0.201371 -1.069418 0.200756 -0.024324 -0.340189 0.548082 -0.057581 -0.556347 -0.006048 0.817299 -1.170090 0.496614 -0.947971 0.420939 -0.568943 -0.417465 -0.087604 -0.270154 -0.139809 -0.080037 -1.179446 -0.244995 -0.289865 -1.261145 0.530781 
-0.615810 -0.269777 0.558858 0.524654 0.173741 -0.196184 -0.117117 -0.285706 -0.137897 0.322345 -0.254723 -0.843941 -0.469466 -0.743159 -1.880039 0.381867 -0.372979 -0.021566 1.130283 -0.324494 -0.265228 -0.472628 -0.450872 -0.074618 -1.488444 -0.538763 -0.067290 -1.022098 -0.557751 0.143062 -0.632465 -0.957353 0.702946 0.739572 -0.403537 0.437152 -0.102079 0.382582 -0.260890 -0.896069 -0.435879 0.496528 -0.356956 -0.578983 0.031260 0.196172 -0.645833 0.537005 0.317482 -0.901548 -0.229422 -0.776311 0.354870 -0.467548 -0.456419 -0.388139 -0.190309 -0.504879 -0.466482 -0.930292 -0.277820 -0.543331 -1.056377 0.983133 
-1.018774 0.768917 0.002642 1.001911 0.258810 -0.317646 -0.340695 -0.082863 0.078904 -0.275803 -0.629166 -1.007505 0.219475 -0.015829 -0.993914 -0.942427 -0.009237 0.471884 1.065323 -0.596248 0.466344 -0.791979 -0.366739 0.193307 -1.699567 0.018012 0.058486 -0.954256 -0.148715 -0.688512 -0.163686 -0.704971 0.196613 0.160906 -0.387901 0.326534 -0.176457 0.159614 0.451471 -0.856265 -0.044195 0.222810 -0.591612 -0.091950 0.000199 0.239634 -0.259472 0.364576 0.175127 -0.786005 -0.916787 -0.125088 0.178098 -0.417617 -0.360597 -0.328822 0.009007 -0.728078 -0.561112 -0.790567 -0.309115 -0.205935 -1.036626 0.383723 
-0.602705 0.257110 -0.083229 1.367332 0.084655 -0.429361 -0.388636 -0.309858 0.080243 0.179233 -0.559123 -0.105053 0.153541 -0.012813 -0.081990 -1.028994 -0.246354 0.148311 0.476741 -0.324197 0.080498 -0.012037 -0.091252 0.231430 -0.722314 -0.661104 -0.091762 -0.615828 0.028052 -0.777741 1.037120 -0.177684 0.401647 -0.118926 -1.257485 -0.049185 -0.078506 -0.192818 0.310452 -0.271910 -0.116329 0.075746 -0.347921 -0.130920 -0.048366 -0.045544 -0.247528 0.662596 -0.063696 -0.842130 -0.641477 -0.219439 -0.055644 -0.231812 -0.411177 -0.138870 0.373757 0.121685 -0.333664 -0.592877 -0.076177 -0.103548 -1.282335 -0.214612 
-0.246815 0.044293 -0.458883 0.665845 0.142737 -0.257992 -0.109049 -0.279776 0.352949 0.329338 -0.511619 0.620918 0.078201 -0.052032 0.008791 -0.537209 -0.416892 -0.253758 0.179529 -0.026357 -0.319025 -0.391852 0.358062 0.421785 -0.555258 -0.367805 0.076203 -0.352463 0.000633 -0.034164 -0.047314 0.132801 0.164251 0.081635 -0.392598 -0.017969 -0.012191 -0.268266 0.018553 0.099193 -0.125631 -0.285194 -0.355621 -0.208904 -0.024814 0.043698 0.022422 0.613388 -0.142708 -0.342959 -0.415026 -0.290816 0.439553 -0.278229 -0.452577 -0.554650 0.277465 0.292563 0.059458 -0.686702 -0.002636 -0.027123 -0.798741 -0.215953 
-0.201644 -0.173773 -0.399299 0.406583 0.333733 -0.123383 -0.084469 -0.161653 0.383507 0.523936 -0.317716 0.084441 0.133351 -0.011709 0.081805 -0.420990 0.079205 0.073564 0.261218 -0.145746 -0.272445 -0.178330 0.212206 0.172983 -0.250479 -0.111475 0.013015 0.351889 -0.198958 0.299771 0.107945 -0.014682 -0.111238 0.193155 -0.452744 0.163715 0.006971 -0.278734 0.108383 0.245027 0.075887 -0.085724 -0.054709 -0.095063 -0.010968 0.025899 0.148938 0.156462 -0.434124 -0.163385 -0.268071 -0.271914 0.062297 -0.237870 -0.287617 -0.349860 0.301188 -0.014831 0.029936 -0.482621 -0.028720 0.098108 0.130324 -0.021758 
-0.153447 -0.153154 -0.312737 0.412728 0.129294 -0.023719 -0.055985 -0.092652 0.201977 0.352119 -0.229432 0.030559 0.123047 -0.014805 0.107257 -0.428796 0.206113 0.115116 0.178684 -0.042444 -0.342842 -0.100429 0.135215 0.030053 -0.123397 -0.160939 -0.117010 -0.144535 0.001618 0.239481 0.006918 0.082899 -0.052240 -0.018644 -0.298786 0.268324 0.058627 -0.232030 0.058246 0.298635 0.060246 0.037559 0.084890 -0.026063 -0.064419 0.043909 0.109756 0.146025 -0.130916 -0.258084 -0.143267 -0.025081 -0.119039 0.018161 -0.329617 -0.054011 0.126254 0.013021 -0.033584 -0.304332 -0.097403 0.004293 0.103321 -0.052670 
-0.021581 -0.083210 -0.031118 -0.005276 0.035750 -0.069083 -0.000160 -0.010714 0.062277 0.144712 -0.005553 -0.100922 -0.050882 -0.045670 -0.057790 -0.096710 0.038142 0.020447 0.178266 0.103363 -0.088343 -0.003973 0.084111 -0.047711 -0.077559 -0.090608 -0.033219 -0.104928 0.043998 0.236800 -0.141469 -0.007787 0.005236 0.013667 -0.028647 -0.039971 -0.049135 0.083096 -0.097160 0.046177 -0.017730 -0.065680 -0.002202 -0.092245 -0.020245 0.121267 0.127445 -0.037499 0.046272 -0.054452 -0.151372 -0.047457 0.049539 -0.033448 -0.116492 -0.018596 0.036079 0.078653 -0.104436 -0.109469 -0.058952 -0.013760 -0.024323 0.018209 
0.058106 0.064563 -0.071482 0.055437 -0.026553 -0.033424 -0.081675 0.080521 0.146662 -0.005602 -0.073626 0.013870 -0.068765 -0.021420 0.012165 -0.049261 -0.063185 0.028033 0.109583 -0.031550 -0.045692 -0.075078 0.065779 -0.054506 -0.050264 -0.015203 -0.005073 0.007099 0.071900 0.016912 0.063930 0.037725 0.005140 -0.008906 -0.043564 -0.050529 -0.043728 -0.030940 -0.066278 -0.091722 0.021789 -0.026410 0.047682 -0.053297 -0.025243 0.077499 -0.020220 0.033752 0.063438 -0.071193 -0.114983 -0.038865 -0.069982 0.066821 -0.021885 0.040545 -0.050260 -0.036999 0.016383 -0.014773 -0.050253 0.076783 -0.021575 0.061108 
-0.047937 -0.064189 0.001752 0.006340 -0.006383 0.051076 0.014775 0.077268 -0.025610 -0.001555 -0.070037 -0.046135 -0.003023 0.032864 -0.012774 0.029119 0.038288 -0.022149 -0.041348 -0.073697 -0.035930 0.027275 -0.007026 -0.022412 -0.021096 -0.002742 0.001577 -0.046774 0.011234 -0.063504 -0.067867 0.039748 -0.071539 -0.001162 0.046662 -0.023302 -0.047489 -0.013257 -0.051260 0.049793 -0.020063 -0.057871 0.043582 0.017727 -0.040641 0.042882 -0.030580 0.028366 -0.021319 0.032227 0.072440 0.080276 -0.073024 0.070983 -0.052452 0.018755 0.045876 -0.053218 -0.052992 -0.058668 0.080213 -0.011978 0.022802 -0.036167 
-0.026490 -0.038257 -0.067240 -0.035608 0.022865 0.013880 -0.066880 0.080845 0.080938 0.038504 0.046416 0.024903 0.057064 0.050723 0.072646 -0.064678 -0.006549 -0.021458 -0.020195 0.063281 -0.067224 0.081076 -0.068000 0.036157 0.045045 -0.083900 -0.040927 0.037883 0.051586 -0.079202 0.030068 -0.063338 -0.071742 -0.003853 0.031064 0.045430 -0.083679 0.000074 0.073252 0.050410 -0.027630 0.072692 -0.041179 -0.038473 0.050662 -0.021268 0.081179 -0.043617 0.003196 -0.067101 0.063430 -0.056607 -0.013767 0.074392 -0.064739 -0.078355 -0.009588 0.046924 -0.016073 -0.055780 0.056011 0.056350 0.041759 -0.078514 
-0.041163 -0.016540 0.065931 -0.078509 -0.071804 -0.057182 0.081189 0.026515 0.004865 0.042832 -0.004659 0.066331 -0.063045 0.046277 0.049943 -0.030417 0.081559 0.051057 0.060796 0.044485 -0.005178 0.030443 0.061166 0.079598 0.057146 0.025576 -0.002298 -0.059354 -0.043884 0.007067 0.082540 0.049363 0.046883 0.020827 -0.043766 0.046236 -0.082750 -0.028549 -0.052551 0.079680 0.008916 -0.005188 0.060396 -0.004824 -0.050713 -0.068113 -0.023969 0.025720 -0.050056 0.033221 0.072174 -0.060406 -0.064406 0.060165 0.018968 0.078463 0.067851 -0.078396 0.002082 0.064170 0.019399 0.021900 -0.047653 -0.046862 
-0.009968 -0.083782 -0.016375 -0.046729 -0.021191 0.010276 -0.058815 -0.050785 -0.032528 0.021823 -0.083546 -0.002015 0.052859 -0.049778 -0.033077 0.012622 -0.013079 -0.036609 0.055862 -0.035916 0.022167 0.069453 -0.035223 -0.003350 -0.002400 0.020093 0.025032 -0.063543 0.077026 -0.023491 0.066223 -0.056129 0.074843 0.029652 -0.048690 -0.061459 -0.059924 -0.053203 -0.062758 0.052633 0.015954 -0.072102 0.025232 0.077590 -0.055231 0.042668 0.072282 -0.008382 0.050579 -0.027132 -0.003535 0.037995 0.031804 -0.072584 -0.003114 -0.082180 -0.026079 -0.019502 -0.047422 -0.058491 0.028472 0.046241 -0.059790 0.001384 
0.066780 -0.072613 0.025238 0.053483 0.033097 -0.031849 -0.079047 -0.029118 -0.061729 0.070551 0.033511 -0.009626 0.064051 -0.054378 -0.052231 0.028407 -0.017567 0.070450 0.073007 0.000493 -0.022589 -0.029457 -0.012462 -0.067888 -0.060448 0.014285 0.033120 0.047412 0.009845 0.032995 0.040693 -0.058141 0.055123 0.063823 0.058383 -0.075613 0.053928 0.056541 -0.011917 -0.032661 0.004269 0.008020 -0.048588 -0.084185 0.074272 0.032081 0.030380 0.029300 -0.052873 -0.017916 -0.012883 -0.043506 -0.058438 -0.005219 -0.082136 -0.039589 -0.007064 0.047517 0.038906 -0.022805 0.057426 0.039021 -0.059981 -0.073988 
-0.063169 -0.060276 -0.042182 -0.045752 0.021108 -0.013765 0.005176 -0.027112 -0.036297 0.024347 -0.013272 -0.062225 0.049104 -0.026897 0.031273 0.072491 -0.054295 -0.034471 -0.045896 -0.031501 0.114683 -0.053635 0.040031 -0.065555 0.055057 0.040045 -0.089348 0.046732 -0.060038 -0.037009 -0.014959 0.003986 -0.074921 0.089579 0.083665 -0.093097 0.077507 0.007929 -0.028690 0.076460 0.067600 -0.051502 0.009926 -0.024433 -0.044297 0.040782 -0.053228 0.074590 0.049628 0.037598 -0.054353 0.001096 -0.078920 -0.002194 -0.075591 -0.021582 0.005747 0.010835 0.026817 -0.019955 -0.017420 0.011901 -0.030216 0.016408 
-0.081551 0.021275 0.016180 -0.031754 -0.023652 0.069495 0.039894 0.092136 0.063646 -0.014977 0.261315 0.166268 0.015748 0.045467 0.087969 -0.055340 0.102329 0.129649 -0.067225 0.458792 0.283614 -0.073912 -0.241451 0.028622 0.050270 0.019942 -0.151164 -0.065429 -0.061528 -0.240673 -0.079201 0.337268 -0.058161 -0.012290 -0.049100 -0.106118 0.017815 -0.017509 -0.042006 0.491961 -0.214459 -0.001453 -0.092862 -0.068734 -0.041075 0.008493 -0.088941 -0.044092 0.087945 -0.020428 -0.007051 0.051405 0.273222 0.142205 0.105274 0.006311 0.050717 -0.074478 -0.052485 -0.039218 0.029594 -0.128669 -0.042822 -0.110465 
-0.276477 0.245947 -0.261191 -0.016786 0.043086 0.058251 0.115366 -0.260661 0.215807 0.012103 0.426195 0.322017 -0.004145 0.059289 0.417422 -0.028264 -0.091128 0.157390 0.006079 0.853359 0.283394 -0.693045 -0.322834 0.258157 -0.303923 -0.013148 -0.374912 -0.041985 -0.136473 -0.381151 -0.110258 0.400529 0.099285 0.048977 -0.829186 -0.052219 -0.016220 0.189743 -0.047126 0.951135 -0.628457 -0.004136 0.021585 -0.055129 -0.071978 -0.247652 -0.351976 -0.016055 -0.015320 -0.234483 0.001567 -0.080350 0.428002 -0.024761 -0.006068 0.050793 -0.085951 -0.037386 0.063348 -0.197565 0.017702 -0.276730 -0.111273 -0.267563 
-0.572970 0.249403 0.089297 -0.057488 0.044967 0.217105 -0.001375 -0.213853 0.329752 0.107160 0.196534 0.541469 0.105776 -0.308291 0.495486 -0.084336 0.226877 0.184402 0.372234 0.626657 0.169443 -0.304251 -0.240160 -0.010843 0.025340 -0.000573 0.366167 -0.092098 -0.108440 -0.530271 -0.317471 0.032292 -0.056396 0.101977 -1.194864 -0.067568 -0.122048 0.146393 -0.065098 0.474575 -0.494128 -0.077640 -0.011482 -0.055867 -0.196157 -0.130687 -0.264772 -0.165210 0.157393 -0.086117 0.157840 -0.027442 0.560447 -0.203867 0.059858 -0.132382 -0.332980 0.021294 -0.454056 -0.138721 0.091022 -0.399129 -0.260504 -0.368647 
-1.090532 0.331576 0.270042 0.413471 -0.102528 0.064127 0.085414 0.026017 0.283902 0.273952 0.239818 0.652371 0.226188 0.127243 0.567766 -0.251699 0.202395 0.363492 0.357677 0.389299 0.263916 0.053214 -0.307209 -0.140982 0.392822 -0.214816 0.098888 -0.325253 -0.049321 -0.666831 -0.781934 -0.299603 -0.015178 0.382882 -0.684750 -0.061104 -0.318759 0.089579 -0.085278 0.567162 -0.776237 -0.271527 0.074844 -0.170166 -0.423345 -0.096180 -0.361664 0.046509 0.182575 -0.440583 0.005750 -0.158101 0.528421 -0.169386 0.073214 -0.212164 -0.446459 -0.159817 -0.041825 -0.305138 0.195524 -0.302102 -0.446225 -0.646739 
-1.281888 0.609542 0.263375 0.292343 -0.057986 0.212456 0.103333 0.080274 0.102351 0.459305 0.473681 0.607809 0.393707 0.998356 1.246730 -0.332563 -0.057144 0.632866 0.085675 -0.333547 0.427901 -0.186418 -0.079453 -0.470895 1.321818 -0.895746 -0.588552 -0.662814 -0.379767 0.246781 -1.181287 -0.665600 -0.237188 0.592111 0.363290 -0.092443 -0.551710 0.200434 0.012569 0.763843 -1.463911 -0.400188 -0.030722 -0.156667 -0.477907 0.091421 -0.251395 0.158664 0.220134 -0.718176 -0.239455 -0.004694 0.203183 -0.094025 0.000830 -0.484069 -0.347689 -0.144636 0.500895 0.054745 0.471827 0.195349 -0.684673 -0.621714 
-0.813021 0.592222 0.551866 0.077158 -0.307476 0.190267 0.193104 -0.281611 -0.273824 0.512587 0.228094 0.578937 0.265391 0.466682 1.013908 -0.427021 -0.763987 0.536412 -0.479439 -0.626393 -0.385197 0.278844 -0.036350 -0.676272 0.770459 -0.946365 -0.872764 -0.600447 0.014099 0.582063 -0.815280 -0.861782 -0.157713 0.559438 0.187982 -0.036202 -0.100321 0.100576 -0.249490 0.797868 -0.821349 -0.302007 -0.108317 -0.090529 -0.417283 0.207439 -0.416474 0.531385 -0.153584 -0.287303 0.032505 -0.197492 -0.457776 0.085634 -0.034939 -1.013746 -0.229946 -0.043226 0.345553 0.226210 -0.001483 0.210696 -0.702322 -0.181473 
-0.958140 1.186722 0.137227 -0.547276 -0.249433 0.617921 0.379257 -0.689914 -0.328625 0.658737 -0.063294 1.069186 0.014904 -0.632625 1.247778 -0.715142 -0.031799 0.934587 -0.421760 0.052502 -1.041947 0.295179 -0.257162 -0.840342 0.755061 -0.797501 -0.301283 -0.226602 0.011616 -0.061311 -0.415420 0.129562 0.871112 0.383509 -1.179954 -0.439975 -0.242470 -0.433549 -0.634142 0.876762 -0.290642 -0.109902 0.423341 -0.373163 -0.200474 0.275050 -0.640791 0.188020 -0.342258 0.087520 -0.461696 -0.355430 -0.620656 0.201590 -0.421056 -1.416438 -0.403303 -0.036701 0.663703 0.328675 0.680700 -0.681923 -0.423049 -0.354774 
-1.022731 0.845730 0.292845 -0.317602 -0.251907 0.143011 0.413309 -0.602936 -0.562493 0.601175 -0.098628 1.016282 -0.207992 -0.062160 1.407578 0.131370 -0.182001 0.768850 -0.140596 0.962146 -0.187526 0.306925 -0.452776 -0.633151 0.801673 -0.506492 0.028426 -0.162538 0.316290 -0.142988 -0.368655 0.201510 0.236543 0.357304 -0.564425 -0.573133 -0.347194 -0.463229 -0.314031 1.160541 0.111641 -0.200138 0.381625 -0.217900 0.170463 0.032013 -0.285908 -0.026288 0.475852 0.236544 -0.206392 -0.156614 -1.105756 -0.263136 -0.320153 -0.557318 -0.079415 0.011511 0.353066 0.198816 0.695901 -0.714103 -0.089023 -0.374039 
-1.100254 1.245792 1.265649 -0.196195 -0.015271 -0.093020 0.526821 -0.192899 0.258307 1.066246 0.401101 0.929448 -0.277999 -0.073344 1.300902 0.840904 -0.400516 0.660795 0.202121 -0.186209 -0.406310 0.770647 -0.331626 -0.953554 0.450425 -0.878696 0.396530 -0.074453 -0.338955 0.543216 -0.268714 -0.718742 0.285946 0.171101 0.565600 0.288008 -0.567891 -0.156026 0.492380 0.892446 -0.439703 -0.107740 0.427891 -0.092810 0.342569 -0.628629 -0.060749 -0.109254 0.783791 -0.442053 0.032036 0.072038 -0.148055 -0.301118 -0.177736 0.160182 -0.193486 -0.146107 1.127884 -0.294348 0.378755 -0.464417 -0.336430 -0.857940 
-0.766386 1.043260 1.424829 0.113771 0.063915 -0.303009 -0.105755 -0.222291 0.597305 0.604505 0.034018 0.760778 -0.082422 -0.048652 1.264127 0.460636 0.134791 0.509158 0.217891 -1.071834 -0.382669 -0.147631 -0.172276 -1.003681 -0.959965 -1.199118 0.709673 -0.435711 0.138459 0.293434 -0.702120 -0.464265 0.031077 0.465756 -0.277971 0.657998 -0.159616 -0.189300 0.726752 0.478146 0.122526 0.400239 0.624954 -0.707012 -0.223885 -0.578902 0.300120 -0.205125 1.293206 -0.237859 0.395030 0.499909 -0.319226 -0.287313 -0.224001 0.168966 0.629936 0.139275 0.804516 -0.601034 0.348324 -0.106115 -0.311874 -0.255444 
-0.630981 1.075998 0.324435 0.500231 -0.036579 -0.392750 -0.146847 -0.044556 -0.081882 -0.273375 -0.357391 0.675139 0.381679 0.134564 1.153846 0.226344 1.319374 0.683556 0.332364 -0.246791 0.124544 -0.832414 -0.240896 -1.101547 -0.971332 -0.999627 0.659687 -0.638071 0.227305 -0.320132 -0.332092 0.836106 -0.239079 -0.981526 -0.463344 -0.347903 0.208910 -0.489961 0.463923 0.275587 -0.033995 0.360803 -0.035832 -0.468919 -0.272362 -0.145914 0.412082 -0.703476 0.797335 -0.215478 -0.187876 0.054338 -0.013191 -0.039529 -0.290143 1.058437 0.094427 0.065272 0.051439 -0.525104 -0.109370 0.201430 -0.594939 -0.411293 
-0.582802 1.175488 -0.054189 1.036207 0.307327 0.135605 -0.408841 -0.070602 -0.425849 0.041151 -0.897624 -0.355763 -0.690447 -0.603352 -0.295399 0.980914 0.390644 0.202967 0.287185 -0.469729 -0.309544 0.201980 0.399355 -0.713960 0.340097 -1.095240 -0.073609 -0.575282 -0.398749 -1.181241 -0.091479 -0.560859 -0.012636 -0.556985 0.087670 0.126284 0.903527 -0.497724 0.097482 -0.137441 -0.015202 -0.100756 -0.181983 -0.514244 -0.010429 0.044666 0.096791 -0.514330 0.207908 -0.169692 -0.269332 -0.828872 0.164161 -0.031576 -0.267962 0.389249 -0.090815 1.104503 -0.738188 -0.191134 -0.300205 0.273544 -0.857797 0.820519 
-0.912769 0.770219 -0.440942 0.204986 0.289127 -0.157325 0.113765 -0.092279 0.251130 -0.256774 -1.005803 0.008400 -0.469270 -0.595527 -0.812553 1.160698 1.445330 -0.132824 -0.204074 -0.053948 -0.748506 0.051694 -0.102876 -0.471178 0.371483 -1.252156 -0.191453 -0.395205 -0.411205 -0.909625 -0.600782 -0.593995 0.172231 -0.660580 0.604103 -0.111767 0.644379 -1.133612 0.200008 0.016873 -0.359012 -0.064347 0.068774 -0.964683 0.071425 0.411062 -0.075190 -0.114699 0.996447 -0.727724 -0.181031 -1.013098 0.549022 -0.089102 -0.190987 0.237029 0.318431 1.087453 -0.669858 0.042771 -0.190097 0.093225 -0.552556 0.587480 
-1.442436 0.279521 0.307822 0.024221 0.526486 -0.009597 0.509142 -0.334018 0.761980 0.362123 -1.072000 -0.181563 -0.067847 -0.123859 -1.424942 0.170931 0.841050 0.303159 -0.245745 0.008799 -0.351559 0.155032 -0.830048 -0.493036 -0.599048 -0.679488 -0.104106 -0.866054 -0.245668 -0.260340 0.290747 0.044712 1.002324 -0.389712 0.303689 0.009227 0.098774 -0.707525 0.354437 -0.231224 -0.370672 0.440818 -0.351106 -0.903633 0.360073 0.025948 -0.296413 0.141433 0.965630 -0.885119 -0.310754 -0.686237 0.245627 -0.265855 0.039622 0.146667 0.486068 1.204115 0.043589 -0.464429 -0.020457 -0.137460 -0.606318 0.408268 
-1.582357 0.314719 0.497702 0.099945 0.523264 -0.284374 -0.227364 -0.311745 0.360410 0.617231 -0.680398 -0.414054 -0.118390 -0.202417 -1.002357 -0.140609 -0.088933 0.099134 0.233765 -0.068256 0.017775 0.044636 -0.559807 -0.217258 -0.978842 -0.272763 -0.192838 -0.160417 -0.174041 0.381863 0.114575 0.206446 0.677320 -0.040849 -0.037062 0.414691 0.012200 -0.892172 0.470754 -0.456655 -0.027895 0.720951 -0.291859 -0.456663 0.095681 0.268834 -0.228099 1.111709 0.592231 -1.025741 -0.144424 -0.520945 0.880947 -0.170021 -0.142621 -0.317951 0.233443 0.152769 -0.336077 -0.410260 0.029037 -0.132254 -0.656030 0.632371 
-1.353081 0.695524 0.524917 0.747163 0.329330 -0.195266 -0.310309 -0.483155 0.375417 0.729606 -0.557961 -0.136271 -0.154449 0.001221 -0.728940 -1.336791 0.910136 0.032466 0.439259 -0.250378 -0.061318 0.140841 -0.715187 0.153588 -0.686655 -1.022100 0.331681 -0.828675 -0.051643 -1.160971 0.241476 -0.425266 1.181266 -0.032016 0.284093 0.514197 0.073730 -1.375458 0.824384 0.071409 -0.090551 0.249128 -0.157943 -0.125422 -0.227626 0.227509 0.107328 1.147481 0.483382 -0.950938 -0.143332 -0.598618 0.063855 0.001366 -0.096670 -0.161049 0.130939 0.194056 -0.402743 -0.569610 0.086712 -0.065700 -0.906895 0.207520 
-0.354607 0.153434 0.519359 0.909843 0.334550 -0.208154 -0.140692 -0.151782 0.002573 0.434221 -0.494720 -0.035341 0.404124 0.075678 -0.273204 -1.005581 0.861964 0.150528 -0.033673 -0.085975 -0.109883 0.199663 -0.361033 0.196851 -0.434349 -1.238393 0.024437 -0.380039 0.056734 -1.310416 0.734617 0.013336 0.829512 0.099323 -0.290558 0.056173 0.109373 -0.806328 0.461316 0.103313 -0.239379 0.216844 -0.168811 0.041901 -0.139730 0.159800 0.021336 0.620095 0.365664 -0.445519 -0.262950 -0.332380 -0.452198 -0.155801 -0.298427 -0.005836 0.279291 0.378817 0.150874 -0.616780 0.008491 -0.051196 -0.686557 -0.186573 
-0.166998 -0.071631 0.469525 0.821538 0.232704 -0.564855 -0.254254 -0.330384 0.127323 0.479440 -0.362840 -0.053848 0.356245 0.034986 -0.216047 -0.372740 0.222309 0.395595 -0.390322 0.306786 -0.422693 0.153567 -0.055072 0.326998 -0.822994 -0.554645 -0.116569 0.184338 -0.018583 -0.258137 0.282408 0.252824 0.214862 -0.036682 -0.067005 0.372073 -0.011781 -0.424179 0.426903 0.044070 -0.331759 0.222873 -0.063749 0.042284 0.043092 0.072929 0.057646 0.337777 -0.014420 -0.175169 -0.370582 -0.147820 -0.289338 -0.218763 -0.118433 -0.214206 0.240748 0.297313 0.008817 -0.484007 -0.013232 -0.006836 -0.542087 -0.017588 
-0.111959 -0.029658 0.561631 0.478314 0.104235 -0.320218 -0.148610 -0.128671 -0.145738 0.640654 -0.249032 -0.271326 0.282837 0.037236 -0.025791 -0.189722 0.116583 -0.006819 -0.112390 0.001645 -0.209535 0.108404 -0.027638 0.049698 -0.367443 -0.086678 -0.088400 0.508842 0.030468 0.080219 -0.058254 -0.045678 -0.113658 0.219314 -0.058413 0.436486 0.023205 -0.253397 0.334775 -0.012128 -0.017445 0.213222 -0.039718 0.136383 0.057674 0.079323 0.220118 0.063550 -0.279048 -0.135274 -0.270826 -0.071044 -0.114103 -0.149846 -0.104262 -0.158188 0.355276 0.111543 0.063169 -0.209498 0.027901 0.052423 -0.013238 0.106994 
-0.028758 0.032445 0.051352 0.189041 0.030951 -0.075566 -0.008419 -0.115447 -0.105531 0.263861 -0.023863 -0.141553 0.126754 0.060939 -0.027414 -0.148866 -0.017438 -0.114956 -0.012881 -0.023231 -0.248301 0.040804 0.098656 -0.126295 -0.110667 -0.016619 -0.172564 0.043766 0.063631 0.325192 -0.203790 -0.044484 -0.173271 -0.008049 -0.181405 0.266283 -0.054857 -0.096669 0.036498 -0.059886 -0.009729 0.022679 0.065855 0.054183 0.062971 -0.072285 0.202196 0.049094 -0.134351 0.082777 -0.139393 0.021839 -0.091578 0.049739 -0.105761 -0.128530 0.187024 0.101340 -0.121854 -0.074449 -0.048909 -0.048671 -0.029169 0.069915 
-0.011824 -0.012192 -0.052183 0.008478 0.024994 -0.013080 -0.047463 -0.010871 0.053586 0.104044 -0.005712 -0.035232 0.001707 0.071601 0.010505 -0.074246 0.035678 -0.002703 -0.067191 -0.008343 -0.029269 -0.001023 0.006799 0.005441 -0.039882 -0.071836 -0.017923 -0.172497 0.014892 0.106144 -0.036831 0.001597 -0.033537 -0.003366 0.037171 0.043593 -0.080917 0.036746 -0.041506 -0.028218 -0.020324 -0.053767 0.078726 0.025468 -0.074172 0.017839 0.011626 0.034822 -0.062299 0.011385 0.002385 -0.074107 -0.084789 -0.035412 -0.053280 -0.052396 -0.058227 0.020970 -0.084749 -0.016724 0.079205 -0.050484 -0.033238 -0.096761 
0.045089 0.005120 -0.062441 0.053859 0.091181 -0.048468 -0.009838 -0.021670 0.003165 0.034458 -0.023433 -0.023825 -0.078286 0.025385 -0.032267 -0.081838 -0.063450 0.067195 0.018427 0.063398 0.087400 -0.025932 -0.034631 -0.013714 0.058557 -0.067338 0.017578 0.055432 0.064883 -0.051647 -0.022090 0.030339 -0.026854 -0.011498 0.060946 -0.063400 0.046762 0.042772 0.043198 0.025114 0.011115 -0.025302 -0.083017 -0.072610 -0.072060 -0.059646 -0.042052 0.047597 0.024978 0.081405 0.048777 0.068216 0.016830 0.051991 0.023733 -0.062428 0.072605 0.007599 0.037182 -0.009484 -0.042411 0.018776 0.028908 0.018919 
-0.015770 -0.082714 -0.028114 0.078663 -0.023921 0.075580 0.007773 -0.038759 0.040657 0.037228 -0.078287 0.052210 -0.038155 -0.078994 -0.058957 0.025976 -0.056521 -0.034409 0.025323 0.039256 0.012403 -0.037754 -0.071379 0.006518 0.029849 0.002825 -0.001552 -0.011828 -0.023194 0.057519 -0.002967 -0.028685 0.070267 -0.004377 -0.053244 -0.006693 0.056144 -0.050598 0.061881 -0.061649 -0.055327 0.040317 -0.083489 -0.045629 -0.056149 -0.077174 -0.032498 0.006656 -0.063209 0.037196 0.063548 -0.014336 0.048077 -0.078155 0.068723 0.024010 0.080662 -0.075235 -0.080565 0.036260 0.074597 0.072863 0.044729 -0.030155 
0.058851 -0.032738 -0.048254 0.032112 -0.070644 0.028569 -0.007386 -0.008777 0.062198 0.011241 0.021140 -0.019723 0.026546 0.025596 -0.027712 -0.014512 0.069899 -0.027388 -0.020745 0.014799 0.039336 -0.058886 -0.040054 0.013582 0.076194 -0.004526 0.022655 0.014527 -0.065099 0.052972 -0.070331 -0.082689 -0.082463 -0.038730 -0.020647 0.059749 -0.061690 -0.029452 0.031444 -0.042873 0.046092 0.028276 0.045461 0.072728 -0.071440 -0.058168 0.034535 -0.041548 0.053075 0.014553 -0.055303 -0.016042 -0.050795 -0.005460 0.053634 -0.006836 -0.011005 -0.020483 0.043597 -0.080532 -0.017043 -0.060647 0.034330 0.072708 
-0.061531 -0.014594 0.048336 0.072667 -0.000352 0.067209 0.016617 0.030448 0.036661 0.047971 -0.006220 -0.075727 -0.058876 0.017002 -0.001147 -0.070207 -0.082093 -0.059985 -0.008207 0.006841 -0.020508 0.019569 0.075121 -0.011411 -0.048141 0.025304 -0.083566 -0.010913 0.039392 -0.024277 0.004782 0.019903 0.061228 -0.073488 0.035521 -0.022254 -0.069940 0.069370 0.064822 0.071414 -0.009434 0.074150 0.064945 -0.010112 -0.080958 0.055791 -0.011493 0.076492 0.016684 0.080085 0.010507 -0.049090 0.065181 -0.083156 0.028061 0.030951 0.081811 -0.007925 -0.062732 0.050092 -0.006816 0.032507 -0.064637 0.022624 
0.041389 0.055216 0.012253 -0.060509 -0.048957 0.027506 0.066675 -0.054492 0.016945 -0.010297 -0.020642 -0.027270 -0.046297 -0.005666 0.068929 0.076086 0.012961 -0.028010 -0.082909 -0.058774 0.041353 0.054918 0.026515 -0.011642 -0.024621 -0.045368 -0.076225 0.018568 -0.030099 -0.056689 0.030833 0.013393 -0.044778 0.016529 0.076163 0.043540 0.015990 -0.044711 0.023209 0.028179 0.040917 0.061325 -0.011570 0.001815 0.036609 0.068436 0.079475 -0.052161 0.059256 0.041456 -0.009449 0.024005 -0.020308 -0.075639 -0.041523 0.070659 0.054517 0.035074 0.056391 0.068226 -0.004793 0.009655 -0.066608 -0.070023 
0.031470 0.007478 0.014691 -0.039808 -0.021612 -0.002159 0.045856 0.027188 -0.028169 -0.069925 0.033395 -0.040943 0.059364 -0.027609 -0.030079 0.052741 -0.044177 -0.079659 0.031485 -0.001651 0.020216 -0.011652 -0.009424 -0.011760 0.052443 0.066362 0.037128 -0.042585 -0.005116 -0.008459 0.068605 0.051889 -0.021617 -0.064067 -0.021951 -0.046159 -0.071686 -0.073005 0.019980 -0.007966 0.039741 -0.042719 0.081759 -0.016021 -0.018080 0.036625 -0.031331 0.084100 -0.008135 -0.039233 0.034997 -0.079012 0.034807 0.000321 0.063384 -0.038535 0.023096 -0.071234 -0.069247 0.038601 -0.036938 -0.051339 -0.036984 -0.009064 
-0.006849 -0.074807 -0.025510 0.043001 0.024246 -0.017669 -0.058724 -0.022656 -0.045762 0.046888 -0.041568 -0.030970 0.000666 0.051720 0.078321 0.076941 -0.063929 0.057540 0.022490 -0.062298 -0.037294 0.012921 0.059526 0.047710 0.004482 0.054582 -0.002610 0.080610 -0.037748 0.071987 -0.073467 0.037085 -0.079261 -0.021849 0.038548 -0.006248 -0.011479 0.030734 -0.083864 0.045815 0.081906 -0.017946 0.021915 0.064182 0.044473 -0.066231 0.073871 0.071600 0.046082 -0.015938 0.041658 -0.051586 -0.016543 0.043856 -0.027527 -0.027886 0.020031 0.083534 0.016830 -0.058462 -0.045077 0.011584 0.042977 -0.018921 
-0.080184 -0.013390 0.062782 0.068686 -0.052604 0.064231 -0.012051 -0.178002 -0.054981 -0.079884 -0.027768 0.009292 -0.054862 0.115970 0.030523 -0.069039 0.029947 0.074871 0.050070 -0.062580 -0.006391 -0.093667 0.041183 0.043637 -0.094709 0.032155 -0.046946 0.068320 -0.030153 0.030952 0.001394 -0.021904 -0.007385 0.017571 -0.126571 0.018073 -0.094498 0.059301 -0.006701 0.054826 -0.006307 -0.045612 0.072463 -0.057566 -0.078297 -0.096391 0.007341 -0.081694 -0.020455 -0.005605 -0.007238 -0.008000 0.005081 0.037017 0.072764 -0.065802 -0.011676 -0.013565 0.052184 0.001510 -0.052861 -0.066199 -0.059599 -0.070419 
-0.238905 0.023509 0.029162 0.114618 0.030940 -0.079006 -0.053506 -0.416484 0.163942 -0.096354 0.055356 -0.008640 0.026815 0.065201 0.107839 -0.066155 -0.049117 0.033442 0.140672 0.025698 0.042318 -0.624801 -0.049355 0.376543 -0.838485 0.042613 -0.039160 -0.046413 0.042176 -0.339766 0.000745 0.097392 -0.017986 -0.030986 -0.932248 -0.018331 0.064763 0.056871 -0.056535 0.104943 -0.229867 0.154800 -0.088391 -0.074616 -0.011654 -0.308108 -0.333473 0.064437 -0.329865 -0.198791 0.067976 0.022579 -0.189289 0.022594 -0.017509 -0.045057 -0.039467 -0.015496 0.089651 -0.026550 -0.005717 0.024109 0.015394 -0.131397 
-0.290484 0.037041 0.042130 0.220357 -0.033938 -0.024780 -0.142780 -0.331141 0.211264 -0.064892 -0.014465 0.082121 0.151222 0.019884 0.146495 -0.185799 0.039269 0.024733 0.211275 0.168292 0.067072 -0.687274 0.050199 0.276641 -0.880320 -0.061640 -0.069012 -0.139795 -0.073474 -0.479320 0.023251 0.080833 -0.070791 -0.096369 -1.049096 -0.106402 -0.119394 -0.007492 0.050100 0.216999 -0.343652 0.193535 -0.021909 0.052596 -0.097733 -0.258166 -0.216742 -0.016195 -0.275188 -0.207887 0.185364 -0.076052 -0.043026 0.008442 -0.051188 -0.060519 0.107115 -0.155439 -0.047523 -0.158260 0.069076 -0.129679 -0.014017 -0.107900 
-0.520203 0.092765 0.006311 0.343342 -0.019847 0.043604 0.025639 0.090602 0.009925 0.031324 0.179651 0.032771 0.003807 0.258428 0.316200 -0.114515 0.194487 0.029439 -0.029785 0.241111 0.057945 -0.259974 -0.144063 -0.008937 -0.050303 -0.219293 0.167296 -0.345438 -0.035882 -0.239801 0.078437 0.021817 -0.068752 -0.183040 -0.441918 -0.163671 -0.252717 -0.117873 -0.002292 0.444144 -0.398798 -0.006708 -0.052210 -0.103336 -0.260575 0.047835 -0.096063 -0.061311 -0.052933 -0.236380 -0.074608 0.004888 0.019983 -0.041901 -0.088139 -0.001133 -0.000851 -0.202727 0.104989 -0.325413 0.066443 -0.133087 -0.246794 -0.169521 
-0.558766 0.346714 -0.042818 0.205522 -0.001905 0.170764 0.055635 0.061057 -0.083153 0.155905 0.050163 0.020751 0.062675 0.320798 0.486935 -0.081246 -0.136798 0.141347 -0.092894 0.340691 0.331160 -0.016006 -0.133398 -0.082518 0.116712 -0.373102 0.045428 -0.727082 -0.141545 -0.236147 0.214390 0.211533 -0.085425 -0.125438 -0.147030 -0.281372 -0.499906 -0.144391 -0.079300 0.471957 -0.307585 -0.143055 0.079028 -0.088497 -0.244153 0.198956 -0.005511 0.004980 0.232316 -0.055768 -0.120238 -0.015110 -0.051922 -0.000558 -0.076662 0.094615 -0.175195 -0.123439 0.209809 -0.276569 -0.053785 -0.172072 -0.227555 -0.236138 
-0.371483 0.347215 -0.023751 -0.065938 -0.040556 0.293380 0.023141 0.131041 -0.150223 -0.214455 -0.174054 -0.062551 0.002276 0.416218 0.554329 -0.271357 -0.126960 0.366966 -0.181567 0.468747 0.523400 0.077487 -0.306118 -0.316870 0.150022 -0.640429 -0.081338 -0.581089 -0.183289 -0.144137 0.289284 0.526362 0.076757 -0.033123 0.000949 -0.503337 -0.444828 -0.290028 0.003698 0.257255 -0.329560 -0.091131 0.048697 -0.096512 -0.228517 0.149966 -0.058535 0.043331 -0.173761 -0.026709 -0.032051 -0.006442 -0.373173 0.200782 0.013616 0.066943 -0.038179 -0.237583 0.245278 0.082545 -0.011253 -0.260600 -0.173173 -0.264965 
-0.429983 0.124676 -0.098765 -0.231268 0.051664 0.312551 -0.007832 -0.020085 -0.100728 0.240579 -0.058284 0.144267 -0.086309 0.296408 0.377488 -0.464334 0.274920 0.346002 -0.098375 0.438955 0.189490 -0.062014 -0.335567 -0.188302 -0.104509 -0.571289 0.022844 -0.725265 0.036680 -0.222950 0.379362 0.266513 0.014283 -0.159783 -0.691777 -0.481308 -0.366110 -0.294454 0.033723 0.359889 -0.063012 0.130106 0.015956 0.048625 -0.226731 0.141007 -0.201222 -0.026370 -0.350690 -0.223951 0.112260 -0.112869 -0.202810 0.238858 -0.072160 0.010267 -0.005948 0.274213 0.184715 0.009495 0.135114 -0.194216 -0.042676 -0.447155 
-0.266354 -0.285365 -0.070807 -0.045261 0.037115 0.108615 -0.059345 -0.106191 -0.066789 0.535768 0.145694 0.162738 -0.200473 0.493760 0.239825 -0.393272 0.340671 0.167536 -0.145189 0.105216 -0.210358 -0.053294 -0.171135 -0.248877 -0.087265 -0.617027 0.011391 -0.515286 0.536066 -0.284096 0.333391 -0.046679 -0.102096 -0.035775 -0.872160 -0.017401 -0.135459 -0.211518 0.113633 0.264891 0.172698 0.278847 0.063041 0.194699 -0.061393 0.160742 0.126749 -0.015133 -0.756453 -0.313028 -0.193060 -0.137665 -0.209463 -0.018285 0.144982 -0.057843 -0.075077 0.516436 -0.089219 -0.145977 0.149498 -0.142735 -0.059135 -0.156628 
-0.367744 0.011287 -0.027181 0.665643 -0.063950 -0.108359 -0.057672 -0.025735 0.096761 0.306024 -0.117736 0.125278 -0.158497 0.563614 0.130400 -0.785935 0.072355 0.189090 -0.170677 -0.293879 -0.455910 0.099760 -0.137211 -0.041409 0.071601 -0.692684 0.308235 -0.515823 -0.104598 -0.325182 0.056862 -0.500745 -0.051046 0.232809 -0.371257 0.260063 -0.167066 -0.331855 0.283196 0.416211 0.209336 -0.099722 -0.054983 -0.070633 0.188286 -0.177216 0.223314 -0.067486 0.315387 -0.265566 -0.149184 -0.015038 -0.664143 -0.159662 -0.236373 -0.059125 -0.097662 0.060573 0.258962 -0.204450 0.231169 -0.116115 -0.046814 -0.166073 
-0.264110 0.175479 -0.071966 0.205235 0.016307 -0.014960 -0.023577 -0.085327 0.315714 0.130300 0.141273 -0.043285 -0.347433 0.504723 0.268824 -1.051057 0.903900 0.105558 -0.063817 0.406942 -0.233054 0.157755 -0.394123 -0.214641 0.062557 -0.772608 -0.090762 -0.628782 -0.443301 -1.001149 -0.230351 -0.435460 -0.259098 0.136591 -0.112445 -0.154598 -0.201473 -0.825474 0.374718 0.820961 0.072116 -0.106998 -0.079852 -0.130868 -0.081674 -0.245266 0.304802 -0.066209 0.552721 -0.448600 0.022221 -0.010962 -0.265032 0.005624 -0.079119 0.467384 0.074140 0.191051 -0.134127 -0.152772 0.151300 -0.389213 -0.004614 -0.494383 
-0.536702 -0.028117 -0.062919 0.532974 0.057507 0.092810 -0.014854 -0.082422 0.412803 -0.170742 0.345204 0.134291 -0.083278 0.387855 0.588664 -1.108089 1.300171 0.265133 -0.075473 0.163217 0.021446 -0.098265 -0.052817 -0.194589 -0.108962 -1.237368 -0.388410 -1.264693 -0.343394 -0.836392 -0.002168 0.117196 -0.439142 0.096999 0.833962 -0.366706 -0.108158 -0.734753 0.551888 1.266835 -0.328047 0.252360 -0.309616 -0.540042 -0.527483 -0.041804 -0.122559 -0.091341 0.262906 -0.480098 -0.120170 -0.074190 -0.099054 0.204549 0.013363 0.328400 0.251665 0.718606 0.579019 -0.190744 0.131514 -0.191039 -0.354335 -0.587241 
-0.503947 0.185941 0.006683 0.056345 0.060110 0.031121 -0.027464 0.022349 -0.097182 -0.148562 0.040449 0.000088 -0.034269 0.128101 0.196634 -0.383160 1.001193 -0.212143 -0.220456 -0.302817 -0.080225 0.491246 0.313828 -0.116174 -0.025377 -0.796806 -0.110825 -0.593651 -0.101070 -0.577176 -0.060944 -0.110708 0.050137 0.263213 0.846887 0.114746 0.181363 -0.375891 0.550006 0.834757 -0.480282 0.302525 -0.106274 -0.656106 -0.145527 -0.371853 -0.068440 -0.131743 0.164383 -0.501877 -0.085288 -0.172132 -0.279145 0.000907 -0.122602 -0.177305 0.171649 0.819637 0.289725 -0.205126 -0.071975 0.199357 -0.239137 0.070342 
-0.549708 0.099423 -0.041038 0.162560 0.272476 0.087763 -0.038890 -0.097766 -0.207852 0.355489 -0.060977 0.299103 0.093736 -0.104955 0.271755 -0.483013 0.591077 -0.356348 -0.215855 0.044468 -0.004483 0.228712 0.025235 -0.235066 -0.650639 -0.689293 -0.115554 -0.643164 -0.111401 -0.741555 0.125898 0.196886 0.403471 -0.114183 0.185971 -0.007995 -0.057357 -0.382507 0.681746 0.311596 -0.127033 0.160100 0.018393 -0.325065 0.165959 -0.018189 -0.213850 0.143949 0.307628 -0.288599 0.087381 -0.365725 -0.284256 0.087568 0.204645 -0.196853 0.293898 0.440469 0.412499 -0.160061 0.018970 0.231236 -0.214582 -0.186341 
-0.450938 -0.099462 -0.142131 0.255177 0.461973 0.075612 0.073648 -0.145639 -0.259090 0.303606 -0.012235 0.161341 0.044375 0.005193 0.175341 -0.785843 0.717639 -0.007723 -0.139144 0.136454 0.058600 -0.222413 -0.238109 -0.257755 -0.570690 -0.404660 -0.074823 -0.566125 -0.114819 -0.845744 0.617062 0.226680 0.916204 -0.451418 -0.691356 0.248976 -0.126831 -0.278272 0.354463 0.082841 -0.097664 0.179441 -0.001889 -0.360740 0.095278 0.086847 -0.141875 0.248380 0.531258 -0.296855 0.039492 -0.316296 -0.606454 -0.033472 -0.009399 -0.060230 0.251394 0.330922 0.887724 -0.420426 -0.029824 0.000688 -0.213032 -0.671497 
-0.612039 0.071027 -0.080488 0.194940 0.302105 0.007319 -0.040494 -0.005642 -0.289688 0.389903 -0.088837 0.051361 -0.059078 0.082509 0.035934 -0.579671 0.161343 0.117650 -0.061482 0.080892 0.268882 -0.180413 -0.561144 -0.041559 -0.176024 -0.390708 0.068671 -0.432098 -0.058726 -0.969240 0.486813 -0.062048 0.925163 -0.157606 -0.056719 0.162732 -0.057244 -0.367464 0.203740 -0.089261 -0.139956 0.070594 -0.110449 -0.277224 -0.060145 0.034198 0.013174 0.197824 0.564405 -0.193072 0.030672 -0.181732 0.185843 0.055971 -0.068612 0.175874 0.154904 0.150899 0.154152 -0.247336 0.085641 -0.053851 -0.155706 -0.397592 
-0.580433 0.222751 0.018705 -0.199411 -0.044084 -0.011905 -0.053335 0.100121 -0.394301 0.173124 -0.034761 -0.234356 0.033949 0.057911 0.086479 -0.176852 0.514098 0.164672 -0.053478 0.010549 0.190420 0.034881 -0.408655 -0.045447 -0.167819 -0.254312 0.149601 -0.266044 0.011203 -0.931189 0.087224 -0.035384 0.471595 -0.002937 1.069161 -0.224044 -0.029204 -0.360424 0.367645 0.091802 -0.016318 0.076435 -0.137129 -0.097677 0.046309 0.126684 0.279190 0.287801 0.588209 -0.245277 -0.109612 -0.098847 0.330278 -0.032754 0.031502 0.345526 -0.019272 -0.209157 -0.219008 -0.083048 0.095702 -0.016966 -0.131757 -0.122083 
-0.282758 -0.051251 0.128727 -0.063332 -0.008368 0.111893 -0.077296 0.084986 -0.090296 -0.005778 -0.004079 -0.168945 0.079410 0.057389 0.106928 -0.617122 0.533375 0.277249 -0.270823 0.071165 -0.020453 0.120186 -0.135990 0.079371 -0.076400 -0.151920 0.028217 -0.261749 0.040877 -0.448042 0.309648 0.154834 0.250025 0.106206 -0.003976 0.002817 -0.075517 -0.467466 0.196411 0.322961 -0.246878 0.068852 -0.095307 0.023009 0.026229 0.084767 -0.047224 0.172925 0.044431 -0.278856 0.077010 -0.042949 -0.048817 -0.016529 -0.066963 0.194290 0.009342 0.124481 0.120556 -0.221074 0.056446 -0.065006 -0.098686 -0.002092 
-0.264268 -0.292328 0.096960 0.209032 -0.034004 0.079998 0.010471 -0.139535 0.080203 0.004947 -0.003492 -0.047737 0.006375 -0.034368 -0.046544 -0.397991 0.257758 0.391948 -0.202877 0.412027 -0.064207 0.047573 -0.294565 0.124771 -0.256586 -0.275603 0.032285 -0.354295 0.046051 -0.472913 0.520101 0.434127 0.187200 0.059044 -0.151339 0.030775 -0.002584 -0.422189 0.013507 0.306844 -0.275290 0.102120 -0.038416 0.063266 0.042986 0.052771 -0.194150 0.184774 -0.084936 -0.191949 -0.033342 -0.121753 -0.067545 0.028999 -0.087281 0.027048 0.091636 0.070490 0.214760 -0.147591 -0.004515 -0.008857 -0.240090 -0.098535 
-0.137337 0.052056 0.054267 0.007214 -0.009651 -0.039356 -0.079634 -0.070248 -0.077669 -0.036080 -0.009078 0.024222 0.045738 -0.008169 0.090297 0.325454 0.093941 0.033002 -0.058498 0.190464 -0.090459 -0.025600 -0.087573 -0.008406 -0.273241 -0.097550 0.045126 -0.038594 -0.041863 -0.243745 0.165036 0.124922 0.089586 -0.053031 -0.063952 0.061418 -0.079615 -0.038857 0.033627 0.038270 -0.112033 0.019214 0.115183 0.047917 -0.031622 -0.031915 0.058631 0.022271 -0.044554 -0.075963 -0.003070 0.014846 -0.030584 -0.070227 0.039012 -0.050597 -0.084466 -0.169490 0.060265 -0.046625 0.042907 0.034032 -0.125271 -0.010857 
0.073376 0.080193 0.071280 0.041071 -0.061233 -0.076354 -0.007365 0.058266 -0.047655 0.020043 -0.075787 0.006857 0.076422 -0.044109 0.059004 0.179337 0.012088 0.043353 0.013893 0.002411 -0.075324 -0.080933 0.049667 -0.063769 -0.048053 -0.011080 0.062433 0.030228 -0.033895 -0.074991 0.036249 0.045576 0.052217 -0.056542 -0.002310 0.062869 0.030435 0.006835 -0.027921 0.024673 0.083182 0.010717 -0.023563 -0.018809 0.070728 -0.066318 -0.056383 -0.015549 -0.066547 -0.051624 -0.008261 -0.068691 -0.013711 0.009838 0.040207 0.003863 -0.071435 -0.022229 0.008131 0.059489 -0.070136 0.083819 -0.079299 0.064835 
0.020098 0.027866 -0.014024 0.022631 -0.018662 -0.066783 -0.034889 -0.010743 0.032579 0.066132 0.051926 0.049964 -0.025576 -0.010121 -0.011713 0.024035 0.058651 0.026540 0.016242 0.055282 -0.044382 0.057474 0.019506 -0.067016 0.061602 -0.007077 -0.077801 0.020407 0.002498 0.070180 0.056447 0.007139 0.019363 -0.060586 -0.006512 0.071683 0.038642 0.043721 0.040672 0.070709 0.009779 -0.067814 0.030947 -0.071827 0.067437 0.014599 0.032480 -0.046850 -0.047121 0.018156 0.074664 0.081225 0.009669 0.044383 0.055076 0.014565 0.047792 -0.034867 0.026619 0.049826 -0.017017 0.043859 -0.084642 -0.024298 
0.033513 0.032668 0.008289 -0.043895 0.013208 -0.032363 -0.007432 0.045747 0.040588 0.081541 0.014627 0.070110 0.019358 0.027829 0.076173 0.025551 0.040690 0.050384 -0.003453 0.062158 0.071842 -0.080763 0.019620 0.031495 0.072972 -0.051765 0.051339 -0.058460 0.082991 -0.084018 -0.023922 0.041122 0.071547 0.036691 0.043948 0.013634 -0.060927 -0.029067 0.074823 0.040393 -0.034184 0.023558 0.007719 0.015708 0.074084 0.012982 0.032912 0.011544 0.054513 -0.040157 -0.022927 -0.043869 -0.038529 -0.070460 0.049374 -0.058648 -0.029784 -0.019774 -0.075496 -0.034792 0.075845 0.074428 -0.045425 0.019014 
-0.062511 0.064457 -0.028138 -0.001230 -0.077909 -0.053614 -0.021936 0.013819 -0.052838 -0.011893 0.033416 0.067553 0.039084 -0.083294 -0.060216 0.019733 0.046590 -0.032779 0.068888 -0.017135 0.070906 -0.050246 0.060314 0.043330 0.061618 -0.021823 -0.063096 -0.035546 -0.028564 0.026844 0.025750 -0.050749 -0.071573 -0.060304 0.026521 -0.076445 -0.031799 -0.081811 0.008248 -0.068595 -0.037672 -0.084075 -0.024898 -0.055416 -0.041569 -0.014691 -0.058804 -0.004218 0.054035 0.004053 0.014851 -0.053285 0.019697 -0.014353 0.077138 -0.031039 -0.019487 0.074720 0.069201 0.039366 0.016252 -0.082971 -0.031501 0.032440 
-0.010805 0.038196 -0.036229 0.057629 -0.016519 0.041964 0.077026 -0.067989 -0.026757 -0.036697 0.078941 -0.040178 -0.055452 -0.076394 -0.044665 0.058840 -0.070418 0.049178 -0.079521 0.077898 0.000434 0.006210 0.066690 0.027994 0.017407 -0.054923 -0.008125 0.042950 0.020406 0.020216 0.008613 -0.030222 0.048865 -0.058142 0.070510 -0.081164 -0.057665 -0.068164 0.038211 -0.008479 -0.073945 -0.002642 -0.055585 0.010949 0.009958 0.072538 0.010831 -0.003150 0.015000 -0.039474 -0.082422 0.023065 -0.062419 -0.056381 -0.062008 0.030700 -0.057665 -0.015246 0.074618 -0.082427 0.030597 0.070125 -0.022444 -0.027578 
0.020719 -0.047134 -0.013023 -0.044429 0.055765 0.006302 0.024272 -0.077149 -0.080619 -0.067455 0.038494 -0.083207 0.067296 0.063317 0.078473 -0.060524 -0.036655 -0.020185 -0.003997 0.022947 -0.007807 0.029745 0.046955 -0.039146 0.014260 -0.036394 0.040470 0.031465 -0.006364 -0.068087 -0.014548 -0.079690 -0.029473 -0.083998 0.052643 0.032666 -0.069848 -0.025899 -0.058399 0.048875 0.036070 0.067086 0.013238 -0.077975 -0.070685 -0.004957 0.071239 0.021648 -0.083402 0.059610 0.003653 0.071173 0.057187 -0.045070 0.018696 -0.024267 -0.028333 0.035300 -0.024754 0.001040 -0.075316 -0.061356 -0.083649 0.035115 
-0.051724 0.059847 -0.039685 -0.063918 0.081431 0.011893 -0.024765 0.024785 0.006718 0.073596 0.051724 0.024226 -0.018188 -0.069966 0.012489 0.047078 0.000988 0.031542 -0.017038 0.082519 -0.074407 0.045661 -0.074787 0.069627 0.041985 0.064329 -0.008977 0.036794 0.075475 0.050112 -0.067055 0.039069 -0.011832 -0.012669 -0.066192 0.045876 -0.083787 -0.076938 -0.084095 0.015734 0.050862 0.008464 0.026818 -0.026125 0.005989 0.062029 0.036003 -0.007036 -0.009511 -0.057192 0.002652 0.061130 -0.036496 -0.081307 -0.051083 0.073842 -0.067851 -0.037497 0.057952 -0.066100 -0.075085 0.021058 -0.028143 -0.003889 
-0.059580 0.021674 0.054979 -0.009706 -0.081128 -0.021099 0.001214 0.023902 0.035798 -0.024606 0.005933 -0.052710 0.019636 0.043258 0.049491 0.010004 -0.020236 0.056160 -0.010528 -0.067702 -0.067599 -0.004854 0.046149 -0.006810 0.006277 0.025437 0.004213 0.081605 0.029663 0.074145 0.080111 -0.024549 -0.024061 0.028677 -0.072733 -0.008340 -0.030813 0.077416 0.074479 0.056725 -0.018727 -0.042811 0.082745 0.041954 -0.059364 -0.006138 0.071065 -0.082314 0.047725 0.008710 0.064729 0.047155 -0.001409 -0.013603 -0.052823 0.005963 -0.060232 -0.076897 0.020760 -0.050877 0.005322 0.058763 0.078674 0.051560 
0.081610 -0.078520 0.021571 0.025211 0.015282 0.079824 -0.078838 -0.041348 0.059523 -0.016052 0.040758 -0.060011 -0.076517 -0.002821 0.061007 0.045461 -0.078971 -0.010404 0.039520 0.005034 0.060252 0.071732 -0.002616 -0.040747 0.065191 0.045738 -0.011647 -0.063784 0.040542 -0.044280 0.067147 -0.032317 0.060334 -0.003001 -0.006087 -0.012684 0.073632 -0.021222 -0.058142 0.084111 -0.077729 -0.035141 0.026243 -0.082380 0.022747 -0.068493 -0.078237 0.055087 -0.016504 0.067050 -0.080532 -0.000649 0.083916 0.057161 -0.020375 0.041872 0.026397 -0.010286 -0.017710 0.027322 0.055837 0.045517 -0.080933 -0.022952 
0.035700 -0.073392 0.031290 0.031963 0.060810 0.066588 -0.025386 -0.048309 0.046677 0.024662 0.043581 0.003961 0.024898 -0.025536 0.002625 -0.049944 -0.069730 0.020134 0.072965 -0.023468 -0.063696 0.048368 -0.044626 -0.056829 -0.043642 0.071665 -0.064178 -0.040223 0.040085 0.067151 -0.045154 0.001646 -0.052722 -0.066639 0.011029 0.066031 -0.038306 -0.074166 -0.032122 -0.073980 0.052939 -0.001060 -0.045086 -0.018952 -0.047068 -0.068192 -0.077555 0.075577 -0.054588 0.011986 0.053498 -0.028071 0.057256 -0.054001 -0.071664 0.030878 -0.028449 -0.017461 -0.022981 0.064996 0.050502 0.059149 -0.067645 -0.031271 
0.055364 -0.047995 0.002970 -0.082449 -0.002054 -0.056535 -0.019485 0.041423 0.050117 -0.061175 -0.014145 0.056729 0.066598 0.074190 0.082257 -0.058938 0.028851 0.083696 -0.054433 -0.056936 -0.055346 -0.049622 0.012444 0.004296 0.006034 -0.034336 -0.076789 -0.077397 0.044402 0.023653 0.056289 -0.020903 -0.068500 -0.037035 -0.060245 0.008630 -0.045798 -0.035079 0.013552 -0.000668 -0.036476 -0.057333 0.050456 0.023837 0.020692 -0.032518 -0.013341 0.070180 -0.003073 -0.010401 0.028086 -0.065011 0.008118 0.056754 -0.072297 0.074483 -0.024665 -0.025834 -0.044693 0.042756 0.047468 -0.074794 -0.030977 -0.029610 
-0.046529 -0.003432 -0.060432 0.018638 0.021561 -0.032931 0.010183 0.013714 0.044821 0.000316 -0.076052 -0.065435 0.042607 -0.024877 -0.074399 -0.016367 -0.012603 0.032082 -0.066340 -0.082974 0.049001 0.056529 0.010000 -0.045771 -0.048704 0.010747 -0.056894 -0.011354 -0.014541 0.025332 -0.063815 0.054218 0.055382 -0.041357 -0.005183 0.016219 -0.048652 0.046427 0.023999 -0.032074 0.000701 -0.068890 0.074001 -0.080747 -0.079403 -0.072756 -0.059401 0.046028 -0.047112 0.059759 -0.006541 -0.057253 -0.058381 0.036447 0.028069 0.021680 -0.015609 -0.035299 -0.050257 0.014964 0.020803 0.058026 -0.041460 0.009583 
-0.068924 -0.025107 -0.071839 0.084530 0.074146 -0.026561 0.050785 0.075254 0.099466 0.082329 0.016477 0.067357 0.030465 -0.055884 0.101182 -0.042398 0.000058 -0.030526 0.061219 -0.002823 -0.039755 0.058652 0.033453 0.032081 -0.049776 0.068407 0.071957 -0.142946 0.047370 0.013388 0.099394 -0.038898 -0.059661 0.045646 -0.008370 0.035902 -0.074000 0.016607 0.028472 0.090660 -0.078750 -0.000686 0.038997 -0.047131 -0.134397 -0.047742 0.026285 -0.073504 0.056411 0.028038 0.015517 -0.034693 -0.050793 -0.046082 0.028129 -0.025375 -0.007957 0.055393 -0.156108 -0.065578 0.028804 -0.054507 -0.094251 0.029226 
-0.177184 0.053876 -0.028293 0.058389 0.014066 0.050981 0.005400 0.012485 -0.041529 0.004422 -0.066037 0.094806 0.031386 -0.003473 -0.015644 0.002437 -0.010488 -0.084096 -0.068339 0.022476 -0.021662 0.056293 -0.062173 0.006247 0.077300 -0.081325 -0.034344 -0.211943 -0.005805 0.058314 0.024910 0.021820 -0.034834 -0.071506 0.083518 -0.062355 -0.024534 -0.057204 -0.027918 -0.008468 0.078123 -0.010592 0.042831 0.033446 -0.070834 -0.070048 -0.066234 0.052949 0.084375 -0.028460 0.076168 0.056899 0.037426 -0.043346 -0.021649 -0.048457 0.044601 0.135359 0.010093 -0.042092 0.045137 0.005227 -0.040834 0.058765 
0.019436 -0.036614 -0.011213 0.020766 -0.047880 0.035704 0.029384 0.032048 0.022359 -0.036309 0.014327 -0.063838 -0.037495 0.064061 -0.025946 0.004699 -0.022738 -0.023745 0.073510 -0.088552 -0.020967 0.077393 -0.011938 -0.057017 -0.006503 -0.071230 0.036983 0.016401 0.010486 -0.065628 0.039741 -0.031083 -0.106880 0.065925 0.099027 0.009929 0.065035 0.020666 0.052996 -0.075043 0.061029 -0.067485 -0.070630 -0.067011 -0.034833 0.002592 0.075271 0.012077 -0.049528 0.033816 0.050142 0.019842 -0.042375 -0.056786 0.011157 0.051831 -0.045332 -0.068759 -0.050456 0.050185 -0.039987 0.061553 -0.037690 0.037885 
0.021075 -0.108145 -0.018756 0.000372 0.078135 0.012860 0.026876 -0.078655 -0.051655 -0.052081 -0.004689 -0.061904 -0.025538 0.021350 0.097935 0.105739 0.152894 0.004915 -0.081520 0.041479 -0.060585 0.080473 -0.016506 0.012707 -0.035163 0.049003 -0.066073 -0.067220 0.025398 -0.021273 -0.044273 -0.023666 -0.092331 -0.039142 0.091227 -0.095630 -0.086038 -0.065944 0.047402 -0.059835 0.035143 -0.065385 -0.045525 0.053177 -0.022947 0.075994 0.144992 -0.018524 0.155625 -0.069892 -0.092027 0.071802 0.065965 0.072346 0.017793 0.006815 -0.016661 -0.168697 -0.059643 0.033520 0.082539 0.011918 -0.017714 -0.018312 
0.027122 -0.041219 0.039323 0.116430 0.008908 -0.006739 -0.017368 0.052512 -0.011451 -0.021345 -0.008707 0.043311 -0.028174 0.067382 -0.014467 0.097530 0.145970 -0.071317 0.005499 -0.018967 0.058486 0.060398 0.030816 -0.066789 0.069959 -0.057050 -0.074875 -0.059516 0.061071 0.019509 -0.000351 0.067525 -0.063718 -0.008335 -0.007909 0.020976 0.042553 -0.006443 -0.016906 0.050042 -0.050996 -0.066120 -0.005369 0.005831 0.042325 0.080537 0.134565 0.049388 0.148653 -0.026957 -0.021645 0.023440 0.074145 0.072464 -0.058389 -0.040372 -0.003002 -0.161471 -0.041866 -0.081326 -0.030734 0.047165 0.047507 0.046177 
0.021526 -0.082894 -0.004731 0.097927 -0.065606 0.063174 -0.031344 0.043405 -0.113866 -0.037817 0.057085 0.073142 -0.028024 0.076807 -0.056777 0.146324 -0.032885 -0.057581 -0.072218 0.111586 -0.025334 -0.027363 0.010780 0.012879 0.071475 -0.097177 -0.016942 0.023144 0.041649 0.070475 0.111850 0.105369 -0.018545 0.009080 0.078851 -0.024970 -0.034481 -0.033348 -0.023551 -0.032492 -0.031480 0.035569 -0.051834 0.088641 0.050855 -0.077092 0.030117 0.054411 -0.045242 0.039207 -0.123786 -0.074538 0.044848 -0.070474 0.024270 0.009883 -0.074336 -0.181952 -0.081336 -0.058127 -0.068100 0.031930 -0.071816 -0.104628 
-0.095825 -0.081747 -0.063343 -0.109493 -0.038588 0.055402 -0.026329 -0.064546 -0.105806 0.032446 0.007685 -0.073112 0.024143 0.005039 0.043189 0.242138 0.057818 -0.004914 0.047345 0.033517 0.078732 0.021377 -0.036273 -0.050888 0.013850 0.074120 0.013552 -0.005051 -0.011185 0.072110 0.059858 -0.009037 -0.048439 0.046295 0.111834 -0.034761 -0.144246 0.058017 0.072195 0.068783 0.024851 0.043959 -0.004773 0.005900 0.024156 -0.071750 0.023531 -0.097835 0.004311 -0.007228 -0.024848 0.080980 0.056547 0.052665 0.066771 -0.031847 0.029245 -0.180939 -0.233218 -0.081927 0.019416 0.009276 -0.016952 -0.037800 
-0.020369 0.079035 0.028896 -0.019325 -0.049376 0.057677 0.068033 0.018143 0.068428 0.013306 0.100351 -0.024595 -0.019809 0.065589 0.080251 0.144845 0.092596 0.097430 -0.029583 0.201293 0.000060 -0.025526 -0.088942 -0.080876 -0.055379 -0.027490 0.017468 -0.155239 0.006234 0.023393 -0.022611 0.027359 0.016157 -0.098125 0.054116 -0.019332 -0.074144 -0.018340 0.026520 0.099981 -0.056321 -0.079402 -0.139903 -0.096097 -0.021813 -0.016066 -0.012314 -0.113556 0.067487 0.044616 -0.005626 0.041376 -0.016085 0.068212 0.100145 0.130363 -0.070648 -0.149633 -0.044923 -0.091351 0.049489 0.046101 -0.024819 -0.063774 
-0.034385 -0.004960 0.037941 0.119196 0.013279 -0.087097 0.071743 -0.006944 -0.019709 0.004779 0.057699 0.087686 0.087005 0.050719 0.006766 -0.052107 -0.030672 -0.020152 0.061649 0.123217 0.074654 0.016235 0.043309 0.002323 0.007903 -0.183044 0.077516 -0.107394 -0.061186 0.033283 0.072866 0.068039 0.043966 0.050754 -0.215159 0.020053 0.048613 0.005653 0.005921 0.064187 0.022671 -0.005753 -0.174470 -0.067128 0.013283 0.047439 -0.103290 -0.113775 -0.091051 -0.021749 0.000145 -0.053061 0.114673 0.021013 0.045813 0.066111 0.113134 0.100651 0.059158 0.076537 0.063070 -0.050808 -0.067242 -0.001103 
0.046123 0.029679 -0.044909 -0.000727 0.016320 0.048476 0.056007 -0.010513 0.054905 -0.010871 0.045052 -0.078119 -0.019589 -0.042817 0.003584 -0.020387 0.231566 0.036609 -0.087183 0.001537 -0.059798 -0.077607 -0.007948 -0.046649 -0.058497 -0.165532 0.003195 0.029440 0.046864 -0.046899 -0.031580 0.002244 0.003573 -0.059740 0.093869 -0.124459 -0.041005 -0.057923 0.025518 0.025757 -0.085581 -0.049716 0.051558 -0.183889 0.033263 0.030015 -0.120002 -0.011910 -0.032822 0.044182 -0.050437 0.023218 0.039698 -0.052015 0.082620 -0.018232 -0.048819 -0.021887 0.003517 -0.031567 0.058511 -0.032631 -0.058248 -0.041726 
0.024143 0.047702 0.039168 0.021874 0.069298 -0.054095 0.006428 0.029504 -0.038967 -0.013854 0.055146 -0.032609 -0.077229 0.006879 -0.033809 0.123501 0.136771 0.038687 0.063455 0.060370 0.037947 0.059038 0.032302 0.030092 0.089491 -0.086360 0.047925 0.036319 0.017810 -0.022417 -0.007797 0.061957 -0.070671 0.085894 0.169473 -0.045784 -0.023206 -0.050070 0.067949 0.040258 0.039093 -0.032892 -0.011768 -0.095027 -0.079320 0.043633 0.035738 0.039631 -0.016245 0.030226 -0.052949 0.064018 0.015621 0.063314 0.087137 0.009651 -0.048499 0.012067 -0.094450 0.072675 0.078676 -0.064982 0.033841 -0.098220 
-0.116935 0.046146 -0.045377 -0.103648 0.055855 0.041557 -0.005901 0.066546 0.099662 0.067032 0.007464 -0.021833 0.088150 0.052831 0.000295 -0.024396 0.045798 0.013177 -0.053437 0.061331 -0.034027 0.015306 0.000155 0.080248 -0.017085 -0.062385 0.047179 -0.076695 -0.049327 -0.034222 0.129226 0.128805 0.064458 0.007946 -0.131423 0.035078 0.007561 -0.224694 0.042882 0.055691 -0.102237 -0.021451 0.030390 -0.028937 -0.032455 -0.013290 0.011052 -0.042574 -0.160193 -0.007567 -0.056985 -0.044988 0.058173 0.017838 0.136774 -0.006486 0.023478 -0.012299 -0.010229 -0.079393 -0.072680 -0.069510 -0.013025 0.046358 
-0.016422 0.030663 -0.040676 -0.133613 -0.027899 0.007283 0.007220 0.003185 -0.018698 0.004546 0.003389 -0.003985 0.032185 -0.077865 -0.056010 -0.097941 0.036821 0.029266 -0.079661 0.077806 0.089208 0.022065 0.021159 0.107855 0.000727 0.047238 0.048847 -0.003942 0.030905 0.001371 0.001551 0.044896 0.040696 0.019439 -0.045166 -0.072431 0.009810 -0.087561 0.093082 0.019339 0.009292 0.047426 0.023555 0.073386 0.037800 0.012404 -0.022685 -0.085874 -0.010103 0.005715 0.061751 0.010565 0.116618 0.043158 0.113864 0.012630 -0.021751 -0.035603 -0.141397 0.040576 0.008111 -0.077271 -0.026534 0.014943 
0.024948 0.110204 0.052124 -0.084550 -0.055161 -0.072603 -0.050548 -0.101277 -0.036675 -0.019430 0.001189 -0.061461 -0.067067 -0.064160 -0.017230 0.216689 0.001415 -0.038356 -0.148433 0.089315 0.040060 0.006149 -0.030079 0.022857 0.028328 -0.027844 0.043882 -0.077018 0.021142 -0.089744 0.003127 0.179163 -0.032438 -0.009605 0.066259 -0.065202 0.057418 0.001512 0.077041 0.108966 -0.060630 -0.053052 0.043270 -0.031466 0.068040 0.001428 -0.063105 0.028368 -0.023777 -0.000583 0.017304 -0.055380 0.038871 -0.046337 -0.018126 -0.072302 -0.026293 -0.071641 -0.123991 0.020511 -0.045803 0.023024 0.078677 -0.017132 
-0.130637 -0.043869 -0.024749 -0.075968 0.066568 -0.027091 -0.024624 0.030487 0.042741 0.003903 -0.047961 0.047120 0.038591 -0.030594 -0.051905 0.097360 0.060815 0.145142 -0.075584 0.177628 0.089949 -0.039461 -0.071989 -0.038833 0.036353 0.035686 -0.011114 -0.032928 -0.063157 -0.036588 0.038729 0.013692 0.080687 0.032216 0.010595 -0.128919 -0.037620 -0.085363 0.059437 0.036681 -0.032565 -0.130504 -0.077594 0.052951 -0.008706 -0.078051 0.085096 0.078495 0.108159 0.113439 0.039506 0.063834 -0.033363 -0.004599 0.040358 0.015345 0.034964 0.033129 -0.109801 -0.072234 -0.009070 0.043896 -0.124278 -0.095531 
-0.099259 -0.003027 -0.074982 -0.036049 0.053552 0.065215 -0.011844 -0.137199 -0.047947 0.036867 -0.047348 -0.001051 -0.009406 0.043008 -0.049067 0.043640 -0.020268 0.110908 0.004512 0.088310 -0.056315 -0.034585 -0.048023 -0.070905 -0.272044 0.085796 0.019732 0.023328 0.046366 -0.087148 0.115867 0.036463 -0.014395 0.023376 -0.068955 -0.055511 -0.040632 -0.030252 -0.060877 0.070377 -0.008447 -0.113118 -0.033812 0.034140 0.025306 0.001265 0.002833 0.045038 0.125845 0.022815 -0.074369 -0.083451 -0.084775 -0.032296 0.012613 -0.053784 -0.059997 -0.075729 0.015081 -0.013027 -0.075116 0.063311 -0.056663 -0.024671 
-0.033963 -0.052742 -0.022881 -0.082760 -0.009067 0.040403 -0.024789 0.010260 0.039275 -0.017092 -0.025260 0.038910 0.044439 -0.082537 0.060527 -0.048685 -0.045279 0.031184 -0.070103 -0.018559 0.048816 0.048410 0.003509 -0.052476 -0.041029 -0.034049 0.018919 -0.003977 0.029716 0.024876 -0.003362 -0.027322 -0.087498 -0.077912 -0.027204 -0.007808 0.039020 -0.006106 -0.066762 0.033126 0.082501 0.000480 -0.011636 0.015097 0.065049 0.048126 0.016423 -0.036086 -0.056961 -0.020328 -0.082529 -0.021806 -0.002333 -0.055450 0.018272 -0.003646 0.056889 0.050639 0.008035 0.000867 -0.016193 0.075509 -0.012683 -0.013533 
-0.048551 -0.001183 -0.043797 0.021073 0.065900 -0.013141 0.007637 -0.012663 -0.023409 -0.023743 0.060422 0.022644 0.033934 -0.058270 0.056776 -0.055765 -0.080219 -0.011929 -0.039972 -0.045794 0.013377 -0.025463 -0.022726 -0.007406 0.072456 -0.040316 0.002909 0.081852 -0.012658 -0.021140 0.054877 0.048644 0.047802 -0.062347 0.026423 -0.046929 -0.071296 -0.015836 0.020457 -0.052191 0.058938 -0.043782 -0.074130 0.056109 0.037323 -0.051201 0.007519 -0.063076 -0.053039 -0.075059 -0.008376 -0.032589 0.073026 0.078735 -0.067548 0.009829 -0.003494 0.042072 0.005486 0.053044 -0.028631 -0.010368 -0.010579 -0.063050 
0.005825 0.051283 -0.043607 -0.005368 0.059852 0.077092 0.072692 -0.011164 -0.023815 0.033554 0.020005 0.028164 0.033380 0.047853 -0.022937 -0.001610 0.065191 0.042452 -0.029442 0.016684 0.053721 -0.004423 0.039936 -0.041785 -0.027650 -0.071327 0.043730 0.058214 -0.064729 -0.016442 0.037924 -0.033909 -0.056145 0.026757 0.054045 -0.063014 -0.049927 -0.015087 0.039192 0.023219 0.031989 0.012299 -0.036655 -0.058363 0.055662 0.012037 0.015071 0.021715 -0.035675 -0.032789 0.049671 0.022054 0.069201 -0.069355 0.061541 -0.078586 -0.040727 -0.048110 0.003653 -0.023348 -0.053223 -0.032250 0.052885 -0.052330 
-0.035552 -0.065063 -0.019353 -0.002796 -0.000367 0.063025 0.073442 -0.030987 0.009526 0.080291 0.075650 0.056982 0.037836 0.082411 -0.054866 0.073478 -0.008618 0.046072 0.071609 -0.007083 -0.034941 0.052705 0.037723 -0.011647 0.069052 -0.013254 -0.034196 -0.054748 -0.026269 0.080738 -0.002790 0.035007 -0.013844 0.062219 -0.071537 -0.022978 0.004187 -0.042909 -0.065361 -0.082232 0.012669 -0.032040 0.030017 0.051072 -0.018080 -0.041476 0.037718 0.057290 -0.027080 0.000280 0.073545 0.028071 -0.008263 -0.010985 -0.048890 -0.083264 0.061187 -0.044434 0.037015 0.022054 0.052315 -0.080445 -0.055780 0.050220 
0.079998 0.069386 -0.052197 -0.064205 -0.004023 -0.051077 -0.002924 -0.033698 -0.038719 -0.042231 0.030541 0.026628 -0.041728 -0.023933 0.000747 0.050230 0.056186 -0.065145 -0.049306 -0.020811 -0.036722 0.002980 0.062968 -0.025756 0.015903 -0.003766 0.013932 0.017993 -0.049414 0.053855 0.077636 -0.011087 -0.035259 0.000999 -0.052956 0.022244 0.075598 -0.052962 0.072518 0.048444 -0.072307 0.043022 -0.028872 0.007519 -0.062650 -0.070777 -0.010964 -0.033570 0.036173 0.002133 -0.038956 -0.044434 -0.069663 -0.015272 0.072020 -0.070906 -0.002359 -0.042524 0.055955 0.001625 0.009665 0.007052 0.018640 0.020180 

Weights for layer 2:
1.908806 -4.512170 1.013218 0.958818 0.749247 2.487654 4.283480 -3.153190 0.535780 -4.456099 
-2.211168 0.534961 -0.619710 2.484859 -0.981110 0.890938 -3.284286 1.879280 2.453090 -0.997942 
-0.983119 0.186321 -1.822932 -0.326527 -2.376405 4.509517 3.151112 -0.225558 -1.295632 -0.852424 
-2.419197 -2.475848 -0.665503 -0.887605 0.688528 1.089061 0.724905 -1.582554 2.905757 2.630329 
1.011318 2.175126 2.301669 1.241093 -4.527364 -0.150154 3.050349 -3.126219 -2.209023 0.123501 
-2.144222 -0.318372 3.841266 3.888195 -3.232425 0.005401 -3.087203 4.229235 -0.370827 -2.684937 
0.058917 1.033083 2.508325 3.797132 -2.708869 0.682215 -5.111509 3.402214 -1.395902 -2.033913 
-5.413974 2.312725 1.233483 0.329956 0.781784 1.544328 -3.315336 3.692201 -0.552847 -0.578481 
-0.510343 0.165341 3.083367 1.323452 -1.518446 -2.281569 -0.540407 -2.662645 2.947100 -0.237335 
-0.562764 -0.790379 -0.706146 2.744086 -1.587489 3.661153 0.013243 -0.946571 -2.151960 0.873206 
-0.365113 0.057059 -1.180591 1.633181 1.444754 -3.579370 0.916739 1.598903 -0.699857 0.169447 
-0.238214 1.462296 0.865095 3.756146 -1.020338 -3.288298 -1.423978 -0.653109 0.376088 -0.038880 
-0.992724 2.381184 -0.941582 -1.580306 2.577065 -3.478356 2.510516 1.025560 -2.159105 -0.472290 
-0.311491 3.076228 -2.970648 -1.752136 0.614751 1.230099 -1.627814 0.687127 -3.002566 3.201624 
-2.963023 0.523412 -3.257076 0.049472 2.532965 -0.067420 -4.516999 2.381961 1.196412 4.309131 
-1.525143 2.711855 -0.956934 0.259863 3.758343 -1.545988 -2.423095 3.244118 -1.182298 -2.778040 
2.574786 -2.133672 2.524750 1.428891 -6.240199 1.535589 -4.023490 3.048708 -0.617881 2.576676 
-0.612060 0.561052 -2.012050 -0.295368 0.080933 -1.019843 -3.459915 2.449832 1.498360 2.087435 
0.753470 1.083089 3.998965 -0.750891 0.651222 0.462939 -0.365706 -0.553210 -3.725308 -2.103835 
-1.471574 -0.919623 1.250621 -0.411671 2.062650 -1.244166 -2.246059 2.987103 -1.737368 1.215025 
0.439596 2.649265 2.141754 -2.303405 1.477570 -2.425281 -3.336296 1.243309 -1.911372 1.998095 
-3.179310 -1.010536 -2.598533 -1.553714 -3.431888 4.050643 4.245624 1.864364 2.042957 0.554211 
0.856931 2.392690 2.362822 -0.907636 1.530502 0.996330 -1.756843 -3.309883 -3.524806 0.888856 
3.110657 -0.299767 1.998438 -1.041913 0.849105 -2.173562 0.521913 -1.109127 -2.277512 0.128703 
-1.269274 2.117379 3.304686 3.450744 -2.542858 -1.063156 0.251042 4.179253 -2.910308 -5.351060 
0.264437 -1.977499 -1.498515 -0.671111 3.504744 -0.111124 2.959281 -0.412842 -0.153661 -2.030654 
-0.572474 1.925678 1.743318 -0.365640 -3.109021 0.380154 0.258220 -2.624101 2.851328 -0.193685 
-0.340823 2.058382 1.264043 -0.512628 3.120898 -2.733726 0.795351 0.550029 -0.333369 -3.546434 
-1.236408 2.318694 -3.541722 -0.110893 1.419484 4.076914 -0.132521 -2.988794 -0.755080 0.608772 
1.382541 3.602319 0.458039 -2.499346 3.416941 1.152638 1.045039 -2.531142 -1.651225 -4.826159 
0.897080 -1.019683 0.342852 -4.098990 1.745595 -1.765781 -1.091379 2.555731 -0.608605 3.345908 
-0.946406 -0.415134 0.221803 -1.120454 2.202700 -1.602661 -1.967389 2.912778 -3.170872 2.797413 
0.585135 -2.753392 0.485695 1.944299 -2.159984 -1.202003 0.883678 -0.712178 2.267078 1.557739 
2.954051 -0.516713 1.532886 2.258287 -2.816382 2.896477 -1.224321 -2.376914 -2.458958 0.286287 
1.485159 3.258428 0.983475 -2.129059 0.806143 -1.566368 0.674325 4.275668 -3.040751 -4.106543 
-3.145367 -1.574687 -2.165733 3.273234 0.748832 2.907681 -0.848059 -1.050657 2.662610 0.236970 
2.726088 -4.257572 -0.565346 2.895476 -3.547350 4.377314 0.543245 -2.324541 -0.904713 0.956211 
-2.268263 3.501929 -0.077834 0.446226 3.353701 -2.049095 -1.169298 0.262860 0.772501 -2.901670 
0.851752 -0.085303 -2.467433 -1.272010 -2.269896 3.135505 2.008179 2.649457 -2.717846 0.241043 
-3.347138 -0.158969 -0.718972 2.941274 0.415456 1.042937 -2.906834 2.000228 -2.512101 3.117904 
2.911151 0.981029 -0.278663 -2.293784 1.015930 0.294786 0.487406 -1.415468 1.376902 -4.081705 
2.468516 2.455831 -1.902315 -2.316669 1.014710 0.381184 1.762526 -1.450226 -2.717178 1.139502 
-3.998239 -3.287949 -0.664472 3.778929 0.161820 2.677940 -0.626957 -0.725505 1.907176 0.521144 
-0.585379 2.552756 0.733026 0.020448 -1.821591 1.016722 3.074604 -0.963414 -0.102857 -3.908220 
-2.728124 0.814036 -1.876961 -0.916388 -2.921884 4.483786 2.246306 0.196638 -0.266616 -0.102818 
3.502045 -1.744441 1.654708 -0.749959 -4.661724 -0.583601 -0.365700 1.021779 1.185872 -0.097639 
3.650697 -1.183107 -0.671454 -1.354703 -2.919824 1.429277 -0.203892 0.982789 2.489629 -1.901650 
0.330754 -1.097816 -5.132907 -0.521854 1.859917 3.673139 -0.104843 -0.507536 -1.238556 3.025900 
-0.061651 -0.832686 -0.904755 -0.675705 -3.194071 4.512950 -0.646273 3.967742 -2.075424 -0.196476 
-0.555298 -0.518712 1.732727 -2.112161 -0.687662 -0.697867 1.795770 1.265689 2.410090 -2.196665 
-3.951314 4.468965 -0.472508 2.324355 -0.670412 2.561249 -4.975012 0.173513 -2.204816 2.875498 
-1.919331 3.882546 2.593349 -4.772829 -0.551967 -1.251239 -1.255972 1.448799 -0.814348 2.276044 
-2.761812 1.217860 3.849374 3.034050 -0.775975 -0.805669 -2.036556 2.997552 -1.890889 -2.618347 
2.228769 -0.751903 2.294900 -2.476579 2.085370 -5.249263 -3.044801 2.215881 -0.930453 3.403198 
2.863574 -2.059421 -4.368834 -0.783174 1.241171 0.373697 2.972012 3.095148 -2.338001 -0.408272 
-1.209139 0.440721 1.303872 -2.505286 -4.273903 -0.624247 4.848883 1.332738 1.447088 -0.660393 
-1.085551 -3.603878 -2.886055 0.865493 4.271899 3.026289 0.220010 -0.413098 -3.282018 2.814869 
2.768807 -3.273687 -0.623339 2.502324 -1.268877 2.421483 -0.795413 -3.012570 0.727221 0.631566 
-2.371294 -0.079846 -4.014573 2.015997 1.728583 2.072008 -1.554687 -1.998572 0.194700 3.487462 
1.424269 0.202692 2.588709 -1.338505 -1.866904 -1.771183 1.965383 -1.993521 3.806897 -3.085846 
-0.254313 0.607721 0.962721 4.249216 -1.169391 -3.369001 -3.603316 2.117880 -1.326543 0.981527 
-1.317286 2.957134 -3.396605 -2.246168 0.786416 3.423766 1.546684 -1.091351 1.133485 -1.842689 
-1.961720 1.797830 3.645770 -2.963935 1.142846 0.210281 0.572096 -1.881097 -0.959069 -0.094580 
0.645471 -1.691957 1.130040 -2.523342 2.180787 1.853718 1.744456 -2.111526 0.979634 -1.393682 

