Number of layers: 3
Layer sizes: 784 64 10 

Weights for layer 1:
0.030125 0.070772 -0.045137 -0.080337 -0.002708 -0.070264 -0.019014 0.004726 -0.021058 -0.047222 -0.008833 -0.045178 0.035962 0.007550 -0.021012 0.074130 -0.000860 -0.030058 -0.059010 0.070515 0.054276 -0.075655 -0.030274 0.059040 -0.060273 -0.015544 -0.028687 0.000429 -0.020894 -0.007878 -0.083125 0.061212 0.021848 -0.059230 -0.060725 -0.075937 0.019138 0.035033 0.006913 0.039726 -0.009619 0.055493 0.000069 -0.010995 0.079279 -0.031655 -0.078371 -0.025376 -0.031075 -0.065171 0.058188 -0.061721 0.037354 -0.022136 -0.017746 -0.032517 -0.010081 -0.015780 0.080912 0.020539 0.041805 -0.036707 -0.040660 -0.057639 
0.050497 0.063076 -0.071912 -0.013423 -0.010779 -0.072056 -0.077534 -0.043330 0.021135 -0.072908 0.044146 0.041553 0.032353 -0.031126 -0.066649 -0.055785 0.080065 -0.056104 -0.015949 0.051796 -0.068523 0.035721 -0.071789 0.068082 -0.008982 0.063245 -0.011452 0.034391 -0.059082 -0.037118 -0.042375 0.001055 -0.083833 0.070053 0.056884 0.078987 0.034242 -0.056663 -0.057259 -0.006492 0.072394 -0.057454 0.049999 0.038247 -0.008335 -0.070012 -0.042811 0.027619 0.072194 -0.020899 -0.017033 -0.003566 0.013187 -0.016719 0.025324 -0.082057 -0.032122 0.020801 0.001979 0.001938 0.006888 0.051057 -0.058486 0.021782 
-0.029021 -0.043196 0.045907 0.073175 0.075881 0.021782 -0.048372 0.035926 0.024436 -0.001620 0.033606 -0.026798 0.016894 0.051180 -0.058573 -0.082663 0.068739 0.048705 0.072225 -0.069391 0.017520 -0.015451 -0.008130 0.067825 -0.007344 0.018927 0.013634 -0.048531 0.028641 0.061926 -0.053963 -0.058501 -0.058573 0.081205 0.041256 0.077626 -0.000988 0.046015 0.006508 -0.046154 -0.026926 0.017428 -0.067928 0.077138 -0.037318 -0.030602 0.007858 -0.036989 0.072205 0.019014 0.022023 0.081087 -0.020817 -0.022542 0.056099 0.043284 0.016607 0.077708 0.005322 -0.020360 -0.073473 -0.060001 0.011493 0.017854 
-0.062208 -0.013767 -0.058065 -0.067312 -0.011832 0.009177 0.001774 -0.062106 0.061459 -0.051211 -0.059857 -0.023841 -0.016658 -0.063281 -0.052967 -0.006174 -0.035819 -0.049142 0.028400 0.070033 0.064318 0.010358 -0.053198 0.027055 0.038283 0.075280 0.048223 0.083207 -0.079413 0.076661 0.015189 -0.011975 -0.050564 0.082329 0.072795 0.051755 0.022865 0.014815 0.005322 -0.005322 -0.024672 -0.063903 0.005440 0.037672 0.028148 -0.020868 0.059497 -0.008582 0.010035 -0.068652 0.040306 -0.075562 0.065792 0.073765 0.070972 0.017870 -0.064662 -0.083936 -0.033585 -0.009213 0.025807 -0.035706 0.007940 0.078109 
0.013043 -0.034946 0.006872 0.075403 0.045799 -0.059600 -0.077929 -0.053198 -0.047535 -0.018953 -0.003268 0.024467 0.009573 0.064811 -0.021905 -0.078345 0.017751 0.073899 -0.072174 0.076101 0.076142 -0.067892 -0.000316 -0.001322 -0.030808 0.035480 0.009835 0.004074 0.052135 0.046852 0.045810 -0.006256 0.044362 -0.070818 0.079536 0.049019 -0.037133 -0.057937 -0.001332 -0.062424 -0.058522 -0.056633 0.040414 -0.064062 -0.028477 -0.064144 0.013870 0.071111 0.010872 0.013480 -0.013110 0.015759 -0.017125 -0.035038 -0.017787 -0.063338 -0.056104 0.054045 0.013079 -0.011611 -0.059030 0.037523 0.021879 -0.070505 
0.006477 -0.040686 0.042575 -0.081913 -0.020349 -0.050153 -0.017700 -0.073709 -0.061690 0.045548 0.015754 0.008053 -0.078889 -0.050523 -0.021576 0.037631 0.060237 -0.083926 -0.070141 -0.024575 -0.026849 -0.010661 -0.063389 -0.048526 0.047273 -0.044952 0.068354 0.045625 -0.066634 -0.071866 0.002729 0.064144 0.078006 0.066336 0.073637 0.032933 -0.071558 0.004213 -0.038103 0.024708 -0.013793 0.031665 0.059667 0.040403 -0.003134 0.068590 0.025078 0.076240 -0.052448 -0.026053 0.063194 -0.080994 0.029108 -0.067342 -0.045568 -0.021253 0.009758 -0.083705 0.020770 0.009568 0.065345 -0.010846 0.060201 0.056011 
-0.019805 -0.049060 -0.064976 -0.028970 -0.058789 -0.080455 0.031634 -0.007658 0.007498 0.008551 0.061936 0.069186 -0.035937 0.030043 -0.024051 -0.078514 0.006533 0.069170 -0.058481 0.046980 -0.072153 0.000988 -0.035747 -0.061654 -0.054425 -0.026356 -0.026942 -0.049429 -0.000347 -0.071491 -0.065083 0.052346 -0.013706 0.013069 -0.016863 0.051154 -0.055113 -0.042878 -0.045517 0.077652 -0.028169 -0.058912 0.001753 0.030695 0.055868 0.017546 -0.005121 -0.034920 -0.054733 -0.058116 0.050051 -0.044783 0.082596 0.006092 0.068143 0.070839 0.016268 0.021001 -0.050918 0.007344 0.035182 0.069237 0.045702 0.016375 
0.080419 0.005984 -0.009203 -0.012530 -0.002164 -0.016103 0.003371 0.008602 0.064406 -0.011323 -0.052340 -0.070438 -0.036050 -0.011246 0.082724 0.078258 0.023882 0.031439 -0.046072 -0.019102 0.028620 0.038370 0.036948 -0.071922 -0.074017 -0.021443 0.062075 0.050456 -0.070690 0.003607 -0.024554 0.063815 -0.042488 0.045722 -0.011565 0.067204 -0.046616 -0.022757 -0.048218 0.002108 0.013028 0.000542 0.057582 0.007021 0.016108 0.011734 0.077375 -0.051750 0.045096 -0.037693 -0.019353 0.024831 -0.062686 -0.037847 -0.016745 0.055554 -0.069103 -0.038966 0.009947 0.018845 0.075562 -0.061002 -0.014733 -0.041882 
0.032784 -0.061869 -0.072369 -0.027019 -0.035469 0.024934 0.083166 -0.077174 -0.070705 0.020426 0.074120 0.067933 -0.001353 -0.071527 -0.009799 -0.080553 0.027188 0.058188 0.042339 0.056160 -0.056730 -0.079572 0.024898 -0.026423 -0.001974 -0.058799 -0.083551 -0.080234 -0.010523 0.024960 0.005044 -0.048315 -0.072420 0.020052 0.017567 -0.039510 -0.020760 -0.011323 0.013274 -0.043879 -0.027881 -0.049876 -0.002523 -0.014507 -0.002472 0.027835 0.006081 -0.015980 0.035752 -0.003884 -0.027712 -0.055842 -0.023943 -0.001671 -0.051493 0.027855 -0.026531 -0.081888 -0.005286 -0.002919 -0.009018 0.016735 -0.030079 -0.055339 
-0.016494 -0.018332 0.052099 0.017279 0.076897 0.008818 0.036075 -0.064888 0.011257 0.054189 -0.082771 0.037739 0.061910 0.036152 -0.021335 -0.049902 0.015462 -0.015862 0.029632 -0.037097 -0.071573 0.054938 0.050672 0.043623 -0.081123 -0.082889 0.042539 0.058275 0.026711 -0.051796 -0.011457 -0.010338 -0.083459 0.044157 0.082689 0.031013 -0.036373 -0.000367 -0.053927 0.013624 -0.036214 -0.049486 0.012340 0.066326 0.035932 -0.041605 -0.064893 -0.053460 -0.041692 -0.079906 0.058168 -0.049881 -0.007190 0.059739 -0.039710 -0.001425 -0.056776 -0.010179 -0.052910 -0.020817 0.006513 -0.036332 0.006569 -0.044706 
-0.005311 -0.049722 0.081944 -0.042293 -0.018301 -0.014188 0.047750 -0.006775 -0.037677 -0.043777 0.046426 -0.018732 0.063384 0.078170 0.076045 -0.081821 0.071835 0.064601 -0.008936 -0.019898 -0.011642 -0.075624 -0.015533 0.022880 0.034545 0.045933 0.021386 0.040465 -0.028328 -0.018660 -0.025088 0.030869 0.028559 -0.026213 -0.056391 -0.010050 -0.068143 -0.065787 -0.022110 -0.003807 0.018583 0.078263 0.040727 -0.070849 0.083027 -0.051678 -0.065561 -0.037682 -0.062044 0.031609 0.019112 0.027265 0.033898 0.007391 -0.069139 0.062686 0.059980 0.021402 -0.005111 -0.081831 -0.073344 0.029853 0.017988 0.053444 
0.044316 0.078253 -0.012730 0.052207 0.082771 -0.077919 0.051488 -0.039202 0.023343 0.013387 -0.062383 -0.043325 -0.003181 0.073262 0.057921 -0.007745 0.027085 -0.033934 -0.082242 -0.033873 0.043217 -0.063476 -0.051144 0.048372 -0.066038 0.046724 0.022880 0.029642 0.007386 0.079998 -0.071008 0.012551 -0.052792 -0.082945 -0.051052 -0.030941 -0.006656 -0.031141 0.084085 -0.022234 0.082950 -0.010651 -0.062922 0.010651 0.006395 0.058404 -0.010045 0.073745 0.015775 0.039202 0.056545 0.076035 0.061536 -0.045353 0.024857 0.062788 -0.045265 -0.057803 0.013577 0.019399 -0.023507 0.044752 0.011082 0.050169 
0.006515 0.020167 -0.025437 -0.029956 0.026868 0.036137 0.064711 -0.050092 0.014031 -0.074454 -0.008794 -0.061998 -0.052549 -0.059186 -0.047775 -0.079650 -0.047711 -0.057543 0.055075 0.031737 -0.070962 0.078366 -0.017724 0.004767 -0.028762 0.059133 -0.036043 -0.070255 0.064522 -0.052538 0.067969 -0.021854 -0.055575 0.066264 0.026843 0.015920 0.002579 0.027817 -0.012348 -0.050911 0.019209 -0.071583 -0.022877 -0.009501 -0.075641 -0.071157 0.007665 0.067750 -0.016278 0.072160 -0.048726 0.081237 -0.047199 -0.069188 -0.014038 -0.079199 0.018913 -0.053590 -0.037266 0.067876 -0.039230 -0.078156 0.073980 0.008919 
-0.124735 0.002908 0.026868 -0.030965 0.049603 -0.042350 0.020708 -0.004397 0.007456 -0.021938 0.020222 -0.016586 0.071296 0.048364 0.039235 0.039227 0.024467 -0.002145 0.056141 0.035293 0.070692 -0.083347 0.039107 0.029078 0.065218 -0.029544 0.014986 -0.090240 -0.010366 0.044086 0.020230 0.015245 0.040631 0.024750 0.021138 -0.074119 0.071063 -0.049053 0.000429 -0.016665 -0.057963 0.056270 0.014744 -0.031127 0.042280 -0.043104 -0.030010 -0.010764 0.048489 0.007139 0.072974 -0.056901 0.007200 0.049198 -0.020928 -0.012053 0.049023 -0.046729 0.054318 -0.067690 -0.063865 -0.004608 0.047691 0.077190 
-0.048628 -0.024159 -0.081134 0.054235 -0.033986 0.073380 -0.063112 0.059599 -0.005943 0.030670 -0.076019 0.066942 0.083534 0.048370 0.010389 -0.071543 0.033324 0.056029 -0.010466 -0.080759 -0.032269 -0.056017 -0.010529 0.005984 0.028249 -0.079654 -0.072689 0.073939 0.049845 0.073211 0.002949 0.066351 0.005126 -0.015606 0.027809 0.083284 0.065069 -0.001687 0.013644 0.066973 0.050236 -0.054720 -0.014070 -0.038234 -0.018922 -0.049003 -0.068301 -0.024238 -0.012807 -0.027245 0.034360 -0.018224 -0.061767 0.002386 -0.082355 0.039856 -0.083592 -0.068296 0.079666 0.069622 0.042590 0.011103 0.033508 -0.018153 
-0.065371 0.055826 0.036496 -0.020298 0.011642 0.012997 0.083033 -0.016257 0.043417 0.043956 0.015159 0.078520 0.018870 0.043032 -0.022228 -0.074915 0.078946 -0.055996 0.025037 0.046749 0.045019 0.062326 -0.044088 0.072492 -0.000860 -0.035670 0.035788 0.041790 -0.076512 -0.009609 -0.019035 0.023486 0.023666 0.053819 0.059482 -0.053408 0.079659 0.010687 0.002657 -0.057315 -0.046236 -0.076451 -0.082698 0.069586 -0.064093 -0.028066 0.070634 0.052469 0.027219 0.014835 0.036686 -0.069150 0.038899 0.072271 -0.035552 0.060592 -0.056237 0.048818 0.082448 0.013485 0.001974 -0.033898 0.022290 0.038817 
-0.069622 0.036573 -0.035778 -0.081061 0.001517 -0.004972 -0.028153 0.060827 -0.023009 0.048402 0.023753 -0.007812 -0.060935 0.000295 -0.030705 -0.054753 -0.065607 -0.079880 0.065566 0.023815 -0.029642 -0.077169 -0.023024 -0.054964 -0.030340 0.073827 -0.077210 0.076096 0.045933 0.003663 0.003258 0.027891 0.033174 -0.079659 0.044018 0.068297 -0.022465 0.080080 0.026947 -0.065299 0.019661 0.067953 0.082370 -0.028122 0.030202 -0.003617 -0.057249 0.016165 -0.049809 -0.074279 0.029077 -0.057439 0.021304 -0.048485 0.032476 -0.012571 0.007047 -0.045722 0.022295 0.052890 -0.045301 -0.057562 -0.056869 -0.025027 
-0.083402 -0.015872 0.008607 -0.038355 0.002991 -0.014389 0.041328 -0.013747 0.035639 -0.005599 -0.069627 0.034335 0.006123 -0.061115 -0.071229 -0.010743 -0.064837 -0.012669 -0.065997 0.045286 0.000377 -0.066726 0.006949 -0.071121 0.033457 -0.032117 -0.073596 0.003704 -0.072738 0.068662 0.034663 0.016796 0.053691 0.028533 -0.006425 0.075460 0.036363 0.046482 0.061864 -0.051283 0.026120 0.034468 -0.000922 -0.062901 -0.036691 -0.083110 0.038627 0.077477 -0.034581 -0.081328 0.044732 -0.082642 0.015888 -0.078294 -0.050117 -0.000557 0.073745 0.082149 -0.057115 0.056730 -0.042411 -0.062193 -0.028836 -0.062152 
-0.044608 0.048659 0.055637 -0.054830 -0.000685 0.035033 -0.027573 0.044254 0.039618 -0.083551 -0.032014 0.010774 -0.038560 -0.038345 0.052366 -0.026680 -0.003848 0.064478 0.042077 0.053665 -0.028893 0.080830 -0.083972 0.076918 0.031829 -0.045604 -0.035834 0.072035 0.002847 0.056915 -0.044100 0.011560 0.021140 0.065910 0.004418 0.015718 -0.055036 0.002226 -0.001353 -0.025453 0.003709 0.067882 -0.057546 -0.018645 0.023394 0.046600 -0.076461 0.026444 0.029858 -0.045420 0.032712 0.008027 0.068980 0.012099 -0.034597 0.023348 0.027198 -0.058815 -0.027953 -0.021977 -0.016612 0.034027 0.029170 -0.009131 
0.024744 -0.040265 0.075398 -0.040783 0.057844 -0.058794 0.034915 -0.069776 0.061541 -0.066834 -0.051031 -0.020339 -0.032990 -0.080907 -0.052577 0.066018 -0.051873 -0.013716 0.044439 0.075557 -0.029062 -0.067897 -0.004978 0.021469 0.058419 -0.079346 0.037713 -0.060314 -0.048998 -0.075947 0.068282 -0.050574 -0.044429 -0.027660 -0.079521 0.020837 -0.019004 -0.044485 -0.019112 -0.082108 0.067101 -0.007591 -0.064832 0.036620 0.078037 -0.058404 -0.080163 0.073683 0.016334 0.078463 0.026207 -0.053229 -0.025442 -0.000418 0.075424 0.069997 0.003129 -0.034540 -0.014758 0.022131 -0.079310 0.060560 -0.044187 -0.054907 
0.018527 0.035757 -0.046118 0.009378 -0.006415 -0.077359 0.077960 -0.071609 -0.078314 0.079059 -0.061941 0.083274 -0.067527 0.082283 -0.021659 0.015308 0.042467 0.008058 0.016340 0.053470 0.004141 -0.021017 -0.054101 -0.016340 -0.045481 0.006307 0.064570 0.022326 0.038868 0.046318 -0.083941 0.019980 -0.038863 -0.059949 0.006266 -0.029776 0.001522 -0.001307 0.068066 -0.063204 0.078617 0.052844 0.084018 -0.049234 0.078935 0.083248 -0.070731 0.009229 0.050051 0.082986 -0.025709 0.054625 -0.052813 0.081626 0.023974 0.066115 0.053111 0.000198 -0.057947 -0.026171 0.078699 -0.069011 0.010348 0.032178 
0.082955 0.006297 -0.002344 0.017110 0.042139 -0.054507 0.034869 0.070633 0.029129 -0.031973 0.084100 0.043299 0.019826 -0.034756 -0.079305 -0.010235 -0.058291 -0.035480 -0.051103 0.014014 -0.009126 -0.043700 0.059461 -0.067712 -0.017982 -0.069581 0.046380 -0.021453 -0.055236 0.042873 -0.031213 -0.007765 0.057896 0.077144 -0.062537 -0.004356 -0.052269 -0.028266 0.067296 -0.063045 -0.015297 0.073391 0.075198 -0.007755 0.061910 0.027645 -0.062296 0.043705 0.003838 0.013161 0.078376 0.063784 -0.050913 0.035131 -0.024323 0.022536 -0.023615 -0.025232 0.054425 0.038488 0.009557 -0.020508 0.031444 0.063179 
-0.056340 0.021520 -0.075537 -0.011991 0.018506 0.060042 -0.076949 -0.031773 0.035906 -0.028944 -0.052885 0.002020 -0.029534 0.007298 -0.029350 0.073832 0.065458 -0.057254 -0.082632 0.067928 -0.064596 0.019477 0.037672 -0.079752 -0.017803 0.000865 0.068908 0.055775 -0.064175 -0.046518 -0.061053 0.055785 0.013521 0.071131 -0.021417 -0.023491 0.013156 -0.033031 0.038052 0.076425 -0.015852 -0.037621 0.015498 0.008921 -0.021345 -0.080311 0.015138 -0.032851 0.002893 -0.001877 -0.048931 -0.041194 0.026582 0.057572 0.011041 0.034232 -0.007231 0.070865 -0.054543 0.000875 0.022459 -0.048592 -0.058121 -0.066716 
0.083341 -0.020760 0.040881 0.011780 -0.009953 0.064200 0.012284 -0.010481 0.014630 0.038529 0.012427 0.017592 -0.053614 0.058943 0.072025 -0.068636 0.076255 -0.054302 0.081112 0.073580 -0.073878 0.071583 0.003104 -0.083669 0.048716 -0.063286 -0.034443 0.080845 0.026839 0.070248 -0.040383 -0.020375 0.016298 0.030120 -0.026449 0.044578 -0.029257 -0.007380 -0.044305 -0.075583 0.023394 0.048721 -0.072405 -0.067219 0.033221 -0.011590 -0.020806 -0.009824 -0.079957 0.082889 -0.037970 -0.023399 -0.026351 -0.074156 -0.041790 -0.056196 0.069745 0.049614 -0.004664 0.066367 0.006015 0.012674 -0.083207 -0.041738 
0.059379 0.029617 0.064647 -0.074238 -0.059995 0.008243 -0.016504 0.082262 -0.046200 0.036702 0.008299 0.064057 0.025463 0.054784 -0.083731 -0.016719 0.057238 0.060447 0.010671 -0.026521 -0.032702 -0.068436 -0.005799 -0.026572 0.022865 0.045851 -0.009675 -0.035285 -0.019759 -0.071768 0.079762 -0.046641 0.002159 -0.021900 0.018640 0.079259 0.014029 -0.027224 0.047925 -0.024534 -0.035238 0.072502 -0.081728 -0.051842 0.009075 0.042236 0.068107 0.071065 0.048726 0.060119 0.060319 -0.066511 0.004860 0.005655 0.065925 0.014450 -0.077585 -0.075516 -0.004593 0.019733 -0.067045 0.076877 0.047196 0.033298 
0.018008 0.070464 -0.034140 -0.012094 -0.064257 0.026562 -0.061767 -0.058137 -0.073966 -0.084034 0.083577 0.031342 0.033221 0.013557 -0.048094 0.061679 0.007416 -0.046523 0.033637 -0.037523 -0.020909 0.007196 -0.034720 0.060334 -0.001717 0.047324 -0.023384 0.038920 -0.020955 -0.012222 -0.072261 0.082457 -0.008859 0.023173 -0.042231 0.044079 -0.084034 0.083890 -0.046364 -0.032974 -0.077067 0.026166 0.010209 -0.012966 -0.057978 -0.026284 -0.068724 0.083967 -0.074700 -0.025165 -0.057341 0.066388 0.082416 0.073904 -0.005897 -0.079459 0.022963 -0.038699 -0.010635 0.066346 0.028359 -0.026531 0.003525 -0.030556 
0.021325 0.083700 -0.033026 0.035557 -0.039505 0.001199 0.062142 0.020775 -0.080163 0.047293 -0.033483 0.061721 0.047525 0.038098 0.038627 0.082766 0.009922 0.048336 0.057028 -0.016940 -0.034237 -0.050805 -0.045204 0.061710 -0.015492 0.080794 0.010199 0.046185 -0.046072 -0.047822 0.057228 0.051806 -0.080830 0.021089 0.055452 -0.013310 0.038324 0.081821 0.068770 0.057151 -0.071542 -0.013721 -0.026274 0.065510 -0.047992 -0.072230 -0.024847 -0.012859 0.011431 -0.043833 0.062824 0.023373 -0.083813 -0.008407 -0.008520 -0.074720 -0.081728 0.005301 -0.063199 -0.009028 -0.071522 -0.047483 0.045029 -0.001635 
0.047319 -0.032856 0.038093 -0.009814 0.081631 0.066542 -0.047956 0.014409 0.007822 0.044593 -0.025792 0.045117 0.062142 -0.021089 -0.047987 0.046867 0.063774 0.011513 0.071968 0.061854 0.015718 -0.002909 -0.082935 -0.053660 0.075182 0.033549 -0.075526 -0.018419 -0.080327 -0.054702 -0.071645 -0.033118 -0.025468 0.079957 -0.012622 0.038848 -0.014188 -0.025217 0.032214 -0.016709 -0.072215 -0.054723 -0.000280 -0.052664 0.074849 -0.034828 0.017382 -0.008777 0.011724 0.049132 -0.050708 0.041358 -0.026906 0.040321 0.054440 0.039505 0.080517 -0.014157 0.049650 -0.001014 0.026634 0.011719 0.010374 -0.068883 
-0.010153 0.039192 0.065186 0.025607 -0.054081 -0.063610 -0.038165 0.038755 0.010250 -0.057634 0.003150 -0.044429 -0.013290 -0.061161 0.056463 0.038437 0.083859 -0.069920 -0.014527 -0.026890 -0.035023 -0.030156 0.058784 -0.064632 -0.056638 0.045240 -0.026562 -0.075711 -0.024811 0.006908 -0.073442 0.017284 -0.075090 0.055518 0.018054 0.079962 -0.048033 0.023353 0.071676 0.071742 -0.048526 -0.020277 0.026757 -0.014917 -0.074243 0.062604 -0.040290 0.054476 0.051365 0.046395 0.055847 -0.063333 -0.037015 0.081102 -0.072985 0.021705 0.056581 -0.083608 -0.048978 0.043397 -0.040922 0.064647 -0.009419 -0.000639 
-0.004860 0.029416 0.018362 0.063297 -0.042816 0.081610 0.024806 -0.042560 -0.000259 0.027476 0.033950 0.019482 -0.016786 -0.063389 -0.040686 0.057793 0.069201 -0.024770 -0.043104 0.079931 0.070171 -0.061243 -0.002210 -0.002426 0.019174 0.003165 -0.009501 0.037626 -0.032985 -0.075593 0.016668 -0.027989 -0.041415 0.055888 -0.008597 0.073565 0.046215 0.067502 -0.005727 0.059960 -0.054045 0.082057 0.077503 -0.057505 0.045271 -0.055626 -0.043756 0.051057 0.003191 -0.007031 0.079192 -0.053793 0.016319 0.059056 -0.057937 0.050964 -0.017839 0.062778 0.021099 -0.006898 -0.049101 -0.059225 -0.007452 0.014147 
-0.042940 -0.080250 -0.048161 -0.059400 -0.069560 0.047771 -0.009865 0.054702 -0.035202 -0.002056 -0.036897 0.042657 -0.038699 0.075080 0.024970 0.021155 -0.065304 0.065802 0.061495 -0.011673 -0.000896 0.059241 -0.059225 0.017623 -0.024339 0.046970 0.061423 0.064303 -0.005933 0.074027 0.079418 0.020657 0.011483 -0.063189 0.003704 0.067291 -0.042621 0.031326 0.027717 -0.062239 -0.058204 -0.007627 -0.077724 0.003910 0.048608 -0.076373 0.076974 -0.060776 -0.007606 0.017988 -0.031593 0.054533 0.011185 0.003427 0.011857 0.053999 0.077092 -0.066239 0.051221 -0.030654 -0.025181 0.058388 -0.060945 0.038904 
0.021833 -0.055529 0.003940 0.083695 -0.066957 -0.030741 -0.040645 0.025935 -0.021967 -0.027609 -0.060540 0.083253 0.082961 0.036496 0.029011 -0.071152 0.015821 0.036522 -0.046082 0.061397 0.008397 0.066136 0.010291 -0.035701 0.074720 0.063949 0.019610 -0.000608 0.071126 0.074941 0.079644 -0.067769 -0.064591 -0.025365 0.067106 0.024677 -0.036887 -0.076954 -0.020873 -0.052695 0.053670 0.039582 -0.079777 -0.066921 -0.028415 0.061151 -0.028697 -0.070387 0.060052 -0.001769 -0.075085 -0.006153 0.078032 0.027578 -0.035459 0.041661 -0.027635 -0.036589 -0.083145 0.009254 -0.080553 0.078715 0.005239 0.052926 
0.083312 -0.082726 0.060658 -0.006538 -0.051765 0.064585 -0.050112 -0.012870 0.027948 -0.014675 0.027758 -0.052926 -0.078637 -0.076295 -0.000644 0.033560 0.059246 -0.025541 0.045892 0.073391 -0.065910 -0.053378 0.076563 0.058748 -0.010594 0.025514 -0.049178 -0.077914 -0.039371 -0.033098 0.066310 0.064561 0.002770 0.025104 -0.058578 -0.006631 -0.079511 0.003227 0.076219 0.078417 -0.024339 -0.036229 0.009901 0.082571 -0.065864 -0.002852 0.045687 -0.019512 -0.005121 0.062835 0.066013 -0.083058 -0.073278 -0.007476 0.048859 -0.059325 0.056047 -0.003041 0.082293 0.065856 -0.074248 0.083577 -0.054353 -0.048603 
-0.048769 0.072561 -0.076153 -0.072227 0.043381 -0.036568 0.063261 -0.029835 0.018927 -0.012883 0.040331 0.028759 -0.025025 -0.076494 0.048108 -0.000865 0.063959 0.050807 -0.007939 0.050939 0.032800 -0.059759 -0.074335 -0.066726 -0.018410 -0.012797 0.024938 -0.004325 0.013824 0.042025 0.004254 0.018622 0.065365 0.028078 -0.024719 -0.063659 -0.061166 -0.056391 -0.042129 0.068398 -0.009311 -0.074380 0.045746 0.047894 -0.027808 -0.039361 -0.050407 -0.034001 0.006485 -0.079653 -0.079814 0.060735 0.024169 0.011623 -0.075285 -0.069890 -0.041063 -0.036242 -0.081708 0.008068 0.050556 0.070664 -0.064582 0.050081 
0.008977 0.065876 -0.015963 0.058139 0.033479 0.052534 -0.019577 -0.079526 -0.060547 0.009289 0.031293 -0.033995 -0.006747 -0.040072 0.035760 0.078289 -0.058109 0.015908 0.037260 -0.063476 -0.027632 0.033676 -0.067325 -0.022727 0.062006 -0.079549 -0.008608 -0.044321 -0.006792 0.003625 -0.057293 0.002689 0.050672 0.007520 -0.071520 0.054236 0.025978 0.004805 0.020031 0.071345 -0.038924 0.003810 -0.029819 0.011012 0.041039 -0.071746 -0.072732 0.004705 0.069148 0.037019 -0.059169 0.072650 0.080123 -0.053632 0.008986 -0.063572 0.061020 0.047810 0.057406 -0.027639 -0.069207 -0.047581 0.065552 0.075826 
-0.092743 -0.043927 0.043339 -0.027157 -0.014098 -0.038405 -0.028866 0.041739 0.030324 0.006787 -0.002360 -0.014976 -0.041569 -0.102979 0.074096 -0.065155 0.032445 0.041214 0.002836 -0.074915 0.009362 -0.037464 0.051643 -0.008733 -0.014052 0.048982 0.019667 -0.023746 0.081715 -0.024461 0.014360 0.108454 -0.008055 0.071303 -0.018579 -0.002324 -0.036379 0.026739 0.069832 -0.000613 0.001484 0.019251 -0.031738 0.075488 0.002574 -0.039156 -0.038479 -0.020557 0.028614 -0.047368 -0.006510 0.022428 0.056965 0.077775 -0.048144 -0.029687 0.000515 0.007147 0.038564 -0.022779 -0.043602 0.064715 0.006405 0.008126 
-0.119385 0.042258 -0.012586 0.014771 0.051581 0.077109 0.052864 -0.058899 -0.057450 0.007749 -0.005609 0.060117 -0.041048 0.008651 0.035894 -0.006884 -0.094455 0.042313 -0.028223 -0.039660 -0.020027 0.042651 -0.013114 0.029604 -0.066165 0.007761 0.024804 -0.087461 0.041752 -0.002231 -0.068328 -0.019924 -0.099973 0.072720 0.062182 -0.015864 -0.010243 -0.063515 -0.001248 0.018786 -0.025872 0.048662 -0.014686 -0.079187 -0.024294 0.035054 -0.026946 0.008346 0.007451 -0.025182 0.026335 0.063649 -0.000576 -0.063550 -0.009878 -0.051015 0.012523 0.040425 -0.009189 -0.027840 -0.058825 -0.023295 0.016927 0.079664 
-0.129534 0.076537 -0.046132 -0.064994 -0.038224 0.029342 -0.009594 -0.014598 -0.080833 -0.025622 0.021442 0.080429 -0.035357 -0.030132 0.021072 0.078103 -0.080105 0.022807 0.079201 0.065959 -0.028535 0.023691 0.020111 0.059869 -0.001325 0.020217 0.008505 -0.081127 0.056966 0.025937 -0.005473 0.106155 0.054733 -0.043376 0.014936 -0.032132 0.011587 0.070778 -0.050156 0.016319 -0.006962 0.084792 0.025169 -0.020992 0.000359 0.043175 0.063489 0.002599 0.060672 -0.037876 0.073611 -0.074048 0.042365 -0.034820 0.025961 0.069396 0.059207 0.043895 -0.042430 -0.017900 -0.065355 0.043852 -0.068804 -0.069043 
-0.155117 0.041730 -0.003652 0.076567 0.037504 0.036437 -0.030269 -0.029002 -0.051348 -0.058286 -0.041170 0.020862 0.072956 0.037825 0.035335 -0.057496 -0.025855 -0.093811 -0.070994 0.016712 -0.010500 0.057297 0.026393 -0.036332 0.019332 0.063061 0.062168 -0.069523 0.056950 -0.069379 -0.081772 -0.012168 -0.002821 -0.086328 -0.064528 -0.006535 0.043296 0.027014 -0.017291 -0.011768 -0.078172 0.036207 0.046338 -0.066929 0.028125 -0.037587 -0.013553 0.053070 -0.031085 0.043816 -0.083055 -0.067844 0.060215 0.015354 -0.092679 -0.075050 -0.001731 0.048191 0.062682 -0.011031 0.072333 -0.005615 0.011665 -0.037652 
-0.134314 -0.063830 -0.118300 0.017101 0.003696 0.064611 -0.075751 -0.117009 -0.067942 0.007212 -0.064736 -0.060791 -0.054020 -0.038818 0.052345 -0.077903 0.051499 0.019910 -0.010376 0.010018 -0.047483 0.040673 -0.070279 0.051328 0.114492 0.019118 0.023558 -0.036118 0.056899 0.005099 0.001641 0.100307 -0.051006 0.093102 0.004111 0.022364 0.028136 -0.025597 0.083648 0.023739 0.042434 0.071852 0.072447 0.065810 -0.079291 0.021934 0.083028 0.028173 -0.035865 -0.034635 -0.080928 -0.018840 0.004093 0.046799 -0.052065 0.010742 0.002815 -0.006095 0.013085 0.056140 0.083522 -0.012215 -0.066567 -0.013524 
-0.169042 0.002122 -0.180383 -0.050884 0.013779 -0.005232 0.039337 -0.140504 0.029739 0.050596 -0.009102 -0.046148 0.014664 -0.099402 0.079721 -0.065434 -0.197473 -0.057751 0.024594 -0.013354 0.036041 -0.040471 0.028253 0.039160 0.113558 0.030887 -0.030899 -0.068997 -0.008202 -0.047777 -0.044202 0.160300 0.031136 0.140503 -0.020311 -0.105897 -0.021940 0.017018 -0.035971 0.075274 0.051930 0.092877 0.033407 0.078897 -0.019867 0.032339 0.117648 0.052217 0.020398 -0.040448 0.028042 0.066861 -0.086230 0.088331 -0.159564 -0.086077 0.072970 0.131576 -0.055433 0.122833 -0.060963 -0.054015 -0.057451 0.057949 
-0.117834 0.012758 -0.044151 -0.051764 -0.016136 -0.036341 0.079912 0.040186 -0.023396 0.036799 -0.088310 0.010649 0.043993 -0.039428 0.057430 -0.026753 -0.160786 -0.102772 0.000203 -0.026048 -0.007412 0.055691 0.038300 0.055103 0.026448 -0.041139 0.065153 0.018768 0.036520 0.062042 -0.078238 0.074892 -0.064852 0.078677 0.045936 -0.168504 -0.098925 -0.013236 0.082863 -0.085985 0.061614 0.068788 -0.057182 -0.022293 0.059649 0.048109 0.018374 0.045612 0.085670 -0.068578 -0.029618 0.073053 -0.010641 0.075048 -0.024761 0.011828 0.060309 0.053581 0.066988 0.135354 0.022457 0.054346 -0.079077 0.008794 
-0.059311 -0.015427 -0.098536 0.019329 0.048972 0.052123 0.075008 -0.028247 -0.029481 -0.017352 0.148221 0.060899 -0.078910 -0.107731 0.031442 -0.057150 -0.040206 -0.055302 -0.014660 0.148639 -0.016214 -0.008023 0.002058 -0.008361 -0.061038 -0.055943 0.044571 -0.015819 0.004518 0.104657 -0.074223 -0.020111 -0.065216 0.027241 0.042189 -0.085715 -0.033708 -0.047680 0.125977 0.029316 -0.067603 -0.090840 -0.031117 0.008417 -0.053755 0.048257 -0.031283 -0.066575 -0.045528 0.029943 0.005527 -0.009683 0.098123 0.050219 0.021109 0.064622 -0.011748 0.017045 0.005361 0.106055 -0.019796 0.027486 -0.138921 0.059403 
-0.031804 0.151132 -0.151002 -0.087028 -0.063432 0.034910 -0.064742 -0.034172 0.017146 -0.017515 0.033203 -0.031854 -0.044397 -0.027808 0.061737 0.089555 0.052551 0.053704 0.000861 0.128530 -0.060747 -0.012899 0.044058 -0.011250 -0.016440 -0.031365 -0.033298 -0.047005 0.011199 0.045237 -0.036481 0.159019 0.042476 -0.046346 0.173667 -0.033457 0.031557 -0.052630 0.139206 -0.012225 -0.052852 0.022873 0.048870 -0.133389 0.012774 -0.073191 0.055052 0.077121 -0.009732 -0.031294 0.010304 0.060976 0.035868 -0.054236 -0.033391 0.027662 -0.009613 0.050795 -0.048208 0.072938 0.042305 0.038349 -0.198511 -0.030560 
-0.009425 0.006833 0.059642 -0.002917 -0.023455 0.017836 0.015072 -0.158677 0.064150 -0.081473 -0.106808 0.058772 0.038898 0.020341 0.273706 0.104962 0.112582 0.018386 -0.056506 -0.092954 0.050721 0.026750 0.074349 -0.073428 0.161936 0.071542 0.092131 0.015258 0.047477 -0.178419 -0.018893 0.201454 0.030492 0.016263 -0.141651 -0.088897 0.043272 0.070379 0.098375 -0.061744 -0.017773 0.082633 -0.073140 -0.237841 0.047834 -0.000385 0.020063 -0.045776 0.034742 0.039664 0.106737 -0.065255 -0.054330 -0.026306 -0.077098 -0.015576 -0.042403 0.148356 0.056569 0.013592 0.019810 0.029463 -0.187749 -0.194040 
0.035510 0.085630 -0.024142 -0.035160 0.061144 -0.042906 -0.067922 -0.037452 -0.041851 -0.003655 -0.103107 0.057139 0.125892 -0.022134 0.119432 0.079414 0.051156 -0.032053 -0.026550 -0.075349 0.037208 0.052286 -0.024474 -0.058065 0.067206 -0.012448 -0.042254 0.003731 0.016239 -0.088815 0.082457 0.079546 -0.082198 -0.037426 -0.047137 -0.091607 -0.093114 -0.018060 -0.000499 -0.034289 -0.037882 0.073339 0.066977 -0.130014 0.082386 -0.011301 -0.039135 -0.054634 -0.045118 0.061082 0.089621 0.009129 -0.032933 0.061264 -0.070125 -0.081645 0.036982 0.074399 0.023738 -0.039544 -0.056954 -0.037529 -0.019926 -0.082310 
0.026178 -0.021842 0.045343 0.072098 0.005306 0.026368 0.030576 -0.081765 -0.011825 0.028243 -0.120886 -0.064091 -0.044100 -0.071734 0.082244 0.000176 0.023732 0.010452 0.005047 -0.018370 0.078072 0.028667 -0.029947 -0.079367 0.084130 0.035850 -0.089048 -0.007277 -0.039303 0.025699 -0.035798 0.054979 -0.023977 0.033599 -0.054679 -0.000659 -0.020004 -0.056448 0.070834 0.059047 -0.071823 -0.076665 0.040185 0.019033 0.069387 0.037210 -0.028635 -0.007734 0.078931 0.053148 -0.035298 -0.070314 -0.002476 0.079923 0.063579 -0.000002 -0.065070 0.026674 -0.027013 0.032719 -0.027727 -0.070399 0.056390 0.039739 
-0.080124 0.031085 -0.166751 0.008231 0.048995 0.013907 0.075215 0.021433 0.049535 0.013541 -0.182411 -0.078607 -0.005958 -0.018536 0.038830 0.078929 0.055762 -0.023319 0.001757 -0.080022 -0.064822 0.010583 0.062637 -0.000258 0.057950 -0.058170 -0.019667 -0.021016 0.013772 0.022901 0.070279 0.004991 0.057719 -0.053411 -0.025150 -0.033771 0.067356 -0.033574 0.075063 -0.046868 -0.004348 -0.044971 0.020795 0.034493 0.044517 0.038971 0.057869 -0.019692 0.094879 0.067566 -0.114802 -0.048324 -0.047101 -0.019303 0.004032 0.039442 -0.048762 0.059263 -0.055813 0.083833 -0.005114 -0.069910 -0.073024 -0.073162 
-0.036231 0.108151 -0.201409 -0.041909 0.005567 -0.029818 0.083349 -0.050437 -0.036643 -0.058092 -0.161545 -0.012275 -0.002960 -0.123898 0.073596 0.034166 0.035930 -0.044147 0.062329 0.050558 -0.054516 -0.005447 -0.081392 0.063705 0.000842 0.007691 0.048741 0.042107 0.098978 0.046043 -0.062564 0.034804 -0.069367 -0.073093 0.013315 0.034651 0.001820 -0.027250 0.003282 -0.029162 0.025988 0.079562 -0.048473 0.029579 -0.040840 -0.029363 0.094635 0.033694 -0.043103 0.045273 -0.150403 0.048480 -0.085399 -0.043412 0.024463 -0.005083 -0.024081 -0.041163 -0.093738 0.069230 -0.021549 0.047319 -0.046543 0.033767 
-0.164817 0.104394 -0.049779 0.055327 -0.057867 0.029647 -0.011745 0.016087 -0.029054 0.070921 -0.110994 0.024821 -0.050641 -0.142427 -0.044194 0.054923 -0.039522 -0.045315 0.009630 0.067087 0.028754 0.046060 0.013252 0.081256 0.004585 -0.047218 -0.053902 0.002254 0.038548 0.050668 0.034604 0.181065 -0.048803 0.068759 0.034241 -0.001976 0.002965 -0.028820 -0.013477 0.018687 -0.033940 -0.044920 0.034312 0.048301 0.019856 0.061233 0.045969 0.016608 0.067092 -0.003352 -0.082562 -0.070429 0.034732 -0.049601 -0.051087 0.044626 -0.057912 0.008920 -0.075542 0.079945 -0.063317 -0.055798 -0.011650 -0.068474 
-0.179377 0.096543 -0.001059 0.087112 0.010140 0.074338 -0.024416 -0.068559 0.060443 -0.058830 -0.236891 0.006723 -0.071644 0.053870 0.057099 0.144989 0.082196 0.067762 0.066663 0.083758 0.021212 -0.000332 0.038650 -0.062942 0.079806 -0.083072 -0.073096 -0.049396 -0.000331 0.069976 0.073870 0.197418 0.055359 0.074253 -0.009830 0.073345 -0.116391 0.053655 0.078120 -0.078545 0.013393 -0.009629 0.019454 0.001685 0.006375 -0.049050 0.018198 -0.092748 -0.023618 -0.071463 0.081213 -0.059163 0.011835 -0.021477 0.018838 -0.050516 -0.052941 0.058642 -0.075152 -0.025764 -0.083327 0.035056 -0.048498 -0.177111 
0.015936 0.081685 0.014685 -0.014020 -0.059439 0.070419 -0.021366 -0.060205 -0.031936 0.013837 -0.047931 -0.008412 -0.079761 -0.073480 -0.016591 -0.056821 0.064079 -0.051327 0.065514 -0.045152 0.011224 -0.065539 -0.052328 -0.063639 -0.015977 -0.044572 -0.005957 0.056298 -0.023943 0.062742 0.020355 0.012647 -0.073270 0.043841 -0.080334 0.058267 -0.071231 0.060068 -0.063835 -0.078253 -0.053297 0.007777 -0.079401 -0.003049 -0.047039 0.037055 -0.028215 -0.078725 -0.032460 0.054296 -0.056391 -0.014149 -0.022999 -0.028178 0.066900 0.058088 -0.020402 0.030128 -0.041840 -0.052644 -0.032410 -0.018007 -0.008204 -0.078224 
-0.053634 -0.078150 -0.059107 -0.065181 0.053126 0.068164 0.014825 0.006908 0.018830 -0.032810 0.071419 -0.046544 0.015842 0.077462 -0.070130 0.013018 -0.012273 0.020627 -0.071147 -0.039433 0.003068 -0.019610 -0.052905 -0.036183 0.062850 0.039644 0.067245 0.042724 0.060642 0.068580 -0.076949 -0.054055 0.005974 0.000891 0.078894 -0.003684 0.032497 0.082709 -0.041877 0.008515 -0.035167 -0.078145 0.043412 0.027404 -0.015436 -0.040249 0.005517 -0.009716 -0.017808 -0.012284 -0.021006 0.042652 -0.023301 0.012330 0.005963 -0.043335 0.030684 -0.057870 -0.012371 0.054789 0.023928 0.035665 0.043484 0.068975 
0.068667 -0.070931 -0.083310 0.020308 0.078720 0.033724 0.017449 0.054065 -0.051118 -0.074304 0.050908 -0.049506 0.034232 0.041132 0.008628 -0.043207 0.021073 -0.046693 -0.025186 -0.040568 -0.083104 0.050246 -0.006667 -0.011775 0.073298 0.056951 -0.020236 0.080640 -0.068256 0.043325 0.083264 -0.025735 -0.023409 0.053742 -0.031598 0.020627 0.024092 -0.038350 -0.054764 -0.081153 0.014224 0.059256 0.062563 0.027029 -0.033082 -0.051945 -0.075706 -0.000665 0.054312 -0.058573 0.054533 0.011272 -0.025966 0.021571 0.000757 -0.005871 -0.078864 0.057208 0.056997 -0.045953 -0.011657 0.025555 -0.053999 -0.006934 
-0.044300 0.075608 -0.003668 0.079475 0.000583 0.017366 0.003920 0.035326 0.083187 -0.075342 -0.031819 -0.043268 0.052602 -0.077939 0.079331 0.020688 0.079151 0.002385 -0.058974 0.062177 -0.074787 -0.035875 -0.043196 0.062480 0.024893 -0.021248 -0.014424 0.081841 0.024708 0.026752 0.045250 -0.063846 -0.057228 0.058121 0.020406 0.010897 -0.064878 -0.042575 -0.043546 -0.021001 -0.042811 -0.008505 0.083407 0.012371 0.019738 -0.021361 -0.035367 0.076101 -0.028087 0.044557 -0.048746 0.044506 0.015426 0.026146 -0.036455 -0.070859 0.041399 0.051976 -0.042401 -0.070212 0.003258 0.033493 -0.041333 -0.064991 
-0.078078 -0.077205 -0.018316 0.033785 0.054312 -0.014743 0.075773 -0.017438 -0.010338 0.082699 -0.027912 0.030340 0.064709 0.075444 -0.082457 0.036809 -0.007273 0.002585 -0.013151 -0.041050 -0.051827 -0.038437 -0.039936 -0.012869 0.011277 0.028831 -0.081918 0.041399 0.017844 -0.025494 -0.057911 -0.062907 -0.075434 -0.046102 0.078833 -0.069350 0.043243 0.078237 -0.032877 -0.073565 0.076651 0.047483 -0.039613 0.083638 0.010600 -0.055945 -0.055821 -0.073498 -0.055688 0.005650 0.038817 0.042791 0.063081 -0.028821 0.058948 -0.059220 0.022465 0.024031 0.069622 0.019138 -0.042719 0.057177 -0.079854 0.042339 
0.029442 -0.042724 -0.073041 0.057069 0.054913 -0.012335 0.082191 0.011765 -0.006723 -0.070402 -0.040871 -0.022875 -0.019810 -0.068816 0.055914 -0.078648 0.013182 0.040978 0.019297 -0.071286 -0.009953 0.029745 0.041559 -0.016678 0.041980 0.010348 0.031280 0.038509 0.010060 -0.073658 -0.009034 -0.001563 0.026130 -0.066701 0.071717 -0.004233 0.037282 0.079957 0.036727 -0.080799 0.066696 -0.032692 -0.031480 -0.079531 0.059441 -0.010784 -0.067086 0.013511 -0.071542 -0.046159 -0.070192 -0.009311 -0.004901 0.054158 0.030998 -0.044228 -0.084075 -0.013161 0.016175 0.006888 -0.008618 0.010189 -0.078545 0.042000 
-0.080234 0.076861 -0.029509 0.070782 0.069750 -0.009249 -0.043540 -0.013428 -0.001584 -0.079541 0.078150 0.023471 -0.038956 0.012720 -0.066459 0.011128 -0.028713 -0.047714 0.029488 -0.001912 -0.029006 0.071737 -0.012622 0.019831 0.042416 -0.021161 -0.009660 0.068236 0.016134 0.006138 -0.011503 0.057423 -0.068965 -0.063810 0.011216 0.001543 0.026664 -0.029206 -0.027619 0.031229 0.041990 0.079885 -0.037749 -0.040450 0.033837 0.006667 -0.083289 0.043048 -0.034576 -0.065848 -0.006102 -0.043135 -0.058075 0.051966 0.044316 -0.015041 0.025715 0.037990 0.009188 -0.069848 -0.005835 0.058471 -0.030500 0.081533 
-0.008533 -0.073005 -0.001738 0.080522 0.082057 0.044778 0.052479 0.022978 -0.006426 -0.078407 0.057407 -0.024806 -0.083051 -0.081809 0.083063 0.054112 -0.049825 -0.008185 -0.075571 -0.058671 0.063517 0.074725 0.004207 -0.018676 0.022120 0.073960 0.049265 0.041533 -0.033257 -0.082822 -0.016365 -0.032825 0.079916 -0.013444 -0.006395 -0.004387 0.036679 0.011322 0.001794 0.084095 0.033103 -0.042929 0.048372 0.048747 0.053718 -0.026921 -0.034443 -0.026628 0.012170 0.075711 0.011914 -0.074114 -0.050112 -0.006074 0.011175 -0.044926 0.066962 0.022728 0.008253 0.078703 -0.061597 -0.052638 -0.012847 0.056114 
0.051823 0.078439 -0.019845 0.001669 -0.008876 -0.052554 -0.032957 -0.018022 0.051370 0.050149 0.045232 0.056867 0.013897 0.001323 -0.053438 0.055809 -0.050976 -0.006552 0.033886 -0.046703 0.019517 -0.058220 0.046361 0.007063 0.074839 0.023325 0.041455 -0.046545 0.045077 -0.048405 -0.058867 0.008180 -0.011893 0.025133 0.031424 -0.060600 0.006610 0.041481 -0.067911 -0.016499 -0.013347 -0.072230 0.081308 -0.050649 -0.013362 -0.050759 0.067649 0.015113 -0.058501 -0.080553 0.021310 -0.033575 -0.028498 -0.006827 -0.073021 0.045189 0.008303 0.038931 0.055498 -0.015767 0.049334 0.010029 -0.019297 -0.055049 
0.001841 0.009254 -0.028992 0.024191 -0.051935 -0.082052 0.054117 -0.013576 -0.007936 0.008034 -0.060909 0.079751 -0.016653 0.031403 0.048785 -0.081305 0.050563 0.046233 -0.076904 -0.023517 0.011532 -0.003455 -0.016060 -0.024246 0.041574 -0.056142 0.051483 0.051481 0.013129 -0.019150 0.078414 0.015640 -0.071989 0.073619 0.054955 0.054409 -0.032523 -0.014527 -0.009015 0.056758 -0.067284 0.068553 -0.000390 0.020939 -0.047373 0.080065 -0.049603 -0.042027 0.046811 -0.069183 -0.040205 0.063030 0.077978 0.079554 0.043393 0.013759 0.067394 -0.068969 -0.053220 -0.063262 -0.037483 -0.005174 0.042244 -0.020059 
-0.028727 -0.048248 -0.059691 0.057255 0.020335 -0.078243 0.078683 0.063473 0.056361 0.080589 0.056168 -0.071709 -0.007158 0.026596 0.003084 -0.010331 -0.082518 -0.020782 -0.077319 0.037503 -0.040270 -0.026143 -0.060078 0.028855 0.016186 0.071199 -0.083718 -0.005900 0.054226 -0.039322 0.023923 -0.059183 -0.080337 0.073536 0.067369 -0.038214 0.022618 0.019641 -0.014424 0.038136 -0.013684 0.035458 -0.005683 0.025256 -0.012199 -0.078377 -0.059216 0.013552 0.039412 -0.015271 0.037272 -0.052217 0.046998 0.028782 0.017411 0.039931 0.042398 -0.034398 0.051569 -0.025960 0.072022 0.064672 0.011209 -0.028036 
-0.018695 0.072695 -0.057694 -0.064452 0.021563 0.009266 0.058172 -0.005088 0.064155 -0.030259 -0.051343 0.081523 -0.039154 -0.100064 0.007476 0.017040 -0.038071 0.035698 -0.057527 0.078855 0.036557 0.028801 -0.047256 0.050041 0.011718 0.018960 0.054468 0.025244 -0.069156 -0.069194 -0.004367 -0.002258 0.063585 0.048150 0.006528 0.040668 0.000253 0.068200 -0.024604 -0.083568 0.009894 0.075674 0.006140 -0.011289 0.046911 -0.044718 -0.053800 -0.034764 0.070226 0.052570 0.034346 -0.058666 -0.078163 0.039801 -0.069645 0.050114 -0.016243 -0.010034 -0.043659 0.062017 0.012059 -0.038737 -0.013369 -0.015637 
-0.088859 0.105618 -0.052743 -0.073224 0.013998 -0.021667 -0.074101 -0.024415 -0.080459 -0.055735 -0.078909 -0.071050 0.058377 0.013091 0.010531 0.003926 0.021088 -0.073181 -0.011066 -0.041046 -0.005919 0.053535 -0.023446 0.008240 -0.044675 -0.099707 -0.034749 -0.055455 -0.005679 0.014833 -0.043324 0.137363 0.005660 -0.060836 0.049213 -0.089436 -0.144926 -0.029040 -0.064298 -0.061910 -0.050494 0.018164 0.062263 -0.032893 -0.004701 0.072937 -0.002595 0.007550 0.137472 -0.002538 -0.021630 -0.051664 0.004262 0.059328 -0.069775 0.051180 0.025895 -0.061170 -0.030709 0.106357 0.010269 0.022556 -0.043084 -0.004529 
-0.092160 -0.181305 0.175310 0.027683 0.025667 0.040223 0.031004 -0.056187 -0.054488 0.039667 -0.109393 -0.020924 0.004738 0.013159 0.048074 0.025577 -0.062942 0.057461 0.091502 -0.042552 0.003699 0.049155 0.117282 -0.041587 -0.067858 -0.053364 0.126568 -0.159819 -0.031709 -0.099754 -0.024013 0.121989 -0.153273 -0.070137 -0.067360 -0.014954 -0.198812 -0.055280 -0.074035 -0.070485 0.004215 0.127059 0.091940 0.005806 -0.052268 -0.083708 0.112519 -0.053118 0.062564 -0.013007 -0.017973 -0.044992 0.018765 -0.033954 -0.062977 0.001999 0.040687 -0.025441 0.089113 0.153223 0.043841 0.025040 0.064086 0.071620 
0.000547 -0.212702 0.364175 -0.004501 0.106080 -0.011025 -0.027147 -0.025374 0.029323 -0.097726 -0.150437 0.139632 0.128548 -0.092343 0.050228 0.115264 -0.235419 0.111951 -0.212194 -0.068651 -0.038765 -0.089400 0.160468 0.026971 -0.396291 -0.090384 0.223797 0.002273 -0.134874 -0.102165 0.007919 0.086214 -0.139015 -0.037050 0.006589 -0.081792 -0.182302 -0.206162 -0.078386 -0.040877 -0.056407 0.038263 -0.030535 0.057825 -0.115249 0.048587 0.021361 -0.113819 0.240294 0.044311 -0.079027 -0.001383 0.133331 0.022872 0.037302 0.187175 0.068053 -0.007738 0.226236 0.107267 0.043114 0.097650 0.121163 0.022918 
-0.192580 -0.174780 0.124493 0.007992 -0.057182 -0.102131 -0.063829 -0.044476 0.024895 0.065111 -0.225291 0.042664 0.006840 -0.087265 0.091208 -0.058970 -0.003815 0.047983 -0.149301 -0.013281 -0.067826 -0.047857 0.124005 -0.059290 -0.228483 -0.099354 0.029807 0.030456 -0.091598 -0.104646 0.025819 0.140861 -0.050942 -0.077969 -0.094881 -0.067672 -0.179082 -0.112487 -0.028352 0.005364 -0.024189 0.118754 0.109369 -0.000445 -0.115036 -0.064968 0.095591 -0.173329 0.285715 0.111857 -0.099824 -0.063737 0.138017 0.042734 0.019228 0.213520 0.075387 0.099905 0.187866 0.467901 0.034447 -0.095500 0.065614 0.070470 
-0.603315 -0.053201 -0.074869 -0.011343 -0.121552 -0.109922 0.017359 -0.098304 -0.008417 -0.058148 -0.271329 -0.019514 0.177772 0.005822 0.170427 0.070031 -0.040259 -0.062862 0.075308 -0.025309 -0.024231 -0.083255 -0.107604 -0.009170 0.166316 -0.108696 0.020414 -0.227164 -0.112737 -0.042830 -0.084459 0.334438 -0.034467 0.091521 -0.078830 -0.169214 -0.362740 0.062749 0.036616 -0.050021 0.060498 0.060367 0.024505 0.043307 -0.066057 -0.015540 0.106673 -0.069669 0.476269 0.232270 -0.059330 -0.006063 0.175481 0.010215 -0.009437 0.032916 0.071430 0.378529 -0.090507 0.578632 -0.027354 -0.133693 0.115516 0.027953 
-0.359592 0.048235 -0.070461 -0.070470 -0.007369 0.014244 -0.068722 -0.201251 -0.109233 -0.094709 -0.213589 -0.101474 0.073670 0.099433 0.175138 0.000804 -0.201210 -0.042605 -0.262089 -0.003739 0.049265 -0.321269 -0.065098 -0.061104 0.122562 -0.167280 0.032130 -0.397556 -0.553809 -0.057418 0.021130 0.704337 -0.256488 0.173546 -0.146771 -0.197558 -0.149384 0.031078 -0.153742 0.055198 0.035773 0.116024 0.035037 0.015296 -0.035944 0.001359 0.171840 -0.144836 0.276378 0.064051 -0.046770 -0.020482 0.179692 0.049353 0.108962 0.133118 0.061296 0.270587 -0.220989 0.413082 0.013958 -0.033209 -0.101089 -0.012744 
-0.279092 0.806166 0.141893 -0.047521 0.060059 -0.057528 -0.062076 0.020546 -0.153790 -0.074229 -0.056570 -0.020669 -0.086728 0.037462 -0.015636 0.089002 -0.254747 0.137102 -0.235237 -0.105047 -0.059462 -0.386398 -0.192558 0.108153 0.092726 -0.065128 -0.103699 -0.213224 -0.467281 0.012978 -0.235209 0.480546 -0.090635 -0.022794 -0.249259 0.001662 0.019042 0.196597 -0.132494 0.038649 0.052578 0.078618 0.185933 0.046228 -0.019431 0.041438 0.270254 -0.189360 0.302529 -0.129708 0.010663 -0.123907 0.277972 0.225017 0.452656 0.054636 0.092731 0.441748 0.094973 0.057902 0.022246 -0.071129 -0.229358 0.053271 
-0.381184 0.635340 0.178122 0.001502 0.148245 0.027206 0.141376 -0.045020 -0.183877 0.110637 -0.060399 -0.098232 -0.034331 0.227908 -0.114432 0.082213 -0.121230 0.051640 0.031043 -0.174149 -0.129534 -0.301112 -0.236254 0.034678 -0.033659 -0.283897 -0.076747 -0.153956 -0.048362 0.107765 -0.122844 0.139122 -0.081258 -0.001721 -0.147435 0.093718 -0.228690 0.087282 -0.230104 0.155304 -0.106847 0.007708 0.174077 0.115250 0.030874 -0.078445 0.272353 -0.121846 0.483626 -0.064774 0.053277 -0.067907 0.398794 0.087943 -0.060478 -0.151215 -0.008862 0.142424 0.059588 0.473416 0.002598 -0.039071 -0.039983 -0.027336 
-0.488582 0.717175 -0.065634 0.061461 -0.021525 0.227811 0.506159 -0.051124 0.098136 0.110652 -0.141888 -0.305222 0.004362 0.112919 -0.139616 0.062866 -0.169114 -0.115621 -0.030051 -0.316905 -0.242038 -0.100878 -0.177036 0.057566 0.081111 -0.202409 -0.140294 -0.074197 0.202120 0.376279 -0.092654 0.042767 -0.103345 0.085753 -0.273588 0.070762 -0.403402 0.040401 -0.164700 0.017287 -0.078113 -0.069696 0.155597 0.015573 0.235652 -0.103421 0.138704 -0.208273 0.293652 0.062825 -0.057879 -0.038886 0.137746 -0.012027 -0.175618 0.055384 0.058691 0.070133 -0.103979 0.181464 -0.050185 -0.242551 -0.248820 -0.079805 
-0.577251 0.417184 -0.300763 0.102727 -0.054098 0.244415 0.457125 -0.186914 0.080322 0.110613 -0.332562 -0.233733 0.115637 0.027323 0.025920 0.110875 -0.215633 -0.136145 0.188600 -0.346578 -0.142034 -0.187456 -0.105775 -0.002473 0.306554 -0.186951 -0.161713 -0.001134 0.285150 0.192118 -0.094908 0.292593 -0.062366 -0.043312 -0.308940 -0.239095 -0.440513 0.105828 -0.186860 0.008781 -0.009569 0.032301 -0.015280 -0.126779 0.258281 -0.095688 0.238781 -0.016348 0.077029 0.350914 -0.009032 0.059444 -0.222175 -0.093403 -0.378243 0.004616 0.158436 0.439373 -0.192280 0.086702 -0.086466 -0.191657 -0.067663 -0.091639 
-0.615387 0.342384 -0.217719 0.102091 -0.047025 0.089060 0.761520 -0.014720 -0.074800 0.167727 -0.021148 -0.038924 -0.029605 0.052106 -0.193547 0.170204 -0.125829 -0.054155 0.098697 -0.175764 0.026073 -0.166004 -0.158977 -0.051809 0.193307 -0.270747 -0.005204 -0.023374 -0.009699 -0.135180 -0.225960 -0.019381 -0.068596 0.012540 -0.109087 -0.014788 -0.327180 -0.008291 -0.192411 0.092562 -0.002428 0.108073 -0.047570 -0.008909 0.347579 0.014133 0.292753 0.087061 0.203533 0.506547 -0.035530 0.069237 -0.019113 0.132386 -0.367284 -0.347763 0.024156 0.317163 -0.085642 0.173452 -0.048110 -0.333323 -0.030717 -0.019328 
-0.426629 0.337238 -0.143481 0.166501 0.020938 0.160435 0.243747 -0.049813 -0.019445 -0.008925 -0.146450 0.019070 0.084935 -0.344881 0.133957 0.213449 -0.074255 -0.082382 0.082236 0.030587 0.017961 -0.035116 -0.032211 0.024023 -0.020874 -0.051588 -0.031384 0.148756 0.063513 -0.089764 -0.058152 0.172997 0.009506 -0.033650 0.182195 0.007270 -0.241723 0.000723 -0.060754 0.152955 0.042510 0.055358 0.024681 0.123342 -0.011702 0.050929 0.432930 -0.012107 0.161400 0.464932 -0.058886 -0.065837 -0.170163 0.131458 -0.347475 -0.277149 -0.055341 0.423966 0.041532 0.102135 -0.045012 -0.226409 -0.075838 -0.005092 
-0.351207 0.424825 -0.206035 -0.043751 0.048044 -0.076935 0.120127 0.014197 0.018350 0.041826 -0.234595 -0.035405 0.191395 -0.618148 0.192034 0.164879 -0.058464 -0.071118 0.265185 -0.080732 0.019310 -0.061183 -0.310528 -0.010039 -0.033984 -0.001101 -0.217141 -0.043145 0.156528 -0.125082 -0.087257 0.247294 0.001395 0.077909 0.362647 -0.046832 -0.076086 -0.024389 0.089261 0.053164 0.011446 -0.290101 -0.119532 0.132075 0.020052 0.023677 0.064532 0.204209 0.132270 0.374113 -0.085565 -0.093467 0.001432 0.171324 -0.262859 -0.086889 -0.023160 0.364649 -0.057340 0.195082 0.068783 -0.285206 -0.356901 0.030382 
-0.087182 0.183468 -0.333460 -0.028606 0.005378 -0.145831 0.085606 -0.002494 -0.034646 0.100604 -0.250804 -0.001538 0.091630 -0.478674 0.025584 0.132737 0.066754 0.054467 0.065021 0.017717 0.007274 -0.094170 -0.162941 0.081480 0.013213 0.010660 -0.112715 0.013508 0.048115 0.043606 0.007702 0.097770 -0.044511 0.043613 0.110036 -0.021849 -0.068678 -0.022428 0.032242 -0.028751 -0.051084 -0.073874 -0.087824 0.184981 -0.018830 -0.049712 0.089759 0.019905 0.094802 0.333978 -0.245899 0.032651 0.014927 0.039736 -0.036465 0.054348 0.065414 0.214128 -0.049783 0.183192 0.001295 -0.294589 -0.036528 -0.068147 
-0.026528 0.136329 -0.025557 -0.038774 -0.015697 -0.107573 -0.058231 0.012898 -0.080187 0.154566 -0.139620 -0.061766 0.230468 -0.475444 0.013100 0.179387 0.072082 0.027300 0.086696 -0.064356 0.004578 -0.058531 -0.161438 -0.077887 0.055659 -0.057257 -0.020198 -0.002335 -0.014038 -0.065226 0.008158 0.282625 -0.043272 0.134973 0.161754 0.064118 -0.048209 0.037940 0.056361 -0.020397 -0.005239 0.020175 0.025125 0.053381 -0.073414 0.065854 -0.014047 -0.163808 0.076905 0.303884 -0.058485 -0.023816 0.079827 0.128076 -0.102229 -0.035960 0.039249 0.227216 -0.004881 0.192358 0.001061 -0.074289 -0.053756 -0.043737 
-0.282511 0.312978 -0.008257 0.050650 -0.026821 -0.016523 0.065594 -0.177614 0.000586 -0.010413 -0.184660 -0.035270 0.168903 -0.123670 -0.010705 0.083244 -0.074386 0.035733 -0.001299 -0.072950 0.034698 0.016053 -0.038258 0.072738 -0.060419 -0.065117 0.028736 -0.012678 -0.034444 -0.044635 -0.020875 0.260283 -0.055176 0.091886 0.137401 0.068665 -0.076423 0.081723 0.116574 0.058635 0.005820 -0.036320 0.001948 0.072384 -0.027925 0.009307 0.039722 -0.063768 0.138572 0.174386 -0.017795 -0.061181 -0.073565 0.181594 -0.122248 0.024836 0.089030 0.101062 -0.019169 0.189719 -0.062143 -0.067752 -0.045157 -0.104141 
-0.142565 0.032679 -0.128602 0.006851 0.025812 0.037100 0.020258 0.008848 -0.070685 -0.012865 -0.039324 -0.059927 0.123483 -0.156545 -0.072200 0.149568 -0.037750 -0.074599 0.110909 0.006735 0.017748 0.052305 0.045264 -0.003263 0.073815 0.041829 -0.088915 0.003298 -0.033543 0.038463 0.062239 0.182568 -0.075181 0.008248 0.066679 -0.055309 -0.021335 -0.056603 0.080960 -0.057441 0.081345 0.047030 0.023382 -0.051833 -0.032635 -0.003146 0.015412 -0.176048 0.083140 0.027023 -0.018003 0.012839 0.054341 -0.007237 -0.102889 -0.081039 0.090189 0.010248 -0.050884 0.094623 0.018491 0.028400 0.078249 -0.129122 
0.039508 0.057751 0.008927 -0.012447 -0.051970 -0.038136 -0.024868 0.008739 -0.006164 0.024343 0.030640 -0.010523 0.016973 -0.091634 -0.003743 -0.063297 0.111007 -0.078802 -0.026084 -0.042709 -0.042520 0.002107 -0.017754 0.083811 -0.013590 0.064056 -0.001498 -0.067500 -0.088918 0.070865 -0.035989 -0.069700 -0.002466 0.094402 0.079900 -0.039906 -0.016514 0.050441 0.057338 -0.033585 0.077654 -0.024016 0.059126 -0.013363 0.036786 0.003946 0.007774 0.023821 0.032055 0.021233 0.065934 0.000326 0.013313 0.009945 0.088958 0.073234 0.064678 0.058306 -0.031712 -0.003431 0.039251 -0.043809 0.086408 0.047548 
0.058585 -0.008735 0.026603 -0.064799 -0.012215 -0.077728 0.052159 -0.015545 -0.049848 0.024494 0.029409 0.021824 0.013799 -0.036182 -0.032355 -0.009280 0.108681 0.025012 -0.026247 -0.027550 0.088962 -0.054797 0.111649 -0.033146 -0.067617 0.060265 -0.052190 -0.060563 -0.019149 0.008352 -0.044712 -0.056512 0.018222 -0.061851 0.015854 0.056743 0.056382 0.081110 -0.011508 0.057771 -0.049931 0.078224 -0.060342 -0.040779 0.052914 -0.071768 0.005890 0.009437 0.004426 -0.038767 -0.057950 -0.024774 0.084988 0.006851 -0.000296 -0.005040 -0.026924 0.037191 0.056256 0.080709 0.016893 -0.072882 -0.047948 0.049562 
0.064570 0.069750 -0.044115 0.017356 -0.040804 -0.037497 -0.072523 -0.042688 -0.043581 0.020478 -0.075644 0.009244 0.026808 -0.080347 0.052525 0.013921 -0.080630 -0.008469 -0.006882 -0.005481 -0.074577 0.046025 0.031285 0.035095 -0.081580 0.001846 0.027178 -0.060165 0.060678 0.058553 -0.069714 -0.017726 -0.077303 0.078992 -0.029242 -0.068297 0.079038 -0.046113 -0.076820 0.021217 0.066444 -0.055595 -0.049547 0.035233 -0.035403 0.082678 0.067989 0.012699 -0.010081 -0.018599 0.062984 -0.078509 -0.020693 -0.016909 -0.062896 -0.050472 0.051842 -0.046975 0.015718 -0.054081 -0.048772 0.011226 -0.049311 -0.006010 
0.039377 0.012124 -0.034124 -0.023384 -0.070254 0.048495 0.039336 -0.052474 -0.082031 -0.034027 0.034884 0.010086 0.020632 -0.003550 0.010096 0.003191 -0.070741 -0.008048 0.011991 0.051000 0.073858 0.040316 -0.066418 -0.079095 0.037097 -0.055801 -0.079916 -0.071183 0.065433 0.008248 0.047350 -0.009793 0.067502 -0.056884 -0.070382 0.060781 -0.004454 0.013393 0.007365 0.079320 0.037913 0.060581 -0.042950 -0.035264 -0.024051 0.023430 0.011139 -0.032969 0.002770 -0.057942 -0.042673 0.073570 0.001943 0.039982 -0.077000 -0.052043 -0.079926 0.048028 0.069083 -0.046364 0.081821 0.046713 -0.065407 0.028800 
0.043751 -0.027763 -0.060268 -0.006990 0.050898 0.062542 0.068662 0.070967 -0.008885 0.061674 -0.077806 -0.001553 0.079500 -0.036445 0.040434 0.038329 0.018424 -0.054866 -0.062691 -0.083710 0.024339 0.083007 -0.018855 0.013634 -0.037800 0.026978 0.039690 -0.014424 -0.021422 0.065864 0.004957 -0.016370 0.052125 0.057788 -0.004890 -0.013079 0.001697 0.015580 -0.034838 0.065777 0.062660 -0.002780 0.056694 -0.057618 0.038709 0.063630 0.072569 -0.001065 -0.000234 -0.027378 0.079644 0.079310 0.028549 0.044234 0.020817 -0.083120 -0.032492 0.006292 0.002975 0.058209 0.033565 -0.052874 -0.016704 0.049260 
0.055688 0.016134 0.015790 -0.011986 0.053526 -0.029201 -0.051237 0.023040 0.080240 -0.078520 0.071604 0.032492 0.028923 0.007935 -0.080871 -0.048582 0.017638 0.022270 -0.071558 -0.046523 0.033498 0.077164 -0.039931 -0.054415 -0.044398 -0.030756 0.051154 -0.063050 -0.016873 0.018799 -0.063810 0.068015 0.064842 0.026397 0.011169 0.010127 0.038678 -0.031342 -0.059841 0.054517 -0.081123 0.083238 -0.064421 0.068390 0.020447 -0.072394 0.069915 -0.017433 0.021982 -0.050133 -0.041600 0.007391 0.021325 -0.059025 0.058691 0.035382 -0.006615 -0.074592 0.029334 -0.039705 0.031532 0.046641 -0.064529 0.034674 
-0.026695 -0.032680 0.102470 -0.032593 -0.079114 -0.005010 0.033637 -0.080278 0.019559 -0.083525 0.043217 -0.081955 -0.061434 0.064539 0.010557 -0.007819 0.010053 -0.026442 0.051806 -0.053600 -0.062595 0.012689 0.097246 -0.062100 0.026864 0.078879 0.040655 0.030452 -0.000322 0.104375 0.058637 -0.073574 0.041591 0.040648 0.074334 0.009799 -0.036466 -0.035030 0.011254 0.034511 -0.026392 0.050657 0.056125 0.022337 0.041128 -0.071504 0.073035 0.044433 0.022256 -0.010922 0.047465 0.014869 0.031288 -0.073166 -0.041630 0.088147 0.049296 -0.013496 -0.060486 -0.047217 0.048542 -0.076599 0.046116 0.049975 
-0.089023 0.034483 -0.060756 0.001717 0.056493 -0.077500 -0.080426 -0.051993 0.011628 -0.006137 -0.016484 0.035816 0.005338 -0.021292 -0.066741 0.017614 -0.005498 -0.033621 0.009742 0.063468 -0.007333 -0.046711 -0.045239 -0.033920 -0.064876 0.099660 0.008726 -0.075676 0.072193 0.029104 -0.000577 0.029024 0.002352 0.044962 0.031082 -0.063107 0.036176 0.012465 -0.068068 0.082144 0.005757 -0.090213 0.051726 0.065640 -0.031972 -0.041186 0.076283 0.058755 0.054873 0.014534 0.055652 -0.009604 -0.023431 -0.050660 0.018975 0.013183 -0.055651 -0.042786 -0.068365 0.068296 -0.026083 0.074996 -0.004510 0.070055 
-0.076552 0.052527 -0.015160 -0.021290 -0.073540 -0.015769 -0.039047 -0.162032 0.080238 0.028280 -0.036728 0.055166 0.085274 0.037168 0.026368 0.069181 0.053905 -0.067149 0.067986 -0.067427 0.036900 0.060842 -0.044798 0.063803 0.036080 -0.066020 0.042574 0.034521 -0.061627 0.068096 -0.020298 0.018471 0.051253 0.049242 -0.020738 -0.053621 -0.016861 0.035617 -0.025461 0.018163 0.047080 0.004754 0.075777 0.065653 -0.077995 -0.005220 -0.028432 -0.036778 0.094732 -0.060370 0.068268 -0.071894 -0.003972 0.037528 0.022415 -0.040325 0.036542 0.043258 -0.013695 -0.081364 -0.061265 -0.025424 0.027361 -0.005263 
-0.150795 0.116569 -0.013454 -0.051105 -0.052109 -0.000898 -0.082794 0.034575 0.039806 -0.040255 -0.045635 0.030986 0.135612 0.070242 0.061750 -0.107081 0.031698 0.000582 -0.049551 0.079543 -0.016593 0.066020 0.026050 0.033999 0.027885 -0.012080 -0.020533 0.024662 -0.055805 -0.004196 -0.067351 0.040940 0.042139 0.015769 0.065188 -0.085534 -0.059853 0.033318 -0.063865 0.049573 0.039091 0.029961 -0.189370 -0.002661 -0.067692 -0.103443 0.073583 0.042057 -0.049205 -0.002944 -0.028567 0.068751 -0.035679 -0.053756 -0.026149 -0.010005 -0.026605 0.225341 -0.042043 0.126018 0.041996 -0.027865 0.014559 -0.039392 
-0.414254 0.070718 0.052596 -0.094525 -0.049708 -0.038462 -0.015455 0.051965 0.026060 -0.007694 0.015735 0.071661 0.057400 -0.039397 0.062848 -0.038276 -0.032185 -0.019255 0.053644 -0.054926 0.018762 -0.041928 -0.091293 -0.049493 0.030674 -0.037514 0.075386 -0.197595 0.037928 0.020288 -0.035709 0.147207 0.070712 -0.075778 -0.059842 -0.070760 -0.276265 -0.052134 0.048978 -0.097319 0.012541 -0.026226 -0.152292 0.147178 -0.009800 0.060188 0.014734 -0.003074 0.093880 -0.007638 0.052393 0.048195 0.007986 -0.089114 0.083843 0.095142 -0.031335 0.284131 -0.005473 0.256247 0.142288 -0.036197 0.057219 0.046109 
-0.203614 0.127771 -0.002496 -0.021342 -0.077779 0.040055 -0.091100 0.003794 0.053779 -0.054871 -0.033453 0.108116 0.172919 -0.164597 0.011475 -0.009448 -0.076695 0.067744 -0.052564 0.061540 0.096142 -0.049260 0.016330 -0.069583 0.077245 -0.140151 -0.003131 -0.219800 0.058351 -0.093177 -0.016434 0.286193 -0.058216 -0.061791 -0.072482 0.088287 -0.155926 -0.059156 -0.050951 -0.038234 -0.079940 0.000831 -0.189292 0.139776 0.064751 -0.016586 0.114858 -0.041425 -0.199297 0.114864 -0.001987 -0.056247 0.019095 -0.023943 0.069319 -0.004486 0.082439 0.261117 0.066639 0.296288 0.122054 0.139572 0.239589 0.054846 
0.048913 -0.233234 0.522637 -0.035440 0.015697 -0.098133 -0.100869 -0.100004 0.044573 -0.030556 -0.194739 0.211758 0.087099 -0.027007 0.144980 -0.037334 -0.210523 0.061307 -0.108484 0.005259 0.191874 -0.189486 0.039572 -0.108713 -0.212819 -0.250951 0.072612 -0.397200 -0.186290 -0.146714 -0.114413 0.566540 -0.246891 -0.081900 -0.149305 -0.088311 -0.164811 -0.096666 -0.019476 0.023655 -0.055946 0.208831 -0.231893 0.121281 -0.020960 -0.032451 0.139390 -0.162800 -0.126734 0.177462 -0.089128 0.093914 -0.068610 -0.052050 0.104830 0.187982 -0.039707 -0.019235 0.318673 -0.018316 0.021139 0.435638 0.113816 0.009109 
-0.109430 -0.430309 0.839346 -0.050020 0.019935 -0.169848 0.006177 -0.016010 -0.212823 -0.104330 -0.306587 0.285691 -0.027436 -0.084441 0.194947 0.034575 -0.174505 0.117619 -0.203600 -0.010687 0.145051 -0.278041 0.437055 -0.055438 -0.360643 -0.461895 0.471719 -0.422796 -0.285090 -0.139937 -0.084093 0.572678 -0.288396 -0.043266 -0.243891 -0.330101 -0.189462 -0.004284 -0.173444 0.159822 0.064803 0.189304 -0.182534 -0.134886 0.109777 -0.082764 0.293867 -0.327859 0.435145 0.200404 -0.160986 -0.141731 0.203571 0.164170 -0.164326 0.007077 -0.160748 0.064541 0.347293 0.233561 -0.202986 0.089591 -0.034310 -0.006096 
0.037128 -0.537305 0.760805 -0.008225 0.065318 -0.359473 -0.306402 -0.032658 -0.243889 0.120011 -0.426166 0.279560 -0.011536 -0.037689 0.265061 0.082508 -0.102380 0.042487 -0.362508 -0.018528 0.141837 -0.279240 0.181005 -0.051486 -0.377996 -0.489005 0.463227 -0.407125 -0.571045 -0.184115 -0.053316 0.584839 -0.150798 0.038140 -0.369698 -0.161710 -0.169429 0.035721 -0.085402 0.411233 0.063583 0.284802 -0.391575 -0.124818 0.128574 -0.027985 0.146654 -0.384295 0.364994 0.052314 -0.114151 -0.169269 0.115192 0.287077 -0.124079 -0.070592 -0.156190 0.213404 0.321405 0.243695 -0.457307 0.217813 -0.169977 -0.009164 
-0.069872 -0.407572 0.975614 -0.090357 -0.179469 -0.284836 -0.620408 -0.088174 -0.460606 0.221986 -0.495871 0.049340 0.212606 0.036429 0.200978 -0.431224 -0.320969 -0.131444 -0.263753 -0.026437 0.299622 -0.093844 -0.131253 -0.134888 -0.312541 -0.804976 0.405849 -0.380381 -0.691991 -0.413246 0.267181 0.792964 -0.130825 0.478966 -0.694679 0.241457 0.276875 0.061443 -0.212004 0.133318 0.176113 0.301439 -0.712015 0.020864 -0.039702 0.038070 0.274604 -0.474924 0.052074 0.064584 -0.244241 -0.171559 0.084417 0.159628 0.328339 0.436068 -0.093629 0.281815 0.018294 0.590708 -0.538638 0.303170 -0.031779 -0.053918 
-0.169941 0.056452 0.524933 -0.293066 -0.278211 0.038027 -0.210944 -0.399771 -0.737221 0.169508 -0.497062 0.468542 -0.018449 0.339300 0.345977 -0.279260 -0.751534 -0.134737 -0.708494 -0.150105 0.371689 -0.170489 -0.061622 -0.089562 0.047122 -0.591252 0.421404 -0.356514 -1.216506 -0.170344 -0.072479 1.200200 -0.417271 0.437260 -0.831328 -0.095928 -0.133967 0.493649 -0.255322 -0.113550 0.206270 0.044401 -0.673625 -0.220510 -0.019923 0.458455 0.399841 -0.396345 -0.057913 -0.331727 -0.067922 -0.089805 0.086741 -0.046476 0.878282 0.524807 -0.203083 0.516255 0.084983 0.347147 -0.505791 0.443278 -0.225902 -0.167365 
-0.638206 0.492917 0.572270 -0.220087 -0.271739 -0.620943 0.170915 -0.578724 -0.908688 0.199428 -0.283661 0.947569 -0.465825 0.567569 0.294768 0.309251 -0.455330 -0.142932 -0.555968 -0.897214 0.505512 -0.123614 -0.220520 0.119844 0.196913 -0.371388 0.444601 -0.589441 -1.053533 -0.061456 -0.658118 1.164007 -0.567224 0.084107 -1.018344 -0.433721 -0.177678 0.823862 -0.919773 -0.047887 0.216212 0.019846 -0.491322 -0.253916 0.152573 -0.004151 0.702636 -0.474874 0.372455 -0.263339 0.011626 -0.205705 0.006235 0.064154 0.650272 0.480220 -0.088481 0.319431 0.484694 0.325089 -0.191109 -0.590598 -0.297893 -0.254235 
-0.449474 0.867997 0.368079 -0.134505 -0.171632 -0.017593 0.590334 -0.207517 -1.026777 -0.002134 -0.189446 0.602643 -0.163818 0.605759 -0.115278 0.059202 -0.417305 0.196784 -0.558531 -1.168946 0.244169 -0.364106 -1.269289 0.198901 0.020237 -0.367910 0.462702 -0.464204 -0.101224 0.160153 -0.860548 1.223500 -0.632737 0.635375 -0.994208 -0.236682 -0.133556 0.653056 -1.149282 -0.326888 0.524650 -0.017891 -0.382603 -0.135428 -0.167621 -0.267097 0.675183 0.140847 -0.622050 -0.738533 0.003232 -0.281452 -0.013391 0.024303 -0.084582 -0.353321 0.104994 0.774074 0.886469 0.529289 0.045249 -0.325245 0.144664 -0.335260 
-0.259501 0.661859 0.782693 0.253311 0.094104 0.491919 1.095109 -0.119927 -0.198889 -0.109447 -0.634058 0.317520 -0.201151 0.519661 -0.485516 -0.504852 -0.239309 -0.297839 -0.685650 -0.713275 0.285529 -0.034668 -1.182930 0.352078 -0.411375 -0.126208 0.337778 0.031208 0.626752 0.405875 -0.265514 0.383056 -0.660092 -0.265095 -0.976641 -0.091826 -0.709494 0.387616 -0.778360 -0.429986 0.190775 0.012556 -0.032994 -0.376680 0.097480 -0.218181 1.313000 0.404958 -0.136660 -0.966006 -0.066270 -0.276831 0.277637 -0.072231 0.102837 -0.725824 -0.032653 0.526084 0.857582 0.300959 0.112232 0.266026 0.200097 -0.331554 
-0.504172 0.846170 1.280490 0.554555 -0.138574 0.452481 1.422208 -0.394205 0.319323 -0.052295 -0.476380 -0.153214 0.242554 0.740930 0.321951 -0.569316 -0.237341 -0.027088 -0.412219 -0.715792 0.647969 -0.699129 -0.571701 0.405317 0.274746 -0.242772 0.617749 0.024963 -0.251928 0.005400 -0.892283 0.398998 -0.503286 -0.532876 -0.837377 -0.567366 -0.844541 0.170964 -1.319497 -0.365293 -0.021905 0.051966 0.432641 -0.602491 -0.163927 -0.139243 0.852409 0.254075 -0.223896 -1.168273 -0.025578 -0.370176 -0.374992 0.213938 -0.464781 -0.090555 0.054835 0.611873 0.867766 0.082510 0.224347 -0.270257 -0.418151 -0.431197 
0.214001 1.325343 1.433196 0.377983 -0.308535 0.292333 0.973739 -0.907460 0.157988 0.077810 -0.265944 -0.491722 -0.261524 0.490979 0.526968 0.058162 -0.090795 0.142782 0.149735 -0.093550 0.335823 -0.043650 -0.583493 0.329048 0.193267 -0.168029 0.772797 0.406504 0.025479 0.025715 -0.892279 0.168221 -0.189821 -0.490710 0.200649 -0.367387 -0.330566 0.157628 -0.644870 -0.117602 -0.329184 -0.441280 -0.003900 -0.382109 -0.365906 -0.066122 0.128432 0.655630 -0.473892 -0.368219 -0.053209 -0.411915 -0.730378 0.462374 -0.898401 -0.509555 -0.333198 0.414047 0.534869 -0.419782 0.275767 -0.951632 -1.350251 -0.331896 
0.572376 1.024599 1.007306 0.300620 -0.192664 0.126754 0.624375 -1.162379 0.419607 0.003862 -0.312614 -0.532031 -0.073601 -0.344932 0.809926 0.524731 0.273176 -0.079122 0.904119 -0.142867 0.291705 0.236255 -0.255573 0.248282 0.424175 -0.360175 0.360311 0.776431 -0.009327 -0.086384 -0.544034 0.079553 -0.075972 -0.773214 0.789138 -0.388565 -0.472507 0.242309 -0.078357 0.158992 -0.485239 -0.540904 -0.398915 -0.328903 0.186968 0.026095 0.781289 1.119999 0.758549 0.274960 -0.214179 -0.257889 -0.811689 0.031134 -0.809899 -0.919989 -0.597321 0.721236 0.023238 -0.208928 0.130190 -0.415848 -0.787724 -0.175762 
-0.281435 0.757358 0.002422 -0.004278 -0.061121 -0.407508 0.011651 -0.563957 0.044490 -0.074796 -0.407416 -0.235536 0.146065 -0.537012 0.507948 0.337073 0.002147 -0.210739 0.950316 0.036694 -0.078110 -0.127484 0.176201 0.001399 0.189553 -0.157817 0.278426 0.276689 -0.062852 0.059313 -0.263954 -0.033118 -0.283080 -0.057697 0.821192 -0.338337 0.155844 0.224757 0.039782 -0.019178 -0.404856 -0.593046 0.102527 -0.106355 0.155724 0.015169 0.271907 0.661827 0.765642 0.091098 -0.350476 0.024184 -0.618975 -0.267922 -0.293166 -0.959288 -0.285543 0.903068 -0.057293 0.135954 0.167462 -0.078241 -0.572751 0.281578 
0.047114 0.607630 0.023698 -0.112079 -0.047562 0.034856 -0.031790 -0.794291 0.107557 0.014032 -0.398326 0.120530 0.147834 -0.278578 0.384140 -0.104192 -0.039984 0.123301 0.594454 -0.191552 -0.070952 0.284969 0.001402 -0.017945 0.229356 -0.075537 -0.140727 -0.019486 0.077074 0.021441 -0.359895 0.227035 -0.198655 0.259236 0.353118 -0.214776 0.334431 0.078277 -0.042209 -0.041582 -0.225479 -0.350651 -0.454803 0.021239 0.074719 -0.011007 -0.063519 0.276652 0.554041 -0.071882 -0.237994 0.047324 -0.523453 -0.271191 -0.222576 -0.870576 -0.091944 0.356433 -0.038684 -0.161574 -0.101256 0.262120 -0.544146 0.060780 
0.188320 0.341533 -0.313912 0.109417 -0.031404 -0.155164 -0.152539 -0.780702 -0.083398 0.053222 0.115853 -0.096408 -0.073252 0.037130 -0.064115 0.130187 -0.026492 0.022581 0.341760 -0.432848 -0.193292 0.300782 0.123245 -0.088887 0.238727 0.003363 -0.080233 0.096890 0.012650 0.092139 -0.094409 0.164104 -0.072825 0.299472 0.401721 -0.242057 0.069794 -0.214698 -0.024522 0.220624 -0.174054 -0.536558 -0.295302 0.201706 0.231433 -0.030175 0.066812 -0.222657 0.716135 0.245807 -0.082920 0.010802 -0.050354 -0.105849 -0.168606 -0.476424 -0.032287 -0.130503 0.228245 -0.443452 -0.181146 -0.462115 -0.095976 -0.108300 
0.170096 0.251873 -0.407859 0.106090 -0.000239 -0.239422 -0.298576 -0.313525 -0.150534 0.017932 0.219171 -0.137940 -0.064975 0.201137 -0.088999 0.115831 -0.022366 -0.059525 0.184744 -0.052799 -0.223802 -0.182467 0.202147 -0.032430 -0.009651 -0.000403 -0.028700 0.108747 -0.040588 0.105689 0.050434 0.031443 -0.221888 0.129871 0.335651 0.110777 -0.079349 -0.183385 0.063678 0.182894 -0.111983 -0.028358 0.191570 0.035854 0.144774 -0.203513 0.131021 -0.454400 0.349268 0.180776 -0.062384 0.109147 0.114790 0.032942 -0.164136 -0.191177 0.161200 0.055268 0.200553 -0.151508 -0.019885 -0.766996 0.007532 0.028393 
0.126366 0.226666 -0.299054 0.163420 -0.072230 -0.143493 -0.171104 0.031580 -0.080546 -0.049564 -0.060056 -0.171213 0.220335 -0.077041 -0.035478 0.253431 -0.020648 0.049045 0.013323 0.037599 -0.116749 -0.175458 0.001553 0.095357 0.079285 -0.006519 -0.143157 -0.085114 0.006742 -0.023249 -0.026622 0.110844 -0.146080 0.106477 0.224201 0.075386 -0.094081 -0.204229 -0.092515 -0.007913 -0.129158 0.218355 -0.044646 -0.048716 0.078879 -0.131640 0.081823 -0.380062 0.243926 0.281871 -0.032646 0.067961 0.132880 0.325499 -0.130740 -0.084283 0.206110 0.321065 0.093012 0.168887 0.072765 -0.148449 0.060275 -0.127724 
0.072736 0.118157 -0.097724 -0.080612 0.005710 0.135301 -0.137736 0.190293 -0.093888 0.012187 -0.102732 -0.165191 0.317202 -0.130983 -0.008304 0.130414 0.042499 0.074283 0.173582 -0.074767 0.027950 -0.162707 -0.010376 -0.009398 0.033023 -0.069628 -0.029147 -0.315216 0.024124 -0.093089 0.051737 0.077980 -0.191992 0.151952 0.116733 -0.028124 -0.088721 0.010499 -0.155593 0.016601 -0.038776 0.056188 0.014967 -0.006927 0.165565 -0.140943 0.000558 -0.191581 0.126782 0.049324 0.075523 0.038631 0.136781 0.122881 -0.000298 -0.071563 0.233398 0.287036 -0.004858 0.085049 -0.041077 0.160070 -0.006105 -0.056375 
0.046265 0.076156 -0.006994 0.059564 0.058887 0.011621 -0.077926 0.082110 -0.011933 0.019410 0.136782 0.035200 0.020804 -0.073428 0.061814 -0.048139 0.094884 -0.014282 -0.024999 -0.060614 0.042952 -0.020547 0.246000 -0.020862 -0.023086 0.036094 0.048015 -0.078574 -0.013276 0.093194 0.095716 -0.036490 0.008662 0.002477 0.010993 -0.036860 0.083258 -0.083276 -0.000710 0.094618 0.038798 0.027483 -0.001182 -0.046541 -0.072568 0.047144 0.074131 -0.085343 0.011159 -0.003149 0.266463 -0.044443 -0.009204 -0.058172 0.023252 0.034420 0.071751 0.022741 -0.019910 -0.313661 -0.254475 0.108282 0.042931 -0.054499 
0.074555 0.044900 0.065233 -0.003548 0.067697 -0.017460 0.064170 -0.065141 -0.075950 -0.022756 0.080730 0.030291 0.035296 -0.002246 0.020342 0.038623 -0.070122 -0.000103 0.001368 -0.147796 0.031820 -0.026751 0.080684 -0.041467 0.064638 -0.039134 0.034659 -0.064648 -0.003824 0.037183 -0.055393 0.006867 -0.078424 0.108950 -0.031251 0.064580 0.029715 0.050185 0.033733 0.005591 0.003793 -0.007934 -0.044956 -0.054703 0.017888 0.052673 0.017117 -0.069659 -0.035904 0.082475 0.013207 -0.009131 0.044536 0.004287 -0.024759 -0.092492 0.016015 0.073591 -0.011321 -0.037569 -0.054279 0.058049 -0.083646 -0.022398 
-0.041949 0.045856 0.053757 -0.034124 -0.060730 0.066978 0.074053 0.056514 0.024056 0.009870 0.057449 -0.036681 -0.006990 0.057367 -0.043720 -0.075008 -0.063538 -0.041415 0.042247 -0.019497 -0.048849 0.044090 0.068949 0.063107 0.047494 -0.073134 -0.006420 -0.040727 -0.042704 0.025504 -0.029242 -0.063040 -0.038283 0.026577 -0.060709 0.071737 0.074048 -0.072543 0.047792 -0.083798 0.042899 -0.036460 0.052808 0.074299 0.033981 0.014019 -0.055123 -0.076456 0.081949 0.005573 -0.063846 -0.055570 0.021001 0.057464 0.046169 0.040013 0.004670 0.036804 -0.057125 -0.050323 -0.041374 -0.040701 -0.051437 0.037708 
-0.072364 0.063035 -0.001635 -0.019353 -0.003047 -0.028256 -0.015652 0.027096 0.066844 -0.018912 -0.044567 -0.001481 0.011246 0.014917 0.073118 0.031855 -0.005558 -0.042010 -0.029154 0.083048 -0.037292 -0.059631 -0.059364 0.005275 -0.064662 0.074109 0.061751 0.080943 -0.056170 0.067979 0.031619 -0.048161 0.065982 0.071481 0.019569 0.032394 0.076538 -0.022572 -0.079931 -0.014276 0.002457 0.048428 0.017885 0.029781 -0.073349 -0.071650 -0.062948 -0.010281 -0.008099 0.081703 0.063723 0.013274 -0.041820 0.030310 -0.040439 0.052248 -0.062044 -0.046282 -0.025483 0.008099 -0.019528 0.022665 0.070952 0.000105 
-0.038704 -0.005553 0.049116 -0.037811 -0.028389 0.000737 0.064801 0.045805 -0.028164 0.009521 0.077400 0.025514 0.081713 0.069463 -0.020842 0.025879 -0.065124 -0.004084 0.053320 -0.074931 -0.015698 -0.065992 -0.021058 -0.077955 -0.009942 -0.046662 0.067794 -0.040777 -0.068914 -0.058630 -0.077159 -0.017238 -0.081615 -0.030992 0.054348 0.078289 -0.022891 0.040065 -0.039305 -0.059446 -0.023820 0.071090 0.060565 0.079736 0.068200 0.022639 -0.025766 0.016822 0.067711 0.019076 0.035798 0.076749 -0.018856 0.041538 0.048279 0.012956 -0.051740 0.040475 -0.023604 0.062501 -0.042139 0.052495 -0.046457 0.020775 
-0.032543 0.024035 0.000832 -0.082856 0.014714 0.046980 -0.003357 0.060414 0.111825 -0.038620 -0.017176 0.018259 -0.082703 -0.011476 0.038758 -0.018759 0.009197 -0.010158 -0.002157 -0.013380 0.020376 0.021541 0.123404 0.034556 0.052956 0.040686 -0.069685 0.010080 -0.016953 0.122440 0.031208 0.044763 -0.040394 0.077851 -0.027401 -0.079418 -0.030707 0.039459 0.127508 -0.064075 -0.005359 -0.087826 0.016777 0.071883 0.073477 -0.062914 -0.042272 -0.036800 -0.084311 -0.100521 -0.030049 -0.034267 -0.015886 -0.051352 0.088825 0.106944 -0.081044 -0.027866 0.076524 0.075514 0.031821 -0.034077 0.008537 0.000105 
0.055046 -0.039179 -0.048254 -0.080942 0.028553 0.045033 0.050017 -0.077749 0.088949 -0.043640 -0.009944 0.036130 -0.067544 -0.044139 0.046355 -0.072165 0.055696 -0.056595 0.059843 0.035572 0.017013 0.079020 -0.031729 -0.024829 0.053081 0.055962 -0.015896 0.066923 0.042169 -0.047300 -0.029853 -0.124294 0.045513 0.006991 -0.018761 0.075837 -0.013702 -0.016302 0.044078 0.046856 0.005850 -0.027273 0.063799 -0.060675 -0.020643 0.068866 0.044347 0.039649 -0.052976 0.062266 0.066895 0.057373 0.020755 0.041925 -0.005016 0.096404 -0.018278 0.017571 -0.017412 0.061070 -0.069178 -0.066163 -0.063149 0.071362 
-0.142270 0.013265 -0.051641 -0.018742 -0.024156 0.096547 0.074684 -0.056163 0.017763 0.068451 -0.016146 0.050172 -0.019274 0.012566 0.042203 -0.082431 -0.034184 -0.056350 0.029446 -0.079712 0.098234 -0.047753 0.037407 -0.044251 0.007410 -0.035270 -0.009255 0.050484 -0.035840 0.008274 -0.030118 -0.082813 -0.008382 -0.057867 -0.025183 0.142895 0.026790 -0.061134 -0.078415 -0.083357 0.038334 -0.041489 -0.106614 0.110549 0.068077 0.054505 -0.015368 -0.013851 -0.131690 0.083852 -0.063305 -0.000576 -0.138249 -0.022063 0.118455 -0.027025 0.018940 0.089910 -0.123833 0.005565 -0.049501 0.018302 -0.025743 -0.028575 
-0.330636 -0.061230 0.058500 -0.145113 -0.079325 0.077570 0.106210 0.124804 0.013295 -0.020690 -0.041375 -0.006875 0.245741 0.045404 0.028143 -0.135263 -0.041313 -0.094148 -0.052764 -0.003288 0.025111 0.021896 -0.017353 -0.061345 -0.049781 0.012553 -0.047033 0.014010 -0.065717 -0.085760 -0.022190 -0.061210 -0.170258 -0.006829 0.072039 0.157770 -0.269471 -0.119165 0.029171 -0.098341 0.052038 -0.072608 -0.270748 0.102433 0.023047 -0.103623 0.058843 -0.049653 0.073037 0.153065 -0.050479 -0.098570 -0.093528 -0.138914 0.208041 0.146800 0.085665 0.454408 -0.175187 0.292762 0.050391 0.107630 0.043467 0.019698 
-0.427861 0.015875 0.209603 -0.070583 -0.109681 0.083126 -0.054343 0.145604 0.169135 -0.045416 -0.031459 0.225001 0.245928 -0.126769 0.077843 -0.155072 0.154009 -0.011898 -0.184710 0.032942 0.017910 -0.041281 0.090774 -0.019738 -0.171585 -0.057870 0.242352 -0.120422 0.001742 -0.104165 -0.113852 0.119241 -0.219601 -0.018000 -0.021601 0.082205 -0.169908 -0.106930 -0.029376 0.005869 0.038720 -0.086988 -0.241179 0.069199 0.032237 -0.198470 0.130625 -0.020815 0.008461 0.075286 0.052160 -0.190129 0.363980 -0.233514 0.359402 0.155585 0.052660 0.252473 0.053946 0.382044 0.233363 0.074617 0.336077 -0.066238 
-0.349196 -0.110908 0.326365 0.007439 -0.090133 0.148088 -0.322212 0.012416 0.391916 0.003267 -0.046870 0.340242 0.190317 -0.180030 -0.160486 -0.259181 -0.017926 -0.088314 -0.391420 0.043168 0.115546 -0.127819 -0.131987 -0.034771 -0.530874 -0.233458 0.265519 -0.152606 -0.211844 0.021709 -0.140322 0.408404 -0.137260 -0.160144 -0.170801 0.186171 0.073572 -0.000552 -0.051037 0.202690 -0.020048 -0.054679 -0.325284 0.141587 -0.134553 -0.106812 0.427546 -0.138660 0.040111 -0.155807 -0.081375 -0.615359 0.615716 -0.099609 0.360638 0.348018 0.152533 0.208749 -0.129603 0.192634 0.031245 0.381747 0.401677 -0.009980 
-0.223820 -0.431586 0.763082 0.039452 -0.275813 0.032478 0.280385 0.077743 0.314147 -0.065816 -0.230664 0.046620 0.167772 0.028382 -0.262624 -0.377013 -0.478058 -0.120941 -0.569309 -0.088632 0.206226 -0.271836 0.133137 -0.055275 -0.979206 -0.501291 0.201591 -0.192902 -0.582538 -0.214311 -0.187468 1.057346 -0.192378 -0.286630 -0.360100 -0.079205 -0.221294 0.127379 -0.124802 -0.008607 0.043602 0.594179 -0.330446 0.216185 -0.463794 -0.548663 0.392253 -0.325384 0.099050 -0.281799 -0.133587 -0.467974 0.652190 -0.291715 0.662453 1.197147 -0.120953 0.174616 -0.022313 -0.062143 -0.285728 0.366848 0.232658 -0.014246 
0.024735 -0.667856 0.950315 -0.211528 -0.144691 -0.365526 0.480943 -0.081492 0.423632 -0.255234 -0.648100 0.056845 0.272024 -0.049359 0.080988 -0.410036 -0.471777 0.111486 -0.423246 -0.172440 0.305216 -0.488042 0.038867 -0.186268 -0.850079 -0.611639 0.528819 -0.554528 -0.738007 -0.472995 -0.004245 1.192137 -0.357794 -0.267136 -0.580476 -0.410308 -0.244035 0.353431 -0.390857 0.693962 -0.058729 0.467235 -0.611863 0.223177 0.139982 0.111757 0.494177 -0.480716 0.127988 -0.094733 -0.170496 -0.924214 0.684160 -0.085503 -0.052755 0.710214 -0.256482 0.232297 0.057110 -0.531343 -0.297131 0.081516 0.287190 -0.163805 
0.023256 -0.392467 0.573775 -0.194870 -0.121520 -0.406209 -0.162946 -0.872920 0.895600 -0.473784 -0.703427 0.124345 0.470546 -0.021446 -0.189117 -0.404609 -0.852299 -0.184040 -0.637365 -0.284403 0.531001 -0.459725 0.242998 -0.412412 -0.706485 -1.000059 0.934742 -0.196246 -1.262107 -0.362390 0.685889 1.056794 0.450948 -0.125217 -0.493869 0.145631 -0.610805 -0.080758 -0.486580 1.132155 -0.196797 0.413298 -0.600789 -0.143163 -0.176901 -0.113575 0.320257 -0.418445 0.312399 -0.239283 -0.234907 -0.646273 0.355265 -0.211986 0.424033 0.323785 -0.250075 -0.335497 -0.294389 -0.093642 -0.308546 0.130152 0.549766 -0.188657 
0.179361 -0.379813 0.861138 -0.758025 -0.311463 0.325077 -0.105526 -0.818461 0.597494 -0.478832 -0.806405 0.780188 0.502728 -0.136879 -0.227910 -0.721535 -0.868312 -0.345505 -0.543702 -0.349080 0.947350 0.131635 -0.000516 -0.735609 -0.150604 -0.796308 0.678101 -0.017210 -1.725763 -0.332634 -0.037377 1.222717 0.297424 -0.750922 -0.814088 0.443608 -0.125994 -0.222913 -0.557889 0.848597 0.003255 0.356585 -0.772276 -0.370490 -0.346991 -0.369143 0.457492 -0.745016 0.311975 -0.300630 -0.342214 -0.498473 0.043964 -0.623228 0.403656 0.951617 -0.322430 -0.008490 -0.040952 0.057573 -0.327479 0.032928 0.056926 -0.330808 
0.439667 -0.217397 0.375681 -1.234249 -0.322634 -0.375013 -0.389668 -0.286925 0.470366 -0.253919 -0.804369 0.748391 -0.002688 0.367235 -0.589673 -0.135544 -1.019850 -0.464047 -1.029542 -0.575520 0.774817 -0.030374 -0.159875 -0.817584 0.488084 -0.624021 0.349937 -0.415053 -1.872417 -0.054298 -0.746504 0.832092 -0.375722 -0.181842 -1.310338 0.497625 -0.141066 0.164891 -0.735587 0.762244 0.138070 0.161609 -0.595150 -0.578906 -0.019825 -0.318304 0.852746 -0.444656 0.037975 -0.597793 -0.229064 -0.956384 0.184398 -0.407319 0.878626 1.230767 -0.256157 0.400055 -0.165326 -0.001833 -0.470643 0.039041 -0.352665 -0.468752 
-0.855901 0.859463 0.273142 -1.321012 -0.314706 -0.737649 -0.596734 0.154048 0.506208 -0.435380 -0.730275 0.774043 -0.490512 0.370108 -0.707162 -0.351281 -1.198682 -0.345777 -0.590034 -1.031827 -0.553133 -0.029496 0.056754 -0.675421 0.686599 -0.059530 0.119999 -0.581442 -0.697209 0.835150 -1.169316 0.230061 -0.651473 -0.335095 -1.819144 0.333995 -0.131088 0.059950 -0.659192 0.155127 0.377809 -0.058785 0.476280 -1.120905 -0.406076 -0.268092 1.827397 -0.178972 -0.100681 -0.999683 -0.213179 -1.499201 0.170898 -0.259002 0.056450 1.220952 0.809931 1.021954 0.217251 0.336986 -0.999714 0.259417 -0.816223 -0.574692 
-0.720585 1.024840 -0.115740 -1.216405 -0.175767 -0.266580 -0.190342 0.483774 0.549477 -1.070673 -1.428656 0.637203 -0.970578 0.211504 -0.609313 -0.104246 -1.616275 -0.687760 -0.705589 -0.721068 0.494658 0.178783 -0.323764 -0.245189 0.224653 -0.035127 -0.478946 -0.206475 -0.018530 1.119768 -0.562283 0.247164 -0.509626 -0.756219 -1.335861 0.142481 -0.222169 -0.043402 -0.725872 0.159369 0.317037 0.554970 0.559470 -0.694957 0.032437 -0.015590 2.149218 -0.235590 -0.336174 -0.649709 -0.489718 -1.611932 0.376926 -0.045530 -0.970286 1.415037 0.302150 1.286716 0.765100 -0.363947 -0.716447 -0.390258 -0.583623 -1.152320 
0.065357 1.582197 0.089863 -0.824321 0.476022 0.492775 1.517962 -0.307409 1.364191 -0.744879 -1.226587 0.719898 -0.013769 0.387111 -0.279897 -0.685293 -1.113130 -0.503534 -0.411479 0.130040 1.621343 0.507858 -0.323366 0.355289 0.307594 -0.015154 -0.480843 0.065708 0.454777 0.455936 0.172549 -0.123283 -0.145712 -0.543306 -0.987428 -0.584155 -0.398596 0.347131 -0.701222 -0.533931 0.345513 0.358463 -0.050115 -0.478142 0.941824 0.190907 1.607755 -0.028110 -0.341571 -0.870814 -0.390305 -1.545627 0.080712 -0.335096 -0.932541 0.327960 -0.891057 1.028580 0.483699 -0.973423 -0.214915 0.290411 -0.307778 -1.261080 
0.918286 0.501149 0.536411 -0.161278 0.113226 -0.524135 0.941504 -0.556923 1.305259 -0.286080 -0.786616 -0.549466 0.535247 0.887863 0.131180 0.014799 -0.734571 -0.296492 -0.231641 0.447535 1.058764 -0.546309 -0.241259 1.055920 -0.110168 -0.329596 0.800458 0.397517 -1.079028 -0.588080 0.313984 -0.403865 -0.667637 -0.502202 -0.066095 -0.788309 -1.374794 0.518203 -0.701669 -0.595785 -0.115045 0.784163 0.710303 -0.036830 0.028304 -0.292172 1.400591 0.251185 0.071282 -0.593127 -0.520649 -1.102523 0.507158 0.330889 -1.391003 0.048881 -0.931676 0.366794 0.556517 -0.059066 -0.367131 -0.046278 -0.749937 -1.402588 
0.909897 0.239264 0.431918 0.045392 0.480101 -1.045465 -0.293598 -0.934758 0.454675 -0.023721 -0.700200 0.249319 0.008696 0.463150 0.702906 0.428237 -0.406725 -0.060512 0.363642 0.537533 0.488138 -0.767925 0.030398 1.155998 0.343063 -0.177494 0.880400 0.313318 -1.003114 -0.743553 0.117196 -0.041086 -0.355719 -0.192933 -0.014619 -0.863515 -0.978411 0.189129 -0.510956 -0.330055 -0.697845 0.122345 0.727513 0.031117 -0.421787 -0.185375 0.920671 0.906721 0.148709 0.321131 -0.424488 -0.655534 -0.502829 0.898660 -1.685016 -1.088462 -0.967704 0.300329 0.273827 -0.302957 0.796302 -0.692686 -0.587914 -1.530969 
1.115263 0.794848 0.890005 0.076433 0.124665 -0.153945 -0.237238 -1.128183 0.149908 0.125076 -0.464149 0.508426 0.154607 -0.536385 0.792412 0.014271 -0.312963 -0.066741 0.026760 -0.198128 0.388774 0.136183 -0.101683 0.903704 0.695639 -0.280791 0.636929 0.532318 -0.368576 0.195230 0.332395 -0.644283 0.039170 -0.233465 -0.085664 -0.469746 -0.574250 -0.012846 -0.677162 -0.298035 -0.676921 0.080037 0.251849 -0.037020 -0.510357 -0.367177 0.164032 1.277828 0.853588 0.125264 -0.628340 -0.460400 -0.809972 -0.241922 -1.201968 -1.088986 -0.580925 0.580065 0.626130 -0.733419 0.725827 0.235055 -0.480122 -0.579749 
0.362024 0.334291 0.009886 -0.249891 -0.442546 0.234992 0.629027 -1.033804 0.368115 -0.436398 -0.629912 -0.471233 0.528679 -0.388415 0.499701 -0.264117 -0.197460 0.148319 0.286269 0.015596 0.270050 -0.028909 -0.460751 0.602025 -0.084579 -0.298728 0.697064 0.035411 -0.308840 0.511965 0.188719 -0.534131 -0.284904 -0.350988 0.544482 0.011469 -0.103696 0.535628 -0.757906 -0.218868 -0.908368 0.479591 -0.172660 0.327559 0.552389 -0.601540 0.084622 1.253852 1.238362 0.188793 -0.578869 -0.225521 -0.409962 -0.254735 -1.334961 -1.012780 -0.104066 1.435535 0.802630 0.019101 0.684842 0.630160 -0.888730 0.407625 
0.379145 -0.023852 0.171605 -0.509725 -0.288926 -0.072411 -0.196281 -0.802623 0.032179 -0.078014 -0.468339 -0.637282 0.462370 -0.301578 0.310462 0.139536 -0.249140 0.078932 0.718429 -0.050527 -0.106384 0.062949 -0.479115 0.202733 0.247542 -0.442466 0.340420 -0.259811 -0.530030 0.007361 0.409985 0.075298 -0.423094 0.059325 0.338034 0.115419 0.350139 0.583920 -0.026206 -0.044193 -0.729499 0.221955 -0.414889 0.196339 0.653210 -0.440156 -0.236081 0.668182 0.534547 0.409767 -0.353410 -0.166744 -0.348140 -0.060139 -0.721804 -1.164580 0.503463 1.209379 0.184160 0.192031 0.875615 0.354829 -0.161067 0.305700 
0.167559 0.039592 -0.133811 -0.959846 -0.086106 0.338611 0.394266 -0.690090 -0.198469 0.176192 -0.195345 -0.493478 -0.036077 0.059312 0.091103 0.202019 0.089817 0.102077 0.679070 -0.786552 -0.154890 0.305810 -0.402002 -0.125867 0.357127 -0.423773 -0.501280 0.078571 -0.475017 -0.184892 -0.208860 -0.201425 -0.198866 0.349974 0.610925 0.071120 0.043253 0.353607 -0.124882 -0.007564 -0.480521 -0.812151 -0.647560 0.499195 1.066643 -0.408823 -0.457474 0.364712 0.024944 1.002798 -0.322030 -0.249166 0.082367 -0.255066 -0.422411 -0.628664 0.494789 0.759674 -0.135999 -0.306426 0.315180 0.088762 0.232672 0.265830 
0.527975 -0.169032 -0.790763 -0.533657 -0.121913 0.068418 0.205778 0.016458 0.103138 0.034740 -0.294996 0.097240 -0.083673 -0.114827 0.252271 -0.246430 -0.063204 -0.089804 0.570948 -0.216977 -0.514115 0.075594 -0.088346 -0.209776 0.015373 -0.268827 -0.070027 0.341504 -0.548234 -0.036906 -0.129716 0.260580 -0.137702 0.123308 0.473982 0.330254 0.219379 0.373900 0.173527 0.046176 0.089927 -0.498925 -0.194991 0.321670 0.714027 -0.503423 -0.040948 -0.082285 -0.371494 1.020650 -0.506976 -0.046434 0.086703 0.019189 -0.429697 -0.509965 0.693254 0.093603 0.003102 -0.918484 0.523155 -0.903541 0.374661 0.316838 
0.423186 -0.100447 -0.737245 -0.216463 -0.007648 0.066476 0.108496 0.039068 -0.173391 -0.012578 -0.299048 -0.095068 -0.070753 -0.133832 -0.011267 -0.125102 -0.008967 0.106295 0.750364 0.111863 -0.435206 0.328369 0.337998 -0.154077 -0.060824 -0.045989 0.266561 0.234693 0.143520 -0.083219 0.148109 -0.053095 -0.323522 0.311492 0.488996 0.132688 0.230040 0.071704 0.463894 0.286599 0.205809 -0.582419 0.099066 0.038008 0.772332 -0.385514 0.136351 -0.796446 -0.354215 0.838571 0.032951 0.012523 0.157012 0.171383 -0.119019 -0.541028 0.511750 0.149455 -0.140275 -0.939067 -0.155529 -0.106580 0.159252 0.498075 
0.152053 -0.102564 -0.405893 -0.148679 0.067669 0.327178 0.053640 0.322162 -0.007898 0.070406 -0.023056 0.258159 0.082553 -0.059464 -0.398573 -0.294314 0.042620 0.058028 0.316240 0.064429 -0.335394 0.360001 0.379208 -0.217325 0.034025 -0.017909 0.164246 0.308352 0.010584 -0.181799 0.022662 0.006209 -0.141193 0.051515 0.095882 0.033852 0.302544 -0.143303 -0.003974 0.218441 0.155794 -0.184780 -0.071314 0.116270 0.352471 -0.239019 -0.026343 -0.235265 0.076461 0.378213 0.190950 0.115605 0.116199 -0.256177 -0.041239 -0.351332 0.106121 0.233551 -0.341830 -0.744424 -0.524014 0.585871 0.104269 0.054075 
-0.025049 -0.032462 -0.113336 -0.006622 0.037155 0.006462 0.092913 0.033358 -0.031602 0.032145 0.189563 0.091146 -0.100739 -0.100174 -0.133993 -0.116451 0.078424 -0.052001 0.330004 -0.180667 -0.199987 0.099234 0.224021 -0.079261 -0.071603 -0.140131 0.095959 0.158450 -0.125722 -0.161251 0.021619 -0.063970 0.065736 0.017530 0.016524 0.059366 0.067963 -0.050229 0.026718 0.178615 0.014919 -0.057858 -0.054356 0.018140 0.090754 -0.067739 0.073671 -0.092252 -0.051678 0.231065 0.243828 0.096449 0.031842 -0.101113 -0.030536 -0.139851 -0.065185 -0.011328 -0.064114 -0.352402 -0.295592 0.047088 0.121927 -0.042346 
0.050039 -0.019397 -0.098938 0.058515 0.048087 0.061616 -0.025498 -0.203817 -0.069912 -0.064482 0.034131 0.000636 -0.098833 -0.002625 0.080898 0.052461 0.006039 -0.021552 0.109353 -0.027968 -0.032702 -0.033644 0.053917 -0.022666 0.021732 -0.055891 0.062078 0.050935 -0.095972 -0.006075 -0.049662 -0.057193 0.009840 -0.038119 0.080887 0.050598 -0.022022 0.059697 0.024324 0.099359 -0.066293 -0.046254 0.044131 0.074124 0.076194 0.022097 0.038309 -0.065310 -0.047921 0.054566 0.105236 0.030548 -0.084980 -0.094311 -0.027217 -0.049108 -0.040836 0.149976 -0.032455 -0.055775 0.054962 0.015728 -0.084963 0.019917 
0.077518 0.002951 -0.043425 -0.012934 -0.023172 0.019522 0.074774 -0.047961 0.032623 0.024873 -0.117915 0.037236 0.050685 0.052780 0.029309 -0.043110 0.077302 0.050223 -0.023362 0.053260 -0.019961 -0.086880 -0.077535 0.056225 -0.062679 -0.044287 0.032232 -0.057001 -0.051798 -0.056760 -0.071084 -0.073657 0.002644 0.014859 0.002381 -0.057540 -0.008752 -0.032365 -0.020057 -0.078535 -0.013846 0.072046 -0.027137 0.055566 0.079311 0.020607 -0.017812 -0.057698 0.082243 0.072090 0.024405 -0.001686 0.015699 0.009856 -0.013168 0.029131 0.020777 0.078166 -0.073357 -0.006337 0.010764 -0.063412 0.025524 0.024900 
0.080655 0.040409 -0.002292 -0.001060 -0.043823 0.030725 0.060565 0.027357 -0.052910 0.003294 -0.046303 -0.043694 0.006759 0.064252 0.048808 0.049147 0.004331 0.058517 0.014753 0.071486 0.036471 -0.082724 -0.016889 -0.062783 0.024487 -0.037533 -0.007673 -0.032897 -0.031095 0.079885 -0.034191 0.050271 -0.037446 -0.046657 0.039941 -0.057079 -0.011580 -0.055529 -0.035464 -0.005501 -0.050826 -0.068333 0.083428 -0.006595 -0.045409 0.067045 -0.074073 -0.035167 -0.032040 -0.076425 -0.054861 -0.060216 0.015328 -0.008649 0.078550 0.004361 0.058589 -0.023666 -0.006107 0.003766 0.063440 0.047540 0.079274 0.041743 
0.036142 -0.009224 -0.034679 -0.027712 0.055318 0.059523 0.031182 0.033842 0.072759 -0.004690 -0.009609 -0.018491 0.014255 0.008038 0.008489 0.045235 -0.045671 0.020431 -0.037497 0.060078 0.054738 -0.042288 -0.061146 -0.071819 0.040634 0.078340 -0.064893 -0.054219 -0.076907 -0.078951 0.011539 -0.051129 0.059461 0.079459 0.035613 0.016761 0.073283 -0.004254 -0.071157 0.004793 -0.059487 0.022403 0.063836 -0.027434 0.071943 -0.065746 0.029231 -0.043453 -0.002523 -0.047478 -0.047304 -0.024328 0.052705 -0.003853 0.076168 0.064893 -0.046575 0.025689 0.081687 0.047504 0.004474 0.055000 -0.081436 0.018804 
0.007624 0.009730 -0.060409 0.074620 -0.078119 -0.010078 0.004082 -0.080627 0.070579 0.035400 -0.062087 -0.081313 -0.026651 0.003144 0.062609 0.021122 0.010363 0.022238 0.054942 -0.023975 0.038474 0.061731 0.008095 0.082009 -0.004663 -0.061712 -0.052173 -0.041160 0.050658 0.087363 -0.038448 -0.022624 0.065248 0.080695 -0.081755 0.043341 -0.051432 0.045551 -0.054672 -0.058840 -0.009116 0.080359 0.031553 0.008424 0.046680 -0.022377 0.020118 0.044837 -0.047514 0.048371 0.009999 0.065061 0.008030 0.046021 0.064790 -0.019732 0.075594 -0.036847 -0.022763 0.072618 -0.048270 0.046526 -0.031473 0.043433 
-0.013492 -0.011950 0.036981 0.039732 -0.023899 -0.037122 0.064837 -0.030621 0.036764 0.055006 -0.047487 0.003670 0.062780 0.070899 0.010546 -0.016256 0.064294 0.035217 0.025201 0.057510 0.128135 -0.040389 -0.046136 0.026455 -0.036320 -0.065298 0.034054 0.005087 0.033806 -0.009511 -0.060678 0.003743 0.022387 0.061405 0.094342 -0.010070 0.076354 -0.071698 0.022492 -0.056992 0.046694 -0.114187 0.003556 -0.004779 0.051670 -0.081895 0.051936 -0.056882 0.059176 -0.094690 -0.018788 -0.069616 -0.040131 -0.072991 0.105816 0.074462 0.040529 0.028510 0.062498 -0.057240 -0.031127 0.125406 0.059836 -0.077113 
-0.247600 0.047035 -0.004301 -0.115414 0.024636 0.172551 -0.157278 0.106983 0.039377 0.000677 -0.138089 0.083908 0.113705 -0.099653 0.185041 -0.058917 0.117905 0.038314 -0.064292 -0.064608 0.059940 -0.041401 -0.027192 -0.044969 -0.183655 0.100981 -0.043768 -0.126905 -0.024762 -0.081527 0.023086 -0.082337 0.138687 0.070467 0.032219 0.227070 -0.171004 -0.168302 0.081911 -0.455112 -0.015814 0.017670 -0.160511 0.109312 -0.189720 0.062224 -0.066327 -0.349164 0.245071 0.063883 -0.030727 -0.010904 -0.162350 -0.141938 0.369730 0.047572 -0.118429 0.089996 -0.167247 0.128030 0.042413 0.189290 0.064492 0.132498 
-0.309538 0.216240 0.036492 -0.248675 0.118189 0.174355 0.537144 0.574990 0.108778 0.118312 -0.140507 0.228909 0.409273 0.195480 0.279123 -0.344608 0.260697 -0.120555 -0.049636 -0.076468 0.184637 0.060656 0.016645 -0.166691 -0.050912 0.068317 0.128912 -0.013455 0.041738 -0.120479 -0.258253 -0.673673 -0.132746 -0.080003 0.134642 0.233249 -0.227867 -0.174842 0.024631 -0.587586 0.058551 -0.233481 -0.200836 0.138444 -0.061492 -0.089831 -0.684608 -0.089180 0.316484 0.023629 0.019317 0.106302 -0.190877 -0.302527 0.530838 0.175431 0.066376 0.212423 -0.092542 0.304405 0.307752 0.465085 0.201608 0.074790 
-0.446903 0.326106 0.352871 -0.269462 0.067709 0.189585 0.198284 0.554927 0.583640 0.019130 -0.396682 0.294307 0.795866 -0.035369 0.445672 -0.394363 0.414433 -0.265704 -0.408070 -0.125403 -0.001851 0.082806 -0.352034 -0.288714 -0.210693 0.135303 0.169916 0.134741 -0.093321 -0.302079 -0.471692 -0.609600 0.071429 -0.190358 0.028123 0.322462 -0.106704 -0.159013 -0.109618 -0.237940 -0.101745 0.045870 -0.213711 0.163544 -0.048097 -0.335597 -0.368438 -0.061431 -0.067271 -0.224050 -0.102325 0.163554 -0.331061 -0.333861 0.706559 0.491226 0.219893 0.084338 -0.040981 0.152932 0.298654 0.501231 0.329762 0.070501 
0.071954 -0.114571 0.432951 -0.102818 0.316664 0.448255 -0.208471 0.613603 0.605926 0.111232 -0.661819 0.195772 0.844480 0.035225 0.176814 -0.477612 0.523436 -0.418766 -0.396571 -0.119899 0.007450 0.031503 -0.495957 -0.375797 -0.725691 -0.379171 0.056031 0.360803 -0.369332 -0.420342 -0.254032 -0.523238 0.220579 -0.355147 -0.232470 0.116129 -0.334229 0.456131 -0.181855 -0.029627 -0.110709 0.636610 -0.270897 0.086008 -0.320909 -0.501274 0.353909 -0.149695 -0.224235 -0.188158 -0.187533 -0.139049 -0.108510 -0.356732 0.695078 0.803790 0.195390 0.318117 0.128854 -0.046870 -0.321660 0.773601 0.209825 0.079323 
0.126241 -0.578062 0.621600 -0.434525 0.441281 0.380984 0.150351 1.172104 0.072454 0.578294 -0.856823 -0.238360 0.926321 0.077647 0.357062 -0.563601 0.055242 0.120194 -0.438476 -0.477592 0.205937 -0.447324 -0.095015 -0.522659 -0.424775 -0.545607 -0.020594 0.231971 -0.697693 -0.601617 0.037923 -0.150203 0.192368 -0.229750 -0.794529 0.158607 -1.038098 0.581141 -0.554027 0.154021 -0.230968 0.637149 -0.164464 -0.193788 -0.407093 -0.828053 0.159189 -0.540830 -0.343518 0.660768 -0.154205 -0.860791 0.303165 0.056751 -0.172710 0.998651 -0.059665 0.506643 -0.225849 -0.210598 -0.051798 0.226356 0.072056 0.575712 
0.309454 -0.861918 0.931712 -1.076670 0.048900 0.691875 0.259946 0.485779 0.048786 1.027315 -1.400548 -0.419526 0.602188 -0.252551 0.166252 -0.511880 0.302938 0.236366 -0.531947 -0.519857 0.471631 -0.357892 0.106223 -0.688667 -0.661947 -0.640624 0.207570 -0.009335 -1.113852 -0.848485 0.231067 -0.171702 -0.185988 -0.292880 -0.546752 0.360422 -0.669881 0.702444 -0.751834 0.623589 -0.447697 0.277599 -0.186409 -0.526973 -0.127504 -0.266041 -0.208866 -0.316699 -0.270425 0.705295 -0.330569 -0.940563 0.131105 0.133952 -0.022115 0.294869 -0.775722 -0.488651 -0.142892 -0.710332 0.087900 -0.305918 0.678451 0.615337 
-0.122711 -0.789893 1.096817 -1.253494 -0.136463 0.184213 -0.059891 -0.499972 0.304203 0.280106 -1.589285 -0.100083 0.964187 -0.353428 -0.328695 -0.133960 -0.352375 -0.046225 -0.802069 -0.711878 0.586684 0.007682 0.251729 -1.207452 -0.318637 -1.244512 0.844253 0.136160 -1.732218 -0.615143 0.904249 0.256840 0.095505 -0.598856 -0.432483 0.749129 0.206236 0.983105 -1.031076 1.034581 -0.659002 -0.512351 -0.114869 -1.051607 -0.467571 -0.289498 0.193712 0.290479 0.955581 0.279285 -0.508053 -1.059114 0.447368 -0.447946 0.063342 0.581501 0.013748 -0.809337 -0.476069 -0.225282 -0.097942 -1.351230 0.366327 0.113967 
0.945745 -0.109306 0.883890 -1.225248 -0.728258 1.099180 -0.448278 -1.118751 0.563851 -0.273386 -1.242945 -0.226570 0.309219 -0.547637 -0.630856 0.085016 -1.160275 -0.983891 -0.036765 -1.079706 1.281834 -0.217559 -0.547387 -1.603456 0.942703 -1.366291 0.571655 0.344419 -1.032212 -0.420627 0.188563 0.103395 0.235487 -1.166630 -0.997988 0.178306 1.078968 0.069918 -1.772002 0.655124 -0.506269 -0.938844 0.391435 -0.229768 0.540248 0.354843 0.323597 -0.285500 0.536755 0.079450 -0.550847 -1.255810 0.533801 -0.274344 0.303840 0.653038 -0.004630 -1.160669 -0.508942 -0.778178 -0.332290 -1.180392 -0.169832 -0.117155 
1.303396 -0.090437 0.329492 -0.574303 -0.767041 0.137935 -0.283255 -0.853014 0.553873 0.305100 -1.323101 -0.742834 0.067010 -0.048879 -0.206233 -0.034567 -2.166032 -1.267850 -0.093129 -1.457160 1.738718 0.184204 0.007502 -1.399624 0.387556 -0.848975 0.180046 -0.228298 -0.846104 -0.623279 -1.403681 -0.569580 -0.032770 -1.252941 -1.080117 0.409328 0.806453 -0.693703 -2.006374 -0.520711 -0.249726 -0.363711 -0.255376 -0.148724 0.251376 0.102275 0.924073 -0.224606 -0.229141 0.567960 -0.790488 -1.550072 0.188227 -0.249704 0.985715 0.874453 0.739106 -0.971166 -0.378329 -0.691521 -0.793064 -0.848111 -0.674688 -0.185121 
0.680067 0.557668 0.536185 0.156966 -0.764858 -0.288495 -0.475796 -0.854308 0.262407 -0.311678 -1.551029 0.176779 0.375072 0.016969 -0.202903 0.467159 -3.322680 -1.165851 -0.243249 -1.266563 0.918611 0.123714 0.520377 -0.086087 0.537354 -0.482780 -0.231790 -0.319740 -0.742606 -0.249967 -0.471606 -0.003684 0.228236 -1.262160 -1.268339 -0.769383 0.881817 -0.282749 -1.254695 -1.854230 0.211383 -0.603520 -0.414281 -1.054561 0.534392 0.236058 1.570193 -1.230561 0.512377 -0.228936 -1.006895 -0.881092 -0.013724 0.544315 1.008018 0.857196 -0.242541 -0.633895 -0.730422 -0.718721 -0.599724 0.643422 -0.256475 -0.786114 
0.090457 0.849386 0.580005 -0.581720 -0.520569 -0.839168 -0.041280 -0.516768 -0.738729 -0.469483 -2.182143 0.543965 0.851217 0.335070 -0.183807 0.491593 -3.465830 -0.025667 -0.417589 -0.365299 0.247870 -0.087229 0.377052 0.259108 0.258851 -0.529853 -0.810117 -0.056593 0.660633 0.060405 -0.200505 0.194020 -0.241028 -0.400040 -0.893182 -1.400230 0.267986 0.030242 -0.841080 -0.721244 -0.307029 0.104053 0.137107 0.026143 -0.229608 -0.022230 0.975312 -1.464437 0.017839 -0.230327 -1.371963 -0.607258 0.208868 0.412940 0.730990 0.825995 -0.682422 -0.178664 -0.225748 -1.288717 -1.334825 0.567254 0.202072 -0.784523 
0.185865 1.768258 -0.124052 -0.934430 -1.092723 0.240981 -0.560290 -1.079192 0.125219 -0.252796 -2.463420 0.034134 0.310446 -0.462688 0.882279 -0.408587 -1.524405 0.202924 0.065144 0.368733 -0.155080 -0.135338 0.679671 -0.214665 0.199400 -0.531518 -1.059487 -0.388100 0.507120 0.093577 0.013699 0.463110 -0.504852 0.238827 -1.075981 -2.174421 0.377122 -0.451510 -0.263757 -1.104367 -1.009012 -0.228950 0.204492 -0.314461 0.623704 -1.566102 0.680287 -0.646397 -0.496098 -0.997462 -1.189246 -0.070585 0.843846 -0.287900 0.831045 0.785108 -1.464674 -0.656985 0.800840 -0.214236 -0.993694 0.194289 -0.307285 -1.150241 
1.209576 1.585360 0.708347 -0.317935 -1.000123 0.221797 0.330619 -0.442587 0.849896 -0.584640 -1.979955 0.246900 -0.051167 0.097397 0.783933 -0.335868 -1.417921 0.434997 0.843079 -0.316429 -0.136307 -0.638305 -0.052610 -0.257529 -0.036099 -0.591268 -0.624764 -0.689037 0.011066 -1.590730 0.982333 0.092153 0.026511 -0.793714 -0.343186 -1.439493 -0.471997 -0.092656 -1.419074 0.114834 -1.761812 1.028904 -0.423605 0.020450 0.943763 -0.975807 0.479284 0.170548 0.149440 -1.387817 -1.030984 -0.124336 0.815716 -0.233432 -0.213471 -0.217026 -2.049513 -0.689067 0.984877 -0.736232 -0.095329 0.135154 -0.568193 -1.280031 
0.900770 0.902179 -0.333343 -0.885756 -0.536366 -0.321714 -0.293820 -0.208318 0.867389 -1.339780 -1.724585 0.033978 -0.055335 0.783510 1.082499 1.027763 -1.683022 -0.351899 0.460180 0.242013 1.719535 0.755337 -0.716970 -0.113145 0.185221 -0.523485 -0.879747 -0.851769 -0.770938 -1.894502 0.263003 -0.140386 -0.186708 -0.521724 0.611397 -0.606947 0.183278 0.312026 0.030124 0.178284 -1.157530 0.199566 0.558406 0.556519 1.206668 -0.608444 -0.289543 1.104679 0.919686 -0.616440 -1.148858 -0.460649 -0.412714 0.659513 -0.608288 -1.029579 -2.276963 -0.553746 1.367719 -0.452815 0.073326 -0.356728 -0.376373 -1.116044 
1.062343 0.274375 0.552885 -0.551579 0.057923 -0.365433 -0.144675 -0.784745 0.492586 -0.948513 -1.817993 0.772846 0.460047 0.400452 1.181054 0.493180 -0.964771 -1.145050 -0.467676 -0.675337 1.879858 -0.346065 -0.807558 -0.077862 0.420484 -0.389792 -0.167165 -1.094090 -0.983767 -0.217420 0.389389 -0.163511 -0.312717 0.162934 -0.104494 -0.064266 -0.485968 0.442214 -0.805345 -0.037372 -0.807630 0.860490 0.771466 0.328355 1.210429 -1.070850 -0.640674 1.781968 0.514724 -0.713045 -1.342944 -0.121664 -1.395922 0.726315 -0.656189 -0.851600 -0.683130 -0.129010 1.256589 -0.353463 1.058267 1.177701 0.598314 -1.161462 
1.031493 0.002565 0.198493 -0.975131 -0.805659 0.040999 0.556931 -1.202126 0.700381 -0.609523 -1.556460 0.222365 0.530971 -0.417154 0.240804 0.255051 -0.993770 -1.040564 -0.492676 -0.189140 1.395367 -0.068805 -0.275602 -0.159002 -0.541925 -0.756570 0.447675 -1.024535 -0.469493 0.583815 -0.187667 0.019984 -0.380379 -0.215441 0.306968 0.058515 -0.925784 0.297435 -0.236932 -0.127569 -0.323856 0.889146 -0.168513 0.873332 0.037984 -0.914269 0.374352 1.532210 0.381906 -1.086176 -1.265138 -0.718326 -1.334430 0.708844 -1.003351 -0.877894 0.809847 0.772698 0.831037 -0.166364 0.907673 1.246867 0.360407 -1.124600 
0.816246 -0.899236 0.351067 -0.137187 -0.745640 -0.206039 1.063469 -1.087302 0.770944 -0.441631 -0.683727 -0.460361 -0.124215 -0.695949 -0.089818 0.887356 -0.949733 -0.543100 0.851671 -0.106373 0.702731 -0.715204 0.150395 -0.071804 -0.937971 -0.608886 0.029788 -0.519017 0.033189 0.028249 -0.164014 -0.280149 -0.241154 -0.291354 0.253023 0.165335 -0.563410 0.455399 0.370871 0.114030 -0.051505 0.541675 -0.364320 0.229832 0.438023 -0.412876 0.713867 0.358873 -0.494285 -0.387296 -0.546406 -0.632737 -0.721746 0.886609 -1.642953 -1.293478 1.349963 0.191292 0.132199 -0.134971 0.209242 0.564970 0.121403 -1.272794 
0.464258 -0.726380 0.251155 -0.436584 0.008158 -0.191685 0.243657 -0.585606 0.046190 -0.745338 -0.667887 -0.458510 -0.577722 -0.224859 -0.267495 0.482655 -0.388041 -0.177377 0.226559 0.177758 -0.075886 -0.280700 0.596498 -0.081126 -0.162073 -0.448569 -0.092727 -0.216021 -0.762488 -0.706817 0.144280 -0.291168 -0.641493 -0.502491 0.405096 0.181387 -0.150377 0.700928 0.438812 0.300267 -0.273100 -0.221548 -0.241463 -0.435589 0.936145 -0.235521 0.528364 -0.248329 -0.930713 0.705107 -0.617401 -0.984714 0.010751 0.288341 -1.104040 -0.718635 0.750956 0.124625 0.235216 -0.111341 0.416078 0.456088 0.273716 -0.618622 
0.700652 -0.580766 -0.013888 -0.808313 0.328474 0.377079 0.761326 -0.253735 0.216689 -0.533437 -0.441214 0.069632 -0.626860 -0.179427 -0.288555 -0.612630 -0.433960 -0.042316 0.794311 0.444848 -0.827755 0.205207 0.671963 -0.214507 -0.158270 -0.371831 -0.021813 0.126933 -0.303058 -0.152211 -0.234487 -0.140093 -0.225654 -0.277500 0.339352 0.123350 0.157062 0.959498 0.699376 0.182268 -0.086491 -1.052276 -0.175475 -0.646298 0.765427 -0.025515 -0.282033 -0.082757 -1.075479 0.835702 -0.462294 -0.338146 0.199761 -0.112240 -0.681541 -0.746950 1.148786 0.242603 -0.221496 -0.456840 -0.264152 -0.273600 0.312609 0.121078 
0.556715 -0.314356 -0.347409 -0.524223 0.520517 0.443278 0.518941 0.180292 0.168386 -0.160933 -0.563792 0.175668 -0.490533 -0.304445 -0.547629 -0.583836 -0.237779 0.088895 0.913875 0.275505 -0.825307 0.401807 0.645906 -0.163445 -0.093060 -0.400603 0.262597 0.628243 0.218852 -0.203977 -0.048009 -0.213251 0.174765 -0.007076 0.474510 0.294729 -0.059064 0.606319 0.469636 0.170868 -0.261146 -0.971719 -0.073485 -0.530799 0.695544 -0.058375 -0.250128 -0.665847 -0.819691 0.529870 -0.258855 0.105829 0.036042 -0.227998 -0.321595 -0.796595 0.822145 0.685485 -0.331971 -0.587596 -0.538073 0.111432 0.022176 0.386409 
0.314086 -0.159026 -0.503628 -0.124027 0.113473 0.316782 0.237938 0.041513 0.172073 -0.147687 -0.312299 0.268474 -0.333669 -0.187414 -0.408751 -0.350614 -0.005949 0.131614 0.486628 0.147920 -0.263936 0.663304 0.589127 -0.170208 -0.037687 -0.143950 0.144785 0.649820 -0.031548 -0.117730 0.221110 -0.034742 0.279393 -0.079954 0.325128 0.040901 -0.064159 0.026718 0.134563 0.204779 -0.006696 -0.757508 -0.000126 0.071374 0.508381 -0.308659 -0.207337 -0.439935 -0.096645 0.575605 -0.064010 0.239938 0.046614 -0.520188 -0.012666 -0.451530 0.226975 0.577379 -0.561282 -0.852945 -0.631152 0.240035 0.220985 0.282432 
-0.011258 -0.018818 -0.158529 0.122712 -0.044544 0.201536 0.094550 -0.099412 0.046943 -0.124603 -0.006563 0.197379 -0.178018 -0.281813 -0.110943 -0.027367 -0.069075 -0.093721 0.086894 -0.091728 0.059652 0.385043 0.305047 -0.050060 0.009546 -0.176147 0.042638 0.319754 -0.187045 -0.193434 0.026936 0.043288 0.035791 -0.060372 0.105664 -0.045122 -0.069233 -0.053944 0.083567 0.202176 0.075031 -0.035493 -0.074950 0.166196 0.055500 0.000552 0.006770 -0.105551 0.011138 0.236586 -0.036664 0.038086 -0.010039 -0.233007 0.065890 -0.071213 0.126492 0.442372 -0.107323 -0.186957 -0.222693 -0.064231 0.044378 -0.015351 
0.016191 0.023940 -0.009764 0.007767 -0.024049 -0.013589 0.075685 -0.092383 -0.008800 0.043100 -0.172354 0.093364 0.037286 0.001967 0.178281 -0.030188 0.040566 -0.105928 -0.033969 -0.015046 -0.035265 -0.131905 0.010782 0.079921 0.015598 -0.059068 0.016820 -0.056591 0.023798 -0.198847 -0.103790 0.045074 0.006561 -0.046956 0.023744 0.031638 -0.108984 -0.031137 -0.069047 0.020899 0.026831 -0.023725 0.064102 0.044685 0.034991 -0.067707 0.077874 0.022808 0.029808 0.236834 -0.020471 0.088719 -0.013031 0.016262 -0.010970 0.056484 0.083395 0.290947 -0.000576 0.096521 0.053246 -0.037397 -0.008690 -0.147965 
-0.043852 0.030673 -0.070927 0.002372 -0.055014 0.052668 -0.063594 -0.054442 0.008273 -0.009313 -0.010194 0.042585 0.079501 -0.011925 0.061074 0.061442 0.078565 0.077962 0.050984 -0.072921 0.054105 0.021780 0.070156 0.046837 -0.062100 0.009947 -0.067274 0.028564 0.068070 -0.165170 0.011903 -0.064938 -0.071325 0.055101 0.014285 -0.011590 -0.003624 -0.055316 0.042575 0.074922 -0.073849 0.027836 -0.055297 0.054202 0.007417 -0.080903 0.007617 0.003554 0.058380 0.021533 -0.028441 0.003973 0.047466 0.030991 -0.023737 0.058165 0.003001 0.154289 0.046554 0.052989 0.087762 -0.023554 0.059810 0.006089 
0.061181 0.051570 0.000850 0.026870 -0.008351 0.050210 0.023938 0.050728 0.031403 -0.060981 -0.019923 0.019014 -0.039104 -0.077714 0.030602 0.069165 -0.057069 0.057449 -0.036116 0.028816 -0.027753 -0.007303 0.003427 -0.043335 -0.043736 0.007498 0.062737 -0.040506 -0.051344 0.080563 0.038843 -0.078571 -0.026834 0.018830 -0.048926 0.033945 -0.031331 0.063918 -0.006585 0.071065 -0.034104 -0.037616 -0.020067 -0.019533 0.017377 -0.046020 -0.065956 0.071491 -0.008972 -0.018070 -0.044778 0.006045 -0.073396 0.074566 -0.063826 -0.079567 0.056016 0.053105 -0.044054 0.024179 0.009075 0.000726 0.071347 -0.015092 
0.006897 -0.015918 -0.004117 -0.002682 0.031276 -0.042102 0.079317 -0.033883 -0.058596 0.026047 0.041889 0.047741 0.058458 -0.029139 0.070202 -0.011693 -0.029158 0.074787 0.055517 0.000988 -0.028590 -0.041015 0.071156 -0.057033 0.002190 -0.013264 0.052664 0.043837 0.021803 -0.063748 -0.071080 -0.054573 0.046684 -0.000108 0.017908 -0.027250 0.053808 -0.017089 0.075795 0.057961 0.043201 -0.083386 0.008451 0.062312 -0.073483 -0.022097 -0.038438 -0.050809 0.042599 0.065636 -0.059704 0.020205 -0.037381 -0.047998 0.037211 0.001858 0.071987 0.028259 0.071830 0.062516 0.066194 0.033151 0.061862 0.007576 
0.011823 -0.020228 -0.002674 -0.075618 0.056765 -0.019127 -0.091031 0.082948 0.013212 0.009114 0.007850 -0.139784 -0.061108 -0.107187 -0.019960 0.064980 0.108471 0.046876 0.057467 -0.019523 0.069048 0.002305 -0.030548 0.077933 -0.083382 -0.055183 -0.047770 0.100513 0.020994 0.032203 -0.107809 0.018372 -0.024525 0.011728 -0.014239 0.026307 -0.034729 -0.034873 0.015248 0.021647 0.029481 -0.037495 -0.004567 0.044905 0.022219 0.057437 -0.003598 -0.063050 -0.056605 -0.026588 0.063244 0.031577 0.007296 -0.014649 0.024448 0.061611 0.068759 -0.065793 0.039856 -0.118822 0.048418 -0.014390 -0.055410 0.029818 
-0.141318 0.090844 -0.076585 0.031839 0.118166 -0.175451 -0.141987 0.098853 0.107936 -0.021720 0.008078 -0.051508 -0.029973 -0.087262 0.081662 -0.092901 0.082974 -0.068208 -0.150881 0.133977 0.078784 0.073481 0.030782 0.011871 -0.262754 0.190949 0.006332 0.017798 -0.085765 -0.009270 0.025072 -0.102488 -0.065716 -0.023199 0.064881 0.012056 -0.031273 -0.046492 0.127169 -0.219456 0.014249 -0.009816 0.141590 -0.005334 -0.066257 -0.019929 -0.040970 -0.013944 0.241366 -0.024451 0.021939 0.010045 -0.179682 0.031343 0.245057 0.001203 -0.137392 0.008015 0.084096 0.152685 -0.009406 -0.065069 0.003899 -0.033460 
-0.222587 0.248909 -0.053949 -0.034787 0.284042 -0.105593 -0.276682 -0.130680 0.195662 0.051098 -0.003745 0.023653 0.115219 -0.036025 0.201020 -0.185130 -0.080068 0.039541 -0.234894 0.153144 0.183435 -0.070539 0.033987 0.185807 -0.174505 0.196232 -0.045003 -0.064012 0.051685 -0.061695 0.141772 0.167149 0.231896 -0.058375 -0.009228 0.222944 -0.143466 -0.079753 0.011001 -0.628003 0.091990 0.338854 0.071557 0.124189 -0.132266 -0.048512 -0.219663 -0.336097 0.157667 -0.026367 -0.100707 0.125608 0.107940 -0.138067 0.590503 0.136207 -0.190343 0.228783 -0.124257 0.020082 0.075809 0.136376 0.247629 0.127492 
-0.113731 0.428750 0.066791 -0.393307 0.174471 -0.045317 0.085958 0.389428 0.273914 -0.075880 -0.164085 0.212592 0.552819 0.380020 0.276021 -0.341508 -0.565039 0.151309 -0.291411 -0.079020 -0.049589 0.103641 -0.111174 0.205308 0.015871 0.416360 -0.172898 0.106439 0.011083 -0.335786 -0.057629 -0.582126 -0.066117 -0.148016 0.095896 0.414811 -0.127989 -0.188209 -0.132129 -0.345919 -0.101982 0.260623 -0.334243 0.445627 0.012495 -0.194595 -0.742915 0.009473 0.486322 -0.214440 -0.213069 0.475173 -0.085596 -0.274818 0.377245 -0.212476 0.112092 0.351574 0.098274 0.042487 0.307436 0.380342 0.226366 0.100768 
-0.376448 -0.304894 0.233586 -0.540162 0.156203 -0.154622 0.024696 0.673850 0.778300 0.099386 -0.370784 0.933104 0.952197 0.254078 0.075624 -0.573273 0.241927 -0.243099 -0.599268 -0.139676 0.225571 -0.057821 0.024189 -0.075400 -0.266196 0.293798 -0.023293 0.249805 -0.217280 -0.992779 -0.276406 -0.925205 0.215797 -0.480697 0.064062 0.335192 -0.179748 0.164135 -0.219440 -0.692019 -0.230780 0.363847 -0.466631 0.627707 0.360266 -0.615523 -0.220498 0.145686 0.252679 -0.321550 -0.268540 0.554859 -0.330339 -0.476436 0.617959 0.151656 0.553254 0.355724 0.027482 0.251750 0.138447 0.370896 -0.013005 -0.142980 
0.040163 -0.827134 0.315478 -0.739158 0.191070 -0.060164 0.302589 0.885174 0.315137 0.282127 -0.764503 0.624072 0.197401 -0.246049 0.251560 -0.560477 0.626897 -1.099132 -0.578213 -0.252501 0.853762 -0.350784 0.401636 -0.123466 -0.131732 -0.561502 -0.262263 -0.172280 -0.488776 -1.208146 0.109337 -0.643228 0.373174 -0.364438 0.126210 -0.122118 -0.752565 0.751911 -0.299126 -0.631871 -0.731383 0.472300 -0.172241 0.264031 -0.177327 -0.821986 0.439777 0.083038 -0.975661 0.410907 -0.379071 0.246145 0.149798 -0.432799 0.361815 0.059085 0.252965 0.535289 0.023184 0.315136 -0.537536 0.829220 0.035331 -0.166439 
-0.049279 -1.071927 -0.278003 -1.331134 0.506830 0.418062 0.143140 1.159324 0.065139 0.396009 -1.058565 0.535799 -0.095189 -0.107803 0.448781 -0.445437 0.753032 -0.782315 -0.539773 -0.494195 0.791005 -0.064813 0.072933 -0.186136 -0.101771 -0.810521 -0.658087 -0.077948 -0.835581 -0.453763 0.760168 -0.895644 0.338775 -0.039508 -0.247256 0.444560 -0.646351 0.405674 -0.405469 0.989467 -0.738425 0.805430 -0.265718 -0.540593 0.178082 -0.898035 0.455307 0.097130 -0.896147 0.704049 -0.384272 0.038907 -0.009468 -0.172080 -0.344926 -0.283982 0.175491 -0.288654 -0.223344 -0.172755 -0.970670 0.171418 -0.226700 0.244331 
-0.301335 -0.992998 1.247720 -1.386847 0.424677 0.041045 -0.525133 0.484723 0.285458 0.549615 -0.970990 0.824056 0.072744 -0.332532 -0.580785 -0.956325 0.826430 0.358489 -0.866314 -0.464897 0.560314 -0.174027 0.789992 -0.772603 -0.173938 -1.410662 -0.122340 -0.089045 -1.487676 -0.586588 0.751533 -0.807168 0.467817 -0.278387 -0.998564 0.694618 -0.563657 -0.077992 -0.965358 1.101311 -0.933948 0.921218 -0.024061 -0.446578 -1.073673 -0.351146 -0.191072 0.341908 -0.300299 0.231613 -0.809721 0.234090 -0.345083 -0.109384 1.455592 -0.660049 0.135957 -0.941193 -0.560649 -0.826475 -0.375537 0.275555 -0.089473 -0.040918 
-0.349566 -0.457679 2.012229 -0.951335 0.619443 -0.101468 -0.388752 -0.987459 1.374932 -0.121377 -1.449644 0.867416 0.313348 -1.060257 -0.686606 -0.099817 -0.494739 -0.661076 0.099543 -0.691494 1.494724 -0.218531 1.569762 -0.866294 0.314111 -1.592560 0.818681 1.185050 -1.279507 -0.657152 0.305204 -0.969100 0.645092 -0.974931 -0.512876 -0.743944 0.586776 0.346895 -1.460973 -0.080347 -1.494208 -0.354678 -0.021743 -0.944496 -0.549865 -0.143923 0.932340 -0.233488 0.546083 0.134401 -1.146933 0.760959 -0.433762 -0.575504 1.048004 -0.260865 -0.608932 -1.585271 -0.277960 -0.113587 0.296017 0.083411 -0.882699 -0.065794 
-0.849332 0.011990 1.117677 -0.613816 0.316372 0.003055 0.571329 -0.208102 0.477506 0.119182 -0.664635 0.059847 0.485558 -1.350860 0.152618 0.140807 -1.692112 -1.689251 0.037641 -1.596910 1.776500 -0.142553 0.286622 -0.738974 0.074770 -0.559460 0.554613 0.132562 -1.164463 -0.977943 -0.497190 -0.538467 0.276258 -0.517770 -0.534491 -0.599371 1.019699 0.695615 -1.604518 0.010659 -1.348732 -1.376884 0.269269 0.108114 -0.001128 0.459412 0.303809 -0.840891 0.930052 0.556426 -1.157423 0.503237 0.263888 -0.084097 0.370107 0.185472 -0.016963 -1.682379 0.673079 0.057925 -0.387386 0.002613 -0.505207 0.315320 
0.009786 0.144025 0.698631 -0.041652 0.245368 0.020861 -0.339645 0.270032 0.012044 0.300114 -0.772627 0.369342 -0.372200 -1.412143 -0.266285 0.016084 -1.550870 -0.414636 -0.410310 -1.717140 2.613279 0.553960 -0.522271 0.293257 -0.939465 -0.538191 0.229239 -0.584600 -0.080492 -0.117847 -0.268349 -0.753876 0.149295 0.134708 -0.735644 0.047458 0.334402 0.166078 -1.881189 -1.334641 -0.920670 -0.603960 0.903026 -0.300749 0.143080 0.120543 -0.317279 -0.123068 0.301249 0.880825 -1.941504 -0.375214 0.482255 -0.227980 -0.499051 0.474644 0.168786 -1.543999 0.194250 -0.983786 -0.820397 0.431818 -0.040707 0.179496 
-0.443737 0.528720 0.171460 0.953431 0.141143 0.524375 -0.231210 -0.692285 -0.079676 0.798069 -1.035363 0.479902 0.568931 -0.875648 0.417583 0.084085 0.423527 0.027928 -0.421919 -1.668365 2.084966 -0.574856 -0.873052 1.010628 -0.399670 -0.464703 0.165706 0.525179 -0.259306 0.064371 -1.015273 -0.946513 0.482539 -0.332367 -0.665819 -1.616247 0.476962 -0.021749 -0.922110 -2.371159 0.147836 0.175011 0.205722 -0.730279 -0.390922 0.258992 0.422930 -0.699524 -0.234992 -0.408561 -1.896521 -0.488227 -0.259714 -0.967282 -0.063191 0.494710 -0.127334 -2.467046 -0.595813 -0.676773 0.237668 0.120920 -0.235974 -0.230556 
0.419981 1.029573 0.899267 -0.155849 0.507224 0.436224 0.175218 -1.096561 0.846037 -0.340714 -1.288992 1.330898 1.004936 -0.583353 -0.197232 0.145495 -0.667429 0.042063 0.062458 -0.797800 2.428707 -0.138666 -0.296776 0.967049 -0.195584 -0.608689 0.910588 0.125052 0.174332 0.839965 -0.306559 -0.648635 -0.391304 -0.315136 -1.070236 -1.602933 0.103741 -0.282758 -0.509203 -2.151980 0.279076 -0.460835 0.497803 0.560582 -0.016811 0.019213 -0.264401 -1.633019 -0.419083 -0.903571 -1.974763 -0.780096 -0.247731 -0.242984 0.058247 0.538052 -0.494777 -1.985759 -0.038076 -0.919108 0.581005 0.153431 0.105357 -0.499414 
0.969802 1.601133 0.772650 0.689887 -0.236728 -0.239182 -0.578489 -1.137060 0.664034 -0.024395 -0.861715 0.353543 0.442999 -0.476757 -0.836745 1.179857 -1.569025 -0.313859 0.617179 -0.264279 2.850130 -0.390014 -0.367450 0.773750 -0.504154 -1.233481 0.244180 0.268238 -0.182474 0.720718 -0.607232 -0.929417 -1.489395 -0.270233 -0.615875 -1.213058 -0.636000 -0.648515 -0.937399 -1.191401 1.225101 0.457616 -0.165126 0.461563 0.766533 -0.772080 -0.453324 -0.925801 -0.519195 -0.802149 -1.978389 -0.123299 -0.552610 0.092838 -0.930697 -0.628907 -2.827501 -0.326811 -0.005717 -0.126148 -1.083364 -0.028212 0.474798 -0.035953 
0.877894 0.483176 1.084279 0.481561 -0.728245 0.685722 -0.104112 -0.221588 0.283535 0.340815 -1.724034 0.199564 -0.083486 -0.204597 -0.777258 0.542151 -1.579705 -0.675700 0.089428 0.254385 2.508778 0.040153 -0.490339 0.301707 -0.025184 -0.816640 0.821452 0.551309 -0.821983 0.328689 0.517053 -0.226987 -0.804068 -0.559927 -0.027366 -0.759907 -1.040169 -0.667495 -0.793485 -0.429961 0.351324 -0.429369 -0.207716 -0.310423 1.680669 -1.600445 -0.202123 0.031725 0.038004 -1.443914 -1.309275 -0.240558 -1.278198 -0.570064 -0.385060 0.178195 -4.563164 -0.094868 -0.062853 -0.294210 -0.585997 0.290548 0.223331 0.519219 
0.189638 0.014286 -0.097431 -0.595453 -0.570820 0.374053 0.613377 0.851279 0.331769 0.050598 -1.429289 0.537588 0.110539 -0.693181 -1.034445 0.522466 -0.331293 0.051992 0.703070 0.446455 2.959236 -0.093799 -1.305118 0.035675 -0.485111 -0.610708 0.431188 0.311826 -1.106741 -0.332805 0.234512 -0.488669 0.036210 -0.016558 -0.127113 0.596790 -1.544164 0.015942 0.151183 -0.064394 1.590086 -0.193969 0.392278 -0.325646 1.092092 -1.783533 -0.703912 1.648579 -0.029011 -1.093306 -0.502172 -0.510104 -0.623583 -0.581241 -0.041426 0.865988 -2.925676 -1.157645 0.965949 -0.484155 -0.339029 0.647397 0.392782 0.381300 
0.852755 0.249921 0.335770 -0.514742 -0.469376 -0.822221 0.229685 -0.244205 0.492714 -0.273215 -0.569267 0.529913 -0.531240 0.586297 -0.573776 -0.365415 -1.285874 -1.887673 0.979270 0.057625 1.851620 -0.489356 -1.085190 -0.607089 0.801678 0.164364 1.304799 -0.389388 0.510766 1.007219 -0.996649 -0.492346 -0.523256 -0.038739 0.351287 0.573212 -1.302155 -0.036836 0.037404 -0.154357 1.562685 0.009392 1.067378 -0.077703 1.013410 -1.336367 -0.642401 1.480630 -0.757801 -1.398826 -0.209281 -0.217994 -1.157401 -0.239163 -1.593617 0.071300 -0.207814 -1.355579 0.701540 -0.087905 0.092171 0.503296 0.344488 -0.486816 
1.088224 -1.082069 0.385286 -0.372074 -0.283832 -0.304141 0.582024 0.444958 -0.175037 -0.465265 -0.058539 -0.787709 0.581225 0.474598 -0.386695 0.076323 -1.892039 -1.108378 0.726016 -0.262210 0.550111 -0.090516 0.409638 -0.734543 -0.168820 -0.250916 0.211262 -0.762786 0.334070 -0.308943 -0.178427 0.075031 -0.213137 -1.190892 0.044998 0.794522 -0.050346 0.532021 -0.499773 -0.224482 -0.362552 0.763847 0.244026 0.029104 0.786226 -1.043183 -0.018040 1.805796 -0.889205 -0.355547 -0.656703 0.006780 -0.391499 0.293507 -2.425543 -1.616532 0.618570 -1.141144 0.223208 -1.359700 -0.103282 0.314653 1.189510 -0.261644 
1.340038 -1.415626 -0.086028 1.010010 -0.834547 -0.153693 1.164746 -0.123275 0.597829 0.404837 -0.228083 0.049068 -0.608357 -0.297363 -0.676360 -0.733377 -1.516862 -0.702819 1.113634 -0.069016 -0.016686 0.086940 0.400818 -0.695748 -0.750505 -1.013660 0.452344 0.090422 0.838896 -0.208826 -0.813784 -1.108162 0.638153 -0.206546 0.974770 0.709345 -0.366903 0.666494 0.469187 0.081056 0.169221 0.437738 0.048833 0.147015 1.034456 -0.384789 0.013921 1.122984 -1.808226 -0.705644 -1.120147 -0.381155 -0.653493 0.594504 -1.834236 -1.442854 1.312509 -1.628846 -0.242124 -1.065606 -0.365457 -0.043758 -0.011287 -0.425249 
0.681269 -1.512398 -0.072066 0.429076 0.054965 -0.206073 0.584249 -0.175892 -0.577793 0.075747 -0.687762 0.047332 -0.336722 -0.453186 -0.161270 -0.081848 -0.727621 -0.594902 0.388625 -0.078684 0.022450 -0.413521 1.111207 0.335135 -0.988899 -0.010371 0.037039 0.394601 0.017723 0.107833 0.584410 -0.732768 0.424167 -0.271360 0.931493 0.401577 -0.375343 0.982545 0.117279 -0.408825 0.384017 0.106954 0.307904 -0.567577 0.099006 0.030712 -0.231869 0.312382 -2.186309 0.312853 -0.844100 -0.822254 -0.634810 0.348014 -1.577121 -0.899475 0.850784 -0.667241 -0.000123 -0.546978 0.562853 0.504034 -0.097438 -0.337697 
0.960133 -1.075744 0.201452 -0.559098 -0.219937 0.351027 0.453467 -0.761064 -0.307158 -0.725488 -0.766769 -0.025355 -0.088060 0.059368 -0.023867 -0.406122 -0.694685 0.380029 0.614850 0.297434 -0.350392 0.020604 0.071770 0.623137 -0.340363 -0.312073 0.062024 -0.036173 0.185223 -0.275696 -0.052184 0.240176 0.352222 -0.479926 1.050826 0.006410 0.414683 0.903985 0.292452 -0.064943 -0.124422 -0.586793 0.131371 -0.638331 -0.033860 -0.164226 -0.520927 -0.943937 -1.861495 1.224638 -0.583800 -0.007260 -0.347023 0.172279 -1.030127 -0.977889 -0.152944 -0.107354 0.193992 -0.499794 -0.105261 0.429775 -0.183104 0.135886 
0.834425 -0.645866 -0.343692 -0.564719 -0.380757 0.067120 0.402710 0.033425 0.187341 -0.854620 -0.276702 0.564194 -0.792812 0.197194 -0.860918 -1.063265 -0.510973 0.574028 0.645065 0.329656 -0.548642 0.335654 0.332157 0.207396 -0.095795 -0.476959 -0.455273 0.210100 0.811243 -0.461361 -0.416996 -0.375445 0.156980 -0.938939 0.815336 0.234254 0.206387 0.615615 0.426435 0.308479 -0.389650 -0.761015 -0.359660 -0.404868 0.075466 -0.155819 0.409105 -0.746978 -1.475243 1.002546 -0.398928 0.134370 -0.123212 -0.249889 -0.352464 -0.920095 0.633723 0.193624 -0.473538 -0.358152 -0.941163 0.200998 -0.284376 0.559811 
0.341415 -0.272613 -0.495790 -0.789312 -0.283970 0.226196 0.432135 -0.176586 0.310972 -0.466554 0.032266 0.463083 -0.253786 0.059325 -0.561045 -0.702420 -0.144008 0.485412 0.645584 -0.214052 -0.609953 0.434193 0.058838 -0.121889 -0.182234 -0.440751 0.016171 0.378817 0.209971 -0.291624 0.116358 0.144672 0.203896 -0.271962 0.460344 -0.041297 -0.395823 0.161069 0.159378 0.441599 -0.268946 -0.776432 -0.017184 0.022620 -0.041417 0.229983 0.111248 -0.649893 -0.623695 0.597389 -0.158776 0.019467 0.100463 -0.324569 -0.142594 -0.484945 0.516891 0.404184 -0.740871 -0.215659 -1.089407 0.206552 0.141366 0.210791 
0.109829 0.032142 -0.264826 -0.277571 0.065556 0.284103 0.272752 -0.122914 0.043956 -0.451542 0.501679 0.287649 -0.088381 -0.013368 -0.282958 0.060651 -0.116368 -0.044001 0.346701 -0.422013 -0.053777 0.204216 0.111754 -0.104341 -0.080326 -0.200539 -0.087476 0.020170 -0.000822 -0.012191 0.086404 -0.136560 0.114455 -0.306056 0.042531 0.059880 -0.209425 0.117084 -0.084938 0.326200 0.001446 -0.256184 -0.063650 0.255312 0.208532 0.364191 -0.032117 -0.098324 0.011316 0.228350 -0.115584 0.015404 0.089061 -0.164078 0.042085 -0.039230 0.112103 0.190820 -0.306379 -0.094948 -0.415653 0.107228 0.019608 -0.098002 
-0.003938 -0.004095 0.002192 -0.175926 0.094448 0.101129 0.105751 -0.095705 -0.006204 0.003933 0.229681 0.118833 0.003156 0.023386 0.014304 -0.072977 -0.068363 0.083748 0.088271 -0.095244 0.074943 -0.016049 0.007441 0.059193 -0.056793 0.061951 -0.106337 0.027106 0.036178 -0.011901 0.029831 0.026655 0.030867 -0.137073 0.045616 0.022957 -0.002833 0.074290 0.009887 0.037898 0.079522 -0.013721 -0.072787 -0.012387 -0.047584 0.188567 0.014713 -0.001224 0.017406 0.016942 0.030758 -0.004141 -0.005193 -0.087057 -0.079869 -0.078905 0.075631 0.105179 -0.138259 0.009734 0.003085 0.132657 -0.082363 0.003770 
0.018118 -0.059469 0.042133 -0.008841 0.081621 -0.012130 0.057654 0.017869 0.009773 0.044486 -0.047134 -0.033562 -0.033512 -0.043588 0.053052 0.088364 0.004454 0.023476 -0.022341 -0.159053 0.068961 -0.024413 0.047148 0.015133 -0.068103 0.070530 -0.126265 0.029148 0.006030 -0.064401 -0.080095 -0.043070 -0.034435 -0.060851 0.037630 0.020746 0.026348 -0.004058 -0.040878 -0.015212 -0.050444 -0.022321 0.044873 0.049245 0.049733 0.072717 0.082213 -0.083869 0.053213 0.091847 0.009025 0.123856 0.026195 -0.026607 0.077506 -0.056993 0.006222 -0.003119 -0.126485 -0.076857 0.054262 0.058835 -0.058587 -0.047764 
-0.067687 0.075480 0.070880 0.043397 -0.001768 0.009177 -0.062450 0.076168 0.046409 -0.064534 -0.070576 -0.002621 -0.063266 0.072703 0.081581 0.070890 0.041574 -0.066244 0.049563 -0.066002 0.001364 -0.022629 0.064680 0.042591 -0.038006 0.019945 -0.000403 0.037097 -0.053829 0.048978 -0.022660 0.048983 -0.007329 0.078668 -0.015698 -0.052036 0.080373 -0.021736 0.069797 0.026151 -0.052515 -0.048695 -0.061279 -0.030073 0.009870 0.072841 0.024493 -0.047822 -0.044044 0.067491 -0.011185 0.022789 -0.076667 -0.077554 -0.068010 -0.052325 -0.006662 -0.005234 -0.076230 0.048310 0.048710 0.029421 -0.057967 -0.023199 
-0.063056 -0.046190 0.045845 0.020824 -0.034780 0.012057 -0.062672 -0.008359 -0.027056 0.084041 -0.040702 0.036915 -0.030166 -0.063174 0.055821 -0.002030 0.047774 -0.022002 0.057917 0.062646 -0.033805 -0.091059 -0.062539 -0.053472 -0.062372 -0.002090 -0.020741 0.064629 -0.053874 -0.048828 0.077556 -0.050646 -0.053219 0.027170 0.054431 -0.073814 -0.019781 -0.019238 -0.045138 0.078563 0.011641 0.084255 -0.042651 -0.017463 0.027975 -0.035365 0.003315 -0.019824 -0.070426 0.000503 0.057644 0.034050 -0.058482 0.056675 -0.005219 -0.017502 0.031694 0.040232 0.009412 -0.081715 0.036089 -0.032549 -0.058360 -0.044997 
0.024548 0.061718 0.034884 -0.038598 -0.014860 -0.030574 -0.123083 0.446964 -0.244324 0.143153 0.123998 -0.195857 0.060655 0.043656 0.018725 -0.065990 0.055320 0.048365 0.060749 -0.070760 0.004954 0.038640 0.066083 0.009225 0.042742 0.069921 -0.071670 0.066993 -0.048843 0.049998 -0.036885 -0.021977 0.101955 0.047830 0.048380 0.032463 0.077922 -0.063448 0.025735 -0.011056 0.014110 -0.003336 0.139573 -0.006412 0.072316 0.126364 -0.130902 -0.059781 -0.063711 0.000393 0.022955 0.181783 -0.132377 0.019532 0.016458 -0.057819 -0.044494 0.034868 -0.004587 -0.035042 0.056620 -0.074321 0.034009 0.126124 
-0.049460 0.130872 -0.002293 0.005725 0.307281 -0.199426 -0.380161 0.277146 0.026557 0.291275 0.219459 -0.352512 0.009919 -0.084202 0.119195 -0.024514 0.275755 0.075014 -0.072485 0.050098 0.079346 -0.102460 0.083659 0.223283 -0.266835 0.275821 -0.104359 -0.081150 -0.042091 -0.049143 0.023603 -0.117314 -0.188585 -0.071126 0.074650 -0.056085 -0.019611 -0.253525 0.070193 -0.320722 -0.008773 -0.025713 0.128608 -0.045588 -0.061404 -0.041592 -0.403306 0.006219 -0.000872 -0.125644 0.076161 0.149254 -0.063990 -0.134653 0.338485 0.077564 -0.227421 -0.060841 -0.072880 0.082651 0.087252 0.056184 0.114938 0.069461 
0.034901 0.240712 -0.082144 -0.232967 0.260868 -0.471116 -0.441574 0.022844 0.273807 0.088439 -0.090559 -0.009864 0.413330 0.015210 -0.100600 -0.154472 0.095000 0.046702 -0.223503 0.051634 0.040646 -0.069082 -0.013105 0.235014 -0.371664 0.483088 0.015779 -0.026243 -0.107400 -0.108607 0.387065 0.256149 -0.134138 -0.228533 0.097380 0.126025 -0.051454 -0.529110 0.242340 -0.325123 -0.250390 0.403011 -0.207051 0.187737 -0.164416 -0.039371 -0.402026 -0.004552 0.028715 -0.163961 -0.064925 0.276968 0.329327 -0.144674 0.887390 0.098519 -0.232903 0.443557 -0.102050 -0.015685 0.015457 0.115047 0.190346 0.047855 
0.452628 -0.075870 -0.235820 -0.764190 -0.332866 0.376154 -0.224769 0.488291 -0.243262 -0.441487 -0.069091 0.818941 0.514078 0.241648 -0.189006 -0.525917 -0.325383 0.304080 -0.318244 -0.049345 -0.096074 -0.145731 -0.104366 -0.141661 0.242028 0.289013 -0.024203 -0.336044 -0.092345 -0.343459 0.077425 -0.335242 0.344782 -0.281283 0.006352 0.148972 -0.052700 -0.226664 0.120311 0.286043 -0.349996 0.592964 -0.578430 0.084718 -0.112782 -0.188057 -0.111532 0.400005 -0.899707 -0.194885 -0.240102 0.005900 1.059510 -0.333398 0.242394 -0.348854 0.372465 0.582630 0.280134 0.371721 0.246972 0.354233 0.217641 -0.141955 
-0.124515 -0.423347 -0.199482 -0.957635 -0.038952 -0.061706 0.062426 0.929288 -0.188446 -0.031862 0.237447 0.949636 0.324596 -0.114735 -0.330258 -0.679669 0.493145 0.067986 -0.693902 -0.061383 0.544104 -0.526900 0.122598 0.335104 0.060286 0.346221 -0.210648 0.140590 -0.272681 -1.112104 -0.262911 -0.567581 0.153216 -0.213438 0.093039 0.264732 0.009910 0.193508 -0.234384 -1.072817 -0.562041 0.360208 -0.964008 0.493499 0.202181 -0.619968 -0.040227 0.369688 -0.960167 -0.010382 -0.532906 0.769015 0.369049 -0.583821 0.572601 -0.007664 0.363389 0.182342 0.445496 0.516350 0.065564 0.075728 0.258606 -0.159220 
-1.120415 0.067516 -0.246047 -1.029457 0.127318 -0.733642 -0.288448 1.250246 -0.473838 0.048641 0.133265 0.806773 -0.316952 -0.301977 0.332295 -1.197020 0.278929 -0.419205 -0.352688 -0.160679 0.603219 -0.750701 0.469100 0.391047 -0.457975 -0.056143 -0.424989 -0.621379 -0.102578 -1.182753 0.370788 -0.166693 -0.213407 -0.558202 0.502351 -0.059587 -1.309254 0.602671 -0.124077 -0.342894 -1.060801 0.615561 -0.139618 0.631414 0.452606 -0.755668 0.006703 0.117508 -0.827684 0.363261 -0.751748 1.073272 0.343946 -0.474047 -0.281291 -0.588547 0.577455 -0.005754 0.275408 0.478097 -0.981290 0.710882 -0.713277 0.050256 
-0.396439 -1.211260 0.203637 -0.339324 0.411735 -0.017725 -0.579391 0.720563 0.173494 -0.201827 -0.330965 1.145980 -0.619208 0.303047 -0.142384 -0.844998 1.224955 -0.713256 -0.258735 -0.563261 1.305985 -0.140302 -0.504194 -0.079748 -0.436599 0.076968 -0.362278 0.015454 -0.355470 -0.530898 0.478209 -0.005680 0.688911 -0.293173 -0.764213 0.307715 -1.033912 0.652491 -0.526015 1.425204 -1.025442 0.461992 0.232614 0.921535 0.236118 -0.541727 0.869358 -0.060895 -0.102484 0.123907 -0.746766 0.269766 0.191951 -0.647851 -0.113246 -0.557630 0.906332 -0.890153 -0.676303 -0.679965 -1.390381 0.390180 -0.703021 0.260984 
-0.783956 -0.591382 0.858930 -1.137052 0.240164 -0.156882 -0.072113 0.110915 -0.119547 0.482296 0.085298 0.992026 -0.227916 -0.282168 -0.168999 -0.659168 0.282674 0.018509 -0.320639 -0.530970 1.969803 -0.090250 0.297634 0.424658 0.384019 -0.006133 0.288720 0.950593 -0.663093 0.139550 0.304654 -0.719121 0.064841 -0.305232 -0.645958 -0.185113 -0.439607 0.617582 -0.877122 0.806199 -1.343539 0.561114 0.484579 0.796499 -0.393054 -0.295967 -0.279373 0.418994 0.220407 0.308464 -1.693977 0.432276 -0.448071 -0.441860 0.691826 -0.547738 0.458402 -1.072388 -0.674100 -0.712656 -0.430990 0.485902 -0.246354 0.204297 
-0.067942 -0.017065 0.059870 -0.837216 -0.100108 -0.311782 0.973711 -0.458154 -0.183489 0.561991 0.305879 -0.470654 -0.604478 -0.663924 -0.051642 0.029013 0.113853 -0.691503 0.156751 -0.661697 1.075492 0.338933 0.949544 0.610452 0.883022 0.204950 0.976034 0.801280 -0.357709 -0.535069 0.268249 -0.943994 -0.268384 -0.695600 -0.445026 -1.014433 -0.413738 0.625969 -1.460530 1.528502 -1.269423 -0.032846 0.172509 0.234553 0.477041 0.493688 0.339572 -0.423170 0.015981 0.530354 -1.493790 0.672826 -0.603664 -0.174611 0.390818 -0.159952 0.800172 -0.681602 0.715796 0.206863 0.263380 0.345193 -1.677708 -0.105613 
-1.069843 -0.448400 0.878255 0.545407 0.778469 -0.191613 0.289565 -1.079347 -0.255648 -0.158914 0.471746 0.153690 0.163836 -1.400259 -0.109265 0.164370 0.094888 -1.083337 -0.180401 -1.200234 1.263077 0.792407 0.166224 0.208766 0.577206 -0.071385 0.525473 -0.280086 0.016810 -0.752112 -0.820402 -0.455225 -0.384366 -0.309649 -0.500204 0.212364 -0.015024 1.597242 -1.332713 -0.600194 -0.842646 -0.670869 0.220655 -0.606838 -0.179855 0.578896 0.959439 -1.016283 -0.116847 1.073392 -1.631024 0.517684 0.619533 -0.600246 -0.918535 -0.182248 1.117248 -1.040210 0.971249 0.578392 -0.257925 0.176082 -0.819257 -0.159026 
-1.103578 0.002206 0.534891 0.691910 1.041943 1.347143 -0.312447 -1.397242 0.786637 0.101960 0.497092 0.494405 0.385051 -1.717195 -0.378653 0.209676 1.157351 -0.523100 -0.143053 -1.279787 1.660858 0.247413 0.674565 -0.186502 -0.047171 -1.122754 -0.311122 -0.468288 0.746793 -0.212018 -0.411983 -1.060131 -0.290739 0.266223 -0.534973 0.835495 0.304160 1.183517 -0.547390 -2.142820 1.219451 0.287895 -0.341606 0.250486 -0.768933 0.639230 0.656865 0.156586 -0.052441 0.075517 -1.213164 -0.085848 0.580379 -0.543944 -1.745793 -0.472383 1.307463 -2.025819 0.002136 -0.980284 -0.188424 -0.276360 -0.698690 -0.511302 
-0.368873 0.338666 0.859135 -0.293405 0.336191 0.923036 -0.566762 -0.185046 -0.082605 -0.407665 0.817692 1.276849 0.798183 -1.786411 -0.251298 0.544943 2.650561 -0.855498 -0.117264 -0.999524 2.259937 -0.173280 0.281619 -0.008862 -0.009791 -1.528549 0.320905 0.103014 -0.281368 0.087289 0.082284 -0.353870 0.323536 -0.277624 -0.511346 -1.824282 0.453367 -0.390887 0.667321 -1.788985 1.040920 -0.330540 0.531266 0.264766 -1.119488 0.221756 0.891275 -0.829691 -0.796121 -0.394400 -0.628387 0.011594 0.050050 -0.589046 0.159217 0.226343 -0.123313 -2.319619 -0.438469 -0.546180 0.772410 -0.871135 0.899513 -0.432626 
-0.235115 1.558285 1.458373 -0.695878 -0.104311 1.450140 0.149967 -0.819697 0.500445 -1.234438 0.485315 0.844756 1.161149 -0.586319 -0.699767 -1.139808 1.240154 -0.285224 1.074223 0.306640 1.813435 -1.173791 -0.704798 -0.242261 0.174749 -1.627969 0.976609 0.272201 0.329527 0.676335 -0.502064 0.360406 -0.161556 0.159173 0.439251 -2.301390 -1.060572 -0.397115 0.167642 -0.768080 0.847066 -0.904736 0.144309 -0.698631 -0.653715 -0.230227 1.463435 -2.464398 -0.541441 -1.527454 -0.581128 0.570737 -0.816197 -0.444624 1.699541 0.504014 -1.478330 -1.149479 -0.120982 -0.114610 0.173638 0.328192 -0.203426 0.398392 
0.048689 0.503415 0.107137 0.725669 -0.882782 0.521602 0.262170 -0.269543 0.395711 -1.183903 0.891094 -0.079323 -0.461458 -0.572371 -0.842140 0.243051 -0.363189 -0.555520 0.663532 0.470665 3.520510 -0.758044 -1.762789 -0.603531 -0.564996 -1.602284 0.327097 -0.440143 0.195078 -0.590693 -1.142940 -0.428289 -0.314523 -0.571581 -0.069289 -1.284916 0.301422 -0.038236 0.507464 -0.639360 2.425740 -0.466229 0.348725 0.179402 -0.402498 -0.130047 0.819900 -1.702793 -0.948274 -1.248944 -0.064573 -0.943489 -0.876711 0.185940 0.569368 0.302471 -3.633274 -0.472380 0.268052 0.171899 -1.209420 -0.510517 -1.415530 -0.194413 
0.844880 -0.464737 0.507536 0.187198 -0.049550 1.330883 0.851477 0.182862 -0.406177 -0.273621 0.876598 0.842795 -0.204760 0.810300 -0.650890 0.345504 -1.738736 -1.305474 1.586146 -0.006840 2.364146 -0.373288 -1.952104 0.196380 -1.054615 -1.275946 1.381487 0.320537 -0.481051 0.909908 0.829682 -0.486558 -0.480450 -0.512038 -0.275229 -0.425445 1.090378 1.292686 0.130602 -0.492548 2.364603 -1.766928 0.714970 -0.637242 0.241543 -0.769139 0.033398 -0.181330 -0.556720 -1.504483 -0.090199 -0.234750 -0.985696 -0.336207 0.174625 0.109261 -4.152878 -0.540630 -0.029468 -0.774473 -1.111776 0.259140 -1.013483 0.145986 
0.738245 -1.372871 0.252383 -0.487702 0.857339 0.859941 0.924002 0.428645 -0.736440 1.164655 0.014017 0.061012 0.085017 -0.163199 -0.690550 0.836077 -0.571064 -0.949797 2.121527 0.377736 -0.612358 -0.078588 0.259302 0.004893 -1.265008 -0.853981 0.782846 -0.293926 -0.567014 0.630647 0.040727 -0.380418 -0.141819 0.895095 -0.066620 0.548223 0.064304 0.228424 -0.275716 0.185744 2.607583 -0.966468 0.057723 -0.724548 -0.431078 -0.515475 -1.009178 1.634234 -0.813531 -0.060566 -0.464400 1.092788 -1.838633 -0.207697 -0.101894 0.975213 -1.491818 -0.425385 0.117248 -0.355410 0.420035 -0.040318 -0.370362 0.113429 
0.571475 -1.256942 0.266305 -0.557299 1.059544 -0.214274 0.674394 0.223331 0.418240 -0.674511 -0.568982 0.427690 -0.672703 -1.072866 -0.128839 0.194893 -0.467645 -2.565539 2.202857 -0.750815 0.561358 -0.004296 0.709945 -0.259062 0.020759 0.221119 0.556508 -0.692788 -0.783007 -0.369853 -0.120022 -1.125852 0.383961 -0.114610 0.652825 0.161181 -0.179797 0.152473 0.184632 0.182761 2.679845 0.180149 0.617929 -0.837347 -0.682191 -0.163697 -0.870697 2.491730 -2.304329 -0.251248 0.717262 -0.133413 -1.368435 -0.155743 -1.970943 0.775252 0.355415 -1.319083 0.458275 -0.369990 0.390990 -0.233812 -0.806738 -1.031579 
1.328635 -2.081533 0.394394 -0.172812 0.204532 0.294747 0.524177 1.599708 0.596161 -0.166952 0.594816 0.000556 -0.158352 -0.268431 0.077060 -0.631588 -1.221842 -1.085420 1.991450 -0.478103 0.113653 0.656234 0.416929 -0.644495 0.740403 -0.329462 0.278667 -0.442313 -0.729641 0.466627 0.552676 -0.191371 -0.429806 -0.600770 -0.341583 0.953277 0.511455 1.240662 -0.352209 0.029412 0.566683 0.268083 0.355957 -0.769484 -0.346194 -0.130643 -0.489164 1.681187 -2.341161 0.117491 0.173581 0.717047 -0.400617 -0.282792 -2.575958 -0.535527 0.908059 -1.891873 0.925158 -1.699121 0.683574 0.053858 -1.135215 0.367527 
0.788875 -1.961444 -0.135746 0.383611 -0.231924 0.322136 0.848158 0.977168 -0.218088 0.019977 0.467027 0.501922 -0.075718 -0.079108 -0.096370 -1.586910 -0.599437 -0.306151 2.457987 -0.381227 0.457722 0.408293 0.827006 -0.476418 0.048041 -0.574062 0.888057 -0.239209 0.644127 0.040559 0.818534 -0.221970 0.068090 -0.513703 0.016137 0.650276 1.301028 1.036537 -0.597976 -0.213551 1.129251 0.486526 -0.338245 -0.456758 -0.823636 0.583675 -0.422400 0.402038 -2.323420 -0.490061 -0.430326 0.050105 -0.504576 0.352809 -1.720807 -1.271423 0.466080 -1.289996 0.394831 -1.030030 0.210829 -0.177259 -0.186667 0.377851 
0.558003 -2.003813 -0.508527 1.207819 -0.095332 -0.435935 0.090213 -0.404620 -0.258370 -0.475424 -0.170158 -0.095794 -0.458765 -0.307444 0.100418 -0.758599 -0.857386 -0.682055 1.559400 0.077900 0.609298 0.216218 0.730542 -0.394861 -0.740535 -0.206264 0.688951 -0.250260 0.130336 -0.518596 0.583070 -0.268787 0.524129 -0.203649 0.583871 -0.084200 0.729853 0.741690 0.368258 -0.190001 0.731056 1.074452 0.438545 -1.006823 -1.500919 0.938712 -0.513821 -0.205436 -2.503824 0.112917 -0.186343 -0.911768 0.204792 -0.085952 -1.533627 -1.613784 0.643223 -0.942319 0.091277 -0.830749 -0.425111 -0.260282 -0.018975 -0.313768 
1.374100 -1.469090 -0.009074 0.129415 0.291737 -0.448461 -0.128104 -1.005894 -0.569513 -1.346751 -0.376022 -0.116029 -0.093500 -0.363928 0.062943 -0.955454 -0.818075 0.104883 0.552003 0.421807 -0.264985 0.268341 0.665658 0.406536 -1.025987 -0.037578 0.966653 -0.237044 0.501862 -0.742867 0.216670 -0.004107 0.130274 -0.253393 0.635291 0.308992 0.027708 0.276841 0.813628 0.246163 0.194419 0.320253 0.485413 -1.030294 -1.564508 1.004114 -0.255659 -1.336385 -2.105455 1.203741 -0.270027 -0.285085 0.080335 0.617091 -1.307398 -1.355239 0.553084 -0.445570 -0.034220 -0.497258 0.022358 0.524780 0.097303 0.394435 
0.838542 -0.680266 -0.286621 -0.073204 -0.653240 -0.431016 -0.069318 -0.513306 0.016471 -0.815263 -0.080955 -0.067782 -0.764560 -0.573527 -0.025763 -0.927143 -0.515226 0.765737 0.080852 0.034365 -1.183904 0.384196 -0.157345 0.219727 -0.272241 -0.330603 -0.733068 0.032426 0.845366 -0.306539 -0.791576 -0.292417 -0.167512 -0.379437 0.612236 0.025287 0.051229 -0.001447 0.827537 0.778310 -0.163320 -0.372472 -0.408810 -0.592871 -0.887512 0.912638 0.317535 -0.903991 -2.030143 0.542000 -0.273104 -0.039116 -0.277187 0.136232 -0.722156 -0.990414 0.744694 -0.611862 -0.206843 -0.431138 -0.609013 0.386365 -0.688619 0.708043 
0.638317 -0.237673 -0.249192 0.030238 -0.806129 0.391782 0.346751 -0.351499 0.245137 -0.350800 0.259492 -0.141901 -0.692177 -0.265265 -0.087497 -0.259518 -0.184411 1.069364 0.400163 -0.870621 -1.065810 0.066741 -0.421719 -0.216541 -0.172140 -0.611409 -0.188727 0.131712 0.459070 0.031010 -0.010687 -0.158315 0.426573 0.028389 0.124461 0.013573 -0.242487 0.425326 0.129255 0.460172 -0.215471 -0.172070 -0.308573 -0.037295 -0.185694 0.584312 0.429007 -0.638269 -0.212065 0.722093 -0.086981 -0.261771 0.148336 0.016741 -0.449448 -0.442260 0.109518 0.084645 -0.525384 -0.373953 -1.090829 0.055353 0.086873 0.047733 
0.333119 -0.027530 -0.174067 0.015099 -0.116851 0.257184 0.338162 -0.143045 0.225350 -0.275783 0.091997 0.258924 -0.119677 -0.310398 -0.063732 0.133175 -0.228090 0.619305 0.387688 -0.493267 -0.417138 -0.001850 -0.284640 -0.062468 -0.073777 -0.508861 0.102832 -0.055498 0.166827 -0.046723 0.115572 -0.227418 0.377851 -0.099559 -0.061812 0.110092 -0.123143 0.052604 0.302110 0.265761 -0.200038 -0.403084 -0.040640 0.126224 0.160247 0.627686 0.378741 -0.099704 0.317976 0.264530 -0.282015 -0.091489 0.102079 -0.117893 -0.039368 -0.044591 0.009414 0.017017 -0.421868 -0.145688 -0.593454 0.007686 -0.063756 -0.409407 
0.115590 0.036026 0.054453 -0.326956 0.140338 0.173490 0.024315 -0.116855 0.044504 0.037570 0.316067 0.186963 -0.127207 0.137753 -0.205746 -0.038177 0.091340 0.224871 0.062607 0.099845 -0.015412 0.082212 0.005104 -0.058574 0.032437 0.000522 -0.064930 0.156070 0.565195 0.107301 0.051176 0.055987 0.147532 -0.072461 0.054646 -0.038894 -0.047981 0.019238 -0.015301 0.054055 0.011597 0.134829 0.053349 0.068594 0.031003 0.191083 -0.035064 0.008134 -0.135679 0.093400 0.047652 -0.009199 -0.103674 -0.000980 -0.000034 0.055422 0.000729 0.059311 -0.205639 -0.087034 -0.194929 0.135847 -0.138924 0.142701 
-0.080848 0.045253 0.003048 -0.056847 0.070654 -0.042138 0.000454 -0.004586 -0.045956 0.015096 -0.029831 -0.053161 -0.042133 -0.095519 0.042444 -0.048273 0.083844 0.017911 -0.030888 -0.034962 -0.077762 0.001958 -0.055489 -0.059399 0.014431 -0.046017 0.040078 0.087754 0.091748 0.009673 -0.063061 -0.069345 0.002866 0.029299 -0.030635 0.016362 0.055888 -0.040668 -0.036231 0.051276 0.085095 0.071483 0.002447 0.021756 -0.067268 0.013889 -0.054458 -0.000021 0.017273 -0.059997 0.032637 -0.033174 -0.025481 0.049820 0.017280 -0.007609 -0.054948 0.116020 -0.060093 -0.048472 -0.074826 -0.045044 0.082326 0.023929 
-0.067460 -0.077126 -0.065594 0.023337 0.036001 0.054821 0.032723 0.043264 0.055184 -0.028912 -0.030231 0.038605 0.000888 0.033176 -0.016832 0.034607 0.026654 0.021917 -0.001614 -0.065763 0.018513 0.018467 0.015155 0.010126 -0.064930 -0.006915 0.034557 0.010520 0.024729 -0.041034 -0.093133 0.092022 -0.084080 -0.035642 0.042017 -0.000584 0.058500 0.002955 -0.025770 0.008608 -0.034969 0.045624 0.020265 -0.059959 -0.004853 0.066139 -0.076095 -0.082415 -0.075128 -0.009518 -0.108014 -0.031006 0.062472 0.018681 -0.039241 0.033017 -0.062607 -0.033852 -0.039147 0.055117 0.083000 -0.065640 -0.097156 -0.010519 
0.049321 0.074495 -0.020912 0.020152 0.093214 0.028830 -0.001930 0.112425 0.057782 -0.014374 -0.021536 -0.080409 0.055799 0.046213 0.079010 0.067246 0.086578 0.032676 0.033640 0.057030 -0.063128 -0.032001 -0.067126 0.092410 0.076992 0.135695 -0.054786 -0.012576 -0.048735 -0.011350 0.011566 -0.061023 -0.026456 0.008170 0.067966 0.028937 -0.080807 -0.031996 -0.021186 0.041766 0.074224 -0.045847 -0.025328 0.059137 -0.028771 0.042666 0.045825 -0.007441 0.058958 0.058211 0.062990 -0.038358 0.036670 -0.049520 0.018946 -0.054451 0.058151 0.019286 -0.042416 -0.069465 -0.017656 0.005680 -0.050884 0.044033 
-0.007001 0.093623 0.049683 0.122808 0.035956 -0.173417 -0.242292 0.162672 -0.168728 0.152771 0.127915 -0.038584 0.061466 0.043266 0.103770 -0.063914 0.064503 0.039851 -0.022728 -0.016970 0.015839 -0.088257 -0.059593 0.139264 -0.053881 0.166584 0.035677 -0.071720 -0.058917 -0.047082 -0.005527 0.025362 -0.139191 -0.021990 -0.009839 0.115350 0.024710 -0.044122 0.030171 -0.007661 -0.028178 0.007380 -0.001342 -0.056125 0.125626 0.102754 -0.055146 0.043529 0.022103 -0.070234 -0.037090 0.122077 -0.091349 0.027813 0.114752 -0.089569 0.002184 0.051686 0.073559 0.050362 -0.016017 -0.030059 -0.063774 0.127933 
0.071157 0.133313 0.040964 -0.021236 0.021304 -0.181640 -0.128462 0.340367 0.044239 0.327883 0.172512 -0.202794 0.100791 -0.019369 0.013579 -0.074476 0.031902 0.233026 -0.074353 0.076462 0.115869 -0.042848 0.020058 0.097912 -0.228378 0.243995 0.000519 0.129641 0.025006 -0.036110 -0.074821 -0.078062 0.135591 -0.164598 0.136952 -0.112613 -0.087123 -0.222768 0.044398 -0.129631 0.034509 0.097974 0.012460 0.042639 0.104906 -0.064711 -0.285553 -0.034281 -0.026566 0.006028 0.029032 0.157025 -0.124668 -0.026477 0.221189 -0.041869 -0.095247 0.108513 -0.008451 -0.019252 0.030493 -0.096827 0.040583 0.032249 
-0.281082 0.288048 -0.283825 -0.285940 -0.089691 -0.386124 -0.656830 0.297484 -0.031136 0.169233 -0.170601 0.198504 0.303653 -0.170844 -0.118254 -0.355925 0.273602 0.319491 -0.308984 -0.058487 0.292069 -0.127566 0.143245 -0.075383 -0.435327 0.667118 0.111998 0.456637 -0.048459 -0.235909 0.367046 -0.423191 0.036888 -0.306272 -0.019568 0.231800 -0.281603 -0.565427 0.159480 0.012198 -0.119085 0.514499 -0.148650 -0.036110 -0.246807 -0.020976 -0.512541 -0.151529 -0.625548 -0.247301 -0.151582 0.339590 0.196165 -0.191800 0.901569 0.266322 -0.197576 0.355612 0.066487 0.201029 0.028682 -0.302825 -0.055823 -0.136538 
0.004375 0.149772 -0.585315 -0.635557 -0.407112 0.373517 -0.093006 0.773290 0.121842 -0.071177 0.012469 0.820790 -0.126914 -0.389465 -0.059626 -0.530126 -0.014460 0.521247 -0.341981 -0.071248 -0.018343 -0.227697 -0.338258 0.149879 -0.393935 0.595205 0.022999 0.290566 -0.114304 -0.350214 0.619085 -0.667343 0.252315 -0.448976 -0.214301 0.670788 0.074338 -0.495954 0.231512 0.285189 -0.376837 0.320622 -0.703638 0.190033 0.213317 -0.176249 -0.746384 0.453226 -1.047107 -0.207121 -0.298121 0.467729 0.441544 -0.381295 0.030607 -0.474434 0.221649 0.435987 -0.246684 0.428557 -0.101447 0.208501 -0.290262 -0.327170 
-0.377170 -0.294299 -0.760870 -0.322483 -0.056761 0.292101 0.158628 0.397644 -0.472522 -0.178233 0.492322 -0.258641 -0.125661 -0.937937 -0.419196 -0.962217 0.349277 0.399308 -0.553851 -0.093839 0.787664 -0.575205 0.084250 0.277024 0.165978 0.384945 -0.166108 -0.011077 -0.334981 -1.134760 -0.200101 -0.682281 -0.267143 -0.295111 -0.047918 -0.016205 0.050075 -0.598345 -0.314375 -0.466343 -0.299442 0.435666 -0.367051 0.495886 0.685904 -0.398722 0.051941 0.515501 -0.726389 0.139759 -0.500782 0.093226 0.835943 -0.275069 0.139267 -0.385612 0.271950 -0.500323 0.348865 0.692783 -0.192144 -0.432347 -0.253612 -0.171392 
-0.787168 0.357058 -0.686947 -0.176744 0.317212 -0.229998 0.006711 0.656576 -0.412230 -0.413631 0.932202 0.133072 -0.194304 -0.487421 -0.192674 -0.986413 0.555300 -0.033217 -0.017980 -0.184835 0.496264 -0.802253 0.438007 0.819428 -0.251180 0.831953 -0.187925 -0.164386 -0.453678 -0.957519 0.417567 -0.122884 -0.008915 -0.705526 0.118095 0.173519 -0.565218 -0.065885 -0.473382 0.404741 -0.834010 -0.011688 0.505823 0.651798 -0.014035 -0.520464 0.736044 -0.247978 -0.751553 0.441384 -0.948206 0.920684 0.737837 -0.105107 -0.157332 -0.251531 0.617978 -0.548618 0.750546 0.559343 -1.136599 -0.226154 -1.348162 0.302167 
-0.954427 -0.832473 -0.372286 0.281320 0.041932 0.138231 -0.733047 0.814767 -0.135220 -0.000104 0.448540 0.562857 -0.107116 -0.268990 0.076156 -0.598137 0.596555 -1.058034 -0.177747 -0.468922 2.396453 0.193753 -0.076275 0.633527 1.226982 0.537131 -0.106783 0.185145 -0.378170 0.275841 -0.236841 -0.291084 0.650259 0.171781 -1.034572 -0.088884 -0.864117 -0.021836 -1.066038 0.437574 -0.615214 -0.990797 0.498403 0.599396 -0.457569 -0.590292 0.210972 -0.478731 0.330170 0.731042 -1.307030 0.067656 -0.202125 -0.596261 -0.559074 -0.586959 0.166202 -0.758382 -0.136217 -0.450947 -0.892581 -0.146117 -1.385908 0.410314 
-0.071122 -1.117662 0.000966 -0.298442 -0.362100 0.536691 0.331425 0.738345 -0.249364 0.021786 0.549751 -0.248589 -0.413048 -0.242103 -0.000585 -0.270767 0.363764 0.060148 -0.372224 -0.605016 2.253490 0.774497 -0.262474 0.504082 0.144801 0.090019 0.208821 0.328475 -0.486120 0.413881 -0.189260 0.186182 -0.335022 -0.076297 -0.832266 0.556953 -0.582015 0.214397 -1.247084 1.636882 -0.277452 -0.249798 0.413381 -0.105648 0.608129 -0.248509 -0.264417 0.688327 0.839075 0.582259 -1.443957 0.150532 0.070523 -0.959695 -1.030370 -0.265517 0.378905 -0.668373 -0.537367 0.091466 0.219505 -0.302855 -0.797973 0.391530 
-0.891397 -0.251823 0.595779 0.001979 1.237964 0.364844 0.306659 0.287610 0.154448 0.586800 -0.112381 0.000144 -0.753717 -0.154730 -0.230803 -0.029406 2.100263 -0.585849 -1.405450 -0.659695 0.812430 0.886559 0.151647 0.035170 -0.573790 0.025984 0.469480 -0.309295 -0.988885 -0.349620 0.671893 0.209043 -0.177060 -0.338588 -1.109290 0.339241 0.147683 0.510048 -1.362498 1.435979 -0.421890 -0.932720 0.009576 -0.607413 0.294028 0.037670 0.389441 -0.402951 0.586856 0.139342 -0.740466 0.565957 0.086636 0.128068 0.856246 0.127226 -0.417929 -0.487136 0.165063 0.257880 -0.145087 -0.327236 -1.391760 -0.527735 
-0.136099 -1.750245 1.212141 0.075549 0.891781 0.383157 -0.184928 -1.791723 0.325861 0.870639 0.555414 -0.407278 -1.204151 -0.430217 -1.337848 0.849693 2.119615 -0.859788 -0.239654 -1.109895 0.551712 -0.072075 0.296929 -0.917489 0.984567 -0.073699 0.228026 -0.050320 0.661630 -0.289913 0.534317 -0.852256 -0.210012 0.074456 -0.451013 0.752550 -0.794879 1.546398 -2.072792 -0.227980 0.760804 -0.003910 -0.324329 -1.541429 0.499167 1.134131 0.624977 -0.502844 -0.086442 0.206164 -0.446747 1.123367 0.608281 1.305685 -0.846434 -1.447011 1.596322 -1.908035 -0.371281 -0.463445 0.004199 -0.591745 -0.807129 -0.231235 
0.747718 -0.485163 1.041407 -0.624090 0.211240 -0.414617 1.077829 -2.206431 -0.372774 0.688057 0.609982 0.099766 -0.635772 -1.749509 0.612197 1.418257 1.650242 -0.775706 -0.291051 -1.320969 1.791803 -0.471621 0.626205 0.590299 0.240578 -0.358945 -0.213099 0.208413 0.245009 -0.507410 1.008033 -0.705318 -0.184454 -0.021543 1.065465 0.175470 0.226715 1.937003 -0.617411 -2.726211 0.856324 0.191807 -0.556724 -0.110755 -1.179973 0.811807 0.809294 -0.312903 -0.663357 1.117022 -0.018970 0.066389 0.338869 0.705523 -0.445678 -0.819772 2.188517 -2.368194 -0.962365 -0.864673 0.380594 -0.107477 -0.305959 -0.727883 
0.196795 0.513544 0.501293 0.203639 -0.714975 -1.135409 0.306730 -2.174800 0.362462 0.300565 0.524807 -0.921139 0.092109 -1.587147 -0.302531 0.877630 1.696293 -1.200028 0.542197 -0.781486 1.635008 -0.356376 1.276756 0.400895 -0.753977 -0.867121 -0.536124 -0.260218 0.161982 -0.119563 0.223121 -0.312003 0.733443 0.211335 0.258875 -1.874407 -0.517712 0.095162 0.253328 -1.303554 0.246007 -0.109688 -0.593412 -0.370429 -1.742165 -0.282476 1.615627 -1.620621 -0.691889 0.946836 0.459204 -0.311976 0.221738 0.695026 0.729036 -0.317644 0.360021 -2.761739 -0.737118 0.148655 0.138309 -0.926619 0.824686 -0.153185 
-0.273281 -0.335891 1.086614 -0.175717 -0.800489 -1.136431 0.135207 -0.922369 -0.553793 -0.160563 0.741894 -0.194981 1.121940 -0.755593 0.311479 0.586021 1.031930 -0.368202 -0.115755 0.291175 1.334992 -0.822737 0.627168 0.355078 0.649913 -0.325679 0.512204 -0.525847 0.537627 0.202040 0.646302 0.397727 0.360134 -0.599639 0.903418 -2.762777 0.369353 -0.851315 0.483328 0.610238 0.297007 -1.242294 0.636818 -1.279002 -2.242457 -0.292511 1.717717 -2.815605 -1.257741 -0.764886 -0.142986 0.809821 0.059265 -0.722302 1.686557 0.886670 -1.454960 -1.463178 -0.259540 0.472648 -0.048341 -0.309038 -0.190549 0.153621 
0.702751 0.585540 0.757704 0.179503 0.515238 -0.440945 1.701403 -0.568256 -0.724283 0.118260 0.602536 -0.239875 0.129865 0.883891 0.072381 -0.362951 1.224446 -0.370425 0.424666 0.379436 1.376348 -0.342754 0.820169 0.763507 1.207159 0.241235 0.535007 -0.834317 0.475444 -0.913673 0.737628 -0.381664 0.926451 0.341987 -0.093064 -2.372755 0.206206 0.243007 0.884971 0.058433 1.034728 -1.394815 0.729185 -0.369179 -2.331178 0.930666 0.137627 -1.917355 -1.586837 -2.217372 0.113625 0.240676 0.365962 -0.238076 2.107519 1.588323 -3.648997 -1.210630 -0.162843 -0.256762 -0.658900 -0.532341 -0.756868 -0.579903 
1.441164 -1.777217 1.026985 -0.673021 0.300916 -0.393554 0.690453 0.009356 -0.856906 -0.373799 0.414021 0.003862 -0.023033 0.409890 0.254610 -0.689627 -0.134997 -1.729406 1.035581 -0.161076 -0.058773 -0.137632 0.006158 -0.400093 -0.317010 0.040989 -0.123304 0.229509 0.376007 -1.260606 0.511387 0.043456 0.630445 -0.707993 -0.822308 -0.697348 1.305513 0.763137 0.515556 -0.924835 2.425846 -0.247027 0.470081 0.340171 -2.873687 1.207564 -0.051411 0.870436 -2.211865 -1.473493 0.127316 0.051861 -0.576776 -0.273213 0.978983 1.207173 -2.020304 -0.939999 -0.035050 -1.133892 -0.720710 -0.875527 -0.649059 -0.612102 
0.613043 -1.391362 0.825007 -0.704417 0.055011 -0.515130 0.366576 0.570860 -0.892962 0.343323 -0.559213 0.138832 0.178983 0.152950 -0.039376 0.373017 -0.155300 -1.767884 1.367101 0.560544 -1.162003 -0.711406 1.398041 -0.189840 -0.620256 0.005018 0.057388 -0.553378 -0.380071 -0.549497 -0.411046 0.190700 0.529375 0.283752 -0.455554 0.231125 0.769052 0.880141 1.090104 -0.579159 3.244992 0.162425 0.768536 -0.608116 -2.391023 1.138499 -1.015862 2.142584 -1.542516 -0.524649 -0.099991 0.697503 -1.164090 0.095126 -0.560133 1.236646 0.261924 -0.244021 0.647016 -0.685327 0.605035 -1.155746 -0.183874 -0.151769 
0.744312 -2.322946 0.380529 -0.416717 -0.487760 0.837279 0.139114 0.490423 -0.080539 0.125200 -0.178513 -0.452794 -0.183755 -0.515817 -0.010751 -0.084215 -0.354869 -1.610871 1.453869 -0.917669 1.304418 -0.075566 0.120096 -0.537799 -0.051282 0.086870 0.212222 -0.334545 -0.405597 -0.271790 -0.470902 -0.225192 0.662188 0.187825 0.497392 0.191279 0.293392 -0.102218 0.115668 -0.876245 2.275390 0.171236 -0.009204 -0.712546 -1.425947 0.969171 -1.483766 2.376456 -1.635947 -0.468711 0.905591 0.719329 -1.141649 -0.925309 -1.845916 0.664735 0.103592 -1.984793 0.168668 -1.207755 1.155051 -0.544338 -0.437102 0.068427 
-0.131983 -2.552144 -0.399740 0.537926 0.045125 -0.185964 0.158833 0.965896 0.810042 -0.810570 0.244806 -0.431277 -0.178192 0.098482 -0.053703 0.017406 0.486480 -0.446430 1.521675 -0.151547 2.366072 -0.165969 0.071257 -0.794906 0.074434 0.087585 1.096929 -0.215263 0.712245 0.091345 0.134514 -0.067496 -0.474404 -1.524548 -0.996494 -0.124219 0.157396 0.147151 -0.552176 -1.010175 0.332756 1.654064 0.896791 -0.421256 -1.638428 0.967410 -0.263971 0.416282 -1.501646 -0.666791 0.625130 0.306801 -0.602285 -0.699390 -1.893691 -0.185746 0.062019 -1.542353 1.317972 -1.014253 0.557886 -0.038649 -0.452977 0.578578 
-0.202495 -2.282859 -0.172336 -0.061398 0.347737 0.074009 0.502537 0.806412 -0.475219 0.413614 0.590201 -0.639962 -0.111426 -0.513546 0.403913 -0.761388 0.037685 0.122140 0.956566 -0.272304 0.437013 0.051787 0.097954 0.296235 0.200210 0.718498 0.545571 -0.183405 1.089290 -1.168799 0.883777 0.430786 -0.278234 -1.518310 -0.575626 0.309402 1.035107 0.048520 -0.370774 0.201151 0.699731 1.182103 -0.225428 -0.424700 -1.998455 1.290572 -0.329270 -0.027898 -0.625765 -1.114987 0.112372 -0.146499 -0.675557 -0.421619 -1.211261 -1.841251 0.741119 -0.927205 0.796230 -0.719591 0.777901 -0.396690 -0.737199 0.102870 
0.462291 -2.063228 -0.398125 0.461011 0.077866 0.260662 -0.382052 -0.494396 -0.577050 0.028994 -0.045779 -0.248087 -0.370599 -0.438321 -0.187519 -0.747577 -0.517635 -0.872832 0.894947 0.096974 0.639684 0.396787 0.003460 0.173968 0.217406 0.798088 0.080610 -0.789844 0.703420 -1.221852 0.054774 -0.034796 -0.028879 -0.309809 0.213046 -0.419810 0.963222 -0.138216 0.510503 -0.140796 0.820913 0.964436 -0.040039 -0.435103 -2.118782 1.130727 0.000303 -0.686276 -1.505198 -0.474745 -0.132947 0.480428 -0.289702 -0.134590 -1.103848 -2.063845 1.035129 -0.647970 -0.173550 -0.608231 0.522542 0.252118 0.401327 -0.768913 
0.680829 -1.423825 -0.002968 0.270847 0.218336 -0.207803 -0.683113 -0.906976 -0.334557 -0.589999 0.614778 -0.266954 -0.783685 -0.125888 0.763344 -0.482858 -0.382996 -0.517760 -0.257596 0.280429 -0.208058 0.484346 0.340500 0.509394 -1.109401 -0.029218 0.877638 -0.513814 0.928577 -0.411003 0.279956 -0.498047 -0.314003 -0.255388 0.022517 0.348906 -0.469576 -0.195593 1.098486 0.018114 1.017239 0.852471 -0.108965 -0.683807 -1.515470 1.205974 0.439985 -1.059980 -1.522418 0.216011 -0.350120 0.384402 -0.245471 0.324114 -1.042043 -1.435104 0.232509 -1.253057 -0.363487 -0.466611 0.331419 0.500310 -0.706418 0.066777 
0.784633 -0.771421 -0.163109 -0.086268 -0.240486 0.169981 -0.141010 -0.690740 0.009610 -0.578624 1.141467 -0.137397 -1.217813 -0.113261 0.538331 0.157617 -0.187805 0.542839 -0.400123 -0.471718 -1.008715 -0.176729 0.213601 0.105063 -0.955123 -0.099517 0.560653 -0.258279 1.360546 -0.438735 0.120183 -0.686846 -0.152636 -0.314669 -0.037889 0.181447 -0.542316 -0.401434 0.890303 1.008561 0.343820 -0.080718 -0.355069 -0.498273 -0.702097 1.705377 0.545637 -1.188681 -0.332573 0.383995 -0.089243 -0.736538 -0.539064 0.412635 -0.964135 -1.159100 0.133772 -0.785444 0.085589 -0.753109 -0.665871 0.353072 -0.811196 0.510251 
0.686310 -0.320791 -0.384220 -0.657858 -0.465417 0.661278 0.108498 -0.897969 0.083038 -0.356006 1.387648 -0.091211 -0.939101 0.404734 0.018839 -0.341751 -0.379145 1.012306 0.202104 -0.683021 -0.956886 0.473087 -0.355578 -0.202358 -0.214366 -0.452300 -0.325794 0.309443 1.880004 0.037982 0.019595 -0.425350 0.485085 0.199393 0.375244 -0.483809 0.500663 0.339434 0.835633 0.734006 -0.200463 -0.632750 -0.539661 0.335812 -0.074989 1.548264 0.464167 -0.580849 0.033366 0.728708 0.054745 -0.890220 0.240510 -0.043228 -0.545849 -0.637205 -0.452324 -0.350718 -0.270707 -0.494071 -1.266197 0.435354 -0.254430 -0.178782 
0.301725 0.022150 -0.125981 -0.262157 0.109848 0.291046 0.094606 -0.618540 0.213180 -0.402282 0.617652 0.337460 -0.308168 0.556175 -0.191109 -0.252525 -0.214697 0.313776 0.155817 -0.074795 -0.214723 0.451153 -0.297568 0.110852 -0.135008 -0.564645 -0.270252 -0.068283 1.325883 -0.087629 0.180910 0.005766 0.300653 -0.241604 0.366539 -0.232149 0.285911 -0.068850 0.636230 0.346563 -0.391809 -0.402131 -0.303436 0.073363 -0.028614 0.836814 0.258206 -0.114169 -0.018640 0.312198 -0.159455 -0.377755 0.015250 -0.297696 -0.120150 -0.228907 -0.055557 0.019046 -0.304494 -0.286714 -0.431128 0.379565 -0.209677 0.377424 
0.053546 0.067124 -0.080781 -0.186498 0.095644 0.045720 -0.031066 -0.153643 0.077078 -0.175121 0.144408 -0.021523 -0.013480 0.050049 -0.269523 -0.107829 0.003972 0.159050 -0.015070 0.096393 -0.047633 -0.011987 -0.006205 0.032657 0.015342 -0.025432 -0.110653 0.162980 0.290898 0.293411 0.014776 -0.117364 0.154047 -0.195623 0.079384 -0.122629 0.094964 -0.029216 0.136436 0.087870 -0.043190 0.169561 -0.071474 -0.030456 0.072327 0.092977 0.147210 -0.080285 -0.000167 -0.030110 0.041852 0.014493 0.014518 -0.064972 -0.038843 0.045857 -0.133049 -0.061393 -0.114747 -0.129776 -0.131301 0.161917 -0.024904 0.134158 
-0.030963 -0.027073 0.050776 0.047551 0.006990 -0.064017 -0.009545 0.004242 0.067465 0.024551 -0.043354 -0.057244 -0.056636 0.050209 0.029277 -0.013246 0.038141 0.037439 -0.040699 -0.002793 0.028630 0.065471 0.005848 -0.036469 0.054917 -0.049743 -0.065396 0.008518 -0.035564 -0.044753 0.088511 0.006611 -0.068917 -0.099449 0.035972 -0.065798 0.031169 -0.042537 -0.053300 0.039794 0.073088 -0.028610 0.011400 -0.046888 0.052836 -0.074484 -0.008594 0.065387 -0.030963 -0.023530 0.091279 0.033332 -0.007723 -0.029547 0.027348 0.029443 0.042643 0.053856 -0.039513 -0.067419 0.012421 0.001326 0.030206 0.019528 
-0.064902 0.077771 -0.008982 -0.041935 0.008848 -0.002365 0.036080 0.049172 -0.047488 0.026558 0.017594 -0.046579 0.037684 -0.011099 -0.029475 -0.064673 -0.037943 0.075844 0.041738 0.008525 -0.080971 -0.073263 0.057695 -0.006392 -0.057038 0.031389 0.061489 0.027310 0.078617 -0.026964 0.039968 -0.020284 -0.025790 -0.070968 -0.003636 0.002386 -0.058945 -0.051269 -0.055619 -0.007498 0.057596 0.056132 -0.040953 0.040175 0.036323 0.081024 0.031783 -0.039003 -0.036256 0.067924 0.042409 -0.008140 -0.079246 0.005763 -0.082371 0.083161 -0.059955 0.061688 -0.039146 0.023605 -0.010623 0.060909 0.076258 0.022706 
-0.092600 0.112267 0.057258 -0.031293 -0.019966 -0.010039 -0.003962 0.100341 -0.055960 0.034150 -0.007303 0.017419 -0.032696 -0.051092 0.145742 -0.007769 -0.029195 0.047940 0.046862 -0.042691 -0.058743 -0.056883 -0.043285 0.014554 -0.018582 0.152392 0.014397 -0.043498 0.077966 -0.009163 -0.037904 0.063932 0.044221 -0.092979 -0.067345 0.082917 -0.067978 -0.076202 0.038614 -0.070864 -0.038374 0.051417 -0.044434 -0.058791 0.106445 0.020660 -0.015192 0.010127 -0.034330 -0.103998 -0.016815 -0.022080 -0.006294 -0.051650 -0.008965 -0.085836 0.052125 -0.055763 -0.019526 0.078020 -0.036034 -0.042121 -0.010699 0.047838 
-0.016030 0.025523 -0.039338 0.040560 -0.092013 -0.150099 -0.072371 0.166087 0.043955 0.108670 0.010674 0.104939 0.005056 -0.013591 0.124366 0.058020 0.028168 0.131126 0.051164 -0.039434 0.105695 -0.072126 0.067171 -0.049958 -0.004814 0.100949 0.027935 0.157478 0.051573 0.055773 0.053146 -0.088448 0.057941 -0.083458 -0.134758 -0.013408 -0.001648 -0.012150 -0.073022 0.004566 -0.006568 0.099953 -0.063411 -0.005888 0.012953 0.039474 -0.144520 0.083816 -0.020329 -0.093665 -0.063016 0.127361 -0.070869 0.023135 -0.008230 -0.075697 -0.056829 0.031757 -0.006410 0.071465 -0.125509 -0.004226 0.010431 -0.018388 
-0.098003 -0.009474 -0.234411 0.029695 -0.238364 -0.123400 -0.142409 0.269545 0.004843 0.400084 -0.130457 0.070770 0.060221 -0.018797 0.096639 -0.100911 0.025247 0.306168 -0.006678 0.029383 0.266545 0.021609 0.001334 0.164574 -0.056672 0.401309 -0.075645 0.308826 0.025642 -0.172839 -0.263725 -0.190519 0.354271 -0.085838 -0.129996 -0.192602 -0.163635 -0.135188 -0.063389 -0.026175 0.057251 0.263670 -0.180924 -0.137245 0.127913 0.034823 -0.311768 -0.047426 0.036216 -0.089161 -0.030354 0.365233 -0.183993 -0.065864 0.252618 -0.171791 -0.075264 0.171041 0.011373 0.069823 0.027940 -0.101757 -0.028725 0.006052 
-1.008276 0.721076 -0.538663 0.038333 0.059693 -0.302465 -0.055937 0.096712 -0.189181 0.125725 -0.296200 0.164932 -0.022735 -0.306404 -0.079010 -0.344902 0.350090 0.352928 -0.199875 -0.053957 0.346945 -0.146119 0.056114 0.710707 -0.483070 0.771779 -0.052873 0.455829 -0.095414 -0.461138 0.136541 -0.542469 -0.320962 -0.645796 -0.059826 0.476929 -0.316973 -0.508883 0.248821 -0.014513 -0.145600 0.547561 -0.183606 -0.160014 0.213709 0.099117 -0.406627 -0.119987 -0.661168 -0.434053 -0.202687 0.186775 -0.286664 -0.188711 0.654714 -0.000182 -0.121313 0.251751 -0.127791 -0.028413 0.085291 0.105246 -0.386277 -0.282593 
-0.664629 -0.023542 -0.625551 0.101477 0.245044 0.559442 -0.247246 0.177587 0.592298 -0.113148 -0.170047 0.448259 -0.630766 -0.770112 -0.085233 -0.861722 0.512021 0.364060 -0.202022 0.080578 -0.639598 -0.474095 0.008294 0.869768 -1.072734 0.870102 -0.397367 0.131563 -0.163636 -0.617972 1.087929 -0.260673 -0.616354 -0.315723 -0.299896 0.372412 0.178803 -0.980417 0.168472 -0.128121 -0.368293 0.407497 -0.547035 -0.261657 0.202506 -0.164145 -0.432312 0.132962 -0.887040 -0.364892 -0.307509 0.419875 0.770792 -0.606879 0.716184 -0.398336 0.175321 0.061211 -0.247779 0.497642 0.191705 -0.040312 -0.664059 -0.320677 
-0.158773 -0.508600 -1.127918 0.274882 -0.049222 0.535926 0.280833 -0.176617 0.633685 0.091475 0.478673 -0.409915 -0.739665 -0.515157 -0.128203 -1.203807 0.421811 -0.294677 -0.659049 -0.020997 0.223951 -0.444023 0.221896 1.466242 0.566308 1.061370 -0.765491 0.892574 -0.107513 -0.945587 1.135835 -0.869989 0.528900 -0.146988 -0.199829 -0.022802 0.551098 -0.841181 -0.201944 0.012154 -0.078002 -0.134908 -0.342745 -0.118172 0.378552 -0.178910 0.286428 -0.193417 -0.998821 -0.096238 -0.438506 0.564999 0.556322 -0.082091 0.003939 -0.763242 0.035413 -0.339771 0.397942 0.106061 0.149034 -0.483562 -0.670557 0.012997 
-1.154382 0.185309 -1.248491 0.157118 -0.226311 0.436423 0.357327 0.035148 0.038758 0.515669 0.532004 -0.033714 -0.463076 -0.055314 0.287650 -0.909153 0.680596 0.028860 -0.873326 -0.175039 0.095012 -0.698443 0.363767 0.974936 0.484465 0.479829 -0.600736 0.190882 -0.237134 -0.644529 1.162636 0.325876 0.369145 -0.573641 -0.158131 0.095029 0.246968 0.082124 -0.490124 -0.123466 -0.687387 -0.805503 0.613382 -0.096568 0.010658 -0.261244 1.098695 -0.512474 -0.331500 0.513690 -0.802764 0.921000 -0.031837 -0.119257 -0.394659 -0.140100 -0.125947 -0.282472 0.269552 0.312944 -0.203360 -0.494563 -1.425689 0.301752 
-1.671570 -0.512973 -1.362261 1.306565 0.321167 0.510828 0.045129 0.809868 0.322519 0.672819 0.818716 0.031621 -0.501035 -0.218170 0.221319 -0.576168 0.949416 0.090208 0.139455 -0.083228 1.136096 0.092735 0.368974 0.703573 0.825153 -0.151533 -0.452397 0.395466 -0.444953 0.628898 1.000759 0.301375 0.018617 0.216319 -1.041197 0.755076 -0.621160 0.009466 -0.624368 0.623775 -0.250312 -0.538682 0.629215 0.723597 -0.120023 -0.043775 0.383846 0.235890 0.413238 0.010468 -0.694950 0.913827 0.154975 -1.107950 -1.212217 -0.465815 -0.059893 -0.028688 -0.358506 -0.093480 -0.060887 -0.329725 -1.237623 0.244557 
-0.391863 -1.372959 -1.778768 0.701875 -0.128962 -0.052174 0.173298 0.547914 0.019651 -0.215658 0.667859 -0.094382 -1.595465 0.648550 -0.119225 -0.104880 0.971343 -0.615712 0.100566 0.012639 1.246241 0.978951 -0.746318 0.962116 0.556473 -0.358376 -0.845115 0.060120 -0.579027 0.361209 0.017013 -0.032612 0.143780 -0.112154 -1.009620 1.172850 0.346031 0.256214 -0.932400 1.946499 0.089520 -0.638479 0.946412 0.863484 0.496589 0.283992 -0.055551 0.339994 0.593717 -0.085656 0.058567 0.550244 0.304579 -0.135697 -1.326523 -0.274034 0.151141 -0.483743 -0.815346 0.050254 0.116294 -1.139146 -0.973338 -0.128300 
-0.236957 -0.954497 -1.240703 0.153573 0.461066 -0.356382 -0.456075 -0.972160 -0.247380 -0.059947 -0.203784 -0.575227 -2.146180 0.670644 -0.720839 -0.278913 2.054558 -1.684201 -0.424701 -0.159266 0.309827 0.221446 -0.803854 0.598247 0.520171 -0.106731 -0.012307 -0.548835 -0.879404 0.870616 0.488086 -0.198828 0.335670 0.838190 -0.795091 0.299644 0.459906 0.560786 -0.948908 1.561343 0.097232 -1.037530 0.409317 -0.566931 0.176249 0.258936 0.510118 -1.098412 -0.149281 0.261634 0.707345 0.698311 -0.112296 0.720202 0.081054 0.235334 -0.201943 -0.742711 -0.752924 -0.411738 0.073384 -1.571801 -0.459038 -0.579014 
0.479194 -0.764074 -1.206022 -0.420605 0.699225 0.314246 0.395835 -1.033871 -0.007512 0.453147 0.344021 -0.796139 -2.321507 -0.339532 -0.656533 0.172854 2.037122 -0.238636 0.353281 -0.852016 0.279242 -1.036233 -0.813191 0.833904 1.537693 1.083405 0.138130 0.060029 -0.417630 0.719086 0.528921 -0.683721 -0.713001 0.048533 0.279284 0.892281 -0.597091 1.841541 -2.156913 0.278451 -0.104635 0.149836 -0.148128 -0.270971 0.348618 0.552107 0.723665 -0.135086 -0.201660 1.193648 0.053858 1.119268 -0.341396 0.829752 -0.373091 -0.719460 1.863250 -0.290568 -0.658126 -0.413310 0.255594 -1.149868 0.075513 -0.294968 
0.712965 -0.283115 -1.315581 -0.220117 0.343481 -0.507316 0.067925 -0.724292 -0.413762 0.343111 0.448291 -0.112355 -2.763509 -0.402615 0.362438 0.363271 1.870916 -1.067426 0.036139 -1.099350 0.144839 0.237953 0.875273 1.227869 -0.193809 1.446202 -0.017588 -0.342208 -0.503678 0.550106 1.473951 -0.825855 0.235978 0.764875 0.177414 -0.463541 -0.721923 2.226796 -1.652633 -3.014709 -0.326445 -0.928128 -0.167827 0.089635 -0.349418 0.344789 0.305410 0.589204 1.316576 1.146727 0.027703 0.672353 -0.587198 0.634128 1.175338 -1.038477 1.896628 -1.217370 -0.978953 -0.239004 0.425768 -0.468518 -0.250728 -0.384529 
-0.301227 1.223479 -2.205248 0.845431 0.228618 -0.403897 0.086198 -1.015357 -0.144557 0.396376 0.438513 -0.664795 -1.131735 -0.546239 -0.231179 0.838828 2.074119 -1.028357 -0.645366 -0.838092 -0.634227 0.107353 1.180095 1.988733 -1.091706 0.615746 -0.890506 0.691391 0.620497 0.191616 1.600067 -0.399160 -0.211870 -0.156274 0.886204 -1.715586 -0.226702 -0.567418 -0.045813 -1.788710 0.470372 -1.639888 -0.558005 -1.869230 -2.284056 0.254744 0.844712 -0.613254 -1.122859 0.960917 0.624209 -0.196122 -1.370951 0.323851 0.935365 -0.759905 0.888490 -2.262836 0.121383 0.658129 0.250937 0.296200 -0.165001 0.737579 
-0.791528 1.176838 -1.548256 1.024608 -0.099282 -0.495255 -0.254814 -0.778447 -0.418587 0.214975 1.073584 -1.346624 -0.124335 -0.937404 0.670285 0.451525 2.334869 0.275799 -1.586602 -1.281410 -0.474444 0.422949 0.373638 0.500446 -0.430981 0.709681 -0.873268 0.560054 -0.403803 0.893297 0.794255 0.451310 -0.281015 -1.293577 0.979410 -1.668485 0.059505 -1.732168 0.927009 -0.637817 0.691187 -2.395445 0.131524 -1.380547 -2.541740 0.294595 1.283350 -2.050803 -0.302131 -0.750022 0.435925 -0.396992 -1.266978 -0.152706 1.873118 0.428768 -2.192243 -1.219153 -0.838544 0.755212 -0.910292 0.801026 0.137590 0.395627 
0.764004 0.485999 0.041772 -0.556006 -0.291689 -0.200939 -0.251231 -0.254073 -0.148065 -0.261199 -0.169225 -0.649539 -0.190333 0.264775 0.960898 -0.313987 1.404158 0.432658 -1.436778 0.119128 -1.134623 -0.753035 1.057192 0.468706 0.326391 0.392816 -0.848969 -0.097361 0.134802 0.619994 -0.269406 0.524881 0.107841 -0.795379 -0.094083 -1.183068 -0.067054 -0.892438 1.499932 -0.500102 -0.206874 -1.444042 0.786175 -0.128718 -1.479662 0.824943 -0.855010 -0.500605 -0.592016 -3.303200 0.174954 0.148557 0.353454 0.141079 2.073528 0.377142 -3.437157 -1.119074 -0.440939 0.256714 -0.672246 -0.902002 -0.083835 0.008439 
1.245277 -1.544377 -1.048566 -1.722104 0.527274 -0.500266 -1.099144 -0.290668 0.515473 -0.141559 -0.366469 0.358702 0.292163 -0.030612 0.715257 -0.828942 0.268993 -1.020084 -2.059568 2.019003 -3.166471 -0.500761 1.142917 -0.057684 0.163907 0.324388 -0.064272 0.696975 0.375316 -1.178229 0.462321 0.045969 -1.340730 -0.589630 -0.815116 0.457569 0.545853 -1.525772 1.246748 -0.432896 0.592300 0.680661 0.117618 0.186077 -1.752879 1.252432 -0.274720 1.765715 -0.795339 -2.786099 -0.160893 0.593190 -0.346404 0.607049 1.344715 1.378567 -0.665473 0.056730 -1.499024 -1.046458 -0.072419 -0.555337 -0.503044 0.050089 
0.223579 -1.071727 0.206378 -0.140397 0.303934 -1.513768 -0.651997 0.257086 0.037655 1.312001 0.291157 0.448236 0.211876 0.152485 0.938618 -0.262098 0.961448 -0.881531 -2.107362 1.070452 0.188337 -0.047783 1.650556 -0.034181 0.482025 0.459621 -0.602155 0.837756 0.202104 -1.359109 1.399688 0.120206 -0.351158 -0.511751 -0.506850 0.369257 1.179106 -1.014832 0.894737 -1.111745 1.736799 1.312632 -0.199368 -0.029347 -1.765326 1.701809 -0.559160 2.485667 -0.759167 -2.451335 -0.048963 -0.137279 -0.595757 -0.433676 -0.480536 1.395932 0.622988 -0.088966 -1.891620 -1.079916 1.199336 0.467165 -0.587801 0.113369 
1.443892 -1.997426 0.877667 -0.183293 -0.187546 -1.667007 -0.713271 0.253445 -0.041001 0.818971 0.609528 0.362649 0.608500 -0.133689 0.277250 -0.350437 0.180066 -0.029900 -1.852332 -0.211076 0.276915 -0.196491 0.037297 0.347216 -0.940211 0.644881 0.004315 0.203018 1.132438 0.099239 0.890701 0.059199 0.124230 -0.878200 0.024245 0.199408 0.760808 -1.074292 0.690991 -0.641996 1.371194 0.743739 -0.014062 -0.904781 -1.261536 1.843848 -1.265267 1.660621 -0.137433 -1.630731 0.128709 -0.408684 -0.140898 -0.756195 -2.759659 0.358415 -0.128101 -1.002566 -0.403173 -1.002360 1.908777 -0.205991 -0.315929 0.303466 
0.400820 -2.041913 -0.744376 0.588222 0.302410 -1.511902 -0.034713 0.327794 0.186203 0.730866 -0.027170 -0.587282 -1.185785 -0.075781 1.394756 -0.612056 -0.096066 0.350165 -2.288266 -0.987659 0.853067 0.077454 -1.478637 -0.033526 -1.141859 -0.003504 -0.026422 0.444279 1.252077 -0.606379 0.265399 0.213346 -0.510677 -0.631454 -0.560253 -0.253341 0.009455 -1.383235 0.287678 0.020259 0.554157 1.079129 0.048575 0.217661 -2.434282 0.330059 -0.760946 0.275877 -0.063497 -1.375502 0.874690 -0.635408 -0.467057 -0.917952 -2.146602 0.307043 0.437390 -0.728142 1.568047 -0.950365 0.242763 -0.250777 0.218080 0.120149 
-0.357342 -1.621417 -0.263071 0.529575 0.144464 -0.138067 0.204098 -0.437321 0.136029 0.437148 -0.009810 -0.705777 -0.249900 -0.131197 0.714149 -0.615463 -0.033544 0.646737 -1.983760 -0.536362 0.089193 0.691513 -0.672548 0.427366 -0.030899 0.577509 -0.132714 0.141161 1.043628 -1.517174 0.348154 0.311192 0.407078 -1.218844 -0.774036 0.844603 0.989554 -1.522039 -0.597341 0.288982 0.340176 0.929229 -0.777041 0.076851 -1.821439 -0.727884 0.031966 -0.267454 -0.689162 -1.333848 0.028895 -0.443782 -0.718312 -1.188354 -1.507143 -1.647330 0.892268 -1.022894 1.515463 -0.505858 0.375874 -0.696794 0.073816 -0.732837 
0.091460 -1.331141 0.002488 0.712453 1.101336 0.733713 -1.018648 0.420600 -0.235446 0.365221 0.464685 -0.047417 -0.769574 -0.502376 -0.125148 -0.200661 -0.464725 -0.074842 -0.763962 0.245040 -0.464066 0.017766 -0.778994 1.461681 0.105107 0.500331 -0.313903 -0.034896 1.281727 -0.820779 -0.654128 -0.529927 0.111333 -0.979249 -0.324055 0.213382 -0.073480 -0.816200 0.002765 -0.058575 0.021193 1.080817 -0.172771 -0.135289 -1.110065 0.395828 0.186694 -0.624418 -1.491847 -0.668955 -0.363865 0.235390 -0.520923 -0.372683 -0.942742 -1.742624 0.521159 -0.682214 0.551716 -0.714538 -0.014366 -0.105116 0.456167 0.067155 
0.249368 -0.921362 0.525177 0.630928 0.790437 0.588973 -0.929331 -0.472587 0.290323 0.777385 0.147174 -0.093682 -1.019148 -0.164990 0.644725 0.136450 0.106838 -0.341585 -1.941667 -0.043497 -0.936597 0.236842 -0.306458 1.189644 -1.186581 0.568859 0.393327 -0.316275 0.751530 -0.204617 0.196854 -1.309716 -0.259432 -0.434986 -0.450939 0.342786 -0.800091 -0.343062 0.423726 0.485380 0.750233 1.009379 -0.513419 0.104631 -1.175256 1.022603 0.208080 -1.030923 -0.403194 -0.893218 0.016996 0.389649 -0.624048 0.038005 -0.955863 -1.059332 -0.932683 -0.680716 0.168959 -0.452500 -0.405100 -0.092226 -0.701667 0.440068 
0.306374 -0.439362 -0.336900 0.248975 0.500968 -0.314372 -0.318478 -0.122946 -0.292987 -0.433906 0.638507 -0.306284 -0.543605 -0.261412 0.622065 0.488684 0.138719 0.096731 -1.739186 -0.417353 -0.626776 0.015196 -0.220554 0.338659 -1.129984 0.228653 -0.105051 -0.128223 0.558501 -0.488239 0.146026 -1.098470 -0.657734 -0.546886 0.104890 0.418461 -0.161199 -0.595195 0.981975 1.291030 0.570165 0.090441 -0.387753 0.650287 -0.430146 0.560706 0.887704 -0.716555 -0.254122 0.165676 -0.382940 -0.427822 -0.880600 0.085794 -0.702771 -0.713569 -0.383997 -0.442404 0.629496 -0.617716 -0.539895 -0.153409 -1.345415 -0.249346 
0.409727 -0.312378 -0.668036 -0.963664 0.037435 0.476512 0.240353 -0.834679 -0.151769 -0.611260 1.172569 0.138623 -0.434133 0.859794 0.351151 -0.076926 -0.123193 0.119533 -0.575312 0.206768 -0.175755 0.782628 -0.319313 0.026030 -0.271889 0.437924 -0.682764 0.173384 1.287604 -0.015847 -0.023903 0.125165 0.114556 -0.332655 0.623120 -0.283406 0.482422 0.165902 1.127832 0.735636 -0.072561 -0.818764 -0.581836 0.432224 0.209069 1.364596 0.383356 -0.483078 0.368567 1.049227 0.096082 -0.563870 -0.372939 -0.235535 -0.270890 -0.598147 -0.177716 -0.283286 -0.102234 -0.445261 -0.862007 0.168119 -0.818553 0.357963 
0.232254 -0.071672 -0.177718 -0.335766 0.222233 0.204062 0.090311 -0.432683 0.039243 -0.714498 0.797223 0.250550 -0.285412 0.597084 0.153896 -0.182004 -0.227791 -0.259667 -0.009124 0.098619 -0.005913 0.373106 -0.206526 0.105926 0.059750 0.152002 -0.262570 0.165373 0.742313 -0.011563 0.063283 -0.075484 0.241144 -0.703438 0.427532 -0.209121 0.118232 0.073335 0.809646 0.594050 -0.206502 -0.332037 -0.208664 0.299420 0.096629 1.243113 0.336013 -0.215049 -0.229584 0.464095 0.142355 -0.010931 -0.256751 -0.142918 -0.154463 -0.097168 -0.140901 -0.073286 -0.127670 -0.386397 -0.622998 0.155849 -0.364935 0.133410 
0.091916 -0.020400 0.082648 -0.153333 -0.065877 0.043005 -0.006748 -0.222737 0.029621 -0.189312 0.219955 0.007566 -0.055932 0.058569 -0.123418 0.008571 0.002428 0.060880 -0.072645 0.216356 0.195635 0.203778 0.185090 -0.042024 -0.014715 -0.041049 0.189419 -0.094529 -0.036914 0.288984 0.075671 -0.068235 -0.059305 -0.029928 0.009185 -0.165699 0.027722 0.045463 0.087507 0.210198 -0.090524 0.030786 0.050989 0.234795 0.109836 0.075433 0.084642 -0.080907 -0.044273 -0.024044 -0.105966 0.281182 0.067754 -0.045021 0.039491 -0.078635 -0.069106 -0.184723 -0.000371 -0.207160 -0.258252 0.223711 -0.071740 0.136220 
-0.098607 -0.062305 0.067409 0.011292 -0.053313 0.079564 -0.072396 0.017539 -0.038491 0.072922 0.026536 -0.032312 0.004052 0.009843 -0.076143 0.022872 -0.021397 -0.017197 -0.002323 0.033066 0.046953 -0.127886 0.350274 0.075934 -0.047005 0.056555 -0.025704 -0.005013 0.089539 0.092718 0.068695 0.072615 0.011235 0.130983 -0.053627 -0.020722 -0.001877 -0.019523 -0.123802 -0.063545 -0.023461 -0.078204 0.042832 -0.026111 -0.024902 -0.041776 -0.042132 -0.083202 -0.129134 0.028559 0.087748 0.465162 -0.048246 -0.073670 0.007102 0.019716 0.029607 0.039578 0.078399 0.069513 0.073831 0.006277 0.019646 0.122873 
0.024775 0.013822 -0.032702 -0.017550 -0.029184 -0.014709 0.010702 -0.045332 -0.030146 0.079042 -0.053869 0.057281 -0.047528 0.049099 -0.065337 -0.075783 0.078198 -0.037144 0.074412 -0.032420 -0.066249 0.017672 -0.052664 -0.015389 0.044372 -0.011851 -0.023769 0.066116 0.003247 0.054937 -0.046543 0.077321 0.062443 0.013979 -0.066798 -0.067769 -0.015530 -0.037204 0.037079 -0.038304 -0.024175 -0.038254 -0.021473 0.078899 0.028223 -0.071710 0.074799 0.047039 -0.035450 -0.059286 0.020358 0.070362 0.047660 0.030895 0.033612 -0.018783 0.075574 -0.023435 -0.011950 -0.067285 0.016590 0.021709 -0.038712 0.034632 
-0.066776 0.051225 -0.002856 0.010480 -0.034310 0.043036 -0.007746 0.115297 0.026230 0.032333 0.043938 -0.029505 0.076059 -0.029306 0.112486 -0.074316 -0.066980 0.012316 -0.007476 -0.073836 0.044183 -0.013254 0.055201 0.023370 0.050428 0.138398 0.080994 -0.051847 0.059174 -0.058283 -0.009199 -0.031659 0.046191 0.038367 0.043198 0.070454 0.084353 -0.002795 0.014699 0.069377 0.071427 0.002400 -0.041616 -0.061853 0.002170 0.045833 0.057560 0.003055 -0.056023 0.022668 0.043395 0.052664 -0.103540 0.038364 -0.024785 0.023743 0.077296 -0.029826 -0.026837 0.002970 0.047454 -0.039574 -0.035012 -0.042454 
-0.066766 0.117576 -0.013651 0.084613 0.042227 -0.133275 -0.000065 0.237516 -0.026726 -0.011162 0.007500 0.114579 -0.017020 0.009171 0.213993 -0.047384 0.142872 0.078709 -0.010171 0.000799 0.093704 -0.175309 -0.029215 0.057530 -0.021158 0.374718 -0.022243 0.105101 0.002321 -0.017413 0.080460 -0.179199 0.115620 -0.068349 0.030591 0.071559 0.038721 0.006711 -0.076133 -0.043934 -0.031373 -0.000140 0.064640 -0.216857 0.125424 -0.065094 -0.114627 -0.030710 0.021469 -0.151823 -0.018358 0.158215 -0.222931 -0.027224 0.070036 -0.140497 -0.074668 0.075933 -0.003677 0.043598 -0.046239 0.072942 -0.084987 0.064512 
0.107381 -0.132863 -0.294066 0.179735 -0.096947 0.275542 -0.087094 -0.179561 0.251335 0.387728 -0.204064 0.171239 -0.062170 0.129763 0.274155 -0.067003 0.156166 0.213478 -0.106959 0.052608 0.173282 -0.045992 -0.146017 0.277703 -0.196383 0.389484 -0.058715 0.386679 0.029136 -0.364337 -0.102707 -0.205845 0.567935 -0.126000 -0.111492 -0.388926 -0.192008 -0.059422 -0.046890 -0.055994 -0.080182 0.469464 -0.205622 -0.019305 0.132567 -0.015053 -0.154699 -0.089158 0.016825 -0.316002 -0.129353 0.381037 -0.592907 -0.117244 0.178417 -0.113852 -0.028098 0.231017 -0.237622 0.058666 -0.074666 0.150547 -0.044514 -0.077393 
-0.686172 0.351544 -0.579357 0.547422 -0.143597 0.312013 -0.349166 -0.304221 0.474259 0.021613 -0.283932 -0.154340 -0.478974 -0.296207 0.317726 -0.215812 0.147525 0.221080 -0.222522 0.045264 -0.400045 -0.205722 -0.289572 0.655207 -0.966377 0.299996 -0.241544 -0.059224 -0.020543 -0.512779 0.077758 -0.195371 -0.484662 -0.609991 -0.049221 -0.100347 0.151678 -0.144759 0.224303 0.346221 -0.342320 0.544660 -0.302423 -0.023781 0.126098 -0.043504 -0.116489 -0.065042 0.020960 -0.239705 -0.337463 -0.142577 -0.471324 -0.201036 0.281409 -0.204172 -0.063441 -0.136532 -0.213732 -0.021343 -0.388411 0.085142 -0.861613 -0.201516 
-0.647154 -0.069114 -0.985011 0.311852 0.308838 0.417925 -0.432582 -0.030395 0.534302 0.107986 0.036958 -0.103325 -1.327633 -0.140427 0.260421 -0.719621 0.699620 -0.001838 -0.033449 -0.000940 -0.668002 -0.434819 0.006955 0.964789 0.048191 0.519802 -0.460794 -0.160965 -0.281882 -0.550234 0.882042 -0.149977 -0.724354 -0.494892 -0.252281 0.154638 0.716734 -0.465218 0.071948 -0.073963 -0.625455 0.367920 -0.245828 0.043369 0.300095 0.045754 0.118051 -0.378605 -0.185175 -0.155979 -0.258027 -0.308402 0.025871 -0.542580 0.236242 -0.561769 0.201160 -0.186883 -0.263388 0.365859 0.169254 -0.146089 -0.858070 -0.623069 
-0.389635 -0.607996 -1.714984 0.306968 -0.166228 0.740883 -0.103206 0.070662 0.406821 0.391197 0.629481 -0.216461 -1.474078 0.258722 0.259558 -0.813710 1.240000 -0.200250 -0.462204 0.042599 0.242156 -0.622450 0.549876 0.797864 0.825856 0.583674 -0.985446 0.152974 -0.073523 -0.577366 1.028837 0.072388 0.019904 -0.077403 -0.542456 -0.970256 1.118217 -0.890739 -0.193966 -0.254138 -0.274100 -0.033462 -0.173896 0.181518 0.084465 -0.009923 0.736636 -1.007515 0.067019 -0.155278 0.000240 0.030529 0.438404 -0.021665 -0.233075 -0.487149 -0.959746 -0.353137 0.201445 -0.084883 0.232784 -0.624503 -0.803903 -0.250256 
-0.552817 0.143566 -1.901536 1.037096 -1.019376 0.719992 -0.069721 -0.180679 0.548706 0.075677 0.229813 -0.136267 -1.741036 0.462054 -0.159552 -0.289424 0.828268 0.869902 -0.437585 -0.153389 0.040593 -0.405116 0.764826 -0.121225 0.698729 -0.131956 -0.884515 -0.391017 0.079895 -0.165360 0.624644 0.142895 0.699802 -0.363804 -0.901284 -0.121722 0.961878 -0.080873 -0.276705 0.249111 -0.414866 -0.322288 0.072009 0.706767 -0.311055 -0.029975 1.485547 -1.030944 -0.354620 1.164154 -0.119114 0.364025 -0.147804 0.174787 0.126320 0.424442 -1.015078 0.420388 -0.334134 0.067018 -0.366959 -0.801446 -0.858561 -0.507644 
-1.217297 -0.638886 -1.620919 1.434978 0.392165 1.090700 0.333365 -0.133330 0.434026 -0.754065 0.467944 0.389188 -2.272465 0.708361 0.030330 0.290531 0.788109 0.722458 -0.156070 -0.072316 -0.026308 -0.047855 0.402569 0.030888 0.244081 -0.395064 -0.901677 0.276784 -0.571307 0.491514 0.926596 -0.473567 1.177588 -0.170372 -0.913674 0.067366 0.575266 0.737529 -0.577884 1.455332 0.114670 0.505017 0.693837 0.953490 0.811425 0.250481 0.225666 -0.029731 0.026032 1.088877 0.322011 0.918828 -0.499442 -0.435230 -0.757890 0.178872 -0.242020 -0.176555 -0.869372 -0.007718 0.393259 -0.831102 -1.213050 -0.396552 
-0.150229 -1.037999 -2.849310 0.922787 -0.201370 -0.337598 0.494322 0.629567 -0.489264 -0.306117 0.818948 -0.363968 -2.675842 0.374627 0.060124 0.059311 1.499304 -0.419459 -0.244894 -0.055711 -0.949277 0.182618 -0.275793 0.588301 1.508334 -0.144770 -1.186107 0.157251 -1.169179 -0.616628 0.761410 -0.827024 -0.409887 0.034694 -0.936545 0.468943 0.580368 1.356825 -0.662942 2.005196 0.112977 0.289583 0.003290 1.346245 0.085532 0.421239 -0.665486 -0.468038 -0.540951 0.651715 0.882274 0.605013 -0.486952 -0.103437 -0.681868 -0.366195 0.041292 0.058926 -0.756713 -0.390112 0.244904 -0.477451 -0.545807 -0.316484 
0.289610 0.299630 -3.458110 0.574493 -0.333358 0.057629 0.341809 -0.155812 -0.784899 -0.370071 0.830609 -1.105441 -2.286332 0.198661 -0.235724 -0.435043 0.923152 -0.754879 -0.242214 0.068750 -0.896597 0.461114 0.745854 0.144371 0.990479 0.280040 -0.556180 -0.529193 -0.623561 0.557079 1.560963 -0.903409 -0.567192 -0.724332 0.069135 1.240206 0.146988 1.289868 -0.852298 1.477194 -0.113027 0.004659 -0.236730 -0.035624 0.060823 1.036264 1.265001 -0.561603 -0.546399 0.893182 0.906501 -0.072679 -1.506395 0.131098 0.973340 0.410885 -0.408038 0.220016 -1.166666 -0.595493 -0.693577 -1.489602 -0.365017 0.225752 
0.558715 0.921750 -4.011976 0.543718 -0.003659 0.625228 0.467132 0.215958 -0.993855 0.115265 0.467539 -1.163569 -2.008768 0.547181 0.163230 -0.406666 1.041153 -1.039007 -0.074395 -0.748477 -0.916198 -0.149704 0.337440 0.312148 0.235400 1.270576 -0.265917 0.162506 -0.641178 -0.805604 1.482425 -0.953927 -0.231160 0.041714 0.335249 1.476222 -0.042193 1.879384 -1.364581 -0.210370 -0.464058 -0.384274 -1.054056 -0.011728 0.627556 0.382243 0.917614 0.346085 -0.104570 0.649540 0.998935 -1.439718 -1.081269 0.794804 0.817764 -0.282924 1.359169 -0.075893 0.253536 -0.199563 -0.934820 -0.273138 -0.363692 -0.868114 
1.020288 0.408356 -4.188142 0.557057 -1.059678 1.162598 0.646508 -0.159648 0.089105 -0.688234 0.178840 -0.548369 -1.228790 0.157414 0.118104 0.407798 0.499484 -0.275408 0.073647 -0.816328 -2.177386 0.511518 0.129732 1.185309 -0.520941 1.140909 -1.334637 0.587046 -0.453194 0.166025 1.729286 -0.191097 0.537573 0.319271 0.431116 0.147145 -0.671369 0.616939 -0.923660 -2.624087 -0.359981 -2.076371 -1.279149 0.212883 0.625032 0.841722 0.506619 -0.013766 0.451163 1.933654 1.215265 -2.615517 -0.415793 0.419250 0.441595 -0.212170 0.612761 -1.768841 0.276213 0.444490 -0.962289 0.468167 -0.441462 -0.450995 
-0.393552 1.763956 -3.238565 -0.211744 0.594280 1.037942 0.328990 -0.173949 -0.039303 0.082554 -0.067734 -0.749149 0.216409 -0.516621 0.593389 0.597627 1.512428 0.442457 -0.774362 -0.975516 -3.599722 -0.965198 0.112786 0.767695 -0.760637 1.220269 -1.351987 0.416598 0.091042 1.032487 1.326507 0.024368 -0.697404 -0.026767 0.659020 -1.334717 -1.821819 -2.312107 0.743504 -1.626164 0.425418 -2.114310 -0.898889 -1.986986 -0.390054 0.425503 0.716871 -0.875445 -1.172794 1.507932 1.397538 -1.624470 -1.307372 0.820195 1.299997 0.789797 -0.197124 -0.935622 -0.725469 0.855103 -0.699766 1.799111 -0.087127 -0.421727 
1.322548 0.649730 -2.558555 -0.787899 0.678092 1.473505 -1.528325 -0.654893 0.477472 -0.932071 0.006353 -0.492020 0.545766 -0.592403 1.019086 0.881620 0.995551 0.831109 -1.840206 -0.718392 -2.154301 -0.253939 -1.575651 -0.945377 -0.667883 0.879282 -1.668005 -0.094414 -0.275625 1.445945 -1.051170 0.714016 -1.049669 -0.662798 0.062279 -2.669356 -0.582725 -2.955775 1.480835 -0.713245 -0.261270 -0.955469 -1.150151 -1.036356 -1.369915 -0.619507 0.741785 -1.410863 -0.988307 0.276656 0.024378 -0.914952 -1.717167 0.152830 1.598951 0.659703 -2.465574 -0.807510 -0.398149 1.046645 -1.090296 0.988484 0.078103 -0.862584 
1.822552 -0.034348 -2.029815 -2.413453 1.409848 0.256613 -1.328332 -0.211840 -0.232626 -0.352962 0.131104 -0.469531 -0.095967 0.719900 1.929760 0.417197 0.609100 1.049041 -1.739773 0.848825 -2.630130 -0.724293 0.179169 -0.638924 0.382321 0.897229 -0.825297 0.410986 -0.236032 1.350480 -1.249512 -0.509532 -1.583859 -0.228764 -0.051834 -2.020059 0.178239 -1.775843 0.246124 0.432893 -1.497819 0.268735 0.555184 -0.441943 -0.965916 -0.513912 -2.371812 -0.259262 -0.394138 -2.069311 0.394087 0.000867 -0.608724 -0.269068 1.091757 -0.564621 -1.853597 -0.069512 -0.712466 0.007810 -0.786110 0.234596 -0.709616 0.186725 
0.402210 -1.243116 -0.490452 -1.401857 0.877365 -0.184025 -2.102656 0.630182 1.495605 -0.098127 0.910768 -0.497381 0.335996 0.434180 2.754727 -0.974965 1.649738 -0.715469 -3.054035 1.600819 -1.306635 -0.238780 -0.136323 -0.875497 0.084114 0.902098 -0.149541 0.596279 -1.943317 -0.865942 -0.834968 -0.774775 -1.633557 0.239129 0.038189 -0.482854 0.817821 -1.051511 0.509477 -0.683616 -1.033210 1.127615 -0.132193 -1.101489 0.316865 -0.649230 -1.748295 1.391866 0.537267 -1.633300 1.619020 0.419008 -0.631943 -0.846268 1.645028 1.010578 -0.669695 0.354813 -1.930011 -1.038524 -0.630951 -0.074111 -1.375466 0.244886 
0.305990 -0.856586 -0.227775 -1.748169 -0.281585 -0.101164 -1.594066 0.718145 0.832062 0.192024 -0.615737 0.452282 -0.163850 0.118364 2.132519 -0.527785 -0.043525 0.006313 -4.208139 0.679791 -0.540373 -0.217666 0.120650 -0.536264 0.880091 1.064143 -0.157117 0.350628 -0.997553 -1.490371 0.892442 -0.622186 -0.035667 -0.216706 0.262937 0.649498 2.080102 -1.652969 0.745100 -1.758495 -0.844990 0.769665 -0.942477 -1.527045 -0.242642 -0.499558 -0.143930 2.468607 0.097498 -1.367288 0.299525 -0.525005 -0.584626 -0.449644 -0.379765 1.954217 1.063996 0.245685 -2.548644 -0.906062 1.104125 0.145533 -0.683323 -0.037498 
0.677280 -1.151565 -0.295315 0.761348 1.179351 -0.832910 -1.185264 0.193118 0.717470 1.142206 -0.115618 0.568047 -0.254206 -0.055591 1.453699 -0.362900 -0.155037 1.183458 -3.741689 0.053970 1.064647 -0.451268 -0.199650 0.111757 -0.961180 1.021096 -0.806059 -0.393691 -0.781429 -0.343697 0.873947 -0.620443 -0.552363 -0.757308 -0.023793 0.538447 1.174785 -1.232338 0.572470 -1.108747 0.618711 0.684904 -1.278642 -0.677384 -0.902717 0.233158 0.614606 0.679186 0.205298 -1.572792 -0.579292 -0.420251 -0.340798 -0.429399 -2.732048 1.188268 1.353593 -0.132156 -1.234643 -0.709199 2.178589 -0.291321 -0.951576 0.184126 
0.559234 -0.735095 -1.139046 1.090023 1.240481 -0.529104 -0.728902 0.647142 0.259455 1.246371 0.399741 -0.573101 -1.197393 -0.401613 0.915454 -1.096061 -0.374800 1.107740 -3.989526 0.049632 0.814508 -0.041500 -0.671800 0.724339 -1.461716 1.160265 -0.477013 0.251863 0.006500 -0.546975 0.775384 -0.354567 -0.267287 0.202571 -0.379125 0.653817 0.126759 -0.686600 0.260834 -0.058440 -0.928250 1.914669 -0.623296 -0.347419 -1.122639 0.669959 -0.352003 -0.480414 -0.232790 -2.011497 -0.012624 -0.477853 -0.298813 -1.159417 -2.383220 0.006065 1.451269 -0.803613 0.423348 -1.164563 1.308412 -0.122533 -0.098546 0.713798 
0.644524 -0.946865 0.074639 0.936070 1.379566 0.089228 -0.526511 0.127472 0.399214 1.122161 0.064018 -0.974153 0.051777 -0.507396 1.448392 0.173947 -0.038807 0.506769 -2.711135 0.487802 0.228612 0.636584 -0.511896 1.045167 -0.565132 1.056100 -0.161228 0.562434 -0.134226 -1.155787 0.921186 -0.530961 -0.082731 -1.521977 -1.093824 0.632945 -0.137816 -1.056060 -1.043171 0.361958 0.075081 1.424664 -1.165886 0.081372 -0.388373 -0.086663 0.375988 -0.830352 0.014350 -0.848363 -0.414845 -0.430209 -0.351794 -0.627143 -1.390375 -2.201436 -0.155475 -0.900931 0.546967 -0.795532 0.893470 -0.675047 -0.453942 0.839917 
-0.040106 -0.954717 0.236174 0.719884 1.253189 0.292218 -1.268480 0.718711 -1.131428 0.928309 0.350518 0.097502 -0.277868 -0.051399 0.286086 0.895768 -0.887483 0.624954 -1.792386 0.413203 -0.371275 -0.430898 -0.861086 0.690193 0.379427 0.046240 0.466941 0.193509 0.030390 -0.091907 0.024156 -0.989463 -0.307192 -1.137532 -0.915886 -0.388042 0.002094 -0.448271 -0.432394 0.281695 0.363641 1.284498 -0.412672 -0.048495 0.463337 0.061370 0.544690 -1.350604 -0.103101 -0.828683 -0.415955 -0.377280 -0.781591 -0.135141 -0.826508 -1.879828 -0.753770 -0.326838 0.818949 -0.532783 -0.101936 0.050691 0.150916 0.790518 
0.277337 -0.320751 0.332332 0.765996 0.259184 -0.332437 -1.106515 -0.052120 -0.533023 0.621719 0.177300 0.101302 -0.465247 -0.349139 0.850776 0.849112 -0.411728 0.293674 -1.949371 0.091198 -0.044499 0.747009 -0.747697 0.570437 0.050386 0.959423 -0.442437 -0.108546 -0.070362 -0.031656 -0.685864 -1.004981 -0.687562 -0.873920 -0.206839 0.013549 0.639280 -0.569585 0.498499 0.528460 1.107525 0.306072 -0.447419 0.770931 -0.202533 -0.238034 0.685418 -1.184899 -0.834575 -0.774457 0.027553 -0.219332 -1.329682 -0.054080 -0.286680 -1.093894 -0.579322 -0.221037 0.417583 -0.538273 -0.359034 -0.106531 -0.902200 0.754447 
0.332786 -0.285530 0.069993 0.561417 0.307431 -0.457276 -0.609463 -0.333076 -0.868005 -0.975120 0.268891 -0.267077 -0.568261 0.002979 1.030513 0.330161 0.319992 -0.449942 -1.987461 0.453953 -0.123172 0.998777 -0.330918 0.193848 -0.420238 0.594585 -0.593663 0.090737 0.327737 -0.046647 -0.464129 -0.854546 -0.410426 -0.656460 0.163226 0.127332 0.183999 -0.549157 0.767772 0.568309 1.127153 -0.332514 -0.449504 1.190946 0.158133 -0.225127 1.153084 -0.565131 0.134395 0.255997 -0.075088 -0.532074 -0.846010 0.049320 -0.137993 -0.969451 -0.131785 -0.336065 1.111901 -0.188500 -0.740190 -0.404444 -1.427237 -0.142952 
0.092743 -0.218031 0.009921 -0.780821 0.159519 0.240744 0.142210 -0.671473 -0.640433 -0.832572 0.854686 -0.068102 -0.617883 0.363241 0.443201 -0.269539 -0.215624 -0.263418 -0.808053 0.591102 -0.106874 0.524504 0.192690 0.209483 -0.274871 0.513591 -0.185505 0.281762 0.610006 0.656200 -0.236981 0.123188 -0.023148 -0.610157 0.171728 -0.078496 0.128042 -0.001234 0.959779 0.591936 0.102989 -0.459143 -0.175309 0.325325 0.448609 0.649148 0.604645 -0.390866 0.700857 0.773966 0.281806 0.162828 -0.476677 -0.055951 -0.068135 -0.668426 0.019019 -0.029574 0.102475 -0.429054 -0.475693 0.116799 -1.054233 0.785045 
0.198429 0.030262 0.135489 -0.750541 0.359334 0.368594 0.218456 -0.423994 -0.153247 -0.272449 0.919642 0.033421 -0.297962 0.469262 -0.031433 -0.312419 -0.004335 0.012454 0.020049 0.459485 0.137910 0.195910 0.342181 0.046732 -0.014472 0.249477 0.278314 0.421007 0.322545 0.302126 0.175243 0.079788 0.266894 -0.072956 0.165003 -0.216820 0.200583 -0.006217 0.788790 0.284880 0.042063 -0.341656 -0.075404 0.069100 0.456872 0.567333 0.039826 -0.154520 0.109875 0.176683 0.268071 0.439976 -0.210961 -0.176627 -0.057098 -0.184789 -0.270374 -0.238752 0.013991 -0.462754 -0.283291 0.211350 -0.279918 0.415228 
0.057152 -0.124079 0.015962 -0.074328 0.216093 -0.021274 0.037290 -0.108563 -0.055680 -0.059851 0.184064 0.094344 -0.095915 0.033661 -0.083149 -0.059141 0.005294 -0.044443 0.086685 0.116752 0.105642 0.117900 0.263881 -0.043352 -0.048028 0.004064 0.080908 0.058436 0.066111 -0.036235 0.191901 -0.101744 0.142238 -0.030210 0.065992 -0.085821 0.028873 0.096998 0.088229 0.092044 0.008706 0.083986 0.066292 0.017627 0.077768 0.111840 0.105178 0.072190 0.048229 0.135707 0.107732 0.264732 -0.030371 0.058556 -0.070900 0.009541 -0.171393 -0.098091 -0.095479 -0.128938 -0.167955 0.139086 -0.054489 -0.022553 
-0.022608 -0.017022 -0.043959 -0.079374 -0.026595 0.036914 0.038580 0.049461 -0.065995 0.010776 0.064874 -0.012795 -0.002793 -0.061315 -0.061509 0.062540 0.042626 0.003800 -0.020057 0.072276 -0.032094 0.070930 0.155003 0.078996 -0.062521 -0.073019 0.084526 0.074343 -0.026415 -0.046769 -0.019711 0.004095 0.087280 -0.011415 0.005456 -0.077551 0.060547 0.002679 0.058967 -0.079074 0.039618 0.011063 0.046033 -0.075658 -0.077182 0.077827 0.043636 0.042559 -0.086013 0.055206 0.056618 0.151196 -0.048917 0.004218 0.005196 -0.050735 -0.000227 0.035179 -0.001885 0.032419 -0.019527 -0.031365 -0.075397 -0.016570 
-0.078956 0.046347 -0.073649 0.079643 -0.012012 -0.003167 0.019687 -0.053659 0.002101 -0.060264 0.049998 -0.007315 -0.026943 -0.018917 0.052109 -0.021083 -0.066355 -0.020733 -0.008721 -0.041394 -0.042310 -0.066188 -0.037983 -0.042420 -0.032653 -0.003773 0.009778 -0.062207 0.029759 0.020574 -0.015719 0.010811 0.075486 0.009176 0.076333 -0.062924 0.075250 0.024110 -0.074973 0.061776 -0.056961 0.077905 -0.023830 0.035918 0.033945 -0.076628 -0.052198 -0.008816 -0.008664 -0.075207 -0.062268 0.015246 0.007700 0.073057 0.035412 0.074703 0.066820 0.008559 -0.063102 -0.070345 0.053674 -0.025975 -0.022675 0.011142 
-0.017821 0.033555 0.031161 -0.036382 0.010507 -0.012525 0.049973 0.064175 0.018840 -0.029944 0.008507 -0.061693 -0.042723 -0.071852 0.111184 0.017270 0.047265 0.086716 -0.066620 -0.072157 -0.033104 0.057308 -0.033574 0.132932 0.008304 0.001888 0.069517 -0.040295 -0.041559 -0.014211 -0.009308 0.003075 0.030926 0.037598 -0.032145 -0.043212 -0.080625 0.002398 -0.019026 -0.089065 -0.012267 -0.032397 0.054647 -0.018977 0.034918 -0.063572 -0.015823 -0.048959 0.001218 0.053355 -0.058310 -0.000507 -0.070396 0.022463 0.054618 -0.088195 0.072011 0.096441 -0.001582 0.022349 -0.049087 0.002914 -0.117873 -0.158726 
-0.114625 0.119328 -0.154892 0.091514 0.089220 -0.255293 -0.025843 0.222164 -0.042789 0.044688 0.140305 -0.016661 -0.001492 -0.059425 0.224220 -0.087542 0.174083 0.069419 0.045032 -0.083437 0.016241 -0.187082 -0.027647 0.233871 0.084284 0.592251 0.079528 0.081635 0.021606 0.054878 0.076176 -0.183213 -0.160312 -0.125655 -0.042559 0.084314 -0.112329 0.009380 -0.065332 -0.053329 -0.022251 0.146575 0.045813 -0.113502 0.228057 0.077692 0.018599 -0.154633 -0.127461 -0.155043 0.128882 0.047778 -0.180513 0.048147 -0.005343 0.044823 -0.130423 0.067645 -0.025087 -0.066431 -0.017637 0.004975 -0.074924 -0.041326 
-0.018392 -0.113831 -0.437032 0.287221 0.108522 0.079714 -0.179575 -0.240585 0.129642 0.343982 0.092169 -0.021607 -0.093719 -0.201454 0.406470 -0.059722 0.290968 0.120544 -0.253083 -0.054906 0.032788 -0.230081 -0.250345 0.591926 0.038115 0.661780 -0.069932 0.073845 0.065335 -0.212314 0.012890 -0.364696 0.110241 -0.141464 -0.065399 -0.071013 -0.135181 0.009586 -0.009589 -0.273732 0.025839 0.342294 -0.098755 0.022167 0.228703 0.068298 0.131974 -0.003630 -0.218337 -0.538916 0.114897 0.075583 -0.576324 -0.113706 0.316352 -0.018218 -0.292794 0.365307 -0.157021 -0.064000 -0.213684 0.355434 -0.262520 0.110225 
-0.949913 0.684516 -0.994660 0.807877 -0.072434 -0.082442 -0.304956 -0.052309 0.519990 -0.007231 0.297323 0.063054 -0.639960 -0.654533 0.231795 -0.389900 0.077531 -0.227897 -0.247770 0.080354 -0.348887 -0.642521 -0.560726 0.290677 -0.580614 0.423299 -0.390472 0.046952 -0.019312 -0.197013 0.004577 -0.220855 -0.635951 -0.555187 0.120565 -0.421273 -0.046434 -0.024569 0.158401 -0.113849 -0.429143 0.219184 -0.190196 0.541419 0.343069 -0.117126 0.262707 -0.515457 -0.185800 -0.310449 0.040379 -0.417795 -0.662942 -0.131119 0.135760 -0.193832 -0.001499 -0.224529 -0.371799 -0.106048 -0.368558 0.144656 -1.072741 -0.150284 
-0.295334 0.230441 -1.985335 0.406824 0.509685 0.033108 -0.632876 0.090178 0.482958 -0.271273 0.537455 -0.648894 -1.497863 -0.066631 -0.214522 -0.781736 0.676491 0.096925 -0.263613 0.112555 -0.325441 -0.472988 -0.441346 0.542997 -0.337514 0.131249 -0.722622 0.006078 -0.186898 -0.367320 0.662810 -0.524388 -0.526736 -0.788288 -0.005836 0.167899 0.808621 -0.216013 0.053088 0.195565 -0.563726 0.231385 -0.157659 0.736142 0.469704 -0.028259 0.328433 -0.401033 -0.301111 -0.056775 -0.346312 -0.605617 -0.390284 -0.079852 0.072601 -0.663092 -0.187856 -0.025428 -0.558489 0.052345 -0.136615 -0.691150 -0.597453 -0.929919 
0.392112 -0.275664 -2.445213 0.461765 -0.081431 -0.381847 -0.221853 0.423311 0.065221 -0.133518 0.448413 -0.721563 -1.875231 -0.000092 0.233297 -0.179606 0.373358 -0.109709 -0.087420 -0.016575 -0.018165 -0.461828 0.047133 0.543595 1.335411 0.020282 -0.763825 -0.181111 -0.296054 -0.319574 -0.209830 -0.107808 -0.142631 -0.221165 -0.397446 -0.426446 1.081424 -0.335307 -0.229861 -0.188591 -0.373352 -0.282806 0.034908 0.185005 0.392272 0.014151 0.335089 -0.926702 0.039438 0.797492 -0.191192 -0.478478 0.119572 0.120442 -0.220470 -0.337903 -0.936933 0.027733 -0.451184 -0.260790 -0.103605 -0.962401 0.292585 -1.204683 
0.212122 -0.154538 -2.381763 1.071673 0.066885 -0.063075 -0.313834 -0.300211 -0.005800 0.497179 0.546140 -0.255566 -1.309777 0.289860 0.482482 0.712500 -0.258905 0.245753 -0.220872 -0.244633 -0.234254 -0.861673 1.149132 0.222851 0.353270 -0.153037 -1.006646 -0.974327 -0.236281 -0.294116 0.028358 -0.843352 0.275060 -0.270901 -0.870911 -0.248715 0.917717 -0.268428 -0.551345 0.024938 -0.170217 0.364406 -0.257524 0.916247 -0.329073 -0.303334 0.078304 -0.533454 -0.512033 1.653471 0.507915 -0.246340 -0.621480 0.331732 -0.064778 -0.106225 -0.915685 0.111838 -0.046041 -0.240446 -0.587202 -0.955761 -0.244566 -0.853642 
0.110173 -0.634488 -2.924619 0.880466 0.791700 0.631865 -1.166961 -0.297942 -0.618310 0.563897 1.255003 -0.814622 -1.229295 0.833742 -0.067128 0.546421 0.349992 0.815087 -0.485581 -0.164682 -0.778531 -0.371089 0.621033 -0.618982 0.538054 -0.279979 -1.266230 -0.175245 -1.031263 -0.442692 -0.110812 -0.957453 1.049415 0.897334 -1.193944 -0.710698 0.929234 0.045683 -0.555325 0.869738 -0.075713 0.757866 -0.260645 1.854377 0.415174 -0.526798 -0.557438 -0.547774 -0.323434 1.227481 0.517727 -0.921560 -0.948995 -0.674903 -0.376551 -0.417623 0.072066 0.959146 0.017894 0.301070 -0.450737 -0.158346 -0.242878 -0.229102 
0.910996 -0.292938 -3.688425 0.705233 -0.130904 -0.604190 0.009573 -0.199455 -1.352957 0.182167 1.133058 -1.043465 -1.269945 0.279923 -0.075799 0.758912 0.373945 0.802653 -0.666803 -0.450615 -0.557702 0.739856 0.364638 0.551662 2.116007 0.423993 -1.380667 0.268071 -0.970916 0.024789 0.707726 -1.233231 0.089893 -0.575281 -0.633084 1.245258 0.158505 0.865716 -0.987588 1.748334 -0.369429 0.567766 0.158279 1.475670 1.176217 0.189367 0.804701 -0.011903 -0.184982 0.712749 -0.561422 -1.984075 -0.768431 0.216992 0.159943 -0.540829 -0.437016 1.017038 -0.455215 -0.086749 -0.714577 -0.685358 0.409433 -0.360123 
0.630693 1.005634 -3.611765 -0.131875 -0.328069 -0.264965 -0.786402 0.192149 -1.123652 -0.257213 0.255619 -0.107239 -0.217379 0.338492 -0.505359 -0.717382 -1.137007 0.654240 -0.275249 -0.486395 -1.399981 1.108232 -0.067592 -0.020638 1.088821 -0.154937 -1.453111 -0.277359 0.065034 1.328620 0.336311 -0.338044 -0.660753 -0.567190 0.040305 2.055074 0.727182 0.783000 -0.526016 1.856737 -0.653204 -0.581249 -0.738284 0.648830 1.036648 0.267489 0.884763 0.170045 -0.994558 0.188542 0.696508 -3.356970 -0.583408 -0.672938 0.507307 0.712829 -0.208114 0.535115 -0.440499 0.122889 -0.241366 -0.481905 -0.524746 -0.455737 
0.940127 0.647308 -3.121569 0.728010 1.192455 -0.180647 -1.170793 0.641651 0.107629 0.124206 1.092399 -0.551408 0.818798 0.428539 -0.327228 -0.474358 1.021620 -0.092062 -0.184003 -1.064016 -1.115231 0.725905 0.416759 2.055729 -0.311472 0.942251 -0.718189 0.313348 -0.997415 -0.330489 0.097616 -0.027943 0.122895 1.308351 0.241982 1.089524 0.459267 0.353722 -1.136569 0.124494 0.438793 -1.043302 -1.105173 1.416320 0.055543 -0.146860 0.139197 0.139404 0.089015 0.884020 2.379315 -3.378655 -0.557056 0.068574 0.415254 0.381608 -0.084948 0.870708 0.080624 0.435177 -1.054547 0.875336 -0.616534 -0.704862 
0.923296 0.193809 -2.634565 0.993674 1.966362 0.096699 -0.346311 -0.188583 1.071938 -0.325739 0.211874 -0.643785 2.588562 -0.286297 -1.264648 -0.083764 -0.187285 0.621698 -0.108643 -0.712288 -1.601104 -0.477632 -0.532804 1.493835 -0.882744 0.543363 -1.630727 -0.600134 -0.561164 -0.222751 -0.198185 -0.960167 0.125570 1.340898 0.234198 0.087178 -1.555358 -0.974143 -0.972595 -0.624331 -0.591158 -1.628158 -0.787367 1.057657 0.959517 0.906556 0.416958 0.295031 -0.273081 2.093848 2.224694 -3.699476 0.316599 1.206826 0.705572 0.173463 -0.712393 -0.149337 0.010236 0.215062 -1.433980 0.550751 -0.363234 -0.364600 
0.413934 0.360119 -1.832455 -1.537367 2.516638 0.254536 -0.955724 -0.631971 0.708212 -0.514533 -0.158190 -0.086689 1.528636 -0.931338 -0.950833 0.585854 -0.173797 -0.297227 -0.390084 -0.018648 -1.853884 -1.420462 -1.651954 -0.625828 -0.900498 -0.060684 -1.337461 -0.317102 -0.078855 0.591886 -2.767347 -1.221997 -0.133508 -0.016383 -0.082184 -1.844866 -2.093614 -2.615559 1.443592 -1.308838 0.303540 -0.393009 -0.684443 -1.250383 0.913219 0.401251 1.048769 0.170060 -1.270263 2.031454 1.735188 -1.258195 -0.420136 0.683141 0.886649 0.379389 -1.959964 0.374538 -0.340785 0.841603 -1.205559 0.943500 -0.006657 0.328694 
0.330158 0.557720 -1.123609 -1.599355 1.287027 0.232392 -0.518221 -1.363461 1.707836 -0.558679 0.586469 -0.767099 0.499707 -1.454558 0.719989 1.085499 -0.325394 -0.048924 -0.842016 -0.271756 -1.054136 -0.645639 -0.098671 -2.528342 0.045551 0.243830 -0.896354 -0.686340 -1.118546 0.858005 -2.852176 -0.622468 -0.003874 0.088478 -0.025098 -2.354018 -1.209299 -2.138554 0.659446 -0.507911 0.165502 1.460318 -1.436275 -0.607508 0.280584 -1.213413 0.188328 -0.717907 -0.703265 0.449791 1.093067 0.894414 -1.381168 0.166079 1.109067 0.673290 -1.923377 0.758091 -0.038284 1.573514 -2.019993 0.629204 -0.544687 -0.556997 
1.182105 0.458763 -0.381778 -2.167357 1.099747 -0.129696 -0.493282 0.077207 1.294887 -0.482682 0.486961 -1.338364 -0.208438 -1.013222 1.673434 -0.800480 0.553365 0.697195 -0.272432 0.926921 -0.748867 -0.987302 0.123150 -1.644668 0.631608 0.195898 -0.224000 -0.480792 -1.042703 1.024973 -1.345153 -0.945435 -0.808380 0.636275 0.213503 -1.791848 -0.674781 -1.261473 -0.874055 0.121559 -1.634153 1.667780 0.126582 -1.342381 -0.522065 -1.948718 -1.404539 -0.092642 -0.526731 0.149830 0.851300 -0.211803 -0.885455 -0.584813 0.631603 0.812593 -1.264759 0.938678 -0.814198 -0.657056 -1.776516 0.618496 -1.533050 -0.675328 
0.037731 -0.873425 -0.265029 -0.825814 0.487668 0.340618 -1.274494 -0.016808 1.974696 0.144064 -0.096790 -1.939019 -1.159556 0.737038 1.422651 -1.158015 0.566128 0.117458 -0.360260 0.724658 -0.286640 -0.012485 -0.446556 -1.176341 1.367865 0.133808 -0.166256 -0.495590 -2.572541 0.452182 -1.107872 -1.749088 0.627881 1.420967 0.048374 -0.047980 -1.099192 -0.130035 0.261851 0.514813 -1.668086 0.723377 0.144320 -1.801497 1.130437 -1.561052 -0.841878 2.020217 1.071166 0.595365 0.766528 -0.539507 -0.138265 -0.145668 -0.842117 0.459143 -0.771635 0.965277 -2.236703 -0.516788 -1.069481 -1.008751 -0.980620 0.211626 
-0.053686 -1.081302 -0.000368 -0.438025 0.256106 1.486525 -0.867413 -0.204020 1.279890 1.318255 -0.286027 0.130951 -0.461997 -0.060103 1.346917 -1.081112 0.594031 -0.841760 -0.944676 0.138244 -0.237002 -0.289433 -0.512513 -0.420766 1.569375 1.458930 -0.081789 -0.747603 -2.963247 -0.002842 -0.794032 -0.075188 -0.162416 2.163972 0.679334 0.455475 0.014508 -0.367600 0.494762 -1.306096 -0.547174 0.381090 -1.018404 -1.431349 0.798617 -1.234702 -0.593212 1.452097 0.263116 0.128603 -0.136223 -0.775040 -0.344489 -0.702737 -1.699242 1.433826 -1.084555 -0.729889 -3.241735 -1.097050 -0.240234 0.814394 -0.526495 0.051802 
-0.948339 -0.483336 -0.223399 0.842516 0.790890 0.746226 -0.563659 -0.115073 1.821932 1.170121 -0.103024 0.646471 -0.553537 0.163834 1.131384 0.309476 0.154283 -0.010987 -1.480653 0.635206 -0.257341 -0.444886 -0.226968 -0.146712 0.249992 0.129703 -0.689236 -0.613795 -3.482249 -0.019234 -0.674461 -0.042654 -0.071986 0.624430 0.832344 0.436675 0.510080 -0.640352 0.745574 -1.061246 0.105642 0.964688 -0.694022 0.048377 0.550502 -0.791191 -0.404472 -0.379107 0.742656 -0.881588 -0.348157 -0.302465 -0.245075 -0.343713 -1.778085 1.506673 1.006168 -1.098154 -1.058513 -0.822577 1.803915 1.337031 -1.430661 -0.137599 
-0.255473 0.397188 -0.422426 1.570979 0.503814 -0.698603 -1.103402 0.493756 0.431545 1.354187 -0.116200 -0.547693 -0.872670 -0.702180 0.996582 0.072954 -0.325089 0.806831 -2.700891 0.037045 -0.055344 0.218288 -0.381295 -0.025678 -0.709732 0.601264 -0.007506 -0.295678 -2.385341 -1.223332 -0.252645 0.653761 -0.252316 -0.460600 -0.041619 0.139363 0.206291 -0.199832 0.026050 -0.618922 -0.094767 2.563775 -1.291332 -0.171774 0.497629 -0.234288 -0.038645 -1.980581 0.957854 -1.259046 -0.198697 -0.899792 0.226181 -0.666676 -1.433158 0.012395 1.142874 -0.609949 0.397612 -0.306775 1.833180 -0.176191 0.058815 0.940443 
-0.580453 -0.418253 -0.014414 1.433246 0.731860 -0.375939 -0.694151 -0.483563 0.077595 1.616970 -0.331809 -0.797405 -0.257947 -0.260284 1.147090 0.414223 -0.393405 -0.228840 -2.346949 0.410440 0.920356 -0.013624 -0.832752 0.075801 0.216775 0.812375 -0.032335 0.773260 -2.338687 -0.608558 0.463379 -0.984422 0.442426 -0.867656 -0.815877 0.436700 0.360809 -0.920502 -0.148913 -0.224182 0.592958 1.359785 -1.068443 0.182864 0.766372 -0.577356 0.340911 -1.625237 0.075672 -1.219547 0.314372 -0.444729 -0.955493 0.134309 -0.055997 -1.188133 -1.020759 -0.237259 0.774531 -0.081767 1.224464 -0.463537 0.010732 0.539066 
0.535484 -0.935722 0.041627 0.533651 -0.513957 -0.492489 -1.480352 0.465847 -1.270822 0.417361 0.067153 -0.524130 -0.284569 -0.514624 0.925216 1.434087 -1.226678 0.633033 -1.908493 0.377928 0.375795 0.284093 -0.670113 -0.400077 -0.071956 0.028461 -0.079138 0.095958 -1.108124 0.109529 0.441502 -0.625803 0.099957 -0.822026 -0.260643 0.500078 1.250415 -0.521955 0.310253 0.402946 0.417080 0.795897 -0.370265 0.471417 0.250195 -0.542034 1.006589 -1.186679 -0.499072 -0.474137 0.286397 -0.119690 -0.352774 0.039415 -0.493199 -1.704094 -0.524190 0.128541 0.236735 -0.168855 0.351262 -0.563359 -0.910686 1.020395 
0.097072 -0.028927 0.268801 0.935271 -0.390074 -1.063441 -1.410393 0.373205 -1.383667 0.031199 1.218297 -0.013853 -0.267686 -0.119043 0.402221 1.073905 -0.327647 0.438293 -1.679889 0.316272 0.526731 0.290634 -0.550726 -0.257037 0.268510 0.839247 -0.260659 0.843781 -1.131935 0.038030 -0.521685 -0.539176 0.248265 -0.977234 0.099655 -0.058593 0.889249 -0.399830 0.587699 -0.188372 0.443404 -0.075012 -0.081770 1.239605 -0.017009 -0.345705 1.180824 -0.770868 -0.746548 -0.533274 0.636524 -0.048561 -1.236486 -0.271376 -0.245509 -1.193222 -0.415158 -0.075086 -0.019315 -0.231103 0.120193 -0.653626 -0.898433 0.897941 
-0.194447 0.223299 0.295724 0.142336 -0.152140 -1.072433 -0.549583 -0.185829 -1.221054 -0.987250 0.247985 -0.091277 -0.272001 -0.036687 0.620214 0.695638 -0.131687 -0.535180 -1.402435 0.458703 0.384414 0.519387 -0.206799 0.200734 0.400309 1.041908 -0.346219 0.442138 -0.608621 0.167579 -0.620062 -0.845242 0.153003 -0.865895 0.304720 -0.250365 0.483642 0.023641 0.946976 -0.299695 0.593658 -0.454131 -0.349575 0.997948 0.424694 -0.375547 1.480038 -0.323516 0.429903 0.516160 0.171587 -0.301437 -0.504781 0.188070 0.342670 -0.827122 -0.231192 0.269370 0.612019 -0.117019 -0.085232 -0.813884 -1.168303 -0.100517 
0.206672 -0.287803 -0.056632 -0.173838 -0.072355 -0.577150 0.048917 -0.726182 -0.831229 -1.197178 0.310935 -0.322409 -0.580935 0.382560 0.636411 0.707933 0.025438 -0.579433 -0.898416 0.199087 0.182096 0.538622 0.114066 0.335947 0.042581 0.639017 -0.052979 -0.078324 -0.269812 0.067651 -0.317691 -0.237275 -0.105894 -1.065671 0.101820 -0.156348 0.184808 0.071030 0.608893 0.341318 0.578986 0.418004 -0.272644 0.187964 0.292174 -0.284343 1.463688 -0.192204 0.664093 0.642420 0.189732 -0.477665 -0.494907 -0.043229 -0.129640 -0.773776 0.001002 0.253991 0.131300 -0.865160 -0.124338 -0.121024 -0.927364 0.454004 
0.150348 -0.160988 0.050017 -0.246079 0.247870 -0.044406 0.122289 -0.382787 -0.069920 -0.556770 0.507868 -0.077447 -0.306539 0.174017 0.082490 0.031868 0.099680 -0.215990 -0.069995 0.024631 0.265722 0.171528 0.049358 -0.036491 -0.148443 0.359062 -0.022702 0.208271 -0.008500 -0.170231 0.048768 -0.104024 0.241168 -0.463930 0.020997 -0.207643 0.131630 0.035494 0.553635 0.252723 0.430366 0.155110 -0.105685 0.020603 0.068757 0.215776 0.437519 -0.077760 0.362660 0.099781 0.276003 0.045900 -0.071228 -0.092462 -0.033595 -0.228411 -0.233544 -0.117363 0.051191 -0.447891 -0.286191 0.180730 -0.323299 -0.132242 
0.132874 -0.065770 -0.097109 -0.061095 0.018114 -0.059584 0.091536 -0.152033 0.083575 -0.289519 0.220067 0.133956 -0.060306 0.004360 -0.001445 -0.000393 -0.040841 -0.073487 -0.064811 -0.063130 0.106747 0.087571 0.069971 -0.020732 -0.030181 0.051010 -0.096303 0.091821 0.033447 -0.236069 0.094659 -0.157159 0.020222 -0.264012 0.061982 -0.003479 0.087297 0.056160 0.039963 0.067448 0.110748 -0.015415 -0.141622 0.100711 -0.006806 0.034032 0.328078 0.050538 -0.008242 0.198485 0.026112 -0.042478 -0.146549 0.066837 0.012869 -0.082547 -0.159692 -0.063132 -0.019281 -0.332875 -0.113872 -0.037379 -0.142684 -0.048716 
0.074808 -0.002950 -0.052770 0.027880 -0.038238 -0.049859 0.054150 0.050431 0.042553 -0.105841 0.011213 -0.018541 0.022792 0.022195 -0.023357 0.048977 0.023327 0.036224 -0.035253 -0.042814 -0.044976 0.090528 0.095108 -0.046293 0.078097 0.028044 -0.041611 -0.023192 0.049692 0.062405 0.045421 0.031247 -0.080488 0.032831 0.020295 0.074914 0.048602 -0.000260 0.046940 0.025900 -0.024860 -0.045146 0.006650 -0.071988 -0.024799 -0.055261 -0.000020 0.084077 -0.061079 0.042123 -0.071700 0.052352 0.026922 0.031869 -0.069906 -0.035691 -0.009692 0.008820 -0.039077 -0.069461 -0.021895 0.022784 0.019044 0.084845 
0.023279 -0.013201 -0.068741 0.060226 -0.044756 0.010718 -0.042121 0.003536 -0.056213 -0.075426 0.055647 0.075041 -0.005660 -0.067933 0.049611 0.078417 -0.071767 -0.063613 0.023668 -0.039423 0.053943 -0.009524 -0.003141 0.060418 -0.056722 0.035076 0.056982 -0.042378 0.053007 0.016945 0.028152 -0.073024 0.076357 0.061230 -0.016017 -0.003404 -0.060055 -0.055439 0.007601 -0.064766 0.022302 0.047129 0.015077 0.057374 -0.051639 0.045618 0.049777 -0.059274 -0.061048 -0.000826 0.025614 -0.026303 0.032134 -0.057023 -0.013848 0.005526 -0.023034 -0.031372 0.038730 -0.006600 -0.004569 0.064858 0.019147 -0.068744 
-0.010026 0.057797 0.052734 -0.037247 -0.017343 0.004966 0.063465 0.087098 -0.010414 -0.009119 0.061882 0.063281 -0.036307 -0.081734 -0.046206 0.068685 0.017187 0.023842 -0.068207 -0.055338 -0.055632 -0.003116 -0.056654 0.068024 -0.079388 -0.044783 -0.043914 -0.052193 0.006793 -0.052254 0.042305 0.050987 -0.075429 -0.093777 -0.062919 0.085229 0.029622 0.070181 0.004813 -0.028200 0.032041 -0.079246 -0.040984 0.013609 -0.036208 -0.012042 0.000007 -0.002319 0.038280 -0.028057 0.013484 -0.036404 0.056347 0.049752 0.091244 0.069693 -0.031860 0.077559 -0.050123 -0.057085 0.081156 0.062820 -0.047060 -0.079798 
-0.010831 0.157736 -0.077460 0.146325 0.059924 -0.046511 0.045677 0.220275 -0.061376 0.095588 0.090083 -0.094592 0.026115 -0.098332 0.160552 -0.074135 0.072508 0.109025 -0.070748 -0.026646 -0.028493 -0.164613 -0.069386 0.072426 0.016302 0.299135 0.077933 0.028557 0.005329 0.094574 -0.023593 -0.146417 -0.089332 -0.079715 -0.028882 0.079009 -0.027573 -0.048920 -0.144658 -0.093257 0.034260 0.000237 -0.046304 -0.075591 0.086790 0.084975 -0.082774 0.029463 -0.095283 -0.149195 0.028658 0.021566 -0.112344 0.042431 -0.003203 -0.099298 0.057547 0.082518 -0.010853 0.081784 0.039006 -0.071322 -0.035818 -0.040404 
-0.203404 0.149215 -0.379279 0.266427 -0.061823 -0.286790 -0.084932 -0.086091 0.014322 0.202166 0.310700 0.058320 -0.242574 -0.172740 0.280823 -0.031000 0.145318 0.039087 -0.152987 0.043514 0.090622 -0.277060 -0.200247 0.340346 0.545985 0.507060 -0.118001 -0.181864 0.049929 0.045711 -0.053118 -0.256434 -0.228729 -0.048356 -0.139148 0.265331 -0.242893 -0.082678 -0.026916 -0.184097 -0.043382 0.033212 -0.010657 0.026851 0.151084 0.038356 0.025193 -0.103560 -0.631611 -0.124447 0.070216 -0.409025 -0.393040 0.026554 0.114049 0.020395 -0.467522 0.193363 -0.001159 -0.189388 -0.419992 0.341722 -0.116558 0.348145 
-0.792840 0.209185 -1.203410 0.818630 -0.336474 -0.668660 -0.224846 0.220965 0.318386 -0.217544 0.468171 0.174824 -0.405649 -0.759429 0.126886 -0.392444 0.018419 -0.583422 -0.292770 0.027772 -0.318760 -0.514007 -0.665166 0.113343 0.332784 0.119319 -0.305578 0.098770 -0.171346 -0.082874 -0.366117 -0.297291 -0.150487 -0.168981 -0.026236 -0.803512 0.382293 -0.078532 0.289646 -0.501263 -0.022874 -0.284205 -0.028482 0.971775 0.371238 -0.194707 0.195406 -0.528426 -0.379558 -0.127198 0.299979 -0.718942 -0.587069 0.056996 -0.027813 -0.191393 -0.318988 -0.639134 -0.098595 -0.111038 0.039065 0.027002 -0.539488 -0.042351 
0.523698 -0.312187 -1.888414 1.074179 0.434327 -0.123805 -0.290713 0.112338 0.256252 -0.823575 0.626874 -0.582628 -0.936083 -0.286182 0.091049 -0.838671 0.449275 -0.143590 -0.436466 -0.010506 -1.114217 -0.360241 -0.896485 0.419562 0.044201 -0.070413 -0.632878 0.043476 -0.148787 -0.171289 -0.165438 -0.683200 -0.279067 -0.934087 -0.267528 0.409111 0.643143 -0.347151 -0.074725 -0.377373 -0.312497 0.428935 -0.247805 1.021063 0.745961 -0.143923 0.815603 0.161543 -0.612483 0.221007 -0.079441 -1.120864 -0.272791 0.072812 0.176646 -0.469972 -0.258744 0.004251 -0.534778 -0.155664 -0.277303 -0.627578 0.362788 -0.665908 
1.029542 -0.098562 -2.689222 0.008734 0.419118 -0.819645 0.405395 0.326923 -0.074766 -0.326545 0.340158 -0.454987 -1.320007 0.041966 0.390567 -0.431795 -0.231827 -0.544079 -0.133703 -0.154246 -0.631826 -0.625960 -1.172176 0.505374 1.507069 -0.519788 -0.278497 -0.153152 -0.429745 0.017033 -0.734879 -0.561085 0.328367 0.057763 -0.524748 0.178345 1.116166 0.422901 -0.492493 0.016178 -0.168859 -0.861376 -0.389427 0.577725 0.329914 -0.019830 0.374546 -0.314989 -0.658746 0.410334 0.239762 -1.926311 0.154069 0.239609 -0.192298 -0.574850 -0.515691 0.178046 -0.038258 -0.642289 0.344045 -1.029338 0.016278 -1.122546 
0.075347 0.298889 -2.799162 -0.079702 1.133135 -0.510006 0.155816 0.037953 -0.271399 0.576030 0.502954 -0.640650 -0.663784 0.162243 0.025045 -0.040434 -0.530940 0.118413 -0.380561 -0.249244 -0.626829 -1.105146 -0.427185 0.750266 0.748148 0.048271 -0.911954 -0.328905 -0.204574 0.221517 -0.130395 -0.351347 0.041922 -0.258264 -0.459458 0.307236 -0.010923 0.627502 -0.387965 0.216831 -0.012212 -0.320461 -0.360254 0.218139 0.129328 0.128841 -0.206629 -0.005832 -0.289798 1.177530 0.415110 -2.489811 0.465061 -0.016457 -0.355985 -0.312177 -0.719140 0.660661 -0.167332 -0.628968 -0.540626 -0.881012 -0.632182 -0.395763 
0.923833 0.341280 -2.774653 -0.791617 2.242332 -0.287815 -0.481834 -0.202364 -1.166302 0.515700 0.785558 0.049810 -0.041788 0.065870 0.160469 0.382969 -0.333280 1.068897 0.087863 -0.631987 -0.934453 -0.480622 -0.600542 0.667317 0.488708 0.601100 -0.050999 -0.742726 -0.186659 -0.202621 -0.099878 -0.084759 -0.410988 0.337197 -1.024280 1.009618 0.659099 0.920367 -0.632936 0.707987 -0.406539 -0.629905 0.282575 0.602574 0.812474 -0.427200 -0.894572 -0.311952 0.122668 0.447485 0.440742 -3.856209 0.037915 -0.583447 0.120788 0.553519 -0.635183 1.546448 -0.260659 0.125183 -0.204296 -0.400444 -0.220997 0.251275 
1.347555 -0.077873 -1.846916 -1.094713 1.180861 -0.212200 -0.148379 -1.776172 -1.069508 -0.938850 0.515950 0.371460 0.293776 -0.272061 0.648853 0.446158 -0.400448 0.744031 -0.420746 -0.711622 -0.594943 -0.328120 -1.024674 0.720812 0.779455 0.885598 -0.144732 -0.745326 -0.005535 0.423380 -0.023916 -0.125395 -0.456772 -0.376602 -0.719197 1.701165 1.240529 1.248384 -0.060774 0.772546 -0.120299 -0.815227 0.464986 0.700969 0.352534 0.263228 0.466614 0.257671 0.186682 -0.443230 0.383256 -5.306110 0.044646 0.484776 -0.030590 0.441105 -0.807983 1.297513 0.124741 -0.065158 -0.246229 -0.090082 -0.232783 -0.023524 
0.554870 0.863761 0.696612 -0.511969 1.980328 1.020547 -0.973600 -0.115003 0.488098 0.608980 -0.413853 0.766939 1.641391 1.054582 0.630279 -0.005362 -2.246823 0.699801 -0.444187 -0.990641 -2.117547 0.388266 -1.235779 1.693179 0.067238 0.516416 -0.473538 0.169399 0.031795 0.696968 -1.110307 0.019534 0.937500 0.933640 0.083248 1.167772 0.300913 0.721924 -0.416497 0.963983 -0.668090 -0.805600 -0.708877 0.963272 -0.073058 0.239254 -0.417740 1.260664 -0.456415 -0.937281 0.052824 -3.075754 0.111143 -0.099551 0.361936 0.260149 0.577994 1.103082 0.428628 -0.319188 -1.247466 0.316577 -0.557118 -0.399738 
0.475926 -0.195394 -0.067498 -0.834718 2.307175 0.299394 -0.604437 0.228081 1.096418 0.455322 0.052714 0.311717 2.002711 0.715121 0.164253 0.255820 -2.132722 0.339226 0.170714 -1.089653 -0.972825 -0.210099 -2.792701 1.732729 -1.005820 0.743160 -0.731273 -0.156141 -0.738255 0.319524 -1.625179 0.280433 0.146779 1.538912 1.365138 0.501855 0.578880 0.888222 0.041995 0.467882 -0.927396 -1.444968 -1.279806 1.855354 0.321625 -0.257708 0.601463 0.889767 -0.462881 0.848862 0.868046 -1.085427 0.342557 0.954371 -0.434688 0.182713 0.877658 0.483439 0.094480 1.087235 -0.657844 -0.239106 0.244441 0.077657 
2.200423 0.270285 1.058635 -1.603565 2.288332 -0.354199 -0.367006 -0.565921 0.884143 -0.595997 0.237633 0.784539 2.516448 -0.106411 -0.869384 0.063927 -2.142227 1.019950 0.080138 0.488543 -1.918452 0.140074 -2.332608 -0.030239 -1.385582 0.279534 -0.786438 -0.213145 -0.619397 0.867200 -2.382984 -0.945169 0.135465 1.128896 1.259191 -0.463878 -0.199600 -0.573469 -0.162512 0.085584 -1.810497 -0.026079 -0.717023 1.373076 1.232208 1.052588 0.516490 0.372924 -0.912942 1.215613 0.380219 -0.063913 0.430003 0.929847 0.856202 -0.295556 0.235249 0.756492 -0.134678 0.397602 -0.771090 -0.066988 0.317481 -0.122508 
1.398352 0.392402 0.650909 -2.686851 1.024615 0.563189 -0.014738 -1.044682 1.021054 -1.152288 0.612966 -0.116985 1.320372 -0.514874 -1.383949 0.419155 -0.624754 0.486665 -0.419877 0.189050 -1.004544 0.308045 -3.067635 -2.289376 -0.813710 -0.636170 -1.192152 0.120396 0.380682 0.810940 -4.199772 -1.769535 1.142241 0.009993 0.384730 -1.693017 -1.045981 -2.230219 1.317341 -1.119404 -0.986306 1.003407 -1.210560 -0.265001 0.078657 0.960944 0.928021 -0.363565 -0.808638 1.851886 0.515223 0.615127 -0.072471 0.558620 0.231196 -0.585157 -1.112522 0.402888 -0.502395 0.589782 -1.094925 0.447849 -0.526001 0.172642 
-0.259427 0.475149 0.173570 -1.412622 -1.437360 1.062916 1.138730 -2.604877 2.808443 -0.405112 -0.045237 -1.316821 -0.223322 -0.828131 -0.035187 -0.328091 -0.488679 0.208075 -0.155481 1.113982 -0.382112 0.045084 -1.562591 -2.577960 0.139204 -0.301857 -0.149023 0.426065 -0.198781 0.164190 -3.027745 -0.701965 0.403053 0.047603 0.652492 -1.818477 -2.651235 -1.867475 0.834220 -1.615809 0.255950 2.156831 -1.080063 0.055210 0.017132 -0.992445 -0.336007 -0.551152 0.532792 -0.004689 0.430375 0.781255 -0.635507 0.386795 1.438953 -0.509966 -1.081506 0.035406 -0.010321 0.894302 -1.631413 1.125081 -2.121591 0.033680 
-0.430665 0.346845 0.126399 0.407168 0.021427 1.084722 0.642093 0.206772 2.207723 1.217352 0.164770 -1.484687 -1.663449 -0.451647 0.021939 -0.612290 0.575163 0.780594 -0.346973 -0.076199 0.114654 -0.395911 -1.805596 -0.461586 0.029047 -0.817166 0.241230 0.055624 -1.075766 1.608639 -0.767881 0.331885 0.061501 1.706302 0.415146 -0.798521 -2.427207 -1.061337 -0.637529 -0.062979 0.123867 1.159815 -0.627669 0.096238 0.239798 -1.620168 -2.357190 0.337507 -0.142928 0.092723 0.346961 0.397441 -0.699128 0.308507 0.992030 1.036681 -0.862036 0.508053 -1.241523 0.127161 -1.695453 1.053902 -2.675201 0.387651 
-0.867363 0.432425 0.415690 1.768067 0.607434 0.748864 -0.636783 -0.039707 0.261032 1.406671 -0.309671 -1.414429 -1.150225 0.358023 0.490962 -0.713494 -0.068351 0.116814 0.060501 0.134272 0.368803 0.240452 -2.132315 0.717758 0.504941 0.057689 -0.467500 -0.270948 -1.172993 1.411503 -0.073694 -0.278050 -0.754600 1.454416 -0.098520 -0.512671 -2.470711 0.169478 0.015020 -0.135855 -0.602608 0.802006 -0.272500 -0.967387 0.260280 -1.925044 -1.118563 0.452214 0.388094 0.455903 -0.202795 -0.201715 0.021378 -0.104786 0.097880 1.442829 -0.438693 1.011743 -2.631980 -0.343627 -1.257087 0.221374 -1.393453 0.342375 
-0.215453 -0.077076 0.080194 1.610945 0.182895 0.733727 -0.535499 -1.331222 0.843662 0.635497 -0.548321 -0.622423 -0.554679 -0.580320 0.527803 -0.697066 0.939405 -0.851285 0.524100 0.083481 -0.651088 -0.107374 -0.755144 -0.054317 0.767163 -0.010309 -0.457984 -0.580206 -1.754061 -0.069185 -0.017952 -0.158453 -0.949048 1.631260 0.533842 0.867145 -0.346878 -0.622734 0.373126 0.035880 -0.253957 1.188957 -0.745070 -0.306640 0.027485 -0.919013 -0.880228 0.086664 0.217454 0.098653 -0.117464 -0.861778 0.370874 0.041358 -1.359234 0.827715 -0.983760 -0.316206 -2.664841 -0.704111 -0.988414 -0.119545 -1.384350 0.060651 
-1.290504 0.608732 0.868293 0.819287 0.333276 0.115301 -0.527559 -0.379885 0.542951 1.145611 -0.615396 -0.363266 -0.152236 -0.345706 0.842527 -0.995823 1.178251 -0.684821 1.146131 -0.118145 -0.382154 -0.103873 -0.165447 0.180562 0.724251 -0.727653 -0.589062 -0.434263 -2.901815 0.023067 -1.000569 -0.218235 -0.274558 1.552081 -0.032071 1.000782 0.183021 -0.953372 -0.170729 0.037950 0.293985 0.549953 0.109263 0.135787 -0.140596 -0.425540 -2.469870 -1.284815 0.250893 0.331071 -0.195857 -0.288577 -0.520300 -0.189540 -1.016072 0.889339 0.454466 -0.478721 -1.010152 -0.407335 -0.174526 0.894051 -1.696706 0.350405 
0.003582 0.635137 -0.992637 2.158488 -0.514902 -0.570272 -0.940062 0.161406 0.241028 1.352645 -0.583582 -0.332629 -0.518749 -0.145697 0.034639 -0.367212 -0.786490 0.224340 -1.298254 -0.287272 -0.060736 -0.730946 -0.430971 -0.927760 0.598875 -0.782961 -0.197860 -0.458913 -3.528120 -1.964066 -0.897727 0.550887 -1.188519 0.349692 -0.141514 -0.817950 1.013425 -0.669344 -0.353688 -0.038818 0.790066 0.860268 -1.441516 -0.015014 0.916380 -0.859550 -0.879326 -1.667625 0.292174 -0.725009 -0.361491 -1.266763 -0.053749 -0.339499 -0.395583 -0.398903 -0.061585 -0.734319 0.714266 -0.064183 0.000253 0.740117 -0.722290 0.174047 
0.032220 0.694880 -0.540164 1.457563 -1.050090 0.559184 -0.679018 0.148825 -0.556633 0.941409 -0.265437 -0.206393 -0.200382 -0.348912 0.901139 0.333810 -0.391707 0.252951 -1.381038 -0.451701 0.912473 0.562150 -1.230923 -0.403436 0.330508 -0.118460 0.638444 0.572329 -2.836169 -1.316478 -0.703424 -0.210410 -0.009866 0.281685 0.146997 0.531235 0.476418 -0.179798 -0.226121 0.001221 0.385575 0.226765 -0.877647 0.413173 1.099182 -0.607297 0.468718 -0.777783 -0.313589 -0.823836 -0.453720 -0.490888 -0.229703 0.283406 -0.501399 -1.715381 -0.235099 0.071067 -0.017269 0.046461 1.079017 -0.084538 0.333249 0.011705 
-0.052942 0.279186 -0.539850 0.957221 -1.465976 -0.231661 -0.954634 0.395395 -1.279634 0.511071 -0.120100 -0.258896 -0.313364 -0.779920 0.517958 0.843578 -0.648260 0.529865 -1.081402 0.028405 1.255073 0.540797 -0.563797 -0.351666 0.395314 -0.420430 -0.158290 -0.078692 -2.112655 -0.322894 -0.056280 -0.149862 -0.285314 0.236564 0.248941 0.633216 1.380951 -0.946402 -0.004851 -0.097522 -0.105498 -0.103286 -0.484655 0.637666 0.558072 -1.015409 0.552203 -0.670663 -0.538297 0.034558 -0.305265 -0.402935 -0.079361 -0.081654 0.218332 -1.528142 0.327615 -0.076591 0.078942 -0.152628 1.399393 -0.514430 -0.839854 0.966110 
0.250023 0.525984 -0.424857 0.218327 -0.694516 -0.809607 -0.955843 0.470358 -1.467067 0.191423 0.373112 -0.415311 0.214676 -0.499239 0.475647 0.907232 -0.071372 0.840322 -0.509209 0.385552 0.171536 -0.061587 -0.981714 -0.189918 0.919259 0.733128 -0.665022 0.386239 -1.653211 -0.008884 -0.733393 -0.054370 0.299519 -0.426922 -0.011401 -0.082923 1.354014 -0.539164 -0.143979 -0.614547 -0.447605 -0.065171 -0.123950 0.549334 0.175809 -0.848011 0.912071 -0.367455 0.076508 0.126712 -0.104539 -0.135146 -0.433072 -0.071878 0.246385 -1.101969 0.711674 0.126339 0.108070 0.579176 1.254239 -1.213066 -0.618232 0.022891 
0.084463 0.330709 -0.200730 0.141210 -1.220613 -0.848027 -0.411841 -0.152908 -1.354263 -0.277211 -0.532816 -0.293891 0.245623 -0.683568 0.785169 1.273926 0.112288 -0.491679 -0.920115 0.072043 0.269062 0.142416 -0.393508 -0.236890 1.621262 -0.017065 -0.483767 0.198353 -1.400672 0.065163 -1.030671 -0.621738 0.079996 -0.910182 -0.063018 -0.850261 0.892532 0.807727 -0.118211 -0.452955 -0.036335 0.122167 -0.339176 0.645133 -0.032241 -0.608888 1.457279 -0.111161 -0.391512 0.739084 -0.361975 -0.267288 -0.447511 0.057152 0.012083 -0.831343 0.170961 0.325578 0.454590 0.346897 0.378874 -1.299943 -1.096166 -0.139999 
-0.235854 -0.326687 -0.129567 0.306373 -0.447814 -0.829795 -0.137684 -0.089945 -1.107945 -0.549288 -1.024823 -0.470922 -0.041444 -0.287162 0.174094 1.006112 -0.206795 -0.375342 -0.812956 -0.102653 0.032268 0.015563 0.166638 0.197008 0.305896 0.358931 -0.244030 -0.174473 -0.899079 -0.147406 -0.281606 0.181048 -0.339817 -0.769913 -0.324817 -0.079313 0.115440 0.301174 -0.171044 0.043914 -0.285281 0.585835 -0.131047 -0.385267 -0.188556 -0.438474 0.942756 0.330391 0.012633 0.689576 -0.352619 -0.413496 -0.003823 0.099422 0.099892 -0.245699 0.410800 0.929676 0.408143 0.298711 0.601807 -0.803411 -1.000510 -0.022202 
-0.277379 -0.177515 0.100251 0.011963 0.194575 -0.093272 0.000114 -0.218776 -0.318607 -0.220621 0.052901 -0.171096 -0.203964 0.141356 0.092307 0.127498 0.287303 0.085194 -0.134980 0.164728 0.070229 0.192480 0.395259 -0.092859 -0.116403 0.338732 0.206349 0.263470 -0.264435 -0.050701 0.265937 -0.101835 0.044574 -0.510882 -0.241385 -0.089924 -0.038910 -0.027980 0.236732 0.098215 -0.027327 0.032094 -0.006750 -0.017663 -0.003492 0.036272 0.075462 0.030769 0.154592 0.164609 0.060340 0.068925 0.072127 -0.089107 0.171621 -0.006767 -0.047800 0.301476 -0.212740 -0.080728 0.133831 -0.059164 -0.286790 0.054041 
0.040796 0.019399 0.040119 0.021959 0.103873 -0.000351 -0.072071 -0.029577 -0.059485 -0.037318 0.192103 0.068119 -0.099113 0.191000 0.035577 -0.011055 0.136685 0.032117 -0.080010 0.109061 0.059738 -0.026731 0.118674 -0.012157 -0.073223 0.045954 -0.022522 0.074467 -0.073012 -0.065720 0.112191 -0.090448 -0.067427 -0.090258 -0.190297 -0.068040 0.125828 -0.054369 0.081624 0.137491 -0.020214 -0.048000 -0.000209 0.168689 0.127641 0.001086 -0.023354 0.007014 0.163680 0.022212 0.029019 -0.075730 -0.034526 -0.006478 -0.051809 -0.025194 -0.175648 -0.041922 0.000048 -0.143470 -0.115050 0.098157 -0.102985 -0.091093 
-0.032601 -0.063037 -0.062164 0.005150 -0.015411 -0.034627 0.035541 0.012707 0.031322 -0.009731 -0.029048 -0.072308 -0.033200 0.058074 -0.080624 -0.037712 -0.006877 0.044074 0.017583 -0.001521 -0.076040 -0.040689 0.036368 0.018108 -0.076856 0.003136 -0.018202 0.015238 0.027964 0.014103 -0.004509 -0.060772 0.068465 0.024295 -0.107944 -0.082236 0.043470 -0.049373 0.072670 -0.088243 0.017693 -0.073544 -0.023351 -0.035088 0.030626 0.035186 0.048506 0.020509 0.031555 -0.033368 0.105389 0.064376 0.075641 -0.009762 0.020253 0.042400 0.051788 -0.072412 0.029112 0.059393 -0.039363 -0.020772 0.011742 0.060116 
0.058205 -0.017945 0.045101 0.071447 -0.064380 0.006145 0.056618 -0.064105 0.026789 0.011769 0.026618 -0.053064 0.079392 0.049256 -0.010194 0.033436 -0.043373 -0.018784 0.066423 -0.047506 -0.050919 -0.001554 -0.054207 -0.064678 0.035259 0.083115 0.012690 -0.063270 -0.032153 0.023107 -0.020426 -0.026025 -0.040031 -0.017377 0.055782 -0.079136 -0.021802 0.036106 0.011491 0.065746 -0.059725 0.016615 -0.009897 -0.042847 0.002723 -0.063718 -0.059157 0.042837 0.038727 -0.025351 0.011243 -0.075346 0.015866 -0.043891 -0.051123 -0.077974 0.037297 0.003890 0.020149 -0.065312 0.073365 -0.063236 -0.018368 -0.057835 
-0.003526 -0.060583 -0.043182 0.000177 -0.043053 0.051605 -0.073139 0.043440 0.001762 0.077998 -0.009008 -0.022065 0.025098 -0.033575 -0.013306 0.070103 -0.075751 0.029779 0.050122 -0.043058 0.045650 -0.070847 0.019746 0.043437 0.016131 -0.067990 0.058304 0.071241 -0.069667 -0.036104 0.019938 0.009375 -0.065902 -0.061998 0.012272 0.075369 -0.039630 0.019170 -0.024364 0.035232 0.010680 -0.002067 0.081551 0.059526 0.032333 0.027379 0.003169 -0.059647 -0.040170 -0.086856 0.076872 -0.072056 -0.067537 -0.069650 -0.001482 -0.038706 -0.041420 -0.056410 0.060102 0.082339 -0.003437 -0.047180 -0.086651 -0.071362 
0.026133 0.049514 0.064582 0.081173 0.054510 -0.063054 -0.004633 0.103792 -0.086770 0.259870 0.090592 -0.017862 0.067821 -0.088223 -0.011137 -0.020997 -0.019476 -0.046804 0.044117 -0.065477 0.061362 0.045612 0.071151 0.077344 0.045682 0.135360 0.037152 -0.026544 0.015085 0.101107 0.018137 -0.156553 -0.091461 -0.098362 0.036367 0.106425 0.014825 -0.005223 -0.088962 -0.030393 -0.082255 -0.007562 0.017117 -0.102324 0.120642 -0.048492 -0.020042 -0.007379 -0.317600 -0.188833 0.070133 0.065278 0.001711 -0.065862 0.081815 -0.090655 0.046994 -0.061143 -0.063965 -0.051355 0.041008 -0.100198 -0.091363 0.066618 
-0.100603 0.237289 -0.239907 0.236190 -0.048688 -0.490551 -0.013750 -0.053461 -0.201983 0.168160 0.304907 0.026303 -0.173108 -0.200556 -0.069435 -0.075983 -0.072251 0.162450 -0.041774 -0.024909 0.045191 -0.191272 -0.214521 0.244826 0.456195 0.002156 -0.090842 -0.256307 0.066587 0.069892 -0.101999 -0.119285 -0.600125 0.044794 -0.007934 0.480200 -0.235416 -0.049454 -0.097002 -0.072639 -0.096288 -0.078126 -0.023289 0.023569 0.065606 -0.088996 0.020383 -0.062834 -0.156525 0.061461 0.032487 -0.434599 -0.193535 -0.074591 0.013553 -0.072780 -0.344084 -0.009023 0.016521 0.036032 -0.355469 0.136997 0.024833 0.383235 
-0.685341 0.244620 -1.194106 0.674534 -0.366918 -1.166739 -0.072330 0.227307 -0.302316 -0.069848 0.697688 0.246715 -0.320441 -0.911516 0.249334 -0.557266 -0.963593 -0.936268 -0.117278 0.000810 -1.009801 -0.447768 -0.981408 -0.059581 1.269941 -0.024506 -0.082624 0.350621 -0.091477 0.114205 -1.010958 -0.488722 0.093470 0.173087 0.013777 -0.118521 0.562880 0.051523 0.117729 -0.436202 -0.246731 -0.877657 -0.372230 0.673758 0.308853 -0.168822 -0.010777 0.107607 -0.772691 0.131983 0.271295 -0.847237 -0.440307 -0.116378 0.008744 -0.135555 -0.407339 -0.845082 0.027456 -0.051803 -0.118882 -0.554901 -0.196167 -0.206287 
0.166271 -0.124124 -1.142206 1.034831 0.893089 -0.800165 -0.267919 0.423799 -0.610383 -0.686819 0.729706 -0.379616 -0.308218 -0.193967 0.257596 -0.836266 -0.286066 0.352321 -0.523227 -0.045548 -1.111796 -0.726486 -1.701444 0.030452 0.479910 -0.183669 -0.497657 0.187359 -0.079956 0.054457 -1.066946 -0.268053 0.116216 -0.240274 -0.241166 0.405001 0.865705 -0.126388 -0.201450 0.028196 0.028256 -0.208271 -0.325464 0.593458 0.511734 -0.159734 0.723030 0.176298 -0.902539 0.203203 0.047808 -1.740572 -0.105190 -0.089925 -0.106331 -0.713997 -0.206193 0.083327 -0.383711 -0.460847 0.019790 -0.822996 0.626425 -0.357373 
0.384692 0.432206 -0.873693 -0.716017 1.153137 -1.019470 0.699525 0.003414 -0.320267 -0.540152 0.018720 -0.469491 -0.491804 -0.027981 0.300935 -0.355363 -0.337543 0.587287 0.199467 -0.170528 -0.905550 -0.959628 -2.062361 0.735917 1.076160 0.111020 -0.108384 -0.321648 -0.287572 0.107208 -0.852845 -0.126246 0.379090 0.360606 -0.481135 0.757992 0.343696 0.469613 -0.554827 -0.318320 -0.120435 -1.322602 -0.652826 0.529454 -0.776439 -0.215422 0.428575 -0.001523 -0.897824 0.287367 0.175979 -2.319474 0.420182 -0.029894 -0.073006 -0.733667 -0.201913 0.507159 -0.121994 -0.432028 0.332744 -0.953089 -0.290001 0.048394 
0.679487 -0.274678 -0.682247 -0.843176 1.168416 -0.093902 0.355926 -0.374735 0.167348 0.251083 0.425352 0.048607 -0.310418 0.163509 0.012678 -1.084634 -1.728999 0.227844 0.097513 -0.143785 -0.569484 -0.636470 -2.833073 0.794385 1.234409 0.038121 -0.267771 0.099772 0.416568 0.627645 -0.879064 -0.402412 0.778438 0.532425 -0.644398 0.214214 0.738058 0.904423 -0.349849 0.372855 -0.104272 -2.041060 -0.561389 0.850741 -0.009205 -0.069277 -0.941169 0.158411 -0.667440 1.142602 0.057220 -3.057035 1.253560 -0.524214 -0.193636 -0.176837 -0.157081 -0.299133 -0.036723 -0.688434 0.132417 -0.733932 -0.812479 0.814162 
1.314987 0.104237 -0.270887 -0.236360 1.392168 0.682676 -0.563852 -0.581574 0.025570 0.506985 0.008346 0.080599 0.511937 -0.739860 -0.168647 -0.709233 -0.514733 0.645587 -0.715792 -0.286354 -1.222981 -0.209906 -2.918607 0.853327 1.525163 0.079109 -0.297694 -0.453748 0.218267 -0.029233 -1.005276 -0.068929 -0.502221 0.055671 -0.827223 1.604323 1.263224 0.601700 0.364819 -0.002351 0.394346 -1.430213 -0.133837 1.845101 0.361244 -0.739935 0.031624 -0.444466 -0.610435 0.130176 0.470100 -3.056357 0.008823 -0.618512 -0.691991 -0.088291 -0.296542 0.547306 -0.122508 -0.496531 -0.013024 -0.143191 -0.761827 0.456095 
0.975556 0.167849 0.410177 -0.863728 0.979845 -0.105796 -0.631620 -0.294297 0.024270 -0.523093 0.952564 0.013052 1.441606 -0.021311 0.719781 -0.210755 -0.982245 0.756992 0.112723 -0.219850 -0.280730 0.301879 -2.732287 0.774428 0.981123 0.155045 -0.406367 -0.649648 0.356807 0.123635 -0.999408 -0.039880 -0.262904 -0.037612 0.260379 0.908342 1.038950 -0.030032 0.418826 0.448945 -0.563083 -2.067772 -0.356321 0.779248 0.020458 -0.072538 -0.102064 0.525218 -0.516651 0.525550 -0.090469 -2.427734 0.509070 -0.626784 0.001971 -0.247231 0.121871 0.522721 0.005500 -0.627606 -0.394711 -0.462001 -0.961606 1.021091 
0.997440 -0.189055 1.174842 -0.819063 0.672415 0.255911 -1.216936 0.758215 -0.312831 -0.414353 0.982922 0.785188 1.831495 -0.005006 0.539847 0.641917 -1.612337 0.673478 -0.175823 -0.305630 -0.955906 1.190147 -2.601897 1.039978 0.391079 0.802431 0.342128 -0.335333 -0.007230 0.283633 -1.829162 0.286453 0.472147 0.375108 0.349619 -0.170645 1.013109 -0.209769 -0.580584 0.707543 -0.329814 -1.557191 -0.600776 1.340117 0.817574 0.168822 -0.486394 0.412923 0.048110 -0.211947 0.085874 -0.002714 1.206269 -0.245410 -0.290618 0.293342 0.184249 0.835733 0.509108 -0.147724 -1.002710 -0.524654 -0.347489 0.985878 
0.779158 -0.349601 0.043336 -1.357440 1.162347 -0.091040 -0.602828 0.767942 1.080719 -0.548180 0.469054 -0.118360 1.005928 0.516424 -0.360868 0.925972 -0.028676 1.239121 -0.024414 -0.820740 -0.914449 0.552469 -2.053283 1.157852 -1.579521 0.344656 -0.482731 -0.908537 -0.667690 -0.316792 -3.003197 -0.508309 0.062867 -0.355481 0.367845 -0.136525 1.171401 -0.248926 0.450318 1.608012 -0.729781 -1.101311 -0.695813 2.983483 0.540663 0.178157 0.017868 0.086670 0.473939 0.232631 0.135129 0.590424 0.521345 1.483555 -0.538454 0.254011 1.062570 0.462360 0.512613 0.367860 -1.138697 -0.271761 -0.257445 -0.179164 
2.334569 0.402951 0.370517 -1.931672 -0.673755 0.918222 -0.268992 -0.398420 1.047560 -0.940848 0.365978 0.535963 0.643636 1.182397 -1.021553 0.645595 -0.344086 1.483203 0.605101 0.212773 -0.955496 0.673796 -2.737747 -1.750781 -1.357207 0.044825 0.152077 -0.354311 0.071842 0.748057 -2.602125 -0.345211 0.112051 0.919407 0.632659 -1.660362 0.671923 -0.909257 0.706155 0.929266 -0.766735 -0.124051 -0.556664 2.237280 0.504133 0.416094 0.939203 -0.828263 0.423668 0.963112 -1.019146 1.437141 0.091372 1.190825 -0.167276 -0.432997 0.303391 -0.428163 0.176455 -0.264040 -0.474792 0.986381 -0.292408 -0.744086 
0.966630 -0.031585 0.798748 -0.332681 -2.964409 1.685282 -0.275232 -1.995826 2.358460 -0.771338 0.350832 -0.618289 0.509498 0.693483 -1.488266 0.526841 0.102881 -0.314303 0.141223 0.469280 -0.086143 0.892055 -1.062423 -2.648709 -1.670699 -0.938793 0.432013 -0.335038 -0.011661 -0.180928 -1.810488 -1.390596 0.820142 0.786815 -0.184877 -1.443807 -0.871384 -0.985490 -0.449806 -0.212706 -0.409327 1.576782 -0.497937 1.339547 -0.366800 0.711648 0.461811 -1.847942 1.884010 1.765067 -0.679537 0.077769 -0.214050 0.658749 0.114158 -0.497689 -0.384754 -0.609468 0.257836 0.672266 -0.676050 1.440906 -0.892443 -0.225572 
-0.725027 -0.378862 0.810370 0.216958 -1.814293 1.228666 0.965310 -1.212468 1.947271 1.041520 0.668598 -0.142969 -0.595617 -0.415529 -1.087927 -1.160213 -0.166310 -0.836376 -0.023493 0.387308 -0.417272 1.082943 0.425462 -1.794579 -0.857008 -0.827607 0.222433 0.113071 0.610618 -0.857176 -0.531144 0.210755 0.560527 0.140232 0.404525 -1.168811 -1.734404 -0.600895 0.474542 -1.364418 0.612959 1.386488 -0.765993 0.451596 -0.500048 0.398881 -0.323071 -0.227425 0.492122 0.324421 0.041645 0.279500 -0.455673 0.486858 0.774065 0.740539 -0.483089 -0.368369 -0.217924 0.674132 -0.958811 0.513654 -1.960185 0.797653 
-1.176829 -0.564639 0.243001 1.127834 -2.044677 0.897139 0.513917 0.544937 1.355936 0.226944 1.148775 -1.414792 -1.151547 -0.004140 -2.177953 -0.907515 -0.388273 0.180128 0.517349 -0.367192 -0.135468 1.166930 -1.686485 -0.451830 -0.073760 -1.571684 -0.319983 -0.374827 -0.541178 0.308482 -0.828639 0.690590 -0.542424 0.735131 0.503170 -1.015685 -1.622048 -1.198613 -0.541676 -0.447629 0.385066 0.754904 -0.875041 1.753666 -0.317885 -0.596848 -1.300788 -0.376107 -0.400893 0.247243 -0.340198 0.346792 0.078937 0.458210 1.118966 1.109877 -0.336726 0.755820 -1.522866 0.279297 -1.687150 0.269630 -1.564151 0.727254 
-1.286379 0.705321 -0.540898 1.976508 -1.063073 0.909352 -0.273371 -0.934473 1.068080 1.273694 0.002521 -0.824209 -0.087389 -0.354079 -1.187662 -1.169071 -0.176247 -0.217081 0.205066 0.024628 -0.163972 0.145766 -0.806960 -0.367362 0.173118 0.162461 -0.736822 -0.198656 0.094830 1.172678 -0.236860 0.175655 -0.780582 1.213246 0.151978 -0.803387 -1.965126 -0.936640 0.010226 -1.701047 -1.060171 0.190919 -0.302320 0.939387 0.170093 -0.454630 -1.172221 -0.946427 -1.295786 0.190184 -0.184257 0.829810 0.370822 -0.044670 -0.194503 1.005159 -0.737953 1.230758 -2.097382 -0.218369 -1.663162 0.709176 -0.564707 -0.091580 
0.197322 0.297907 -0.876390 1.644267 -0.165102 -0.357521 0.205168 -0.527358 0.410495 0.747352 -0.615859 0.175163 -1.336996 -0.176967 -1.360296 -0.962498 0.398004 0.141881 0.530438 -0.179387 -0.666362 0.142085 0.279188 -0.734772 0.234166 -1.194914 -0.931358 0.221591 0.574378 0.369579 -0.595326 -0.805894 -0.995560 1.741467 -0.307284 1.122694 0.785738 -0.685859 -0.213740 -0.825562 -0.913296 -0.770050 -0.913329 0.368548 -0.215755 -0.076995 -1.307966 0.382059 -0.193876 0.096443 -0.547153 0.304656 0.193836 -0.739562 -0.362035 1.016901 -0.134145 -1.067748 -2.108767 -0.954426 -1.743921 -0.309488 -0.695974 0.086184 
0.227839 0.948518 0.142069 0.765854 -0.168915 -0.528549 -0.363041 -0.577877 -0.919014 0.731228 -0.848576 0.254992 0.279326 -0.430996 0.472332 -0.755132 0.120013 0.296391 0.583201 -0.335068 -0.869642 -0.096163 0.030388 -0.680508 -1.104795 -1.042717 0.072237 -0.291074 -1.120162 -0.770585 -0.000977 -0.486409 -0.078238 1.306941 -1.178582 0.349468 1.509751 -1.864672 -0.931750 -0.382715 -0.379708 -0.028241 -0.215035 -0.639745 -0.878235 -0.119825 -1.518031 -0.467924 0.184762 0.892718 -0.800455 -0.409612 0.458299 -0.256061 -0.305312 0.870664 -0.605981 0.173629 -0.713490 -0.393173 -0.611527 0.448036 -1.268821 -0.395857 
-0.128028 1.460458 -0.855095 2.087786 -0.687361 0.465207 -0.637655 0.060976 -0.916481 0.875025 -0.518765 0.079371 0.487362 -1.093794 0.080302 -0.626141 -0.411222 0.477810 0.640162 -0.477906 -0.807141 0.004468 -0.512907 -1.014391 0.224060 -1.508563 -0.031870 -0.048704 -1.758061 -1.932600 -0.308415 1.043358 0.262084 0.993299 -0.189533 -1.551801 1.188828 -0.605701 -0.615053 0.206016 -0.249457 -0.147217 -0.484290 0.121399 0.530381 0.014002 -0.691393 -0.875576 -0.674555 0.719748 -0.900234 -0.824316 0.582774 -0.783955 -0.539930 -1.284746 -0.487599 1.129996 0.050613 0.395030 -0.246121 0.351991 -0.940341 0.051703 
0.442545 1.099877 -0.786465 2.188606 -0.475745 -0.359804 -1.167533 0.280833 -1.097085 1.263893 0.554336 0.144807 -0.281644 -1.119435 -0.088380 -0.491080 -0.212101 0.743023 -0.246784 -0.611740 -0.004843 0.560676 -0.286152 -0.368852 -1.048414 -0.323242 0.223724 0.164242 -2.422788 -0.830043 -0.978230 -0.307880 -0.657917 0.529633 0.660912 -0.151987 0.305615 -1.066636 -1.198231 0.661861 0.423513 -0.451826 -0.881535 -0.410743 1.386827 -0.418160 -0.258500 -0.230695 -0.547596 -0.306420 -0.487436 -0.558468 0.668274 -0.215218 -0.333378 -1.419216 -0.164553 1.034800 0.103953 0.068974 0.523470 -0.264258 0.007971 0.065346 
-0.477561 1.160086 -0.256955 1.074478 -0.589997 0.226457 -0.962150 0.879951 -1.532026 0.957052 0.265816 0.411634 -0.031687 -1.032977 0.933472 -0.243328 0.071028 0.139574 -0.812741 -0.210194 0.060736 -0.313024 -0.433452 -0.503783 0.467769 -0.014838 -0.691754 -0.483739 -1.724085 -0.233499 -0.802153 0.058427 -0.971379 0.292710 -0.028882 0.680239 1.652138 0.025272 -0.706113 -0.171739 -0.203733 -0.252618 -0.539836 -0.119993 0.461509 -1.067823 0.383099 0.015192 0.247300 0.082848 -0.190598 -0.367924 0.174640 -0.464637 0.421567 -1.351944 0.600364 0.945513 -0.476301 0.194800 1.013878 -0.025634 -0.279264 -0.437977 
-0.007310 0.562949 -0.220423 -0.252216 -0.764369 -0.115806 -0.532012 0.623452 -1.496544 0.091971 -0.207630 -0.053797 0.014412 -0.487340 0.649463 0.574522 0.162134 0.556211 -0.655376 -0.213418 -0.589015 -0.361495 -0.489759 -0.616412 0.834895 0.022256 -0.910427 -0.663832 -1.484692 -0.087195 -0.939017 0.438168 -0.693493 -0.087667 -0.470223 0.181782 1.232660 -0.579030 -0.576789 0.103116 -0.083740 -0.335349 -0.292977 -0.048053 0.066666 -0.903097 0.666334 0.065376 0.986473 0.393418 -0.146909 -0.302595 -0.192207 -0.278604 0.528521 -0.608771 0.638550 0.749660 0.128309 1.080431 0.860271 -0.095824 -0.258892 -0.922501 
-0.545004 0.220942 -0.568844 -0.056760 -1.228825 -0.712112 0.055921 -0.045155 -1.352724 -0.536796 -0.835963 -0.631481 0.438301 0.061875 0.470375 1.128669 0.127013 0.102445 -0.643747 -0.190013 -0.316593 -0.394756 -0.226558 -0.698472 1.466493 -0.066907 -0.616609 -1.014542 -1.350482 0.079547 -0.965984 0.163482 -0.163597 -0.413508 -0.467466 -0.274941 -0.105909 0.724338 -0.689902 -0.293895 -0.382952 -0.102029 -0.426179 -0.546863 0.008735 -0.530630 0.376042 -0.044384 1.339541 0.438690 -0.463467 -0.499915 0.510008 0.019561 0.080298 -0.790852 0.264058 1.081420 0.262605 1.292926 0.566164 -0.942996 -0.224880 -0.380603 
0.195290 -0.218647 -0.032354 -0.226618 -0.431969 -0.448003 -0.017149 0.025113 -0.933076 -0.477500 -1.184091 -0.257186 -0.086417 0.095164 0.162846 1.021937 -0.056801 0.140506 -0.505864 -0.091829 -0.193933 -0.297682 0.383696 0.098171 0.364861 0.474895 -0.101272 -0.816524 -0.719004 0.126812 -0.218025 -0.052037 -0.238857 -0.404069 -0.426934 -0.220803 -0.535172 0.436458 -0.337847 -0.212468 -0.400251 0.439081 -0.162600 -0.957269 0.285237 -0.134488 0.096016 -0.032749 -0.054237 0.248794 -0.161728 -0.360298 0.700765 0.038572 0.545829 -0.439851 0.309438 0.961048 0.271029 0.715334 0.566595 -0.890205 -0.520402 -0.146783 
0.014870 -0.398548 0.032323 -0.031294 0.129629 -0.152431 -0.016214 0.082186 -0.235847 -0.176147 0.093050 -0.134871 -0.251471 0.265233 -0.258450 0.252407 0.294132 0.351335 -0.192959 0.039297 -0.146046 -0.042104 0.388947 -0.074451 0.126401 0.354159 0.142931 -0.157743 -0.235973 0.069898 -0.114746 -0.178926 -0.149335 -0.187677 -0.349836 0.002503 -0.072935 0.073784 -0.134813 -0.240576 0.012037 0.098685 0.042240 -0.279984 -0.035181 -0.087381 -0.208840 0.159008 -0.003145 0.237049 -0.230302 0.015876 0.219877 -0.059563 0.397593 0.056701 -0.182949 0.109018 -0.091522 0.151717 0.167565 -0.049452 -0.024825 -0.057696 
0.092910 -0.126290 0.074576 -0.097103 0.104485 -0.075109 -0.057453 -0.034438 -0.044944 0.007622 0.187347 -0.076298 -0.115771 0.229019 -0.114785 -0.055769 0.143287 0.133646 -0.075756 0.028971 -0.001584 0.048900 0.176971 -0.066433 -0.030773 -0.067489 0.112787 -0.024298 0.011229 0.060262 0.131879 -0.133657 -0.003344 -0.098893 -0.133857 0.011903 0.023372 0.037456 -0.104112 0.024035 0.091068 0.101105 0.064947 0.011232 0.087753 0.099028 -0.131009 0.088997 0.092231 -0.082844 -0.050511 0.054677 0.083866 -0.027248 0.032369 0.005775 -0.159117 -0.060255 -0.041275 -0.000633 -0.062625 0.059197 0.021575 -0.026213 
0.076232 -0.117043 -0.009763 -0.019834 -0.041705 0.060442 0.044960 0.075130 0.012751 -0.088423 0.030836 -0.027873 0.024947 0.095531 -0.084349 -0.023297 -0.037658 -0.021418 0.028266 0.007148 -0.047997 0.079783 0.044733 0.078871 -0.008072 -0.071687 0.035457 -0.035283 -0.031639 0.058940 0.079074 0.009276 -0.055150 0.026984 -0.065115 -0.064791 -0.031090 0.009032 0.031874 -0.028510 0.061252 -0.044892 -0.006030 0.020157 0.063672 -0.000665 -0.053382 -0.000874 0.168479 -0.026769 -0.052007 0.053271 0.010798 0.029192 0.000863 -0.005260 -0.065696 -0.090081 -0.067617 0.035094 -0.021323 -0.016361 0.004240 -0.071928 
-0.079398 0.011097 -0.005599 -0.076256 -0.007678 -0.037951 0.042506 0.059915 -0.022838 0.012717 0.025907 -0.076281 -0.045262 -0.024857 -0.063723 -0.008722 0.081882 -0.075546 0.014410 0.081482 0.042780 -0.063352 0.041189 0.066004 -0.030128 -0.048464 -0.060001 0.021893 0.006050 0.018034 0.069864 -0.038381 -0.042407 -0.081162 0.018358 0.025852 -0.083438 -0.055227 -0.000213 -0.072295 -0.071773 -0.034656 -0.035694 0.047555 -0.076220 0.080476 0.018798 -0.060037 0.017280 -0.001526 -0.042902 0.015216 0.021935 -0.076840 -0.013304 -0.029734 -0.025566 -0.074923 -0.055756 0.068954 0.013887 0.073468 -0.072134 0.022850 
0.060267 -0.009588 -0.023591 0.059846 -0.001972 -0.030894 0.046560 -0.053670 -0.048910 0.044465 0.058973 0.001242 0.031761 0.040859 0.051560 -0.010511 -0.000242 0.069735 0.016285 -0.056634 -0.005789 0.015658 -0.082921 0.038942 0.022475 0.037381 0.074867 -0.031725 -0.037962 0.016029 -0.008209 0.000638 -0.040267 -0.059549 -0.080340 0.084743 -0.060311 0.005518 -0.044581 -0.083728 -0.042562 0.022621 -0.023765 -0.038499 -0.052912 0.033634 0.048712 -0.065127 0.008387 0.034502 0.040679 0.040969 -0.035798 -0.019767 0.011604 0.073015 0.056906 0.000394 0.019502 -0.083164 -0.076076 -0.010142 0.051262 -0.071634 
0.040104 0.043081 -0.011687 0.072315 -0.069498 0.036501 0.058740 0.045194 -0.092405 0.122267 0.003654 0.003238 0.008984 -0.003204 0.086843 0.051010 -0.040410 -0.005780 -0.049827 0.044017 -0.019924 -0.064177 0.021512 0.068349 0.054089 0.132355 0.021691 0.049150 -0.048121 0.094038 0.061023 -0.017032 0.018901 -0.018673 0.078213 0.004968 0.072585 -0.044821 -0.048210 -0.048584 0.007820 0.010506 -0.035901 -0.062190 -0.016599 0.009201 -0.064048 -0.062545 -0.029955 0.027016 -0.032553 -0.072825 -0.107526 0.049349 -0.043357 0.055824 0.074205 0.001507 0.022562 0.016637 0.035519 -0.021235 -0.059134 0.053535 
-0.012019 0.090975 -0.138920 0.176760 -0.061801 -0.364971 -0.017598 0.073665 -0.177917 0.162434 0.002186 -0.004173 0.005178 -0.035193 0.006756 -0.016457 0.002272 0.122691 -0.106492 0.086434 0.080541 -0.161452 -0.399260 0.217217 0.311459 -0.124938 -0.060733 -0.129447 -0.012629 0.023944 -0.153042 0.072548 -0.316774 -0.078294 0.010244 0.222155 -0.148846 -0.027078 0.029117 -0.093356 -0.037749 -0.113885 -0.045039 0.029992 0.028205 0.048361 -0.060320 -0.039985 0.155222 -0.047559 0.145026 -0.273340 -0.067795 0.078903 0.013688 -0.032689 -0.163966 -0.124606 -0.046542 0.076217 -0.039962 -0.112816 0.252737 0.047013 
-0.126345 0.213508 -0.249170 0.132738 -0.201599 -1.208871 -0.096349 -0.065982 -0.468267 -0.378563 0.138342 0.101085 -0.164880 -0.098560 -0.128523 -0.654328 -0.772750 -0.076692 -0.068184 -0.057252 -0.521513 -0.381702 -1.039769 -0.034718 1.147027 -0.620569 0.412161 0.538637 0.020754 0.026007 -1.581774 -0.320496 -0.042064 0.182578 -0.081896 -0.121605 0.599884 0.177455 -0.055879 -0.155155 -0.093906 -0.956336 -0.274218 0.336875 0.297262 -0.214719 -0.215529 0.188479 -0.197659 0.006432 -0.051944 -0.610079 0.130871 -0.133437 -0.026013 -0.192066 -0.110735 -0.634893 -0.208969 -0.103451 0.069139 -0.537496 0.505790 -0.278405 
0.517432 -0.214425 0.033275 0.245941 0.176074 -1.698230 -0.296231 0.150961 -1.569511 -0.742146 -0.103409 -0.753232 0.022847 0.199464 0.219474 -0.125557 -1.089525 0.724352 -0.531414 -0.132026 -1.434161 -0.592444 -2.136212 0.414488 0.375192 -0.322626 -0.125566 0.218304 -0.166581 0.011014 -2.011324 -0.113939 -0.144452 0.103377 -0.430156 1.101112 0.782980 0.152346 -0.330742 0.093300 -0.370109 -0.824856 -0.524146 0.192281 -0.267499 -0.258143 0.556350 0.774406 -0.428977 0.733973 -0.566788 -1.417120 0.656868 0.003314 -0.361653 -0.963296 0.658405 0.138466 -0.343384 -0.542414 0.434211 -1.262962 0.613779 0.015860 
0.300356 0.059317 1.067751 -0.675427 0.516891 -1.683558 0.203051 0.173726 -1.233193 -0.890454 -0.548710 -0.549712 0.070624 -0.269864 0.193618 -0.106732 -0.923444 0.763887 -0.059974 -0.354875 -0.887233 -1.214326 -2.250912 -0.168655 0.724223 0.446589 0.193330 0.127609 -0.365814 -0.232528 -1.897435 0.384976 0.826951 0.662492 -0.971817 -0.117398 -0.112171 0.315619 -0.815602 -0.022749 -0.403855 -1.705055 -0.752326 0.801258 -0.813398 -0.037241 0.433310 0.154667 0.064319 0.434836 0.056035 -1.668344 0.698942 -0.250441 -0.145165 -1.247625 0.103637 0.546129 -0.658185 -0.230717 0.757189 -1.527167 0.355537 -0.142288 
0.616100 -0.392856 1.106659 -1.152253 0.607410 -1.209252 -0.213510 -0.279875 -0.827360 -0.586536 -0.062357 0.361602 -0.017594 -0.094403 -0.312506 -0.043117 -1.688674 0.538975 0.021833 -0.165799 -0.131085 -0.450866 -2.651011 0.329819 1.531549 -0.793504 0.165832 0.520344 -0.422967 -0.066073 -1.275681 0.060466 1.021585 0.876493 -1.007438 0.576381 0.854364 0.233304 -0.651163 0.491106 0.037024 -2.116349 -0.305647 0.200879 -0.635370 -0.368483 -0.866915 0.488231 0.532993 0.181444 -0.493231 -1.551752 1.856828 -0.452018 -0.494991 -0.608005 -0.440401 -0.511864 -0.027768 -0.186258 1.275686 -1.242783 -0.270770 0.776108 
0.746602 0.083638 0.765853 -0.489572 0.081712 -0.091538 -0.334759 -0.345935 -0.484945 0.528732 -0.107722 0.362221 1.379343 0.036244 0.353632 -0.773640 -0.597674 1.107686 -0.606464 0.120862 -0.182797 0.196202 -3.373209 0.798699 1.246978 -0.880279 0.072323 0.576176 0.175044 0.016692 -2.202933 -0.032759 0.276710 0.855200 -0.675496 0.075404 1.390622 0.109856 0.406400 0.288486 -0.279090 -1.265021 -0.623938 2.074953 -0.517308 0.257310 -0.297002 -0.435836 -0.012567 0.526365 -0.418707 -0.887873 1.238137 -0.690613 -0.786385 -0.791081 0.252523 0.315101 -0.088162 -0.161155 -0.025993 -1.667084 -0.621493 0.099198 
-0.068713 -0.185722 1.137194 -0.680258 -0.891457 -0.209640 -0.439096 -0.254899 -1.459308 1.079403 1.149220 -0.940488 1.705108 0.554628 0.166539 -0.161634 -0.171304 0.403638 -0.057079 0.312516 -1.366964 -0.086153 -2.661291 0.239647 0.332400 -0.194459 0.019277 0.136683 0.932984 0.581035 -3.000214 0.205776 0.305891 0.967496 0.099723 0.405442 0.012947 -0.529848 -0.180681 0.266230 0.322217 -1.384930 -0.666237 1.290016 -0.058336 0.412680 -0.965430 0.159631 0.110923 1.186802 -0.109324 0.536131 0.759676 -0.490978 -0.789555 -0.834789 -0.155515 0.317941 0.311020 -0.102417 -0.959126 -1.904000 0.608457 0.564139 
0.439275 -0.082460 0.674445 -1.351886 -0.721671 0.139934 -1.062103 1.009052 -1.045309 -0.316170 0.858155 -0.782925 0.893878 0.500314 -0.119051 0.924289 -0.555988 -0.557105 0.173399 -0.139207 -0.815961 0.171424 -1.507458 1.064174 0.090693 0.266943 0.042532 -0.465491 0.218766 0.641227 -3.080356 0.446063 1.207019 1.045198 -0.085622 -0.151320 0.814280 -0.399258 -0.651435 0.256920 0.565464 -0.725333 -0.674622 0.621904 0.445693 0.175102 -0.143520 0.929628 0.204921 -0.246570 -0.082309 0.957212 1.107917 -0.834724 -0.430263 -0.282738 0.370623 0.179558 0.058627 0.887486 -1.845694 -1.572014 -0.292434 0.750947 
1.039387 -0.040537 -0.039300 -0.933678 -0.659859 0.774819 -0.723709 1.562718 -0.616744 -0.416302 -0.548939 -0.604184 1.079734 0.970220 -0.165777 0.868354 0.975994 0.581255 0.669093 0.088054 -0.568818 0.286074 -1.161568 -0.160249 -0.817356 -0.121506 -0.330637 -1.148724 -0.009458 -0.207638 -3.010512 0.283121 0.518497 1.795690 0.278389 -0.978468 -0.113614 -0.704668 -0.287139 1.084334 -0.555823 0.402295 -0.630975 1.990028 0.465897 -0.248970 -0.092368 0.446798 1.239191 -0.403333 0.014081 0.478428 1.205647 0.418442 -0.746849 -0.063093 0.577561 0.711825 0.354559 0.546051 -0.594041 -0.392763 -0.335695 -0.676305 
1.713254 0.313871 -0.438342 -1.435651 -1.514001 1.524882 -0.432832 -0.016405 -0.518780 -0.255560 -1.095017 -0.102752 0.909287 1.658784 -0.486060 0.557697 0.909789 1.018763 0.837032 -0.039318 -1.188891 0.376390 -0.559154 -2.552285 -1.365333 -0.294401 0.175597 -0.279877 0.077845 0.025124 -1.305884 -0.593876 0.758997 1.231408 0.635279 -1.735935 -0.430412 -0.522838 -0.061573 0.378372 -0.209024 0.942436 -0.631242 1.730137 0.461901 -0.358416 0.494300 -1.206563 0.164583 0.831340 0.187385 1.691896 -0.026197 0.149698 0.092787 -0.393219 0.291683 0.750749 0.649434 0.328109 0.507029 0.172713 -0.818418 -0.056470 
0.007464 -0.421926 -0.281165 0.630410 -2.305674 0.182445 -0.336111 -1.185165 1.449783 -0.033826 -0.124866 -1.166420 -0.237272 0.822299 -0.883539 -0.356179 -0.515301 0.639243 -0.284579 -0.093950 -0.538817 1.652611 0.851128 -3.281080 -1.790262 -1.458278 -0.067328 -0.250837 0.764357 -0.656581 -0.410569 -0.724042 1.060319 0.754263 0.420738 -1.449226 -0.349065 -1.000374 0.077144 -0.510292 -0.393947 1.480192 -1.669414 0.659598 -0.009012 0.395041 0.928058 -1.244026 1.094300 1.903603 0.039300 0.479406 -0.406578 0.794418 0.228651 1.123690 -0.413935 -0.382370 0.230284 0.359835 -0.702789 0.148060 -0.939578 -0.115712 
-0.593416 -0.134831 0.122516 0.172286 -1.831053 0.350717 1.115861 -0.721935 1.554513 0.102513 0.538766 0.139051 -1.291586 0.969901 -1.494866 -1.502300 -0.902424 0.225177 -0.855484 -0.018075 -1.052051 2.205770 0.200621 -1.396287 -2.587409 -1.322982 0.139294 0.306395 1.008650 0.054420 -0.561607 -0.601039 1.079690 -0.437431 0.979804 -0.911401 -0.899794 -0.754308 0.354118 -0.720119 -0.636706 1.354590 0.164652 0.859584 -0.356917 0.590224 -0.464068 -0.223148 0.959132 -0.106451 0.226161 -0.434148 0.591566 0.868305 -0.164359 0.576551 -0.427464 -0.657648 -0.677881 0.730456 -0.751522 0.327361 -1.057074 0.492945 
-0.831454 0.023388 0.146563 1.159527 -1.885316 0.080124 0.612709 -0.972463 0.173929 0.393889 0.821074 -0.200579 -0.210982 0.826638 -1.482535 -1.523955 0.105849 0.087516 -0.070130 -0.308059 0.090751 0.925808 -1.004577 0.296489 -0.849918 -1.137820 -0.442883 1.119196 -0.644411 -0.286661 -0.235605 0.536108 0.865943 0.577007 0.248561 -0.225909 -1.979843 -0.657006 -0.497498 -0.247931 -0.131090 0.565692 0.022801 0.628917 -1.032843 0.270139 -1.273210 -0.723564 0.753763 -0.853890 -0.365533 0.128054 0.749163 0.575608 -0.534777 0.242717 -0.454537 0.440885 -1.218763 0.611530 -0.869431 1.025389 0.025821 0.359780 
-0.987733 0.178577 -0.530675 1.317912 -1.602443 0.004064 -0.323689 -0.498268 0.503804 0.586586 0.022768 -0.891677 -0.204625 0.341486 -2.107087 -0.857728 -0.164922 0.348930 0.793000 0.777329 -0.437784 0.675278 0.064708 -1.267131 -0.053994 -0.602912 -0.529422 -0.302806 -0.437249 1.206074 -0.766421 -0.335788 -0.462988 0.705560 -0.059655 0.073874 -2.453886 -0.964504 -0.187907 -0.171832 -0.756022 0.302341 -0.453084 0.203582 0.039723 -0.696330 -0.407353 -0.316833 0.102153 -0.453430 -0.433901 -0.270408 0.977079 0.426521 -1.139123 -0.232653 -0.641606 0.387931 -1.612401 -0.320683 -1.510143 0.781852 1.375158 -0.130384 
0.017465 0.515652 -0.102291 0.096429 -0.451884 -0.385615 -0.256930 -0.124886 -0.749237 0.868975 0.271136 -1.461131 -0.834894 0.676979 -0.378341 -0.028138 -0.697110 0.698198 -0.052836 -0.297559 -1.333866 0.613006 -0.178199 -0.820084 0.577151 -0.459945 -0.597555 -0.251041 -0.243197 0.949578 -0.289774 -1.187666 0.046360 1.979609 -1.066282 0.625971 0.932457 -0.925861 -0.541103 0.120721 -0.756825 -0.574272 -0.433394 0.143964 -0.276349 -0.346532 -0.650603 1.513020 0.029384 -0.461588 -0.785975 0.002192 0.102255 -0.632243 -0.560269 0.332262 0.388951 -0.060088 -0.493373 -1.158599 -0.722153 -1.155609 0.504323 -0.012154 
-0.545825 0.666619 0.026876 0.101157 -0.562125 -0.905381 0.421149 0.375178 -1.400254 1.053082 0.311001 -1.167017 -0.448465 -0.412491 0.294263 -0.011580 0.097754 0.819930 0.588694 -0.863717 -0.188582 -0.584592 -0.341795 -1.090290 -0.469154 -1.100891 0.041951 -0.618952 -0.017368 -0.181157 0.137061 0.421541 0.716423 1.948206 -1.430904 -0.398224 1.810914 -0.374784 -0.939549 -0.978831 -0.648781 -0.476472 0.440470 -0.794513 0.052143 -0.500808 -2.299558 -0.210969 0.788392 0.076742 0.194078 0.002449 0.128485 -0.886251 -0.717456 -0.442320 -0.234591 0.914450 -0.474515 -0.924710 -0.825037 -0.183118 -0.311353 0.225068 
0.306446 1.096568 -0.464806 0.892540 -0.906597 -0.554391 -0.284773 1.985163 -1.385298 0.865246 0.256483 -0.775346 0.646704 -0.771648 -0.825244 -1.501665 -0.192822 -0.295600 0.612877 -0.920066 -1.927201 -0.537033 0.185266 -0.275428 -0.935297 -1.229274 -0.875268 -0.202787 -0.893410 -1.200769 0.207580 -0.076963 -0.308244 1.177415 0.028276 0.425987 0.945021 -0.679533 -0.746985 -0.335783 -0.262187 -0.686616 -0.423838 -0.478867 -0.279318 -0.943546 -1.827141 -0.371430 -0.524423 -0.429182 -0.464185 -0.181773 0.355800 -0.874663 0.816107 -0.642931 0.628991 1.851288 -0.114573 -0.168766 -0.113194 0.337595 -0.250320 0.535945 
-0.129208 0.685238 -0.112906 1.274256 -0.585777 -1.063627 -0.538627 0.475111 -0.795433 1.294232 0.602356 0.691085 -0.106402 -0.848082 0.586345 -0.167602 0.002716 -0.686302 1.222260 -0.449797 -0.801885 -0.233014 -0.374480 -0.937551 -0.223685 -0.154276 -1.414828 0.475069 -1.273026 -0.624507 -0.761688 -0.186284 -0.072035 0.738694 0.816730 -0.141004 0.076290 -0.359998 -0.967294 0.329151 1.023175 -0.546506 -1.066959 -0.579338 0.924645 -0.569117 -0.050441 -0.000000 -0.183871 -0.464480 0.254347 0.199089 0.112622 -0.695751 0.175759 -1.313320 0.115104 0.994522 0.133131 0.482434 0.995329 0.311563 0.041111 -0.102011 
-0.333937 0.992159 0.398744 -0.391284 -0.930415 -0.457034 -1.113662 0.246990 -0.673226 1.071922 0.000904 0.564173 0.420169 -0.881530 1.183971 -0.660014 0.254335 0.319282 -0.315924 -0.282120 -0.567904 -0.601070 0.331983 -0.689189 0.211508 0.058774 -0.962272 -0.118323 -1.262046 -0.232886 -0.172154 0.217349 -0.303580 0.534723 0.433614 -0.470209 0.387233 -0.535844 -0.772601 0.112401 0.234376 0.082846 -1.167023 -0.174883 0.293003 -0.488895 0.578123 0.461467 0.330212 0.070579 -0.380798 0.454888 0.256767 -0.856067 1.150868 -0.626664 1.470617 0.992933 -0.149015 1.184209 -0.015829 0.588070 0.371576 -0.525055 
-0.856872 0.821738 -0.220528 -0.559467 -0.452307 -0.138962 -0.300670 0.333243 -1.094132 0.362524 -0.220087 -0.201196 0.336651 -0.453830 1.092224 -0.016854 -0.316098 0.811686 -0.722299 -0.077252 -0.979998 -0.603997 0.726370 -0.470178 1.151681 0.501236 -0.593896 -0.631767 -1.399448 0.033434 -0.492300 0.223147 -0.648952 -0.250344 -0.254024 -0.412326 -0.194696 -0.240657 -0.622259 -0.160121 0.018622 -0.240452 -0.479234 -0.144343 -0.079791 -0.292831 0.051161 0.036515 0.533035 0.479207 -0.298121 -0.084461 -0.274145 -0.559801 0.638456 -0.423525 0.992717 1.104310 0.028985 1.351278 0.006861 0.156189 -0.264405 -0.406694 
-0.594706 0.548805 -0.353208 -0.617049 -0.423919 -0.040293 0.530412 0.308206 -1.122797 -0.548137 -0.837045 -0.368271 0.347590 -0.067353 0.817812 0.496169 0.047147 1.068985 -0.416583 -0.111245 -0.659833 -0.520538 0.049808 -0.081749 1.143729 0.375943 -0.422159 -0.856223 -1.107012 0.209509 -0.609234 0.216201 -0.604545 -0.652199 -0.676478 0.081621 -0.434827 0.571743 -0.760383 -0.472400 -0.166446 -0.368947 -0.546774 -0.427509 0.385845 0.013627 -0.187769 0.042823 0.291555 0.026822 -0.489824 -0.148125 0.183875 -0.288587 0.781222 -0.606346 0.648356 0.952207 -0.048397 1.327686 0.585602 -0.123896 -0.502787 -0.304995 
0.729433 -0.426333 0.195056 -0.802099 -0.415345 -0.081693 0.296159 -0.222644 -0.549312 -0.725682 -0.488583 -0.283374 -0.049231 0.784587 0.437000 0.960826 0.757018 0.643683 -0.198589 -0.002390 -0.286649 -0.388932 0.206990 0.097602 0.238942 0.920207 0.030445 -1.108465 -0.611554 0.235683 -0.535712 -0.049813 -0.242693 -0.235713 -0.414876 -0.620250 -0.144311 0.459143 -0.366539 -0.488940 -0.352024 0.025188 -0.046082 -0.836660 -0.094816 0.064159 0.061870 -0.074484 -0.168491 -0.066777 -0.095560 0.146362 0.311738 0.072647 0.286064 -0.520995 0.275591 0.576753 0.288480 0.453448 0.261299 -0.522748 0.133485 -0.439790 
-0.110259 -0.288280 0.225442 -0.124381 -0.008264 -0.193594 -0.128174 -0.030017 -0.151501 -0.289040 -0.105563 -0.116311 -0.251248 0.285903 -0.256369 0.419297 0.052454 0.256947 -0.105300 -0.046204 -0.149000 -0.307220 0.205347 0.016349 0.021945 0.237051 0.052887 -0.458545 -0.126755 0.134553 -0.109650 -0.123426 -0.326827 -0.004072 -0.322643 -0.103197 -0.299707 -0.055441 -0.159907 -0.280175 -0.092440 0.201334 0.171241 -0.285161 -0.011661 0.011504 0.002203 0.053340 0.138897 0.122160 -0.339459 0.207101 0.413922 0.162610 0.211217 0.114065 -0.120585 0.162875 -0.129479 0.327714 0.157182 -0.085620 0.285833 -0.146591 
-0.036786 -0.279555 0.226507 0.021868 -0.007769 0.062029 0.018493 -0.067951 -0.059426 -0.136813 0.009929 0.063592 -0.086155 0.088001 -0.238117 -0.005927 0.195108 0.053859 -0.000751 -0.088215 -0.043858 -0.099668 0.122799 -0.049882 -0.012455 0.002186 0.194874 -0.162132 -0.018563 0.126901 0.076241 -0.113825 0.023395 -0.020343 -0.109466 -0.086047 -0.059831 0.017722 -0.047114 -0.010604 0.014752 -0.026141 0.175179 -0.143037 0.058623 0.001996 0.040468 0.127533 0.195117 -0.139051 0.082675 0.120851 0.123348 0.115001 0.062913 0.161408 -0.137018 -0.252364 0.101269 0.156039 -0.045592 -0.001866 0.086245 -0.016058 
-0.049881 -0.016221 -0.000431 -0.073226 0.019523 0.050589 -0.020764 0.036477 0.012617 0.031231 0.048462 -0.071839 -0.024554 0.079819 0.007210 0.033775 0.012007 -0.016164 0.080692 -0.041056 0.082677 0.057881 0.002185 -0.052207 0.026331 0.012637 0.010991 0.018873 -0.028757 0.010279 -0.045643 -0.056097 -0.078767 -0.027948 -0.024899 -0.060562 0.055474 -0.012531 0.041795 0.018756 -0.002733 0.081513 -0.049775 0.081461 -0.067660 -0.018637 0.054752 -0.001246 0.008771 0.049944 0.025118 -0.042905 0.015279 -0.065796 0.040670 -0.032740 0.027024 -0.014399 0.060621 -0.026772 -0.040192 0.017541 -0.054168 -0.023302 
0.010083 0.052933 0.010797 -0.066565 0.020074 0.025664 -0.021391 0.017871 0.026531 0.074403 -0.052400 -0.015606 0.020180 0.025176 -0.048069 -0.069327 0.030975 0.081539 -0.069302 -0.009886 0.061551 -0.047608 0.009285 -0.073321 -0.021634 -0.044403 0.070233 0.024125 0.061250 -0.019307 0.025612 0.037418 -0.035874 0.017592 -0.065242 -0.046164 -0.013636 -0.015202 0.035588 0.004454 0.049332 0.040521 0.000804 -0.027881 -0.057314 -0.048352 0.010821 -0.052316 -0.062328 0.049278 -0.073551 0.056562 -0.054781 -0.008641 -0.005471 -0.038416 0.019697 0.047623 0.042357 0.038704 0.048441 -0.050795 -0.079049 -0.015975 
0.083160 0.019693 0.004526 -0.054450 -0.008097 0.050025 -0.023782 -0.061881 0.068040 0.034246 -0.011591 -0.053725 0.044700 -0.050424 0.043196 -0.017179 -0.033726 -0.049159 0.062671 0.051144 0.020203 0.061434 0.044631 0.022954 0.003557 0.077282 0.067900 -0.043364 -0.004694 0.083153 0.020789 0.001275 0.066588 0.069016 0.059849 -0.076649 0.034734 0.002332 0.009537 -0.066794 -0.061464 -0.030671 0.042379 0.039282 -0.057921 -0.017676 0.034073 -0.039403 0.066413 -0.020902 -0.031882 -0.059315 -0.108052 0.010185 0.022168 0.047765 -0.003902 0.054153 -0.081215 -0.071506 -0.071153 -0.017986 -0.078036 0.066553 
0.065586 0.050078 0.039416 -0.042476 -0.094254 0.185353 -0.025735 0.044735 -0.029458 -0.076196 0.027075 -0.051400 -0.038869 -0.038484 -0.022379 -0.074798 0.067429 0.020212 0.017883 -0.063078 -0.051916 -0.024773 -0.128942 -0.000731 -0.059368 0.014013 -0.069901 0.116835 0.040992 0.024831 0.019732 0.005620 -0.007668 -0.024022 -0.057526 0.094797 0.058611 -0.016079 0.031801 -0.027017 0.011411 -0.041826 0.030918 -0.044150 -0.097279 0.052206 0.027099 0.020456 0.007076 -0.008944 -0.085961 -0.077707 -0.000126 0.018957 0.034319 -0.008305 0.007873 0.017269 -0.007333 -0.066655 -0.106400 0.053947 0.039204 -0.051991 
0.024971 -0.017467 0.208138 0.088950 0.016536 -0.297875 -0.056844 0.134034 0.028600 0.096669 0.002335 0.032282 -0.071042 0.179451 -0.115275 -0.033257 -0.253461 0.155267 -0.072432 -0.028066 -0.066570 -0.097351 -0.290234 0.331755 0.244526 -0.134352 0.001184 -0.171780 0.015061 -0.076634 -0.193098 -0.071713 -0.096969 -0.077899 -0.112354 0.329348 -0.111165 0.114235 0.024452 0.007903 -0.235734 -0.135483 -0.063955 -0.034132 0.104763 0.030329 -0.062863 -0.084542 0.227307 0.142951 0.011943 -0.174787 0.193679 -0.026463 0.231005 0.006024 0.086541 -0.061137 0.111757 -0.078556 -0.121676 -0.102940 0.458131 -0.048354 
0.577928 -0.214454 0.572030 0.051962 -0.342254 -1.144388 -0.133819 -0.359214 -0.461038 -0.530910 -0.241441 0.095401 0.066835 0.767241 -0.079561 -0.546537 -0.361867 0.275027 -0.365602 -0.034480 0.254120 -0.159982 -1.058342 -0.060684 0.627488 -0.492189 0.517018 0.224945 -0.002468 0.122494 -1.896038 -0.062184 -0.194099 0.133493 -0.064992 -0.485083 0.476375 -0.091200 -0.198392 0.006219 -0.093322 -0.436393 -0.423929 -0.203786 -0.031221 -0.113178 -0.207447 0.085593 0.307343 -0.161288 -0.231034 -0.377677 0.160546 -0.011988 -0.092768 -0.069004 -0.437730 -0.509677 -0.020635 -0.284918 0.444595 0.333569 0.709876 -0.119129 
0.678949 -0.500059 1.003708 -0.127568 -0.130164 -2.140908 -0.425822 -0.413875 -1.667892 -0.171062 -0.440901 -1.212552 0.437811 0.864358 0.216074 -0.089850 -0.210966 0.408566 -0.183869 -0.191270 -0.258977 -0.457952 -1.672050 0.649739 0.705718 0.156743 0.043634 0.314557 -0.238359 -0.091668 -2.427574 0.390968 -0.529340 0.094895 -0.589865 0.454863 0.326158 -0.057173 -0.659047 -0.408997 -0.308276 -1.216901 -0.647579 -0.451757 -0.448251 -0.112687 0.132851 -0.227525 -0.147507 -0.430206 -0.419584 -0.622266 -0.138392 0.033349 -0.620162 -1.480742 0.414449 0.482483 -0.251955 -0.214978 0.800163 -0.815767 0.644731 -0.386981 
0.271665 -0.105527 1.717950 -0.553447 0.087578 -2.732448 -0.167718 0.046485 -1.557998 0.065483 -0.051446 -0.958868 -0.061654 0.181343 0.077330 -0.201273 -0.076874 0.265501 0.258342 -0.216251 -0.267465 -0.810575 -1.330455 -0.352350 0.455086 0.650592 0.238027 0.531557 -0.576201 -0.407615 -2.606831 0.020182 -0.332487 0.346986 -0.660077 -0.281383 -0.604253 0.096656 -0.720909 -0.647316 0.112601 -1.694954 -0.727155 0.363213 -0.105686 -0.144389 -0.053779 0.129313 0.240741 -0.723129 -0.275856 -0.814001 0.238187 -0.407967 -0.328969 -1.537421 -0.070344 1.155543 -0.209051 0.003544 0.746514 -0.560589 1.132979 -0.486650 
0.826977 0.021680 0.874284 -1.739078 -0.530382 -3.726044 -0.187176 0.425742 -1.563573 -0.138507 -0.420428 -1.051920 -0.438912 0.494186 0.251141 0.246071 -0.684310 0.506696 0.238306 0.150083 0.101163 -0.731613 -1.303091 0.750216 0.818009 0.015988 0.289876 0.928984 0.057551 -0.362939 -2.462153 -0.264394 -0.041533 0.445504 -0.554100 0.139742 0.282986 -0.119756 -0.097502 0.546183 0.578185 -0.769614 -0.240550 -0.064607 -0.827364 -0.323479 -0.589161 0.153939 0.340342 0.608517 -0.775048 -0.594697 1.456798 0.157304 -0.515747 -0.464126 0.000004 0.269794 0.303949 0.240446 0.836561 -1.410683 0.120459 0.074531 
0.334730 -0.060577 0.144073 -1.479955 -1.499064 -3.133154 -0.060473 0.280991 -1.390704 0.251981 -0.099717 -1.148703 -0.374505 0.345284 -0.019715 0.526621 0.101206 0.887394 -0.612076 0.215068 0.780756 -0.961934 -0.628602 1.091050 0.585705 -0.640422 0.028442 1.486935 0.590286 -0.059055 -2.108661 -0.158837 0.553291 0.606144 -0.411323 0.090209 0.342442 -0.604191 -0.066908 0.601644 0.088265 -0.588222 -0.172966 0.482815 -0.977433 -0.061572 -0.370180 -0.010842 -0.143900 0.640142 0.271724 0.227894 1.777631 0.210847 -0.495198 0.299534 0.749881 0.010571 -0.109203 -0.219257 0.613571 -2.239160 1.188062 -0.373790 
0.248953 -0.161694 -0.274699 -0.818042 -0.943367 -2.152539 -0.210535 -0.389809 -1.048457 0.265058 0.485474 -1.280503 0.988245 1.474441 0.362617 0.229954 -0.649083 0.411608 0.066616 0.193718 0.682514 -1.198125 0.144796 0.653855 0.294140 0.478248 -0.345209 0.865195 0.426049 0.293581 -2.351039 0.686244 0.359002 0.775380 -0.732201 0.304596 0.887634 -0.555189 -0.228352 0.532560 -0.513447 -0.552276 -0.514303 0.303841 -0.575213 0.301932 -0.513109 -0.316771 -0.550099 0.905032 -0.254352 0.581839 1.173766 0.321037 -1.117903 -0.150134 0.309368 -0.566879 0.411809 -0.064905 -0.328050 -2.726180 0.850291 0.131244 
1.055349 -0.370021 0.049490 -0.972833 -1.768732 -0.410655 -0.317698 0.799448 -1.901409 -0.406220 -0.021437 -0.524699 -0.177010 0.563768 0.410405 0.329054 -0.877902 -0.780085 0.454869 -0.378107 0.777542 0.307302 0.453826 -0.288785 -0.031207 0.245485 -0.360187 0.581906 0.008143 0.020685 -2.700314 0.579418 1.988865 1.643456 -0.241822 0.377054 1.090259 0.026012 -0.540794 0.950649 0.618545 -1.105170 -0.732065 0.595827 -0.142352 -0.310663 0.286718 0.662150 -0.213910 0.051145 0.123191 0.188321 0.331759 -1.085297 -0.881988 -0.334245 1.416537 -0.282432 0.068111 0.848049 -1.123693 -3.703828 0.532547 -0.008798 
0.732904 0.345015 -0.350820 -0.484881 -0.869597 0.505512 -0.743837 0.690388 -1.389329 0.128239 0.188508 -0.446466 0.022551 0.346172 -0.229374 1.397246 0.445909 0.166638 -0.397381 -0.115531 0.167780 0.855205 0.972879 -1.124289 -1.284296 0.251910 -0.257740 1.435541 -0.366214 0.281794 -0.887612 -0.505882 1.892907 1.306558 0.383112 -0.827982 -0.054398 -0.276589 -0.221313 1.649758 -0.259592 0.869545 0.133194 1.052265 0.235642 -0.095527 0.238494 0.236651 0.196052 -0.109978 0.225428 0.801668 0.748118 -0.629190 -0.466959 -0.298904 0.554596 -0.118414 -0.335344 0.635459 -0.630815 -3.339368 0.346340 -0.582734 
0.539211 0.372177 -1.134429 0.309071 -1.418321 1.839848 -0.332247 -0.887775 -1.068418 -0.722161 -0.661474 -0.773750 -0.032416 0.424635 -1.115171 0.837854 0.204403 0.509993 -0.050573 -0.036864 -1.136890 1.233593 0.982329 -2.722104 -1.286721 -0.908785 -0.315100 0.614463 0.644230 -0.432541 0.044014 -0.410780 0.385553 0.373419 0.428468 -0.854267 1.003518 0.560273 0.465888 1.256777 -0.025171 0.532956 -1.441796 1.548760 0.022592 0.615045 1.437855 -0.871428 0.175813 1.198048 0.254334 0.502912 -0.548238 0.362922 -0.180860 -0.253383 -0.588549 1.035679 -0.312896 0.406276 -0.038360 -1.792911 0.780851 -0.395478 
-0.799244 -0.223924 0.025299 1.448001 -1.107259 1.133133 0.506902 -1.299189 1.440897 -0.979950 -0.802301 -0.838214 -1.773574 0.034644 -2.271315 -1.071168 -0.511362 0.550020 -0.765545 -0.537660 -1.741606 1.896012 2.146542 -2.175635 -1.368539 -0.881177 0.796832 -0.865733 -0.427233 -0.664846 -0.255344 -0.222214 0.105769 0.716688 -0.077454 -0.937769 0.437108 -0.521138 0.550698 0.312318 -0.863944 0.975608 -0.469936 1.139933 -0.171423 -0.128771 1.212006 -1.140080 1.204076 1.138700 0.710533 1.306491 -0.455010 1.411875 0.599846 0.958686 -0.012104 1.146584 -0.649245 0.598696 -1.086093 -1.162335 0.323316 0.351735 
-1.508429 -0.222600 0.058059 1.375362 -0.889477 0.813782 0.516270 -1.244154 1.274572 0.119300 -0.157445 -1.060769 -2.070572 -0.390117 -1.713040 -1.367882 -0.530044 1.077301 -0.529376 -0.835256 0.063671 1.652500 0.142743 -0.224826 -1.998230 -0.681661 0.229043 0.541220 0.036596 -0.883756 -0.486690 -0.130543 0.232005 -0.964366 0.454803 -0.923420 -1.816793 -1.678504 0.432937 -0.647532 -1.205121 1.275097 -0.586461 1.113814 -0.587452 -0.777762 0.479291 -0.118974 0.488665 0.750078 -0.229313 -0.380564 1.731978 1.149551 0.673083 1.797561 0.356306 0.712680 -1.212079 -0.052865 -1.768678 -0.489309 -0.702690 0.609233 
-0.581118 -1.014645 0.448845 0.472962 -0.391677 -0.226622 0.619892 0.323722 -0.395385 1.036547 -0.272989 -0.812380 -0.653372 0.887627 -0.587031 -0.884097 -0.011015 1.343406 -0.417993 -0.602876 0.571265 0.556357 -0.448952 0.775017 -0.777986 -0.403997 -0.515778 1.114364 -0.324506 0.032870 -0.078475 0.018542 -0.339273 1.115630 0.282239 -0.341027 -3.554444 -1.559721 -0.802893 -1.629101 -0.336130 0.596197 -0.235096 0.509828 -1.427384 -0.777551 -0.912472 -1.165060 -0.693411 -0.171417 -0.496938 0.122481 1.323743 0.020913 -0.585005 1.176390 0.433925 0.485182 -1.978457 -0.725583 -1.690841 0.915640 1.043147 -0.124130 
0.066703 -0.579049 -0.209424 0.407535 -1.524049 -1.115176 0.116321 0.070656 -0.494053 -0.370062 -0.776124 -0.828854 -0.718777 0.458400 -1.236951 0.131729 -0.408968 0.061943 0.314977 0.158539 0.169186 -0.169929 -1.079078 -1.256189 0.006173 -1.072957 -0.474610 0.174777 -0.666168 1.609807 0.080139 -0.059828 -0.372290 0.609366 0.081601 -0.504418 -1.620473 -0.898416 0.019658 -0.288540 0.195021 -0.053095 -0.323588 1.279806 -0.383792 -1.157987 -0.361109 0.249550 0.083127 -0.023008 -0.658959 -0.494137 0.921783 -0.644321 -0.845590 0.609600 -1.016430 -0.212489 -1.483804 -0.440128 -1.602129 1.165080 1.578414 -0.390706 
-0.465394 -0.202547 -0.027635 0.545681 -0.457629 0.562177 -0.708282 0.234339 -1.388204 1.055679 1.022191 -0.960299 -1.123095 0.826879 -0.582946 0.330702 -0.023574 1.300346 -0.100427 -0.683694 -0.023763 -0.092351 -0.572223 -0.576534 0.346121 -0.210051 -0.408980 -0.141033 -0.426863 1.716388 -0.498463 0.011423 -0.363868 2.529388 0.040150 0.237598 0.974843 -0.488915 -0.327864 -0.263051 -0.953712 -0.720940 -0.635347 0.827155 0.230444 -0.784216 -0.973833 0.681590 -0.163931 -0.181623 -0.061926 -0.749097 -1.166596 -1.306156 0.000723 0.032303 0.549836 0.028681 -0.432386 -0.621801 -1.122803 -0.137542 1.772625 0.681689 
-0.350123 0.640809 0.339271 0.949448 -0.728997 -0.244064 -0.028294 1.006820 -1.002266 1.057985 1.091521 -1.008529 0.293564 -0.024422 -0.483768 -0.443249 0.481059 0.315922 1.029360 -1.092006 0.344809 -0.653398 -0.139018 -0.321087 -0.050157 0.236909 -0.852989 0.060824 0.440511 -1.768063 -0.084033 0.543121 -0.027971 2.036854 -0.392523 -0.097267 1.683153 -0.083501 0.279415 -0.600373 0.122621 0.442044 -1.385911 -0.164171 0.242373 -0.053369 -2.308887 -0.178712 0.754756 -0.639746 0.167075 -0.438305 -1.138933 -1.023398 -0.041038 -2.093313 0.000775 0.715413 0.013307 -0.842972 -0.633493 0.516216 0.429877 0.626632 
-0.362428 0.975992 -0.475679 0.277155 -0.694128 0.099594 -0.304048 1.026276 -0.321969 1.292176 0.239721 -0.451684 0.139787 -0.781516 -0.518832 -0.859862 0.603751 0.305430 0.235404 -0.877142 -1.464540 -1.196001 0.024046 -0.874434 -0.466466 0.906412 -1.613145 -0.205120 -0.607632 -2.083009 0.159585 0.295529 0.158994 1.005348 -0.220319 0.450550 0.434000 -0.173628 -0.652113 -0.403649 0.067325 -0.031195 -1.797804 -0.599469 0.420017 -0.779976 -1.219401 0.015147 0.399900 -0.701964 0.029292 0.157777 0.010699 -0.888308 0.163364 -1.601066 0.769804 1.702825 0.517162 -0.548746 -0.061493 -0.001349 -0.048361 -0.084858 
-1.033372 0.755735 -0.214261 0.277800 -0.192413 -0.338652 -0.517706 0.889174 -0.685841 1.501644 0.066972 0.754270 0.026707 -1.080490 0.196490 -0.819338 0.295017 -0.136932 1.194395 -0.551296 -1.059230 -0.766133 -0.468286 -1.207632 0.490854 0.593618 -1.883098 0.401935 -0.884036 -1.242290 0.132383 0.017540 0.397270 0.227432 0.310485 0.174854 0.395331 -0.521711 -0.824859 -0.902294 0.298210 -0.004424 -1.200591 -0.888012 0.243795 -1.082499 0.456792 0.060579 0.067993 -0.167057 -0.011735 -0.001249 0.025772 -1.349114 0.643657 -1.236516 -0.240660 0.860302 -0.562292 -0.076717 1.364673 1.067310 0.221341 0.152742 
-0.511624 0.912248 0.087498 -0.924541 -0.190609 -0.137232 -0.667508 0.128311 -0.372648 1.223347 0.460755 0.709534 0.820168 -0.577175 0.157574 -0.293863 0.671088 1.467452 0.338954 -0.286309 -0.650463 -0.739933 0.693710 -0.740446 1.237397 0.548698 -0.883735 0.260672 -1.506226 -0.478870 0.317188 0.140806 0.375973 -0.177489 0.577482 -0.488136 -0.619811 -0.102708 -0.724290 -0.354375 -0.364317 -0.034546 -0.966894 0.203636 0.155234 -0.525982 0.143580 -0.129639 0.691658 0.434597 -0.226465 0.754021 -0.000241 -1.082615 0.904474 -0.938899 0.986742 1.050065 0.115987 0.607939 0.719391 0.566485 0.519694 0.531561 
0.082157 0.627029 -0.905933 -0.389678 -0.055720 -0.650301 -0.283429 0.127793 -0.341494 0.422577 -0.525977 0.152994 0.488667 -0.333537 1.026393 -0.473501 -0.081411 1.641315 -0.815724 -0.153642 0.003437 -0.322041 0.267947 0.326291 1.041486 0.317183 -0.986880 0.247798 -1.292102 -0.067619 -0.587003 -0.416683 -0.200404 -0.437872 -0.065698 0.185706 -0.628981 -0.973033 -0.424341 -0.505883 0.016214 0.481660 -1.081136 0.770739 0.189386 -0.382104 -0.455532 0.356093 -0.924141 0.262016 -0.512658 0.738950 -0.425796 -1.054318 0.872071 -0.136733 0.808688 0.617197 0.002686 0.572787 0.360082 0.521149 -0.205982 0.189038 
0.268054 -0.144975 -0.395735 -0.672882 0.117294 0.185543 0.378094 0.264987 -0.300395 -0.768160 -0.855664 -0.295955 0.164913 0.331030 1.232734 0.178350 -0.104841 1.069188 -0.525437 -0.231121 -0.280515 -0.511479 0.177074 0.415818 0.036883 0.974919 -0.166372 -0.456989 -1.042157 -0.178367 -0.126196 0.227704 -0.170061 -0.576103 -0.522230 -0.526633 -0.141886 0.380025 -0.618600 -0.299029 -0.149553 -0.238694 -0.673693 -0.196908 0.433081 0.050553 -0.104632 -0.031201 -0.751959 0.221145 -0.379603 0.307471 -0.126312 -0.550758 -0.137731 -0.377762 0.837435 0.694002 0.129255 0.865592 -0.021434 0.263459 -0.180521 -0.159402 
0.458712 -0.551799 0.247309 -0.607609 0.086316 0.092424 0.492413 -0.056124 -0.139941 -0.676117 -0.262711 -0.132727 0.065215 1.067413 0.335846 0.679808 0.710365 0.550039 -0.011994 -0.107372 -0.284681 -0.362764 0.412778 0.186171 -0.596434 1.081881 0.037790 -1.233068 -0.706975 -0.043480 0.110344 -0.127751 -0.240523 -0.274659 -0.536267 -1.048870 -0.119645 0.238268 -0.289772 -0.202187 -0.340360 0.088753 -0.206530 -0.701395 -0.046665 -0.000394 0.295316 -0.181103 -0.230879 -0.074742 -0.258192 0.104388 0.145046 0.022179 0.106862 -0.175282 -0.136727 0.407390 0.661821 0.488080 -0.253037 -0.265840 0.467291 -0.484280 
-0.360422 -0.107912 0.236365 -0.068047 0.019366 -0.153013 -0.082926 -0.298947 0.012789 -0.346957 -0.380866 -0.089173 -0.066038 0.272261 -0.234611 0.464271 -0.218463 0.141026 -0.072470 -0.055880 -0.072638 -0.102848 0.078765 -0.098217 -0.151618 0.084464 0.156508 -0.804803 -0.197210 0.035552 0.102833 0.150944 -0.168901 0.094347 -0.281953 -0.230544 -0.639880 -0.068798 -0.277482 -0.089057 -0.039646 0.093551 0.305071 -0.005425 0.019823 0.017014 0.364357 0.076732 0.269245 0.059649 -0.155968 0.107929 0.486256 0.153219 0.038700 0.287755 -0.400139 0.389652 0.109831 0.310412 -0.081461 -0.160503 0.639954 -0.584281 
0.035905 -0.275144 0.155335 0.000949 0.248942 0.037402 0.071089 -0.097574 -0.071642 -0.111216 0.002959 0.105666 -0.012076 0.155693 -0.237113 0.023111 -0.166637 0.303978 -0.143283 0.069982 -0.181174 -0.019208 0.107710 0.006105 -0.080004 -0.068379 0.047739 -0.094582 -0.247270 0.019806 0.010925 -0.102103 0.006531 0.199039 -0.188107 -0.109777 -0.033383 -0.020183 0.016472 -0.138637 0.010931 0.010589 0.087295 0.164522 -0.053367 0.046429 -0.041629 0.221738 0.263215 0.096623 0.073676 0.097793 0.311795 -0.028521 0.136575 0.264759 -0.200028 -0.137574 0.207343 -0.134642 -0.013092 -0.038739 0.416901 -0.074500 
0.050694 0.047260 0.041878 0.009953 0.024409 0.065976 0.068199 0.061763 -0.056106 0.013668 -0.030239 -0.044804 0.018930 0.022169 -0.100983 -0.033048 0.080094 0.060165 0.033439 -0.002996 0.049521 0.042818 -0.056629 -0.061844 0.001977 0.002234 0.007804 -0.045037 0.004777 0.057171 -0.074112 0.002181 0.068524 0.047997 0.080151 0.075457 -0.008400 0.023863 -0.042653 -0.031195 0.062701 0.072453 -0.054021 -0.079980 -0.031866 -0.044075 -0.050742 -0.001240 0.105065 -0.019196 -0.074634 -0.012130 0.041278 0.061245 -0.023017 -0.037471 0.031714 -0.076374 -0.008415 0.106140 -0.054948 0.068178 0.014300 -0.039965 
0.053254 -0.081754 -0.011113 0.078823 0.082026 0.007735 -0.071948 -0.043150 0.069668 0.007540 0.023697 -0.060304 0.002154 0.010086 -0.068369 -0.000988 0.034900 -0.073267 0.046621 -0.006189 0.068508 0.024585 0.081395 0.001040 -0.044321 0.074274 -0.038232 -0.077724 0.029231 0.058301 0.078150 0.012114 0.042637 -0.078555 0.036347 0.020258 0.082478 -0.033067 0.013742 -0.061264 0.030135 0.052874 -0.005553 0.046292 -0.045594 0.033765 -0.019970 0.044865 0.031259 -0.061921 -0.017597 0.027306 0.017048 -0.028564 0.035393 0.043012 0.067933 0.014029 0.041097 -0.008859 0.071840 0.047663 0.023969 -0.027096 
-0.041313 0.003644 -0.063727 -0.027567 0.004870 0.001968 -0.071679 0.007223 0.070998 0.030392 0.016076 -0.043393 -0.041559 0.007769 0.029195 0.027708 0.058674 -0.011758 0.079849 -0.077236 0.018563 0.014003 0.005770 -0.022759 0.020801 0.027787 -0.066354 0.009506 -0.075245 -0.023918 0.019127 -0.017425 -0.050110 -0.035226 -0.009121 0.075531 -0.025274 -0.011657 0.032262 0.064949 0.015614 -0.020479 0.013094 -0.068846 -0.066201 0.021346 0.022091 -0.004813 0.024636 0.059446 -0.072251 -0.059995 -0.005879 -0.000135 -0.075400 0.034595 0.007329 0.083059 -0.087486 -0.071862 -0.085641 0.072938 -0.060409 -0.014463 
-0.000903 -0.037350 -0.036315 0.051725 -0.081609 0.164534 0.128509 -0.056071 -0.027457 -0.039658 -0.006776 -0.033408 -0.024210 -0.056492 0.079279 -0.067356 0.056752 -0.014904 0.038556 0.077722 0.070520 -0.011717 -0.110843 -0.091067 -0.071900 0.006387 -0.023344 0.068047 0.006695 0.000290 -0.039611 -0.050660 0.159116 0.033697 0.022101 -0.047187 0.030063 0.009749 0.062152 0.005475 0.039819 0.128720 -0.069265 -0.044614 -0.010646 0.063833 -0.022709 0.015312 -0.032747 -0.016628 0.043840 0.041839 0.018502 -0.009294 0.034577 0.023531 0.075097 -0.022264 -0.069463 0.010565 -0.078952 0.116464 -0.051093 0.053187 
0.153979 -0.098740 0.477352 0.063800 0.018299 -0.228888 -0.065698 -0.042735 0.170433 -0.115414 -0.054127 0.023882 0.074623 0.292530 -0.078381 0.004927 -0.270689 0.160192 -0.140200 -0.006250 -0.160155 -0.167533 -0.181437 0.073542 -0.172941 -0.063805 -0.088393 -0.348777 -0.066531 -0.075733 -0.298211 -0.020721 -0.026318 0.007167 0.008480 0.127849 -0.037008 0.098479 -0.155743 -0.009306 -0.245430 0.131682 -0.116389 -0.158827 -0.065444 0.021870 0.022561 0.050084 0.107047 -0.103568 -0.018963 -0.118339 0.221169 0.106237 0.177764 0.057172 0.186087 -0.019555 0.238950 -0.050580 -0.028318 0.163902 0.270586 -0.086028 
0.481587 -0.202134 0.985359 -0.100519 -0.423055 -0.876865 -0.356772 -0.312136 -0.310423 -0.280693 -0.392898 0.032713 0.178958 0.394725 -0.402039 -0.269805 -0.197717 0.335462 -0.355315 0.089231 -0.096721 -0.013544 -1.038584 0.034640 0.256138 0.150737 0.548742 -0.362484 -0.044958 0.069157 -1.524962 -0.019805 -0.755663 -0.089394 0.219167 -0.161116 0.080551 -0.153361 -0.014542 -0.293367 -0.343452 -0.217901 -0.327898 -0.779985 -0.047807 -0.029019 0.108829 -0.334223 0.295949 -0.457216 -0.126633 -0.334863 0.185289 -0.185553 -0.248297 0.141203 -0.149630 -0.261876 -0.246198 -0.079808 0.327993 0.733165 0.591495 -0.268916 
0.229983 0.294866 1.201614 -0.172663 -0.715933 -1.288222 -0.433540 -0.574299 -1.505808 0.056928 -0.419205 -1.421425 0.070971 0.166018 0.032949 -0.190887 -0.047873 0.585563 -0.436283 -0.101237 -0.095094 -0.460555 -1.163006 -0.155627 0.658738 0.109711 0.118968 -0.341217 -0.576536 -0.043216 -1.974735 0.505601 -1.565701 -0.018296 0.128995 -0.177544 0.187710 -0.084702 0.187811 -0.585989 -0.407817 -0.944967 -0.403697 -0.387175 -0.129685 -0.075308 0.054282 -0.859149 -0.484768 -0.565395 0.127502 -0.361623 -0.069019 -0.036911 -0.774938 -1.011186 -0.405046 0.695985 -0.360723 -0.051977 0.733041 0.085800 0.786449 -0.224770 
-0.058311 -0.152498 0.633057 -0.324333 -0.748954 -2.852888 -0.352844 -0.203214 -1.642399 0.691346 -0.294791 -1.417106 -1.096179 0.124872 -0.411078 0.369077 -0.223992 0.351243 -0.165984 -0.093075 -0.454899 -0.371788 0.062414 -0.841430 -0.098523 -0.031561 0.147425 0.288396 -1.002473 -0.345140 -1.910576 -0.001837 -2.363584 -0.441049 -0.155803 -0.172043 -0.704466 -0.215978 -0.374452 -0.980339 0.061743 -0.579399 -0.358456 -0.002352 0.161299 -0.701509 -0.025680 -0.202687 0.421700 -0.837795 -0.396738 -0.343344 0.702320 -0.452683 -0.625498 -1.223494 -0.041202 0.797642 -0.543445 -0.026306 0.571689 -0.036271 1.683261 -0.282340 
0.778885 -0.124065 0.670194 -1.173432 -1.081793 -3.220538 -0.539805 0.114188 -1.112927 0.219473 -0.340401 -1.888147 -0.620565 0.617757 0.087483 0.630592 -0.039389 0.467458 0.285578 -0.147052 -0.540873 -0.516860 0.681327 -0.190644 -0.456547 0.318176 0.574865 0.806314 0.088523 0.011980 -2.251127 -1.036648 -1.560696 0.135087 -0.817050 -0.217962 -0.544393 0.366453 -0.583870 -0.679878 -0.481159 0.039189 0.003921 -0.499047 -0.266203 -0.922732 -0.653964 -0.019118 0.618500 0.317912 -0.670915 -0.025277 1.309424 0.031743 -0.198626 -0.456905 0.482209 0.447889 0.117466 -0.163268 1.093712 -0.473912 1.185690 -0.518594 
0.151580 -0.606283 -0.167002 -0.477720 -1.399820 -4.187539 -0.910222 0.236485 -1.082426 0.255906 0.276451 -2.480412 0.075840 -0.149828 0.615949 1.454118 0.302430 1.273598 -0.175187 -0.329682 -0.078258 -1.280796 0.794773 -0.163551 0.957162 0.266060 0.028002 1.321246 0.380867 -0.193100 -1.736987 -1.063342 -0.768393 0.888844 -0.484169 0.284442 -0.144546 -0.077484 -0.477823 0.060081 -0.132292 -0.158579 0.092525 0.040107 -0.467109 -0.253246 -0.765046 -0.366825 -1.074261 1.118417 0.586401 0.295215 1.008328 0.293826 -0.008961 0.090422 1.262578 -0.344824 -0.471885 -0.014140 1.116651 -0.059298 0.425808 -0.118630 
0.189952 -0.026885 -0.225860 -0.880397 -1.126088 -4.177517 -0.879708 0.742442 -0.877873 -0.585094 -0.001896 -2.104320 0.076019 0.239958 0.889173 1.333657 -0.149671 -0.076358 -0.860941 -0.101741 0.163084 -1.286347 0.681898 -0.508914 0.271999 0.550475 0.090179 1.381412 -0.311684 -0.397883 -0.177921 0.336175 -0.496072 0.786462 -0.880081 -0.358609 -0.179081 -0.262138 -0.228404 0.056286 -0.137704 0.852818 -0.454883 1.365641 -0.661014 0.007428 0.388173 0.041483 -1.111791 0.291643 0.325527 0.698052 0.102483 0.123676 -0.274438 0.397445 0.663753 0.067538 -0.028577 0.702442 0.284139 -1.585534 0.887480 0.059417 
0.949164 0.402893 -0.517707 -0.248899 -1.483856 -3.923542 -0.593175 0.385212 -1.979353 -0.241094 -0.063301 -1.426776 -0.037153 -0.326396 0.244156 1.091002 -0.227352 -1.485019 -0.107926 -0.453143 0.940840 -0.684167 0.355998 -0.486880 -0.560481 0.183602 0.996629 1.315546 0.254162 -0.055943 0.211759 0.461489 0.502433 0.997907 -0.286042 -0.328802 -0.571601 -0.233937 -1.293203 0.109125 0.456741 0.273754 -0.482029 1.446355 -0.661070 -0.098965 0.675788 -0.136275 -0.502295 -0.655230 1.004469 0.207229 -0.830483 0.234760 -1.084101 -0.572174 0.846852 -0.805890 -0.437159 1.335535 -1.122229 -2.664048 1.210781 -0.378129 
1.064397 -0.016506 -0.258799 -0.218867 -1.376367 -3.035417 -0.961790 -0.828799 -2.526267 -0.700819 0.731661 -1.367578 0.463057 -0.613317 -0.843553 1.915378 0.221810 -0.624502 -0.300101 0.671764 0.170756 -0.657112 0.060927 -2.167442 -0.563557 -1.172926 0.287125 0.853505 -0.509188 0.192709 -0.650670 0.219800 1.250603 1.170956 0.805968 -1.031509 -0.053286 -0.068105 0.184730 0.083911 -0.306471 1.022762 0.163180 1.088438 -1.077700 -0.206149 0.768950 -0.671334 0.510099 0.138469 0.156285 0.155124 -0.442920 0.390986 -0.349543 -0.521009 0.703164 -0.326779 -0.554963 1.208700 -0.425696 -3.707519 1.559045 -0.072311 
0.783244 -1.080213 -0.082869 0.478747 -0.148156 -1.457337 -1.093058 -1.626869 -1.693851 -0.484394 0.733086 -0.052775 -0.419106 -0.457357 -2.295847 0.456591 -0.569439 0.720041 -0.036326 0.000032 -0.772812 0.372391 0.642349 -2.459084 -1.213633 -1.129937 0.124493 1.427566 0.105558 -0.740819 0.353747 -0.745172 2.151140 0.127631 0.722655 -1.564575 1.302621 0.759124 0.263051 1.423106 -0.644674 0.549871 -1.218699 0.827625 -0.355807 0.246115 0.738089 -0.920529 0.095060 1.061789 -0.892818 1.129615 -0.327776 0.557550 -0.700417 -0.551449 -0.279324 -0.013806 -0.212311 -0.401069 0.000476 -3.474914 1.602270 0.143939 
-1.246980 0.091091 0.245609 0.864903 -0.618195 -0.391529 0.146977 -1.589286 0.005817 -0.244046 0.118196 0.719690 -0.906658 -0.141158 -2.142709 -1.036573 -0.826292 0.578881 0.072090 0.189479 -1.294956 1.107588 1.628003 -1.368038 -0.588968 -0.717230 0.957886 1.328984 0.150478 -0.853886 0.432020 -0.390366 0.998757 -0.939026 0.555915 -1.571352 -0.253861 -0.660215 0.353796 0.821587 -0.166334 1.342540 0.119680 0.901340 0.443414 -0.612706 0.951376 -1.258128 0.235015 0.607168 -0.324677 0.639944 -0.838705 0.763154 0.853446 0.102062 -0.983374 0.611230 -0.682404 0.292181 -1.300713 -2.532001 -0.372896 1.055302 
-1.327872 -1.056000 0.153805 0.469602 -0.258974 -0.384381 0.158939 -0.070592 -0.872704 0.137902 -1.176072 -0.484617 -0.745526 -0.040689 -0.620432 -0.778226 -1.241833 0.760227 0.383365 -0.243184 -0.710012 0.961335 0.550841 0.164252 -1.204758 -0.571289 -0.126182 0.088423 0.164610 -0.459760 -0.573085 -0.031871 -0.077204 -0.798648 0.233633 -0.096925 -2.764517 -1.099279 0.213223 -0.731773 -1.439265 0.338578 -0.863543 0.140455 -0.011898 -0.769710 0.172321 -0.153448 1.175024 0.836877 -1.335305 -0.272578 1.497830 0.340133 0.605520 0.721476 -0.249423 0.643456 -1.688401 0.340264 -1.382317 -2.129014 0.227482 0.562407 
-0.944712 -1.810331 -0.484119 -0.453132 -0.157534 -0.400485 -0.002650 1.227738 -1.001757 0.377342 -0.450233 -0.814264 -0.125626 1.645053 -0.494255 -0.472520 -1.545276 1.933284 0.080645 -0.007757 -0.357844 0.527561 -0.359638 1.011302 -1.093409 -0.549747 -0.992426 0.916937 0.063827 1.192895 -0.028186 -0.651719 -1.200394 1.106159 0.422056 0.450592 -3.582087 -1.409386 -0.540023 -0.904999 -1.742193 -0.380816 0.036651 0.487058 -0.496798 -1.115250 -1.437039 -0.660280 -0.125414 1.006639 -1.478064 -0.141336 0.299194 -0.392176 -1.048851 0.043740 0.329176 0.912878 -1.489141 -1.104482 -0.688320 -1.082014 1.306654 -0.261278 
-1.337905 -0.670012 -0.363170 0.662007 0.090048 -0.233023 0.250445 1.190550 -1.688052 -0.486888 -0.113982 -0.830493 -0.248515 1.396752 -0.530094 -1.209036 -2.108657 0.443700 -0.360023 -0.438563 -0.468200 -0.285625 -0.490721 0.551294 -0.762424 -1.018873 -0.629421 -0.368366 0.031478 1.934919 0.891393 -0.739866 -1.324612 0.921431 -0.005009 -0.276191 -0.990138 -0.762571 0.418892 -0.067922 0.490600 -0.378609 0.648317 1.088250 -0.169164 -1.063586 -0.895966 -1.078870 -0.108878 0.556923 0.189708 0.124348 0.177719 -0.558635 0.072509 -0.084094 -1.170403 -0.220336 -0.538917 -0.428854 -0.789483 -0.792831 1.047937 0.323306 
-0.805730 -0.478420 0.527835 1.671137 0.620837 -0.301913 0.249248 2.009176 -1.321397 -0.118357 0.689038 -0.851324 -0.053841 1.415877 -0.438407 0.543887 -0.550477 1.894984 0.695714 -0.793541 0.740444 -0.037201 0.141147 0.362766 -0.076637 -0.594079 -0.760288 0.125381 0.399532 -1.794963 0.324256 -0.014951 -0.096642 1.821360 -0.752485 -0.198732 1.584988 -0.514963 -0.386270 -0.858519 -0.949474 0.273500 -1.443036 0.230775 0.354627 -0.727811 -0.868128 0.044147 1.266500 -0.258190 -0.255451 0.448172 -0.436123 -0.912025 0.337629 -1.598094 -0.388579 0.027661 -0.128293 -1.271765 -0.435047 -0.139101 1.605015 -0.334178 
0.272801 -0.149511 0.409522 0.344993 0.217086 0.070527 -0.192499 0.852616 -0.113704 0.313908 -0.079636 0.080328 0.968357 -0.497275 -1.050336 -0.293530 0.400753 1.219673 -0.028466 -0.689120 -0.637434 -1.081329 0.432697 -0.187842 0.109874 0.145848 -1.757024 0.970748 -0.085919 -2.517614 0.580506 0.609667 -0.355552 1.060689 -0.410375 0.019277 0.411848 -0.625528 -0.043644 -1.566201 -0.796824 1.181450 -2.600743 -0.064398 0.066131 -0.004986 -2.149034 0.303817 0.811159 0.233433 -0.908408 -0.551339 -0.369450 -0.828077 1.655618 -1.764356 -0.319520 0.554957 0.320310 -0.813933 0.252574 0.674778 1.604372 -0.740438 
-0.000164 0.868180 0.000404 -1.095557 0.306239 0.390554 -0.118895 0.148756 -0.408699 1.016341 -0.438079 0.036802 -0.102786 -0.417791 -0.740107 -0.806005 0.300793 0.615000 -0.240109 -0.486265 -0.973074 -1.233155 0.004371 -0.734405 -0.432692 0.243082 -1.289115 0.001977 -0.407721 -2.055810 -0.244567 0.415778 -0.430501 -0.247126 0.277572 0.115516 -0.560115 -0.012876 -0.067241 -0.527444 -1.088491 0.211632 -1.898436 -1.522319 0.535762 0.134981 -0.480268 0.737936 0.353158 0.147360 -0.432755 -0.170213 0.136670 -1.443049 0.570352 -1.142474 -0.095715 0.260058 0.771658 -1.199913 0.347217 0.813698 0.409254 0.568661 
-0.231621 0.375197 0.097070 -1.384489 -0.701560 0.362478 -0.106547 1.437028 -1.148796 1.007514 -0.310882 0.554793 -0.212857 -0.035791 -0.647111 -0.551952 0.414122 0.916909 -0.222269 -0.199501 -0.702745 -0.746234 0.420982 -1.409493 1.060805 0.144009 -1.227275 -0.375542 -1.100442 -1.246783 -0.320059 0.323811 -0.424161 -0.822331 0.184034 -0.131416 0.055638 -1.150717 -0.897196 -1.233225 -1.248803 -0.103109 -0.763308 -1.231743 0.855258 -0.858823 0.013095 0.205490 0.036998 0.343339 -0.468526 -0.021464 0.190862 -1.395970 0.449593 -0.187156 -0.562548 0.252284 0.666776 -0.246738 1.499817 0.266112 0.909760 -0.243208 
0.079484 0.397398 -0.151641 -0.787346 0.535564 0.037208 -0.473057 0.048919 0.007064 0.351383 0.167655 0.860108 0.517301 0.660758 -1.238873 0.248674 -0.005193 1.854304 -0.727493 -0.100407 -1.227329 -0.710208 0.986031 0.140724 0.721407 0.120465 -0.131082 -0.160322 -1.159826 -1.044362 0.517530 -0.031998 0.310151 -1.068279 -0.527120 0.840413 -0.876659 -0.006795 -0.937842 -0.571695 -1.377931 0.445768 -0.369486 -0.324648 -0.391071 -0.541934 -0.239602 0.408395 0.982127 0.340059 -0.371101 0.412801 -0.375525 -1.168821 0.023800 -0.667623 0.403496 0.135893 0.469867 0.446089 0.693099 0.073525 0.627390 -0.247105 
0.504914 0.392715 -0.882299 0.028195 0.563040 -0.662117 -0.039416 0.073605 0.219759 -0.115196 -0.381011 1.008435 0.780588 0.411884 -0.185411 0.046798 0.102030 1.479856 -0.186751 0.033212 0.149763 -0.673100 0.396280 0.306424 0.785261 0.026257 -0.082331 -0.665086 -0.964572 -0.598456 -0.090781 0.185206 0.648550 -0.829019 -0.893704 -0.097939 -0.370254 -0.137160 -0.647647 -0.918778 -0.456255 0.361872 -1.017269 0.698936 0.270237 -0.306002 -0.240389 -0.225918 0.247675 0.167133 -0.439131 0.209588 -0.287332 -0.879673 0.356363 0.046749 0.010446 0.248852 0.120998 0.815276 0.700989 0.873058 -0.135410 -0.381336 
0.377384 -0.650873 -0.994574 -0.571795 0.550688 -0.453967 0.035991 0.318128 0.849052 -1.049523 -0.743623 -0.114676 -0.136411 0.522602 0.695762 0.435654 -0.132252 1.136123 -0.615041 0.278954 0.114679 -0.588151 0.095965 0.036912 -0.173988 0.288356 0.441902 -0.679079 -0.757004 -0.280584 0.038803 0.275765 0.262634 -0.408766 -0.654015 -0.814029 -0.629067 0.386267 -0.334821 -0.326307 -0.583162 0.042552 -0.420990 -0.216392 0.402650 -0.097664 -0.351965 0.388096 -0.096990 0.179381 -0.832019 0.021228 0.506850 -0.672241 0.001038 0.322241 0.243085 0.530148 0.222010 0.788583 -0.116431 0.724525 0.012821 -0.587521 
-0.168629 -0.197096 0.052129 -0.386203 0.317884 0.185015 0.581532 0.289365 0.548423 -0.478753 -0.440086 -0.053630 -0.138492 0.421342 0.033015 0.292441 0.189041 0.374618 -0.233624 0.454687 -0.486012 -0.469569 0.028526 0.010517 -0.365184 0.559670 0.086863 -0.843949 -0.544850 -0.106073 0.119267 0.399359 -0.272198 -0.155211 -0.354769 -0.643062 -0.730629 0.002601 -0.196853 -0.138971 -0.422404 0.161726 0.163112 -0.100324 -0.259751 -0.075105 0.047457 0.494703 0.327216 -0.085548 -0.470084 0.319766 0.424176 -0.207975 0.361358 0.363356 -0.164219 0.290893 0.275368 0.071648 -0.358930 0.082337 0.612802 -0.706228 
-0.449456 -0.211898 0.179169 -0.226130 0.190659 -0.080834 0.061848 -0.415598 -0.060565 -0.174449 -0.564681 0.033666 -0.097053 0.388875 -0.303063 0.499736 -0.235961 0.197722 -0.184190 0.028499 -0.148162 -0.262775 0.217685 -0.110545 -0.242281 -0.281825 0.277695 -0.619435 -0.519999 0.153553 0.328433 0.309494 -0.118816 0.017049 -0.313793 -0.363162 -0.385526 -0.144084 -0.133255 0.109089 -0.047789 0.282610 0.541370 0.219362 -0.165785 -0.160664 0.439978 0.254174 0.590516 -0.015241 -0.190443 -0.087340 0.663173 0.242640 0.145648 0.424875 -0.169277 0.557338 0.240887 0.496205 0.089710 -0.084290 0.862294 -0.441409 
0.110160 -0.373968 0.070108 -0.038934 0.304422 -0.066315 -0.074880 0.074745 0.047217 -0.015765 -0.229001 -0.019444 -0.035543 0.249569 -0.179765 0.138808 0.191307 0.130233 -0.139801 -0.035680 -0.199612 -0.212076 0.081958 0.061112 -0.199341 0.075295 0.226994 -0.105581 -0.379795 0.125923 0.035412 -0.148163 -0.146836 0.105891 -0.276286 -0.020895 -0.104386 -0.190236 -0.005682 -0.125178 -0.040256 0.202593 0.191259 -0.024850 -0.139269 0.002903 0.124579 0.128314 0.404814 0.099389 0.009609 0.197023 0.220253 0.080960 0.295741 0.137928 -0.239248 -0.200728 0.186626 0.189824 0.122730 0.002399 0.302646 -0.025030 
-0.066445 -0.075661 0.006985 0.035189 -0.020101 -0.069982 0.038942 -0.046206 0.033734 0.069540 -0.008243 0.018788 0.056498 0.030101 -0.030533 -0.078256 0.032253 0.010416 -0.039600 -0.062060 0.087365 0.016235 0.026805 0.029624 -0.062455 -0.025187 0.063670 -0.069992 -0.170575 -0.015511 0.040272 0.013217 -0.054059 -0.060472 -0.014305 -0.015357 0.040488 -0.067558 0.021258 -0.001536 -0.015472 0.012478 0.024392 -0.123376 0.065492 0.072735 0.021017 -0.024504 0.189729 -0.072916 0.039351 0.091861 -0.030169 0.032185 -0.013559 0.118746 0.024107 0.051188 -0.049102 0.021950 0.004180 -0.058567 0.026698 0.028512 
-0.055041 -0.077513 -0.008238 0.002400 0.073041 0.055457 -0.046082 0.024066 0.001414 -0.040655 -0.019194 -0.063168 -0.036260 0.077077 -0.061546 0.007016 -0.011483 -0.056283 -0.079433 0.071542 -0.041492 -0.036050 -0.015862 -0.068416 -0.035100 -0.049932 0.014168 0.031788 -0.026936 0.061582 -0.045907 0.032918 -0.080260 -0.054163 0.049737 0.035849 -0.068482 0.038386 -0.002662 0.046005 -0.066275 -0.018624 0.008320 0.080815 0.022023 -0.030690 -0.010476 0.042241 0.024652 -0.019692 0.019815 0.074654 -0.035967 0.010594 0.004141 0.025273 0.014003 -0.028497 0.003540 0.073473 -0.021073 0.011344 -0.036471 -0.031547 
-0.080414 -0.078433 0.002924 -0.049068 -0.068892 0.085716 -0.013393 -0.042679 0.032070 0.008912 0.035163 0.014476 0.004323 0.027054 0.068617 -0.067027 0.000752 -0.007634 -0.034436 0.041922 0.052472 0.055438 -0.016090 0.045223 -0.029622 0.035081 0.070388 -0.055960 -0.017362 0.010309 0.032759 -0.067704 0.042394 -0.055570 -0.055849 0.013930 -0.012200 -0.057027 -0.081451 -0.045717 0.084103 0.038074 -0.054845 -0.042694 -0.038278 -0.038901 0.076599 0.019716 -0.050144 -0.080122 -0.020025 0.022319 -0.053053 -0.072412 -0.050551 0.011533 -0.015048 0.066216 -0.036344 0.062881 -0.065493 0.076902 -0.013866 0.000658 
0.091534 -0.056771 0.104129 -0.005103 -0.022314 0.184311 0.036440 0.069693 -0.024556 -0.108792 0.046163 0.035970 -0.065713 0.027629 -0.086445 -0.088619 -0.035677 0.194262 -0.155672 -0.039856 -0.106157 -0.044513 -0.005043 -0.072004 -0.202376 0.016520 0.075895 0.126329 -0.084101 -0.003132 -0.037387 0.093026 0.171616 -0.059496 -0.083908 0.066803 -0.101023 0.087900 -0.008798 0.059990 -0.320353 0.108558 0.068737 -0.141447 -0.048211 0.021164 0.013909 0.113109 -0.013328 -0.095555 0.024407 0.068717 -0.077108 -0.050467 0.015981 -0.035194 0.022491 0.025611 -0.101087 0.059113 -0.033473 0.067055 -0.049597 0.011319 
0.274455 -0.208105 0.692244 0.101308 0.010230 0.003989 0.171214 -0.293196 -0.005576 -0.031801 -0.142832 0.104058 0.151899 0.359497 -0.126563 -0.194315 0.198260 0.218142 -0.159435 0.039654 -0.258863 -0.135269 -0.201021 0.079141 -0.220005 -0.228304 0.174289 -0.335971 -0.010884 0.028984 -0.324080 0.190694 -0.011307 -0.145896 -0.022675 0.141366 -0.197244 -0.026470 -0.271685 -0.108124 -0.526191 0.054825 -0.108258 -0.379286 -0.181241 -0.021290 0.017956 0.091860 -0.019751 -0.170911 0.024407 -0.049937 0.303040 -0.013165 0.026021 0.106837 0.095990 -0.059660 0.161251 -0.034015 -0.013442 0.599815 0.044278 -0.174789 
0.350785 -0.193329 0.689431 0.022108 -0.704242 -0.470579 -0.187740 -0.368593 -0.249504 -0.127915 -0.543671 0.057632 -0.088545 0.692216 -0.378543 -0.052674 0.291753 0.753613 -0.415281 0.008129 0.006774 -0.161674 -0.479650 0.140147 -0.337317 0.105928 0.498094 -0.794417 -0.253271 -0.003311 -1.179561 0.250737 -0.796495 -0.329080 0.242879 0.289878 0.156595 -0.124646 0.083859 -0.399325 -0.843996 -0.254281 -0.387073 -1.412838 -0.279120 -0.126806 -0.025000 0.107813 0.167772 -0.317211 -0.242629 -0.312902 0.600400 -0.111559 -0.142718 0.249427 0.049291 -0.021626 -0.056431 -0.018088 0.212016 0.749559 0.021104 -0.191809 
0.247926 -0.029622 0.266246 -0.888978 -1.159640 -0.626274 -0.560109 -0.881027 -0.596816 -0.310212 -0.278251 -1.243145 -0.776864 0.146206 0.079496 0.389506 0.459288 0.873204 -0.813919 -0.276597 0.108513 -0.420451 -0.701817 -0.147057 0.205281 0.421125 0.172240 -1.102039 -0.438276 -0.030443 -1.540360 0.545093 -2.363887 -0.553551 0.291999 0.290764 0.339683 0.000644 0.142931 -0.687158 -0.486593 -0.228930 -0.554535 -1.051724 -0.147240 0.199916 -0.176359 -0.937881 -0.034338 -0.472733 0.365132 -0.506384 0.307401 -0.288167 -0.927338 -0.424887 -0.671523 0.512324 -0.177524 -0.349690 0.358941 0.915768 0.416776 -0.176583 
-0.010346 -0.124165 -0.084969 -0.749384 -1.366502 -1.598157 -0.338839 -0.842488 -0.985474 -0.017322 0.434780 -0.884620 -1.535267 0.120821 -0.453493 0.732669 -0.188893 0.689805 0.382584 -0.183799 -0.580463 -0.020892 0.094949 -1.082226 0.339469 0.516135 0.230264 -0.739835 -0.484816 -0.377949 -1.187426 0.048515 -3.063199 -1.027713 0.430298 -0.495266 0.026057 -0.346775 -0.081621 -0.687923 -0.470381 0.114869 0.002842 0.076791 0.354610 0.216950 -0.338364 -0.696541 0.243131 -0.616154 0.234235 -0.790877 0.435044 -0.716775 -0.482248 -0.446458 -0.115869 0.132691 -0.001635 -0.461950 0.015555 0.687488 1.089782 -0.020083 
0.751322 -1.088946 -0.068682 -0.420619 -1.166981 -1.865907 -0.251396 -0.246254 -0.679731 0.385018 0.169017 -1.028046 -0.149897 -0.138395 0.407174 0.669376 -0.222527 0.012766 0.201476 -0.687137 -0.687405 -0.538447 -0.460108 -0.965899 0.173884 0.606601 -0.086655 0.008178 0.647765 -0.372675 -0.884076 -0.866568 -2.287456 -0.961300 -0.032898 -0.869580 -0.343908 -0.028132 -0.119915 -1.225721 -0.274818 0.763985 0.008734 0.628518 -0.725588 -0.333009 -0.414980 0.703167 0.117206 0.032728 0.152333 -0.453551 0.031327 -0.623348 -0.123733 -0.339351 0.716399 0.421587 0.495382 -0.583234 1.232819 -0.039469 1.147229 -0.820155 
0.500054 -0.838655 -0.576885 0.481559 -1.079201 -2.897140 -1.555801 0.607862 -1.029265 0.264647 0.281907 -1.762914 0.327062 -0.028336 0.697054 0.645108 -0.885459 -0.361570 0.697982 -0.860713 -0.092330 -1.281796 0.285761 -0.970257 0.236364 0.002085 -0.070173 0.629100 0.339503 -0.249271 0.453053 -0.585549 -3.018491 0.275038 -0.225624 -1.026482 0.208382 -0.270877 -0.161127 -0.620566 0.371352 0.450621 -0.151690 0.445669 -0.786443 -0.600224 0.022500 0.574741 0.235535 0.558804 0.901974 -0.624872 0.727117 0.081338 -0.025009 0.409583 0.680221 0.788511 -0.316464 -0.233021 1.904112 2.082140 0.854850 -1.041377 
0.607326 -0.878267 0.107403 -0.140461 -0.826733 -3.806552 -2.300610 0.760935 -1.609697 -0.228044 -0.079352 -1.650860 -0.425626 1.263891 0.992511 0.981397 -0.873851 0.129031 0.084253 -0.451013 0.230293 -1.470656 0.373005 -1.406328 0.285864 0.041097 0.615311 0.489646 -0.482175 -0.299616 1.127780 -0.189254 -3.208491 1.998778 -0.254833 -1.053557 0.330144 -0.389879 -0.115266 -0.977216 0.102857 -0.014767 -0.215539 1.303633 -1.403272 -0.702468 0.090251 0.579217 -0.780921 0.155582 0.380592 0.297953 0.286878 -0.141884 -0.419396 -0.702494 0.141373 0.312645 0.583727 0.742977 0.485715 0.945506 1.337246 -0.514567 
0.594106 -0.237563 -0.535138 -0.290412 0.048594 -5.262318 -1.908903 -0.594090 -2.017556 0.073426 0.509361 -1.124179 0.147350 0.242582 0.834494 2.148151 -0.206559 -1.094891 0.934812 0.006743 -0.406164 -2.161639 -0.567294 -1.282001 0.646759 -0.115031 1.532238 1.070844 0.492867 -0.100070 1.164388 0.192195 -1.677568 2.658773 0.174789 -1.708387 0.551909 0.399275 0.609506 -0.372750 -0.214115 0.349196 -0.097076 0.481787 -1.325333 0.326219 0.078747 -0.271218 -0.314930 -0.115401 0.432120 0.016342 0.044953 0.520090 -0.792157 -0.453584 0.099605 -0.628488 0.277274 1.353861 0.353272 0.149975 0.974114 0.145766 
0.923418 -0.284484 0.751297 0.457654 -0.329648 -4.905739 -2.168225 -0.852827 -1.676892 -0.356872 1.205981 -1.716333 -0.340984 0.294676 -0.287875 2.361307 0.493422 -0.814147 -0.190845 0.629425 -0.152355 -1.484715 -0.255903 -2.085454 0.071679 -1.144005 1.350815 0.679759 -0.320656 -0.414173 0.104362 -1.261097 -0.946929 0.693863 -0.375538 -1.508637 0.477202 -0.015261 1.267690 1.081157 -0.597995 0.995446 0.360079 0.958805 -0.838948 -0.078823 0.434349 0.343858 0.502184 0.407747 -0.024289 0.136634 -0.294103 0.459493 0.009421 -1.133877 0.039200 0.019869 -1.121261 -0.192492 0.050378 -1.453537 1.113185 0.360000 
0.015575 -0.683264 0.285034 1.638757 -0.297037 -4.588703 -2.755156 -1.779046 -0.550422 -0.258561 0.252974 -0.833597 -0.627102 -0.476252 -2.114682 -0.544599 0.556657 0.874281 -0.664115 0.384826 -0.984294 -0.987936 0.549370 -1.937537 -0.148344 -1.128379 1.133371 0.851471 -0.143185 0.076402 0.304576 -2.070758 -0.810168 -0.831147 -0.221158 -1.434759 0.621847 0.224645 0.435024 1.168777 0.190012 2.205223 0.058359 -0.211784 -0.069007 -0.835317 0.884217 -0.840913 -0.372511 0.942260 0.282687 0.754377 -0.132197 1.149042 -0.210373 -0.570839 0.157231 0.200451 -1.884676 0.232290 -0.125321 -1.629906 0.472229 -0.304794 
-0.700296 0.191988 -0.703410 2.133376 -0.230020 -3.442934 -1.352646 -0.844183 -0.691653 0.377834 -0.517596 -0.666238 -0.741122 -0.834198 -1.039711 -1.834122 0.666090 1.513623 0.019331 0.404979 -1.277108 -0.270908 1.742211 -1.375229 -0.644912 -0.453896 0.560982 0.605670 0.072364 -0.022835 0.086109 -1.102662 0.132199 -0.697911 -0.430104 -1.820772 -0.859477 -0.941033 -0.679991 0.459510 0.439797 1.431869 0.280622 1.062922 0.482273 -0.909769 0.637311 -0.601640 0.340971 0.199527 -0.150531 0.010640 0.480464 0.092801 0.580609 -0.286073 -0.103849 0.134832 -1.254303 0.861450 -0.457198 -1.992872 0.284187 0.550381 
-1.184511 -0.111551 0.162494 0.406738 -0.406211 -2.676393 -0.582783 1.795843 -0.494401 0.262658 -0.866048 -1.411477 -0.688598 0.330060 0.050095 -0.016810 -0.203073 0.666491 0.164381 0.418121 -0.183607 -0.192962 1.418109 -0.552327 -1.439775 0.395033 -0.018323 0.886210 0.939913 0.894614 -0.324315 -1.556990 -1.414627 0.255021 0.237485 -0.034897 -1.624454 -0.798644 0.147539 -0.290322 -0.727802 -0.774055 0.640460 0.516793 0.153639 -0.959252 -0.563478 -0.010706 0.335852 0.687700 -1.365646 -0.272316 1.516634 -0.194497 1.335239 -0.024177 0.151374 -0.683078 -1.018308 -0.117198 -0.183539 -1.928757 0.837636 0.015157 
-0.865287 -0.184259 0.674282 0.167954 -0.511438 -1.253881 -0.418569 2.135404 -0.876937 0.047786 -0.006773 -0.913749 -0.465567 1.809209 0.079920 -0.369873 -0.209310 0.884121 -0.808709 0.304854 0.185005 -0.358057 0.249016 -0.090606 -1.532426 -0.085537 -0.882744 0.990198 1.086278 0.891831 0.500535 -0.606428 -0.663922 0.818597 0.282412 -0.402780 -0.979768 -1.729172 0.032553 -0.924537 -0.586310 -1.386064 0.443147 -0.562142 -0.520167 0.180857 -1.205591 -1.143638 0.051923 0.383321 -0.620533 -0.019215 0.216882 -1.524447 -0.139546 -0.530422 -0.830117 -0.307240 -0.379306 -0.926595 0.406161 -1.835760 1.427679 -1.061039 
-0.127754 -0.009047 -1.152476 -0.486252 0.105455 0.200599 -0.858441 1.565041 -1.057942 -0.209842 -0.283120 -1.169399 0.100597 1.424223 -0.207143 -1.380880 -2.006569 0.707205 -0.706308 -0.633408 -0.609987 -0.137893 0.284535 0.763475 -0.781288 -0.975698 -1.114985 -0.844599 0.899210 -1.041074 -0.247877 -0.047588 -0.816959 0.150213 -0.173678 -0.199033 0.904199 -1.580101 0.402321 0.309828 0.144828 -0.761781 -0.512735 0.206836 -0.156610 -0.088531 -1.130368 -0.452756 0.904464 1.067667 0.336629 -0.017756 -0.363861 -1.430546 0.256657 -0.466965 -1.054222 -0.230309 0.128006 -0.917651 0.159489 -0.832720 0.911217 -0.180049 
-0.207325 0.241625 0.008927 0.073941 0.764519 0.349937 -0.366856 1.358695 0.100132 -0.215154 -0.441541 -0.394073 0.779082 0.029469 -0.262906 -0.353827 -0.340174 1.196486 0.104196 -0.459221 -0.298226 0.175243 -0.937241 0.323407 0.295731 -0.376546 -2.177062 -0.064996 1.283174 -3.373291 0.233279 0.530313 -0.174963 0.341702 -0.400895 0.870596 0.901170 -0.582217 -0.963314 -0.956518 0.470193 -0.840126 -1.919921 0.003473 0.527623 0.254456 -1.262191 -0.317531 1.181704 0.307763 0.282932 0.389420 -0.193102 -1.017696 0.108031 -1.038284 -1.414367 -0.520509 -0.460440 -0.835546 0.815392 0.154701 0.237333 -1.055602 
0.455521 -0.684016 -0.118065 -1.054423 1.516454 -0.545322 -0.015998 1.441676 -0.362961 0.452983 -0.588383 0.659819 0.296353 -0.370662 -0.562316 -0.442290 -0.057348 1.740655 0.373214 0.048400 -2.016999 -0.951387 -0.592857 -0.084831 -0.585186 0.232083 -1.785448 0.036299 0.994065 -2.378279 0.351834 -0.100672 0.646460 -0.153229 -0.385903 0.803572 -0.413664 -0.361954 -0.465835 -0.693866 -0.408649 0.089163 -1.657109 -0.669839 0.694982 0.442938 -1.662956 0.205378 1.162382 0.489791 -0.699949 0.023142 0.127369 -0.445548 -0.243247 -1.102773 -0.330210 -0.283461 -0.163786 0.295055 1.244232 -0.400782 1.253897 0.096497 
0.580672 0.014087 -0.249052 -1.106644 0.263145 0.042085 -0.169162 0.385150 0.058533 0.537233 -0.578002 -0.165143 -0.484050 -0.741901 -0.711686 -0.924863 -0.031647 0.808616 -0.030436 0.299508 -1.869694 -0.681376 -0.710894 -0.882847 -0.689023 0.279082 -0.414985 -0.000061 0.117031 -1.544876 0.093863 0.458811 -0.222807 -0.863314 0.079015 -0.407186 -0.267423 0.553815 -0.728865 -0.278993 -1.270997 0.237753 -1.064373 -1.388413 -0.216702 -0.417690 0.080225 0.685843 -0.202949 0.503626 -0.555451 -0.496570 0.165406 -1.351614 0.620141 -0.468084 -0.482007 -0.700022 0.553972 -0.173615 -0.014746 0.289444 0.692380 0.247224 
-0.090992 0.424631 0.112246 -2.083601 0.084436 0.235660 0.056987 0.806848 -0.148486 -0.348391 -0.316520 -0.143520 -0.700864 -0.200758 -0.320682 -0.814127 0.611075 0.753976 0.153990 0.222293 -0.502217 -0.322504 0.133605 -1.197550 0.123769 0.377139 -0.636592 -0.541004 -0.050464 -1.039171 -0.409248 0.224154 -0.583348 -1.504793 -0.526155 -0.230801 -0.178068 -1.006252 -0.629193 -0.458557 -1.961403 -0.559268 0.519113 -1.258591 0.411306 -0.515780 0.034908 0.478072 0.526683 1.137228 -0.686280 -0.395885 -0.309183 -0.803317 -0.387878 -0.046417 -0.946857 0.195680 0.097485 0.426983 0.516430 -0.021610 0.446576 -0.482079 
-0.051054 0.935369 -0.599487 -0.744322 0.968077 0.178398 -0.002638 0.185428 0.286174 -0.075568 -0.466039 0.270699 0.380515 0.085759 -1.019291 0.427200 -0.316973 1.354642 0.216531 0.192919 -1.428565 -0.583451 0.586928 -0.081125 -0.600153 -0.024643 -0.508752 -0.592202 -0.236438 -0.716542 0.158648 -0.111803 0.013483 -1.026960 -1.035027 0.213458 -0.909818 0.520249 -0.638149 -0.667408 -1.575656 -0.210721 0.701492 -0.061400 -0.398184 -0.327801 0.044948 0.508471 0.719024 0.668673 -0.711416 0.555670 -0.408021 -0.805577 0.412631 -0.336652 0.300467 0.321514 -0.430226 0.593114 0.771221 0.304638 0.768066 -0.264604 
0.191745 0.347207 -0.485692 -0.306977 0.912068 -0.367194 0.071901 0.251873 0.319674 0.019848 -0.402836 -0.090498 0.809940 0.125663 -0.204809 0.121848 -0.842271 0.825488 0.053843 0.215392 -0.222368 -0.536424 -0.038269 0.573052 0.295939 0.227287 -0.044897 -0.654080 -0.057102 -0.747976 0.161606 -0.288373 0.050712 -0.951696 -0.972151 0.188699 -0.604120 0.867605 -0.329031 -0.547768 -0.948609 -0.158914 -0.160808 0.011214 -0.359427 -0.192878 -0.212625 0.240938 -0.241254 0.419382 -0.693954 0.391232 -0.116494 -0.877815 0.440703 0.303962 0.152386 0.218189 -0.253800 0.530734 0.988855 0.056434 0.242337 -0.172079 
0.167745 -0.273049 -0.610931 -0.674163 0.424095 -0.348396 0.295562 0.166641 0.409096 -0.475773 -0.590904 -0.439878 0.069854 -0.116991 0.728596 0.335272 -0.690394 0.433885 -0.254907 0.214725 0.247907 -0.226350 -0.267707 0.255275 0.095991 0.693271 -0.041847 -0.767876 0.286295 -0.219018 0.074054 0.166324 0.114835 -0.444904 -0.369732 -0.287589 -0.559317 0.347147 -0.252096 -0.166523 -0.542191 -0.318813 0.040267 -0.598553 0.095563 -0.241125 -0.430772 0.384976 0.024666 0.166128 -0.648304 -0.029410 0.666239 -0.675647 0.345080 0.494940 0.129286 0.355181 -0.052390 0.044237 -0.366441 0.915137 0.846417 0.072463 
-0.556797 -0.262833 0.219325 -0.218392 -0.071023 0.196772 0.288558 0.278065 0.057932 -0.154547 -0.231445 -0.026026 -0.249680 -0.268279 -0.073448 0.461066 -0.561362 0.311357 0.037369 0.147100 0.038939 -0.115226 -0.098899 -0.096609 -0.051815 0.486767 0.027610 -0.626369 -0.306384 0.217596 0.323577 0.269656 -0.258828 -0.250077 -0.011919 -0.486626 -0.186753 0.247299 -0.175184 0.008443 -0.111432 -0.150837 0.542430 -0.197845 -0.166986 0.037918 -0.031262 0.574483 0.477898 -0.340486 -0.364785 0.035767 0.513418 -0.164357 -0.049831 0.852484 -0.134687 0.131330 -0.179523 -0.217762 -0.598016 0.186185 0.716292 0.096463 
-0.435573 -0.109395 0.529648 -0.029908 0.115323 -0.204188 -0.037728 -0.284589 -0.127882 -0.103577 -0.403179 0.152677 -0.010790 0.294098 -0.287759 0.451273 -0.200031 0.127322 -0.061361 -0.109347 -0.004213 0.058008 0.379192 0.037996 -0.202032 0.048219 0.473205 -0.441630 -0.505764 0.232260 0.369350 0.289283 -0.115087 -0.061107 0.152539 -0.071277 -0.220729 -0.088787 -0.118338 -0.094797 -0.149172 0.088758 0.727521 -0.154043 -0.074036 0.007228 -0.064573 0.123756 1.238676 -0.222380 -0.044239 -0.071370 0.445418 0.157710 -0.042009 0.532228 -0.231307 0.402844 0.133371 0.472897 0.301955 -0.278247 0.549982 0.172749 
-0.080661 -0.042660 0.147856 0.005178 0.071451 0.039878 -0.054413 -0.126462 0.038568 0.047500 -0.041649 0.023706 -0.026468 0.207761 -0.096149 0.068803 -0.008599 0.054569 -0.109684 0.004875 -0.064957 0.105099 0.061611 -0.058379 0.022048 0.082853 0.029203 0.016701 -0.088755 -0.028225 0.065394 -0.007286 -0.154442 0.000908 -0.000728 -0.038421 -0.077367 -0.101889 -0.010051 -0.157208 -0.063106 0.079466 0.057626 0.034939 0.036195 -0.060500 -0.067048 0.048239 0.116208 0.041446 -0.064374 0.004230 0.039007 -0.032638 0.099665 0.115666 -0.160782 -0.057456 0.060531 0.077202 -0.034077 0.066095 0.146827 0.199892 
-0.004650 -0.023176 0.078851 -0.017178 -0.052620 -0.000580 -0.043557 -0.000327 -0.010566 -0.024224 -0.047314 0.059775 -0.008929 0.114745 0.006869 0.086122 0.054360 -0.035648 -0.008676 -0.073234 0.080143 -0.036724 -0.053691 0.046844 -0.052257 0.110670 -0.034440 -0.077086 -0.091555 0.051925 0.017955 0.000398 -0.044304 -0.018302 -0.061958 -0.021822 0.019931 0.044017 -0.037614 -0.053923 -0.005050 -0.039873 0.026904 -0.038610 -0.098136 -0.019155 0.016000 0.051016 0.050127 -0.072939 -0.076192 0.019682 -0.043569 -0.035386 0.016556 -0.011424 -0.043104 0.047795 -0.034602 -0.062784 0.024285 0.050859 -0.141459 -0.023986 
-0.083660 0.044697 0.082528 0.021226 0.056275 -0.020303 -0.049013 0.026941 0.052522 0.078130 0.051096 -0.045316 -0.033298 0.036204 0.036121 -0.066382 -0.044895 -0.062515 -0.047924 0.034029 -0.037079 -0.082616 -0.051154 0.035568 0.069109 0.068637 -0.045968 -0.004542 -0.044343 -0.029972 0.053125 0.077126 -0.004900 0.069549 0.037815 -0.020318 -0.069240 0.009875 0.049664 -0.031413 -0.004255 -0.026774 -0.062710 0.054972 0.040391 0.074601 -0.065912 -0.083133 -0.019090 -0.017366 -0.063016 0.009648 0.016875 -0.080406 -0.035910 0.055700 -0.080067 0.067238 -0.007225 -0.071759 0.001031 -0.011586 -0.029196 -0.050283 
0.028302 -0.079281 -0.068600 0.028451 0.001951 -0.062307 0.044789 -0.064312 0.014193 -0.052086 -0.059604 -0.069568 0.076949 -0.013413 0.056311 0.014428 0.024043 -0.057818 -0.048384 0.051230 0.016516 -0.006384 0.045631 0.037655 0.083248 0.078108 0.036541 0.075181 0.063663 -0.003546 -0.042926 -0.002721 0.068746 -0.013260 -0.017152 0.053954 -0.031011 0.013342 0.068092 -0.083313 0.038254 -0.044637 0.070242 -0.071674 -0.077965 -0.051203 -0.075761 0.012967 0.075958 0.044177 0.018581 -0.002987 -0.015383 -0.059302 -0.008359 -0.042433 -0.008078 -0.017326 -0.027491 -0.024699 0.052906 -0.027607 -0.042897 -0.077464 
0.063999 -0.005580 0.023573 -0.006120 0.010292 0.009001 -0.048701 0.066269 0.092772 -0.013948 -0.079325 -0.029021 0.086612 0.147223 0.060899 -0.029125 0.028052 0.122124 -0.053339 -0.079236 -0.004381 0.034974 -0.116652 -0.051254 -0.099596 0.027542 -0.079123 0.114068 0.006315 0.001166 -0.087159 0.092235 0.010563 -0.090745 -0.023606 -0.015536 -0.096231 -0.009122 0.058412 -0.054548 -0.166626 0.070351 0.001861 -0.038824 -0.015728 -0.092297 0.046083 0.050456 0.027535 0.009726 -0.049085 0.010731 0.055325 0.030548 0.047018 -0.041523 0.054895 -0.026434 0.037688 0.058398 -0.068599 0.026148 -0.086839 -0.023738 
0.040288 -0.033770 0.716659 -0.076593 -0.042108 0.609913 0.253330 -0.299182 0.188453 -0.121083 -0.323896 0.113040 0.258466 0.508219 -0.216185 -0.493525 0.388018 0.016907 -0.193629 -0.005632 -0.315822 -0.030332 -0.136913 -0.040830 -0.223676 -0.560815 0.209005 -0.311921 -0.125930 -0.085622 -0.101098 0.297072 -0.022929 -0.114353 -0.192087 0.086321 -0.311461 0.126686 -0.173475 -0.081364 -0.667780 0.089152 -0.257189 -0.505645 -0.290911 -0.103311 -0.018956 0.375207 -0.092849 -0.073357 -0.238487 -0.047300 0.324792 -0.080534 -0.048679 0.129445 -0.001546 -0.015556 0.029008 0.073173 0.083225 0.692632 0.204638 -0.304713 
0.332809 -0.251491 0.497803 -0.346491 -0.528060 0.772100 0.211678 -0.673592 0.110541 -0.061549 -0.600053 -0.096866 -0.368456 0.764110 -0.405307 0.030841 0.825556 0.631373 -0.035073 -0.021952 0.266796 0.002979 0.036185 -0.118982 -0.113881 -0.266624 0.768063 -0.790840 -0.259885 -0.026404 -0.464987 0.649530 -0.602304 -0.063950 -0.087210 0.219442 -0.552580 0.130910 0.081627 -0.424376 -0.580147 -0.556418 -0.553941 -1.380397 -0.186834 0.143115 -0.150244 -0.157148 -0.445415 -0.070805 -0.300121 -0.328991 0.598639 -0.043396 0.147034 0.222719 -0.021343 -0.239274 -0.124950 0.088593 0.320203 0.452278 0.902519 -0.406070 
0.055359 -0.039801 0.516155 -1.121338 -1.094307 0.277475 -0.401048 -1.012109 0.051967 -0.545864 -0.116854 -0.777489 -0.841355 0.310096 -0.268862 0.464025 0.973806 0.416246 -0.762385 -0.609143 0.138119 -0.039275 0.102013 -0.199807 -0.232809 0.324965 0.628714 -1.923530 -1.133450 -0.238810 -0.287243 0.405913 -2.169071 -0.883511 -0.393618 0.353551 0.133340 -0.153815 -0.143297 -0.235479 -0.079081 -0.056414 -0.842729 -0.583080 0.250459 0.268571 0.076091 -0.111759 0.186116 -0.198599 0.237918 -0.457316 0.556723 -0.427900 -0.640276 0.042925 -0.695797 0.030276 0.181666 -0.441482 -0.621051 1.181866 0.775554 -0.495119 
0.340977 -0.084335 0.139365 -0.306549 -0.920386 -0.037813 -0.389407 -1.092038 0.067620 -0.802364 0.569860 -0.375949 -1.030866 0.798565 -0.792226 0.551935 0.528600 0.244544 -0.272579 -0.791915 -0.167586 0.621941 0.167643 -1.152507 0.054915 1.072610 -0.180743 -1.890195 -0.629788 -0.764408 -0.178880 0.092533 -2.012169 -2.188575 -0.212142 -0.045977 -0.016780 -0.300043 -0.327944 -0.229689 -0.140302 0.112119 -0.242211 0.110198 0.698007 0.818235 -0.042302 -0.450470 0.056017 -0.125837 0.206268 -0.870486 0.703497 -0.904455 -0.280388 0.098762 -0.529456 -0.336156 -0.008304 -0.755703 -0.684554 1.752714 1.270164 -0.852727 
0.064044 -1.047106 0.117445 -0.875050 -0.970590 0.200238 -0.253671 -0.197499 -0.347229 -0.223072 0.796213 0.006877 -0.062363 0.753421 -0.281067 1.370937 0.573111 0.063812 0.329813 -0.806832 -0.527022 -0.882890 0.326242 -1.487938 0.236656 0.594799 0.551857 -1.906651 0.332260 -0.870730 0.699637 -0.367108 -2.415582 -1.783861 -0.437742 0.093107 -0.320766 -0.244162 0.280856 -1.069908 -0.214450 0.310397 0.250397 -0.044117 -0.785158 0.690714 -0.301679 0.045776 0.853612 -0.675040 0.449718 -1.042751 -0.035601 -0.664244 -0.715004 -0.582034 0.207428 0.033463 0.126078 -0.964783 1.052522 0.649936 1.141349 -0.615392 
0.114409 -0.283999 0.678153 -0.232046 -0.662847 0.397399 -1.083563 0.401431 -1.188765 0.084923 0.511576 -1.229368 0.453442 0.486001 0.763344 0.945167 -0.197739 -0.401887 0.015250 -0.189258 0.411337 -1.090645 -0.341329 -1.267348 -0.399745 0.052394 0.219385 -2.228006 0.620893 -0.605414 0.579717 -0.610800 -3.855438 -0.756170 -1.280476 0.195984 0.294599 -0.470585 0.101189 0.043352 0.610428 0.517103 0.807845 -0.714740 -1.136151 -0.597001 -0.004871 0.065103 0.914506 -0.126844 0.637070 -0.701355 -0.615356 0.221022 -0.168470 0.129211 0.785030 0.177416 -0.063856 -0.586725 1.754321 1.161507 0.563844 -0.606369 
0.816045 -0.458793 -0.049894 -0.591251 -0.209485 -1.394076 -1.823855 -0.661639 -1.028013 0.112922 0.140703 -0.895930 0.187489 1.032983 0.744209 1.229426 -0.058215 -0.749495 -0.088148 0.205821 0.022621 -1.487425 -0.766993 -1.262668 0.403103 -0.310937 1.186457 -1.902251 0.212893 0.542652 0.224726 0.519275 -4.424132 -0.048361 -0.600192 -0.725477 0.003679 -0.249299 0.416750 0.027890 -0.343846 -0.328172 0.833353 -0.028256 -0.365089 -1.137251 0.259010 0.331598 -0.384526 0.065279 0.946994 -0.091720 -0.580603 0.261147 -0.699219 0.229336 0.226156 0.179308 1.152293 0.676071 1.144707 1.046609 0.569834 -0.669385 
0.593540 -0.979735 -0.940554 0.389302 -0.044146 -2.343001 -2.571086 -1.261063 -0.627576 0.848449 -0.149826 -0.000492 0.030357 0.686825 0.218115 1.001595 0.096397 -1.369038 0.685571 0.694627 0.257215 -0.940719 -0.238836 -1.051325 0.833100 -0.791991 0.578710 -0.034361 0.047528 -0.523644 0.246082 0.359144 -4.360695 0.772692 -0.523497 -0.991775 -0.211885 -0.742990 0.639197 0.701826 -0.947208 0.558990 0.619772 0.576252 -0.754844 -1.225118 1.050850 0.086728 0.309290 0.198898 0.402530 -0.072876 -0.581229 0.323930 -1.112389 -0.256471 -0.601809 -0.851159 0.371531 0.334027 0.670591 1.316122 -1.215331 0.174925 
1.163213 -0.810383 -0.372618 0.633871 -0.377892 -2.333025 -3.090207 -2.361188 0.121492 0.895086 0.411116 -0.843418 -0.599048 0.726249 -0.142370 0.135296 0.217617 -0.350181 -0.643363 0.511519 -0.093147 -0.904187 0.153903 -1.069470 0.705376 -0.648997 1.192638 -0.564441 0.352604 -0.314765 -0.019178 -0.494776 -4.507948 0.754969 0.007955 -1.214350 0.613484 -1.232673 1.174051 0.680029 -0.165348 1.882230 -0.385744 0.481240 -0.841197 -0.454079 1.771956 -0.778755 0.284248 0.003580 -0.002164 -0.304295 -0.730770 0.503622 -0.149792 -0.510840 0.564201 -0.417464 -1.294228 -0.703309 0.508315 0.772837 -1.270602 0.809927 
-0.133606 -0.308558 -0.620044 0.918834 -0.447861 -2.395905 -3.472419 -0.947341 -1.005935 -0.026003 -0.239927 -2.680901 -0.664365 0.205065 -1.171556 -2.654486 -0.213760 0.478137 -0.399498 0.293758 0.041376 -1.913658 0.773146 -1.540368 -0.695765 -0.533633 1.777115 -1.312245 0.824907 0.000130 0.031052 -0.308788 -4.362732 -0.958081 -0.031041 -1.690463 -0.340875 -0.525983 -0.207257 0.735667 -0.971808 3.222201 0.675080 0.564065 -0.394987 -0.420499 1.510494 -1.519905 -0.184415 1.083641 -0.107801 -0.112314 -0.133777 1.430027 -0.948015 -0.771966 1.113411 1.264694 -1.690749 0.132117 0.396041 -0.471841 0.175456 0.375964 
0.097612 0.666787 -0.312805 0.511079 -1.326311 -1.956846 -2.336603 1.109960 -0.336740 1.033796 -0.668374 -3.400131 -0.642413 0.095115 -0.770229 -2.958829 -0.432607 0.200945 -0.156861 0.075366 -1.174217 -0.799387 0.936769 -1.348445 -0.852464 0.132360 0.507191 -1.192472 0.311839 0.249380 -0.113646 -0.113164 -2.950771 -0.482544 -0.327396 -0.550440 -1.492418 -1.170944 -0.002330 0.838854 -0.561841 0.211351 0.794180 1.186474 0.004832 -0.282681 0.386798 -0.353356 -0.873698 0.273012 -0.427351 0.109426 0.862418 -0.106939 0.054800 -0.424861 0.563101 0.635876 -1.168173 0.987213 0.034271 -0.242828 1.326475 0.685894 
-0.506661 0.844561 0.069930 0.034207 -0.930001 -0.408075 -0.941592 1.713054 -0.206654 0.477335 -0.146056 -1.382054 -1.494775 1.016672 -0.556260 -0.830204 -0.514941 -0.003743 -0.084030 -0.165590 -0.933234 -0.097830 0.937925 -0.648204 -1.743962 -0.055232 -0.661583 -0.387160 0.615022 1.148463 0.606150 0.152410 -1.468516 0.294069 1.193818 0.553268 -1.140716 -1.673724 0.339328 0.548152 -0.405412 -2.325544 0.408845 -0.758083 -0.117342 -0.495769 -0.770684 -0.592693 0.227461 -0.044679 -0.076873 0.106302 0.835263 -1.342636 -0.150285 -0.278981 0.130233 -0.170815 -0.622479 -0.516937 -0.961323 -0.028606 2.013548 -1.360523 
-0.201978 0.403258 0.011609 -0.302486 -0.257372 -0.900883 -0.678997 0.504444 -0.947244 0.466089 -0.353839 0.006855 -0.440953 0.352621 0.118894 -0.472445 -0.310320 0.480193 -0.279944 -0.162888 -0.125314 -0.838900 0.610775 -0.542041 -0.871292 -0.840236 -1.263466 -0.275013 0.352471 -0.982228 0.741362 1.044481 -0.912707 0.509713 0.463304 -0.081753 0.434703 -2.754838 -0.116885 -0.295433 -0.350032 -0.145384 -0.951736 -1.241607 -0.751937 -0.171786 -0.402979 -0.375848 0.308670 -0.283474 0.252615 0.093157 -0.152316 -0.857375 -0.436909 -0.357594 -0.918382 -0.851475 -0.065883 -0.765353 -0.038316 -0.688033 0.961822 -1.259599 
0.230746 -0.060065 0.344725 -1.475027 0.313035 0.298009 -0.746215 0.600674 0.347646 1.161605 -0.815838 0.073016 -0.607587 0.543971 -0.533474 -1.002945 -0.375585 1.021294 0.146233 -1.215081 -1.122624 0.085342 0.425984 0.345036 0.123489 -1.120384 -0.981314 -0.590976 0.502293 -3.198896 0.765878 0.841925 0.897594 -0.325334 0.032725 0.412422 0.890993 -1.904076 -0.927978 -0.475455 0.557783 -0.778981 -1.146407 -1.254869 -0.196826 -0.028876 -1.260701 -0.069820 0.202678 0.176360 0.108450 -0.202977 -0.542661 -0.608313 -0.345627 0.296695 -0.847089 0.782977 -0.012469 -0.649649 1.365016 -0.875827 0.305028 0.112085 
-0.186698 -0.078386 0.522409 -0.859783 0.751571 -0.139441 -0.908234 2.252071 0.775852 1.097464 -0.147690 0.229414 0.404315 -0.353269 -0.285058 -1.094122 -0.356960 0.335897 -0.660132 -0.174681 -0.267691 -0.048520 -0.900880 -0.344542 0.796163 0.035555 -0.963203 -0.442568 0.401259 -2.382081 0.198253 0.228328 0.371995 -0.125167 -0.355273 1.286005 -0.076231 -1.084001 -0.770090 -1.730320 0.730957 -1.103872 -1.025270 -0.391928 -0.322509 0.571126 -0.684002 -0.512121 0.922043 -0.696211 0.277432 0.479700 -0.115566 -0.931320 0.332675 0.268449 -0.740457 -0.002763 0.017668 1.051988 1.226155 0.122714 -0.105904 -0.871404 
-0.250095 -0.509271 -0.457426 -1.140788 0.052047 -0.201901 -0.314386 1.568812 -0.443731 0.307457 -0.423499 0.880574 0.240564 -0.549156 -0.799290 -0.619125 0.091947 0.355912 -0.189092 0.024109 -1.270489 -0.896268 -1.036397 -0.184002 0.559578 0.201144 -0.841660 -0.913906 -0.100929 -1.276672 -0.436272 -0.016449 0.385201 -0.786031 -0.509536 0.439688 -0.298438 -0.157507 -0.797117 -0.791753 0.063788 -0.075813 0.205911 -1.176644 0.056786 -0.117908 0.530130 0.083742 1.337515 -0.048459 -0.820766 0.622627 -0.179882 -0.529787 -0.118859 0.004481 0.881744 0.298176 -0.242766 1.756122 1.235501 -0.907647 1.465357 -0.156401 
0.800133 -0.194975 -0.046641 -0.578602 -0.895153 0.381015 0.287941 1.208332 0.134686 0.301618 -0.316507 0.081992 -0.975893 -0.461746 -0.795558 -1.300774 0.816922 -0.015043 0.473484 0.043906 -1.239223 -0.454349 -0.416555 -0.618558 1.095774 0.022112 0.562496 -0.839282 0.283596 -0.696345 0.666617 0.492266 -0.127458 -1.066863 -0.461653 -0.297521 -0.761491 0.101636 -0.855349 -0.727654 -1.149221 0.004592 0.589944 -1.299007 -0.426396 -0.426353 1.176433 0.049700 0.182546 -0.172021 -0.518210 -0.026055 -0.473310 -0.691829 0.748144 0.138707 0.087695 -0.898546 0.407340 0.347196 0.186204 -0.352031 1.913926 -0.032359 
0.566891 0.317168 0.190791 -1.071604 0.272362 -0.069647 0.660387 0.869094 -0.163448 -0.054874 0.151174 -0.161460 -1.104643 -0.087411 -0.303326 -0.424929 0.612928 0.030666 0.475607 0.022343 -0.045500 -0.732043 -0.251268 0.212837 1.457795 -0.118145 0.247327 0.268441 -0.511599 -0.228517 0.267027 -0.735806 0.488622 -1.570177 -0.696318 0.284583 -0.363962 0.551205 -0.649842 -0.560952 -1.460758 -0.250640 1.664594 -0.112732 -0.428641 0.068430 1.286076 -0.045794 -0.189655 0.055230 -0.309558 0.005623 -0.418384 -0.039072 0.519144 0.352500 -0.230362 -0.496463 0.304814 0.170160 -0.005452 0.107071 1.507286 -0.586128 
0.137365 0.111918 -0.665255 -0.481028 0.303982 0.511860 0.618218 -0.012681 -0.109563 0.030774 -0.820939 0.032319 0.193271 -0.066549 -0.339964 0.206308 0.034825 0.313688 0.120883 -0.289934 -0.541461 -1.009701 -0.286354 0.897886 0.343021 -0.035987 -0.115760 -0.258778 -0.481773 0.178067 -0.013033 0.437853 0.302173 -1.204673 -0.904494 1.394032 -0.577755 0.718156 -0.638472 -0.374492 -1.032183 -0.487035 1.332552 0.242699 -0.365814 -0.305938 0.500097 -0.066419 0.264652 0.015793 -0.524420 1.016904 -0.085175 -0.425894 -0.120676 -0.397477 0.791861 -0.014339 -0.521377 0.313983 0.627478 0.623565 0.622829 -0.571981 
0.133659 -0.086638 -0.439995 -0.268998 0.227985 -0.126364 0.304524 -0.414129 -0.392951 -0.341378 -0.649675 -0.252341 0.703077 0.162959 -0.069837 -0.355304 0.352794 -0.385134 -0.385087 -0.458778 0.469732 -0.710852 -0.172973 0.583500 0.335244 0.238405 -0.142646 -0.423453 -0.647706 0.309014 -0.017106 0.541278 -0.076205 -1.240972 -1.001628 0.610008 -0.068703 0.730026 -0.464429 -0.602453 -0.618411 -0.638560 0.436365 -0.545246 -0.641363 -0.054183 0.778349 0.093641 -0.160602 -0.385546 -0.491718 0.550549 0.509709 -0.640695 -0.020212 0.283127 0.122283 -0.379766 0.378463 -0.148207 0.567817 -0.054598 0.128526 -0.487919 
0.388413 -0.157937 -0.300116 -0.778330 -0.208277 -0.671782 -0.029020 -0.094438 -0.341059 -1.187461 -0.134542 -0.122393 -0.000334 0.568453 -0.035592 0.223422 0.429645 -0.158031 -0.160064 -0.247696 0.443170 -0.611922 -0.032379 0.122742 -0.638208 0.323933 0.038877 -0.853124 -0.325097 0.319090 -0.143450 0.702801 0.033040 -0.727570 -0.601354 -0.021211 -0.270837 0.573492 -0.261152 -0.130797 -0.282296 -0.862471 0.429219 -0.669129 -0.588904 -0.178456 0.714866 -0.121125 0.665233 -0.746618 -0.481625 0.010802 1.580916 -0.340958 0.503533 0.739200 0.557359 0.062327 -0.090809 -0.072959 -0.557368 0.303484 0.989916 -0.323355 
-0.614018 -0.020783 0.407156 -0.320840 -0.083529 0.020736 0.044201 0.164307 -0.532875 -0.510765 -0.310130 0.328920 -0.236765 0.596249 -0.034633 0.179295 -0.238794 0.022926 -0.076118 0.005756 0.253572 -0.397985 -0.192270 -0.172503 0.163500 0.071158 0.231572 -0.697374 -0.452089 0.405078 -0.079389 0.638363 -0.121636 -0.303082 0.082390 -0.110660 -0.142467 0.158086 -0.140434 0.383276 -0.199698 -0.493484 0.721913 -0.394070 0.140628 -0.110759 0.511025 0.074144 0.997061 -0.752811 -0.350976 -0.177602 0.681269 0.043212 0.029714 0.658985 0.226813 -0.302149 -0.077159 -0.119056 -0.501986 -0.083089 0.715390 -0.475914 
-0.042577 0.029015 0.467937 -0.129452 0.048801 0.047466 -0.045367 -0.025263 0.046432 -0.218840 -0.205259 0.048637 -0.111949 0.288200 -0.010012 0.235570 -0.203503 0.104108 0.049068 0.052492 -0.070140 -0.150544 0.265784 -0.039110 -0.012451 -0.180358 0.412519 -0.279287 -0.236220 0.186561 0.057542 0.129068 -0.083725 -0.002962 0.334047 0.075424 -0.051921 0.050023 -0.029824 -0.005871 0.027907 -0.081510 0.467428 -0.324539 -0.022777 0.050991 -0.031865 -0.101278 0.731959 -0.316880 -0.152178 -0.119628 0.320828 0.133626 0.066851 0.291192 0.094152 0.221887 -0.004159 0.306654 0.101058 -0.211583 0.174503 -0.056855 
-0.026786 -0.144450 0.184582 0.088504 0.041769 0.029025 -0.074289 -0.086965 -0.003115 -0.046290 -0.031656 0.066757 -0.047210 0.070242 -0.001308 0.067582 0.046314 0.055810 -0.035369 -0.016397 -0.011448 0.052693 0.047475 -0.033728 -0.078670 0.063764 -0.044497 -0.062932 -0.053585 -0.026860 0.112773 -0.041076 0.038481 0.070747 0.090528 0.079245 -0.008195 0.017801 0.062224 0.027053 -0.006420 -0.011697 0.034872 -0.062654 0.037665 0.059095 0.022226 -0.018406 0.041898 0.016743 -0.081404 0.085618 -0.008574 0.005153 0.060277 0.015114 -0.027016 -0.097905 0.025061 -0.041087 0.050025 0.077488 0.116774 0.149064 
-0.051498 -0.104658 0.067092 -0.007220 0.044501 0.021196 0.048423 -0.036333 0.075210 -0.084502 -0.047982 -0.048737 0.038783 -0.040036 -0.086238 -0.004022 -0.053962 -0.073276 -0.070923 -0.057764 -0.078027 0.014936 0.000335 -0.051880 0.021208 0.003890 -0.059880 0.084273 -0.006362 0.021553 0.058637 -0.000572 -0.011232 -0.035374 -0.027649 0.066941 0.080319 -0.018951 0.021940 -0.080364 -0.013803 -0.094032 -0.064825 0.014106 0.082054 -0.014804 -0.042514 -0.043400 0.093564 0.018036 -0.040738 0.027997 0.015237 0.048663 0.027031 0.008057 -0.041841 0.011230 -0.009270 0.056264 0.011333 0.014976 -0.043083 -0.003027 
0.031056 -0.072745 -0.012271 -0.058437 -0.073710 -0.072590 -0.017444 -0.045544 -0.048558 0.003060 -0.041651 -0.027479 0.078086 0.036743 -0.050630 -0.073934 -0.002680 0.072460 0.036031 0.028693 -0.023751 0.033138 0.038568 -0.049955 -0.005097 0.066515 0.012684 -0.040280 0.040348 -0.070547 -0.066812 -0.039652 -0.004968 -0.064417 0.064454 -0.001334 -0.018100 0.028635 0.065289 0.022294 -0.070200 0.007411 0.012635 -0.053251 0.072608 -0.010582 0.044984 -0.010059 -0.036930 -0.063799 -0.045103 -0.021229 0.072312 0.013906 -0.022239 -0.055263 0.020215 -0.056158 0.071879 0.039047 0.032923 -0.045018 -0.058933 0.063861 
-0.000299 0.005816 -0.047111 0.017453 -0.048109 0.017372 -0.002168 -0.065516 0.063107 0.003572 -0.036637 0.019910 0.083674 0.030942 0.075668 0.081667 0.037818 -0.013843 -0.067644 -0.069648 -0.023104 -0.029185 -0.084129 -0.054524 -0.083708 -0.005171 0.063273 0.047035 0.063240 0.080085 0.026225 -0.013694 -0.090585 0.067812 -0.000768 0.008099 -0.017838 0.010605 0.041026 -0.072006 -0.060350 0.047725 -0.053188 -0.016351 0.046790 -0.036210 -0.036522 -0.046913 -0.041763 0.074880 -0.047916 0.013281 -0.014402 0.017769 -0.049414 0.016649 -0.108074 -0.016347 0.001248 -0.019402 -0.004007 0.078161 0.079724 0.068480 
-0.062204 0.066673 -0.090182 0.091638 0.084087 0.175902 0.032518 -0.006051 -0.015496 -0.031085 0.012371 0.107008 -0.097918 0.004379 -0.046013 -0.040640 -0.044446 -0.080507 0.250018 -0.067258 -0.080442 0.026718 -0.008341 -0.045593 0.171351 0.004935 -0.065749 0.117882 -0.007047 0.082516 0.034759 -0.057981 0.199627 0.035517 -0.051485 -0.031560 -0.148218 0.154258 -0.035847 -0.028026 0.054128 -0.014034 0.046595 0.060125 -0.077696 0.041816 -0.058631 -0.133461 -0.002159 -0.144538 0.018665 -0.011085 -0.018553 -0.110692 -0.162498 -0.484096 -0.087552 -0.013768 0.055621 -0.016091 -0.019924 0.109018 -0.086256 0.074271 
0.031097 0.088172 0.019780 -0.250615 0.031652 0.495570 0.192148 -0.313350 0.241525 -0.190134 -0.393432 0.201265 0.169285 0.433270 -0.393180 -0.473034 0.035716 0.100081 -0.066089 0.031564 -0.445760 0.098460 0.237414 -0.169579 0.091328 -0.498383 0.043344 -0.133029 -0.259032 0.102305 -0.181798 0.301668 0.183096 0.015105 -0.416574 -0.110624 -0.412934 0.220265 -0.157004 -0.006368 -0.382876 0.234335 -0.251883 -0.494401 -0.068232 -0.246021 -0.100916 0.426483 -0.275400 0.251934 -0.319138 0.197612 0.457200 -0.118375 -0.198573 -0.391931 0.099195 0.043628 -0.102214 -0.134506 0.093514 0.518749 0.332385 -0.117840 
0.325151 -0.041634 0.183189 -0.236574 -0.223287 1.018816 0.472120 -0.766357 0.734411 -0.125704 -0.757143 -0.181276 -0.458699 0.319449 0.410572 0.261534 0.590078 0.446481 0.184251 -0.236683 -0.037636 0.084190 0.227809 0.231707 -0.322978 0.126994 0.729177 -0.563402 -0.668042 -0.006310 0.072548 0.758044 -0.136788 -0.101220 -0.858772 0.004903 -0.715804 0.152147 -0.515833 -0.606944 -0.336087 -0.000424 -0.598089 -1.132402 -0.050810 0.250818 -0.233826 0.004207 -1.022686 0.248739 -0.089579 -0.017413 0.244562 -0.187096 0.045942 0.058375 0.005967 -0.325904 -0.261669 -0.151532 -0.089309 0.031437 0.658674 -0.535585 
0.324287 -0.251982 0.432806 -0.556507 -0.338820 1.054708 -0.183680 -1.361255 0.917094 -0.897508 -0.547439 -0.396312 -0.404216 0.366172 0.159741 0.139738 0.337090 0.324794 0.001955 -0.661723 -0.023522 0.284116 0.183364 -0.193547 -0.778992 0.276911 0.604512 -1.306130 -0.117459 -0.306133 0.044602 0.728973 -0.976088 -1.021221 -0.952929 -0.114849 -0.272785 -0.349209 -0.365893 -0.697249 -0.153736 -0.190743 -0.769107 -0.238648 -0.051088 0.629997 0.294835 0.716075 -0.767754 0.308711 0.000045 -0.451799 0.246025 -0.567872 -0.031899 0.085751 -0.198001 -0.407740 0.038498 -0.184660 -1.183500 1.095801 1.028838 -0.949227 
0.152193 -0.452306 0.185624 0.295904 -0.559157 1.646568 -0.326680 -0.871391 1.289188 -1.449721 -0.390199 0.170733 -0.748609 0.177829 -0.102398 -0.044375 -0.149898 -0.536214 -0.191826 -0.069600 -0.133935 0.616201 0.322220 -0.544062 -0.286799 0.514687 0.168909 -1.726762 0.073120 -0.829118 0.143668 0.186284 -0.926343 -2.051358 -0.243669 0.582422 0.573904 0.018915 0.316024 -0.263362 0.484321 -0.767675 0.324835 -0.044285 0.575873 0.667724 0.608171 -0.063863 -0.826160 0.173032 -0.211254 -0.415883 0.459553 -0.677122 -0.355668 -0.324128 -0.516071 -0.543049 0.366319 -0.688929 -0.241296 1.298072 0.545058 -0.812352 
0.053614 -0.317411 -0.347497 0.071658 -0.105657 1.444961 -0.183726 -1.004833 0.274338 -0.963965 -0.001800 0.285570 -0.814916 0.645200 -0.071646 0.696450 0.049007 -0.784355 0.105000 0.243730 0.434208 -0.054295 0.391449 -0.838104 0.476006 0.067653 0.192886 -1.769096 -0.059120 -0.596518 0.608710 0.231970 -1.132883 -1.850970 -0.888747 0.067686 0.236855 -0.075498 0.082118 -0.570635 0.429532 0.458994 0.782158 -1.389043 -0.521019 0.522431 0.533076 0.033229 0.661263 -0.114756 -0.426929 -0.993033 -0.350886 -0.667354 -0.429549 0.123359 -0.219181 0.102880 0.504058 -0.524645 1.259432 0.400619 0.475675 -0.436886 
-0.460453 0.699845 -0.025167 0.309340 0.263029 1.978913 -0.096444 -0.217667 -0.830340 -0.993813 0.356559 -1.050804 -0.936160 0.389394 0.048236 1.749671 0.059865 -0.806161 0.390262 0.048930 1.205714 -0.151247 -0.062779 -0.510876 0.635058 -0.176355 -0.121714 -2.944047 0.899801 -1.015886 1.212272 0.249821 -2.232375 -1.861719 -0.852137 0.525930 0.308347 -0.673262 0.247690 0.226753 0.158469 0.196209 0.633724 -1.575472 -0.791508 0.219515 0.581327 -1.106635 0.853086 0.205623 -0.151410 -0.986156 -1.515205 -0.048942 -1.069196 -0.084714 -0.109510 -0.172570 -0.250065 -1.107248 1.272127 0.111494 0.181025 -0.459750 
-0.376673 0.567253 -0.274155 0.208751 -0.037674 0.776156 -0.472590 -0.558721 -0.681307 -0.958786 -0.359036 -1.347174 -0.476596 0.964778 -0.063617 1.746883 -0.018007 -1.097969 0.001234 0.730237 -0.529887 -0.390989 0.742975 -0.503452 0.859020 -0.598360 0.595003 -3.125228 0.621698 0.023054 -0.011016 1.282376 -3.180195 -1.513419 -0.424378 -0.709769 0.285137 -0.258616 0.110400 -0.142650 -0.386039 0.732544 1.166088 -1.043626 0.029699 -0.309212 0.443485 -0.554439 -0.188822 -0.458009 -0.018369 -0.350426 -1.201729 -0.217973 -0.313710 0.774549 0.080019 0.537220 0.832868 -0.019999 1.546798 -0.838520 -0.528135 -0.511687 
0.435148 -1.064867 -0.692595 1.121254 -0.533951 0.552042 -0.330507 -1.114659 -0.203775 -0.560832 -0.685476 -1.092432 -0.179533 0.394656 -0.120538 1.368258 -0.487635 -1.461386 0.127078 0.871059 -0.250147 -0.225701 1.099333 -0.704667 0.748002 -1.090911 1.040955 -3.012068 0.541959 -0.751720 -0.642196 1.967880 -3.347075 -0.686558 -0.361759 -1.081445 0.264565 -0.958688 -0.780138 0.462279 -1.173268 1.117579 1.178492 -1.681970 0.567983 -0.875062 0.852304 -0.776067 0.640145 -0.299290 -0.280164 -0.870451 -0.630144 0.627275 -0.733434 0.290027 -0.235338 0.254168 -0.127544 -0.816045 1.598958 0.463680 -0.863511 -0.112377 
0.397678 -0.761674 -0.415373 0.347447 -0.471885 -0.135808 -0.569769 -1.080018 -1.436999 0.108783 -0.372415 -1.080900 -0.213875 -0.175425 -0.252723 -0.655564 -0.652555 -0.450404 0.468391 0.717227 -0.970806 -1.276955 0.697967 -0.326083 1.185968 -0.336299 2.005592 -2.583775 0.523823 0.568479 -0.221832 2.418175 -2.498145 -0.653358 0.283404 -1.150239 -0.256637 -0.279328 0.066308 0.450389 -0.661875 1.176360 1.441359 -1.604922 0.368638 -1.063768 1.226235 -0.904545 1.314310 0.272916 -0.889973 -0.930951 0.823812 1.177521 -0.669641 -0.769594 0.981705 0.871644 -0.767432 0.043831 1.192161 1.336252 -0.394030 0.273950 
-0.355851 -0.106376 -0.458442 -0.241218 -0.506478 -0.432352 -1.554023 -0.158758 -2.415902 -0.200650 -0.253922 -0.764684 0.879771 -1.109573 -0.116452 -2.748638 -0.343270 -0.724121 1.018852 -0.066988 0.195348 -2.016622 0.191204 -0.864584 0.560346 0.222993 1.163675 -2.790802 0.147627 0.510090 -0.004789 3.206476 -3.029165 -0.771090 0.205840 -1.808080 -0.372081 -0.410088 -0.381427 0.683524 -0.344790 0.667561 1.615454 -1.208719 -0.261721 -0.144248 1.062376 -2.045318 -0.649943 0.234223 -0.239809 -1.226557 -0.481997 0.808646 -0.434413 -0.428969 1.242939 0.905955 -0.178627 -0.122193 0.875682 0.731618 -0.975378 0.992645 
-0.167497 0.429096 0.830620 -0.328239 -0.675184 -0.549971 -1.437549 0.639817 0.015741 0.367179 -0.975286 -0.617454 0.678363 -0.997691 -0.778933 -1.977211 -1.432463 -0.318819 0.584582 0.032161 -0.981285 -0.714276 1.612371 -0.661974 -1.286171 0.179509 -0.385428 -2.251254 0.119452 0.978594 0.900533 2.148175 -1.975167 -0.609808 -0.560022 -0.510657 -0.632877 -1.810353 0.215547 0.793444 -0.698786 -1.567957 1.344095 -0.924520 -0.399208 0.565546 0.285618 -0.582088 -1.390641 -0.450040 -0.577307 0.641754 0.770836 -0.579822 -0.653230 -0.205457 0.483506 0.760188 0.376813 -0.115830 -0.039141 1.287975 0.056555 -0.107833 
-1.386423 0.640136 -0.232804 -0.331410 -0.698816 0.065845 -0.312418 2.173874 -0.661738 0.690189 -0.025133 0.462440 0.567625 -0.449638 -0.969765 -0.541929 -0.099572 0.260718 -0.047171 -0.908109 -1.998248 -0.695912 1.434806 -0.175890 -1.786476 -0.243923 -2.228306 -1.616128 -0.559749 0.218865 0.246937 1.901115 -0.820102 0.162358 0.823243 0.368687 -0.430952 -2.028445 0.086199 0.560717 -0.608976 -2.773978 -0.934140 -1.711624 -0.344311 -0.206400 -0.499945 0.123556 -0.055208 -0.847386 -0.304529 0.783197 0.440315 -2.243951 0.004784 -0.902079 1.258618 0.169800 -0.006190 0.732985 -0.208807 -0.027176 0.658552 -1.613743 
-0.984003 0.443661 0.101334 -0.170453 0.293521 -0.988602 0.197854 0.989047 -0.466516 0.197130 0.430970 0.676104 0.311252 0.170551 -1.262208 0.051332 0.340181 0.595478 0.225236 -1.135811 -2.020052 -0.628414 1.047571 0.221448 -1.111497 -0.372344 -1.237815 -0.869576 -0.241269 -1.370723 -0.748317 1.253674 -0.475552 -0.027125 0.379875 -0.030286 0.120270 -2.451678 -1.143660 -0.348369 -0.400484 -0.585423 -1.507237 -0.512126 -0.120107 -0.683136 -0.149944 1.008347 1.424546 0.160199 0.430570 0.043749 0.513405 -1.584706 -0.659903 -0.517300 0.495391 -0.457405 0.348074 0.517076 0.156978 -1.081311 0.514788 -0.917390 
-0.869217 0.680717 0.443687 -0.062445 0.392684 -0.533697 0.703375 0.274787 0.844401 -0.193026 -0.558955 0.836020 -0.367790 0.178390 -1.180580 -0.517965 0.618609 0.599937 -0.106448 -1.113077 -1.056259 0.271690 0.232749 -0.554025 0.555106 -0.561291 0.194536 -0.502791 1.551672 -1.362337 0.774128 0.499532 0.457096 -0.249809 0.499321 -0.814210 -0.858148 -1.249254 -0.654607 -1.081304 0.419514 -0.319277 -0.339138 -0.274455 0.075083 -0.391690 -0.102670 0.390624 1.258608 0.286540 -0.236552 -0.930454 0.867545 -0.228315 -0.763469 0.438020 -0.716738 0.881011 -0.238395 0.919580 0.771277 -1.170779 -0.036243 -0.778754 
-0.210006 -0.318366 1.181524 -1.248964 0.432533 -1.423694 0.304955 1.051131 0.714106 -0.286127 0.045352 0.308226 0.294006 0.098359 0.545743 -0.767116 -0.464862 -0.582541 -0.001155 -0.522156 -0.517806 0.154562 -0.878662 -0.146275 0.663840 0.407724 0.059235 -0.055445 0.172181 -0.916181 -0.234126 0.198976 0.690254 -1.100552 -0.866789 0.933749 -0.087219 0.451102 -0.461112 -1.189733 0.676556 -0.691364 -0.343943 -0.240510 -0.193218 -0.104533 1.248496 -0.286614 1.362244 -0.563563 0.277862 0.682195 -0.064204 -0.453772 -0.206718 0.007763 -0.327683 0.820717 0.487915 1.338152 0.688909 0.086904 -0.466520 -1.004325 
0.426747 -0.241385 0.199155 -0.096379 -0.846374 -0.451819 0.168004 0.410861 -0.046336 -0.904586 0.329228 0.441297 0.291014 0.671577 -0.443562 -0.842322 0.050880 -0.504156 0.435414 -0.395400 -0.781320 -0.278407 -1.420833 -0.388858 1.229313 -0.125260 0.335672 -0.163758 0.061203 -0.677936 -1.001830 1.237855 0.378192 -0.440757 -0.686096 0.327309 1.002935 -0.128559 -0.392559 -0.551954 -0.167932 -0.387755 0.403231 -0.144511 0.020750 0.118124 1.399760 -0.092308 0.938148 -0.407105 -0.660759 0.870384 -0.226463 -0.666174 -0.020277 0.056504 -0.142687 0.834799 0.341297 0.967091 0.120630 -0.770741 1.116678 -0.945209 
0.508748 -0.197498 0.494232 0.478348 -0.833296 -0.260191 0.039444 0.806599 -0.886827 0.287622 0.410218 0.190236 -0.581422 0.160290 -0.406647 -0.094159 0.543466 -1.286135 0.276684 -0.209855 0.120448 -0.147645 -0.368451 0.186132 1.967285 -0.441853 0.901084 -0.541704 -0.151093 -0.115150 0.660902 0.543986 0.263964 -0.331022 -0.952616 0.515973 0.289402 0.195786 -1.019434 -0.814554 -1.074258 0.104111 0.391173 -0.117142 0.215446 -0.009748 0.566636 0.348165 0.063175 -0.374332 0.048812 -0.290503 -0.771015 -0.298964 0.521378 0.271717 -0.464398 -0.951474 0.058325 -0.739852 -0.283474 -0.104619 0.381125 -0.703314 
0.280219 -0.513712 0.702707 -0.901343 -0.061731 0.384061 0.899571 -0.748062 -0.648933 -0.139307 -0.314132 0.263819 -0.046906 0.375663 -0.220273 -0.168318 -0.159439 -1.367635 -0.087271 -0.257252 0.668256 -0.776599 -0.737823 0.820118 1.308645 -0.315896 0.358464 -0.025626 -0.656382 0.004456 0.285930 0.338218 0.209757 -1.099080 -1.138746 0.663135 0.248546 1.328721 -1.094831 0.261330 -1.299536 -0.276070 0.859606 0.297694 -0.955281 0.364713 1.541200 0.500458 0.866847 -0.280435 -0.214393 -0.319690 -0.008507 0.992457 0.432437 0.119111 -0.402466 0.135246 -0.327471 0.082237 0.265517 -0.182238 0.238240 -0.380977 
-0.176296 -0.919839 -0.544273 -0.328901 -0.131433 0.473992 0.379782 -1.140943 0.410499 -0.487146 -1.018678 0.025602 0.072187 0.503322 -0.917829 0.717831 -0.061729 -0.746500 0.153641 -0.129053 0.013062 -0.936739 -0.590598 0.479944 -0.072722 -0.770328 -0.030034 -0.373956 -0.698666 0.678578 -0.417937 1.188711 0.008398 -0.798907 -0.769903 0.941350 0.156989 0.644222 -0.586002 -0.057984 -0.842692 -0.256885 0.142180 0.285379 -0.403696 -0.390669 1.083981 0.285953 0.030240 -0.526122 -0.427765 0.914366 0.708706 0.101345 -0.645854 -0.582918 0.812749 -0.434440 -0.023665 0.198072 0.150017 0.525052 0.459670 -0.582755 
0.354138 -0.317751 -0.298436 0.046861 -0.170749 -0.145352 0.708443 -1.524901 -0.039789 -1.047987 -0.871986 -0.282112 0.742136 0.710014 -0.471972 0.265287 0.131896 -1.135970 -0.196097 -0.295290 0.326247 -0.625664 -0.298921 0.226256 0.097060 -0.406094 0.029289 -0.574986 -0.623543 0.264998 -0.654018 1.269790 0.100319 -1.043106 -0.875349 0.224780 0.325527 0.389210 -0.440340 -0.108510 -0.363619 -0.443029 -0.337891 0.011943 -0.157629 -0.283329 1.309629 -0.445732 0.267706 -0.563528 -0.330249 0.129820 1.464435 0.062291 -0.294057 0.065001 0.422771 -0.677139 0.331018 -0.478873 0.513915 -0.656534 0.292646 -0.542427 
-0.274013 0.416404 0.222885 -0.206110 -0.141468 0.185898 0.329662 -0.411567 -0.029760 -1.364342 0.022344 0.028839 0.515776 0.996490 -0.559070 -0.336160 -0.009379 -0.814686 0.035711 -0.145695 0.395144 -0.393476 -0.051958 -0.251969 -0.563567 -0.319671 0.321581 -0.539454 0.040169 0.049944 -0.069155 0.695853 0.115680 -0.603707 -0.540029 -0.223161 -0.068262 0.298043 -0.244454 0.057225 -0.147903 -0.861696 -0.020286 -0.209595 -0.672534 -0.166193 0.950395 -0.327782 1.215349 -0.521793 0.036517 -0.379187 0.949400 0.104423 0.337273 0.436362 0.009569 -0.579308 0.331445 -0.202721 -0.085206 0.699001 0.963957 -0.418435 
-0.159883 0.377867 0.210552 -0.285068 0.023469 0.287499 0.150745 0.111251 -0.183690 -0.516928 0.193373 0.387571 -0.013343 0.969713 0.024607 -0.536858 -0.218919 -0.516153 -0.013024 0.150536 0.319224 -0.118385 0.008631 -0.171327 0.299806 -0.115168 -0.101764 -0.407507 0.029288 0.219251 -0.291828 0.363221 0.377997 -0.135993 0.146770 -0.108969 -0.222512 0.179599 -0.007062 0.157392 -0.155128 -0.688652 0.104860 -0.121463 0.149285 -0.119441 0.281143 -0.183573 0.516065 -0.600080 0.067470 -0.202807 0.031270 -0.124929 0.437581 0.317792 -0.162309 -0.743128 -0.063593 -0.139251 -0.166847 0.006765 0.660357 -0.282720 
-0.004465 0.054703 0.301644 -0.123115 0.137729 0.036371 -0.075322 0.036749 0.133532 -0.091356 -0.052916 0.030287 0.027456 0.469064 -0.007766 -0.014125 -0.136827 -0.215404 -0.070985 0.138365 0.036720 -0.138248 0.155555 -0.071159 -0.085000 -0.095925 0.329671 -0.140922 -0.135362 0.086557 0.097669 -0.051859 0.003073 0.040865 0.329730 -0.030622 0.001173 0.196189 -0.023812 -0.046480 -0.162445 -0.241456 0.303051 -0.131050 -0.013898 -0.045264 0.107584 -0.050968 0.299400 -0.186724 0.063426 0.039179 0.119428 0.134509 0.150913 0.134703 -0.098650 -0.177827 -0.104361 0.110379 0.050025 -0.263390 0.013409 0.011896 
0.101665 -0.127839 -0.033631 0.047324 0.020071 -0.085954 -0.060529 -0.067679 0.093155 0.028148 0.039731 0.092112 -0.043578 0.214093 -0.101540 -0.053849 0.088797 -0.055855 0.072628 -0.047500 0.004579 0.056261 0.011322 -0.057862 -0.083207 0.016383 0.029192 -0.072392 -0.159921 -0.068192 -0.002154 -0.105334 0.024099 -0.057538 -0.006329 0.071856 0.028766 0.023158 0.086795 -0.079495 0.008652 0.038910 0.050318 -0.127139 -0.025881 0.037136 -0.031898 -0.002732 0.126637 -0.105871 0.027865 -0.020925 -0.054100 -0.018462 0.023652 -0.036035 0.014146 0.005858 0.084686 -0.076054 0.095336 -0.052050 -0.031902 0.023897 
0.049219 -0.079426 0.095644 0.051938 -0.010665 -0.003359 0.044110 0.021534 -0.006697 0.012469 -0.005886 -0.015609 -0.061287 0.040736 0.045365 0.015577 0.072848 0.034082 0.044034 -0.037247 0.036379 -0.000578 0.024896 0.065247 -0.033502 0.053901 -0.038773 0.047900 -0.072082 0.092189 -0.076947 -0.070962 -0.058826 0.046722 0.000968 0.021792 -0.013009 0.058066 0.054754 -0.078308 0.012641 -0.090000 -0.074660 -0.077022 -0.059923 0.070642 -0.055459 0.082956 -0.034223 -0.040687 0.061552 0.024410 -0.037818 -0.082211 0.082831 -0.061515 0.038606 -0.057129 0.020303 0.014813 -0.037357 0.038753 -0.057821 0.036482 
0.015169 0.053773 -0.060930 0.083289 0.083002 0.045799 -0.056761 -0.056268 -0.072436 0.052941 -0.063297 -0.031064 0.020806 0.055570 0.079649 -0.036691 0.010492 -0.026074 0.067281 0.033945 0.062373 -0.047458 -0.019990 -0.004095 -0.026367 -0.071342 -0.083171 0.072451 -0.046795 -0.080085 -0.005573 -0.006569 -0.017063 0.027183 0.023322 0.072071 -0.027044 0.073616 -0.061274 0.017490 -0.019564 0.062901 -0.038997 0.072610 0.013387 0.031881 0.049342 0.066531 0.034525 -0.024143 -0.021263 -0.038334 0.023307 -0.064180 -0.059595 0.008171 0.038314 -0.083500 -0.032440 0.048361 -0.030238 0.061038 -0.062886 -0.046898 
-0.066273 0.078115 -0.035413 0.059698 -0.011389 0.029759 0.074741 0.061238 -0.043467 -0.038838 -0.002485 -0.074721 0.055922 -0.025422 -0.036769 -0.051007 0.060941 -0.070080 -0.030141 -0.007755 -0.011326 -0.020089 0.000534 0.047849 0.041919 0.019016 0.046443 0.001117 0.038102 0.076761 -0.039326 0.051959 0.004151 0.007174 0.063834 0.018310 -0.074757 0.080332 0.064384 -0.023492 0.027821 -0.041557 -0.025403 -0.043222 0.061798 -0.016790 -0.076186 -0.008329 -0.001685 -0.009675 -0.027713 0.047682 0.066546 -0.029987 0.044650 0.010777 0.009721 0.035500 -0.041937 0.055534 -0.002141 0.028338 -0.076453 0.075252 
0.010918 -0.034849 0.021226 0.025001 0.076877 0.024563 -0.039739 0.018359 0.053819 -0.084810 0.056637 0.033240 -0.096057 0.070980 0.066978 0.074453 -0.022871 -0.010838 0.191311 -0.060808 -0.014384 0.087814 0.009535 -0.067563 0.131031 -0.052939 -0.084325 0.096558 -0.053356 0.163601 0.092422 -0.031094 0.049772 -0.032989 -0.034444 0.075788 0.042862 0.082988 -0.062630 -0.043805 0.014735 0.007561 0.115998 -0.064877 -0.001487 0.049894 -0.037592 -0.074823 0.015279 -0.020933 -0.024602 -0.060263 -0.050752 0.033592 -0.189786 -0.377552 0.003702 0.011008 -0.020031 -0.013641 -0.026787 0.077216 -0.003396 -0.057869 
-0.077997 0.114870 0.034277 -0.159435 0.018486 0.099784 0.201793 -0.305920 0.264113 -0.200283 -0.301124 0.323769 0.201235 0.405495 -0.440619 -0.489941 0.051826 0.007579 -0.101431 -0.116970 -0.029889 -0.116537 0.304615 -0.081408 -0.030617 -0.205731 0.342827 -0.134930 -0.292769 0.126734 0.290750 0.406181 0.185887 -0.131131 -0.607236 -0.133807 -0.224764 0.221852 -0.307013 0.004473 -0.054856 0.259306 -0.040699 -0.272984 -0.059404 -0.203169 -0.013645 0.322565 -0.038192 0.035189 -0.079796 0.324025 0.093526 -0.102378 -0.138639 -0.542906 -0.090862 0.075925 0.087346 -0.016506 0.072571 0.232001 0.155975 -0.262371 
-0.082641 -0.332756 -0.251593 -0.082473 -0.010088 0.451596 0.317313 -0.593429 0.765802 -0.242201 -0.925428 -0.057423 -0.341874 0.279249 -0.055138 0.585696 0.189221 0.113717 0.363197 0.149492 0.387323 -0.057416 0.538964 0.050665 -0.305404 0.057228 1.011351 -0.509632 -0.862495 0.214963 0.499048 0.793078 0.389286 -0.269516 -0.974637 -0.357037 -0.726917 0.051012 -0.691856 -0.549280 -0.145091 0.097008 0.032419 -0.712708 0.198955 -0.136220 -0.377630 0.189468 -0.743703 -0.092174 -0.175525 0.322500 0.107216 -0.068286 -0.224162 -0.482859 -0.086815 -0.259137 -0.035355 -0.074749 -0.319287 -0.340267 0.924971 -0.353420 
0.186339 -0.524421 -0.061761 -0.619866 0.005032 0.742630 -0.256559 -0.884172 1.054400 -0.658161 -0.944549 0.021259 -0.166279 -0.013956 -0.186424 0.175531 -0.074549 0.052398 0.136387 0.124421 0.576328 0.234962 0.531243 -0.432711 -0.301227 0.110013 0.455656 -0.858280 0.518477 -0.441319 0.256698 0.976793 -0.206298 -0.903653 -0.949986 -0.312214 -0.156350 0.071371 -0.536948 -0.551925 -0.183820 0.179953 -0.382692 -0.626137 0.365693 0.309251 0.479159 -0.211782 -0.700552 -0.108833 -0.373348 -0.225875 0.435116 -0.318785 -0.222688 -0.590687 -0.236982 -0.730719 1.162442 -0.319381 -0.654163 0.139492 0.834603 -0.628290 
0.146393 -0.069618 -0.092199 0.105979 0.160665 1.229232 -0.165963 -0.786518 1.131109 -1.546864 -0.670092 0.710516 -0.610194 -0.577713 0.527470 0.030793 -0.196973 -0.618678 -0.047406 0.393229 0.268130 0.481305 0.696936 -0.582794 -0.119734 -0.118671 0.192902 -0.511694 0.644009 -0.831795 0.540474 0.828166 0.072046 -1.688283 -0.513713 0.046699 -0.295484 -0.253747 0.298158 -0.452645 0.196849 -1.044019 0.424663 -1.178807 0.352375 0.452637 0.994662 0.112146 -0.784937 -0.208705 -0.575019 -0.168546 0.023702 0.225544 0.651559 -0.042412 -0.685327 -0.630730 1.089834 -0.827053 -0.128374 0.455830 0.087420 -0.583525 
-0.060769 -0.297166 -0.515567 0.680412 0.366575 0.871946 -0.297195 -0.567860 -0.620343 -1.343247 -0.851826 0.147545 -0.668418 0.022464 0.518433 0.841284 -0.102242 -0.137073 -1.393985 -0.154523 0.580363 0.349708 0.944014 -0.588263 -0.399704 -0.320874 -0.686537 -1.000741 -0.369937 -0.765989 0.198834 0.895725 0.109056 -1.313716 -0.776188 0.310076 -0.486775 -0.252144 0.260097 -0.384568 -0.136061 0.562069 -0.008503 -1.214480 -1.167183 -0.381015 0.970938 0.305672 0.325189 -0.410675 -1.055455 -0.640460 0.011581 -0.331277 0.853618 0.555655 -0.130777 -0.109907 0.684732 -0.437368 0.168379 -0.544213 0.705371 -0.785465 
-0.085533 -0.272012 -0.033850 -0.086546 0.528927 1.027766 0.401388 -0.365241 -0.399440 -2.086181 -0.609920 0.248631 -0.154749 -0.286215 -0.019144 1.636953 0.247368 -0.684011 -0.569696 0.005051 0.261549 0.236383 0.823606 -0.457644 0.216578 0.122632 0.281808 -2.112536 -0.155270 0.010058 0.548150 1.649819 0.362977 -2.142168 0.108681 0.031047 -0.434073 -0.149146 -0.343800 0.044575 -0.422553 -0.661172 0.220186 -1.123207 -0.600939 0.034347 0.724086 -0.522943 0.280459 0.423762 -1.079563 -0.775618 -1.050631 -0.310152 -0.027868 0.289029 -0.475047 -0.067286 -0.129952 -0.327018 0.508225 -0.295971 0.669808 -0.612257 
0.454305 0.424667 -0.264697 -0.623108 0.029107 1.335253 0.891319 -1.523922 -0.785723 -2.246556 -0.345904 -0.884850 0.560773 -0.205470 0.121172 1.158059 -0.422711 -0.857824 0.409915 -0.485910 -0.821619 0.788108 0.952693 -0.324279 -0.009579 -0.177657 0.856960 -1.804446 -0.137355 -0.016079 0.372901 2.615601 -0.276122 -1.419606 -0.214755 -0.662165 -0.378801 0.327548 -0.388138 0.439295 -0.653633 0.702484 -0.206404 -0.763487 0.355816 -0.461780 0.802822 -1.307860 -0.905390 -0.277000 -0.460170 -0.088332 -1.312948 -0.158024 -0.058077 0.810169 -0.429506 1.543739 0.414610 -0.016964 0.521461 0.372301 -0.182288 -0.500613 
0.302898 -1.275627 -0.009935 0.136551 -1.283741 1.748165 0.956902 -1.911828 -0.692618 -2.400208 -0.224394 -0.252687 0.470146 -0.402118 0.484007 1.212169 -1.016206 -0.899837 0.486293 -0.260186 -0.237345 0.818308 0.440901 0.455529 0.044129 -0.992458 0.127569 -2.300978 0.200604 -0.714570 0.193538 3.100181 -0.308842 -1.128954 0.442598 -1.122120 0.307974 -0.729329 -0.124506 1.335254 -1.203508 1.246636 0.440375 -0.898324 0.618540 -0.388793 1.009876 -1.261995 0.874391 -0.610675 -0.857183 -0.581847 -1.195103 1.170264 -0.083987 0.837371 -0.375380 0.949492 0.864853 0.039681 1.461389 -0.203366 -0.870820 0.132937 
0.735551 -0.603219 0.062385 0.401122 -0.714183 0.385287 0.505040 -1.380453 -1.370493 -1.698830 -0.136916 -0.289998 0.115362 -0.965232 -0.138415 -0.235724 -1.021397 -0.463977 0.396016 0.041716 -0.198178 0.392563 0.413386 0.930447 0.051546 -0.119674 0.457479 -1.785736 0.046166 0.242405 -0.092931 2.556742 0.581779 -1.662980 0.809395 -1.142581 -0.210162 -0.436674 -0.124054 0.823992 -0.945022 1.263730 1.365142 -1.939899 0.275432 -0.084337 1.043657 -0.909717 1.439752 -0.205176 -0.648489 -0.854367 0.417284 1.801669 -0.006286 -0.102774 0.190534 0.348374 0.162917 0.287669 0.645810 0.389329 -1.098398 0.815329 
-0.711636 -0.762631 0.245836 -1.197868 -0.826382 0.052239 -0.592581 0.624410 -1.273796 -1.561624 0.441046 0.503609 1.358651 -1.485040 0.050716 -0.591449 -0.898771 -0.747777 -0.477318 0.174993 0.271245 0.090242 0.631843 1.071536 -0.200425 -0.177579 -0.403429 -1.815638 -0.591647 1.091433 -0.418779 2.736469 0.106383 -0.898456 0.276915 -0.089925 -0.305113 0.328130 -0.312354 1.138232 -0.810538 -0.097819 2.091981 -2.172406 -0.035319 0.334892 1.186454 -0.801864 0.178328 0.239385 -0.461887 -0.550739 0.765317 1.014717 -0.210441 0.048009 0.582959 -0.035326 0.107957 0.432069 -0.044983 0.029339 -1.544146 2.480158 
-1.026530 -0.097877 0.199211 -1.006860 -0.011800 -1.221994 -0.660883 0.443621 0.770748 -0.479328 0.110302 1.304146 0.926549 -1.001580 -0.475148 -1.133226 -1.317846 -0.802243 -0.205801 -0.916088 -1.402098 0.113126 0.460386 -0.170462 -2.334804 -0.942877 -1.528362 -0.256475 -0.277742 -0.605785 -0.440201 1.712782 0.108557 0.471733 -0.487984 0.038465 0.139068 0.679725 -0.012563 1.137958 -0.514311 -2.236183 0.499468 -1.314936 -0.219413 -0.161363 0.760990 -0.519260 -0.179431 -0.102154 0.236093 0.968698 0.831129 -1.120780 -1.005839 -0.542499 -0.209364 0.350218 -0.292419 0.887301 -0.839405 0.919169 -0.340815 0.614223 
-2.110491 -0.292981 -0.205380 -0.355592 -0.138341 -0.504863 0.164348 2.273545 0.244063 0.043396 0.220425 1.153037 0.837788 -2.234790 -0.574526 -0.798191 -0.134235 -1.252806 -0.523958 -0.652342 -1.994647 0.220201 -0.007954 -0.176887 -1.190544 -0.664548 -1.540684 0.000960 -0.238417 -0.668437 -0.261552 0.935665 0.279452 -0.035228 -0.077964 0.017650 -0.385655 -0.019058 0.927934 0.109083 -0.558890 -2.381001 -0.768293 -0.904852 -0.025957 -0.758068 0.805428 -0.324570 -0.302782 -0.117549 -0.071205 0.777300 1.056179 -1.070357 -0.075677 0.134135 0.407713 0.748525 -0.557714 1.307876 0.218761 0.531375 -0.328874 -1.109882 
-1.629240 0.701907 -0.366564 0.026807 0.375072 -1.484852 0.216483 0.386582 0.226273 -0.633364 0.006544 0.999004 -0.105259 -1.649400 -1.211927 -0.206945 0.233503 -0.682584 0.007882 -1.153065 -0.901936 0.122912 1.584277 0.246387 -0.647602 -0.770921 -0.408354 -0.171612 0.532707 0.077527 0.044077 0.951706 -0.344368 -1.482662 0.415358 0.047850 -0.402381 -0.551894 -0.486873 0.676876 0.401904 -0.275157 -0.653389 -0.050890 0.176740 -0.545393 0.542522 0.333372 -0.374822 0.611105 -0.032671 -0.200981 1.015243 -0.857192 -0.437655 -0.648506 0.362996 0.819413 -0.360710 0.895147 -0.066358 -0.889710 -0.498003 -1.894315 
-0.933949 0.704488 0.166303 -0.102289 -0.653812 -0.406591 -0.200022 0.636885 0.716066 -1.005462 -0.705924 2.122711 -0.587318 -0.546352 -0.334501 -1.271543 0.019232 -1.040906 -0.687730 -0.998297 -0.889704 0.834734 0.928849 -1.214658 1.724819 -0.887750 1.399543 -0.138847 0.531920 0.641209 0.375418 1.266168 -0.814374 -0.500959 -0.355871 -0.097259 0.344481 0.511950 -0.223092 -0.463407 -0.211727 -0.388888 0.609519 0.460948 -0.126249 -0.674164 1.367073 -0.156237 -0.275391 0.297370 -0.482461 -0.976636 1.019905 -0.683546 0.234850 0.544091 0.289504 0.693210 -0.171269 0.907073 0.929366 -0.358730 0.487566 -1.686830 
-1.192284 -0.487948 -0.313145 -1.116526 -0.224737 -0.685670 0.803098 -0.342608 0.571594 -0.872146 -0.016638 1.180032 0.138435 0.049468 0.185585 -1.797755 -0.353603 -0.960951 0.547392 -0.719590 -1.638027 0.409477 -0.210913 -0.491358 0.426299 -0.096340 0.939425 0.492612 0.231888 0.608326 -0.212169 1.287638 0.307864 -0.871609 -0.362896 0.803088 1.036056 0.228412 -0.714642 -0.143616 0.157998 -0.835456 0.785837 1.011745 0.203386 -0.045369 0.926425 -0.092184 -0.375788 0.249687 0.079896 0.599456 0.079948 -0.027986 -0.278545 0.097141 -0.061161 0.226231 0.918748 1.589219 0.573611 -0.290417 0.687315 -1.614943 
-0.711825 1.079886 0.255610 -0.009500 -0.902639 0.107552 1.042079 -0.461464 0.551502 -1.221928 -0.631191 0.026888 0.451787 0.532109 -0.827668 -1.488317 -0.566596 -0.307010 0.256252 -0.398389 -1.138560 0.019212 -0.511784 -0.483679 0.450920 -0.629913 0.492528 0.816888 -0.658175 0.389682 -0.043242 1.429787 -0.120493 -0.288694 0.024409 0.691013 0.382545 0.331706 -0.897432 0.524721 -1.195381 -1.241129 0.297081 -0.035763 0.076823 0.209811 0.661077 0.852989 -0.151650 -0.441123 -0.430478 0.690583 0.292728 -0.654349 -1.317120 -0.263586 -0.385732 0.320714 0.743478 0.699805 -0.606848 -0.176110 0.963138 -1.335863 
-0.545201 0.775019 0.049097 -0.037406 -0.605875 0.281290 0.524854 -0.825672 0.379330 -0.778497 -0.253345 0.171698 0.257451 -0.138237 -1.198032 0.043632 -0.130877 -1.254690 0.031342 -0.037393 0.453520 0.136194 -0.603313 0.236930 0.793566 -0.671792 -0.012207 0.423524 -0.021557 0.103152 0.122388 0.691822 0.223874 0.232400 -0.567228 0.365111 0.224687 0.161701 -0.825415 -0.103508 -1.386780 -0.650771 0.078096 0.641757 0.007480 0.177710 0.583527 0.763085 0.430840 -0.889730 -0.174334 -0.433880 -0.566798 0.024453 -0.525906 0.249510 -0.084117 -0.921788 -0.218226 -0.641441 -0.097708 -0.772440 -0.018676 -0.661951 
-0.308846 -0.112163 0.117227 -0.250570 -0.085476 0.138303 -0.045767 -1.746421 0.389418 -1.143355 -0.511225 1.020493 -0.096543 0.555623 -1.214458 -0.015602 -0.009895 -1.327397 -0.147729 0.292266 0.832730 -0.583234 -0.671814 -0.240632 -0.775208 -0.609265 -0.026195 -0.190886 0.263541 -0.220125 -0.509307 0.644919 -0.099077 -0.625837 -0.751498 -0.118974 0.249680 0.102690 -0.428432 0.345268 -1.371638 -0.644242 -0.049363 0.687511 -0.998629 0.372966 1.223111 0.764048 0.573167 -1.008130 -0.174167 -0.163762 0.711707 1.157689 0.715693 0.553697 0.602335 -0.153306 0.050329 0.144114 -0.142270 0.131049 -0.586087 -0.199332 
0.044199 -0.246768 -0.155557 -0.101239 0.565730 -0.361654 -0.262016 -1.556878 0.511053 -0.787954 -0.987292 0.612945 0.167933 0.067364 -1.009153 0.940396 -0.210746 -1.185476 0.437778 -0.155498 0.255003 -0.479932 -0.606117 0.092571 -1.283651 -0.915085 0.122495 0.098818 -0.159524 -0.534997 -0.477889 1.428809 -0.328709 -0.775140 -0.936779 0.141401 0.235612 -0.149976 -0.532516 -0.202978 -0.572428 -0.497662 -0.153194 0.244786 -0.436813 -0.705870 0.724738 0.140672 0.521066 -0.739052 -0.314985 0.770247 1.496005 0.240503 -0.969452 0.227575 0.364385 -0.144362 0.066782 -0.053808 0.286655 0.085341 0.195702 -0.221847 
0.544884 0.228161 0.057308 -0.041026 0.642283 0.063036 0.250838 -1.515177 0.740491 -0.818329 -0.415123 0.303201 0.405952 0.288292 -0.773489 0.072250 -0.405736 -1.237588 0.125748 -0.054653 0.430698 -0.268520 0.002467 0.347838 -0.052385 -0.152482 0.373879 0.013848 -0.426895 -0.350441 -0.160637 0.715028 0.071024 -0.854859 -0.464701 -0.554030 0.225439 0.463494 -0.227751 0.009409 -0.232802 -0.491576 -0.070553 0.448868 -0.030369 -0.253503 0.982428 -0.918856 0.959703 -0.168256 -0.139439 -0.096751 1.606653 -0.141834 -0.720743 -0.377406 0.554787 -0.732493 -0.036278 -0.481070 0.018345 -0.271043 0.222726 -0.281018 
-0.157340 0.141077 0.033028 -0.197196 0.519443 -0.173610 0.322083 -0.803241 0.251631 -0.438722 0.262316 0.295119 0.273433 0.175619 -0.862095 -0.491868 0.090602 -1.080246 -0.064201 0.021247 0.697872 -0.241455 0.082706 -0.184405 -0.450901 -0.189185 0.309100 -0.223634 -0.133522 -0.088409 -0.060436 0.506167 0.263118 -0.592759 -0.276454 -0.650478 -0.390863 0.573849 -0.149429 0.035763 -0.191626 -0.282153 0.167197 -0.170941 -0.415964 -0.085024 1.087935 -0.531998 1.017471 -0.385374 0.234525 -0.383483 0.760151 0.044307 0.287234 0.019269 -0.470008 -1.088650 -0.111578 -0.607572 0.238880 0.514238 0.880496 -0.003711 
-0.435606 0.102993 -0.072267 -0.174022 0.115163 -0.119785 0.135194 -0.033496 0.033654 -0.077495 0.321650 0.114667 0.036101 0.347860 -0.263694 -0.877345 -0.039000 -0.593126 0.077173 0.167403 0.353238 -0.220876 -0.103014 -0.392846 0.097591 -0.057828 -0.035326 -0.033981 -0.042550 0.325452 -0.246989 -0.068252 0.101645 0.037660 0.160039 -0.072302 -0.095246 0.290591 -0.048195 0.178588 -0.154872 -0.453443 0.131200 -0.087406 0.154844 0.025746 0.073231 -0.048021 0.717712 -0.451071 0.411298 -0.125550 0.118985 -0.009554 0.454876 0.249693 -0.290508 -0.952581 -0.078471 -0.277196 -0.118508 -0.034056 0.579976 -0.015077 
-0.263942 -0.078514 -0.003435 -0.174610 -0.098121 -0.092201 0.046983 -0.081438 -0.029583 -0.014572 0.092949 0.004077 -0.035777 0.015884 -0.046987 -0.346897 0.082025 -0.202832 0.024650 0.146286 0.137934 -0.137844 -0.090247 -0.200034 0.096277 -0.091423 0.115093 0.150801 -0.025422 0.253528 -0.037395 -0.046082 0.023014 -0.014258 0.200032 -0.015829 -0.039030 0.171651 -0.052138 -0.007818 -0.124185 -0.326033 0.118164 0.164687 0.029612 -0.010859 0.085333 -0.100630 0.321715 -0.169014 0.276724 -0.023077 0.144248 0.046365 0.082159 0.017360 -0.415848 -0.430751 -0.062287 -0.065146 -0.132815 -0.135819 -0.004178 0.032964 
-0.012300 -0.089471 0.022912 0.033596 0.016444 0.022909 0.055336 -0.024974 -0.024513 -0.028051 0.010382 0.048566 -0.083535 0.082288 0.048471 0.018087 0.027952 -0.006671 -0.018214 0.035136 -0.086348 -0.064097 0.057972 0.027492 0.041366 0.030847 0.097984 0.054956 0.037306 -0.035401 0.034813 -0.050220 0.078097 -0.041388 0.045327 -0.083005 -0.076196 -0.056350 -0.018680 0.076957 0.069179 -0.003444 0.086702 0.040992 -0.085512 0.026746 -0.044579 -0.011051 -0.002354 -0.077458 -0.034616 0.061062 0.013600 -0.011066 -0.014823 0.048017 0.057968 -0.069518 -0.033594 0.087672 -0.029587 0.031269 0.030809 0.032015 
0.022851 -0.000295 -0.021225 -0.031089 -0.014014 0.074762 0.006487 0.034350 -0.012974 0.074047 0.068785 -0.030371 -0.083773 -0.064478 -0.072667 -0.003392 -0.001420 -0.070325 0.056171 -0.032117 -0.035317 0.055459 -0.058002 0.028544 -0.053542 -0.018039 -0.037490 -0.034680 -0.072685 -0.038235 0.013320 0.066128 0.044403 0.029288 0.083129 0.004593 -0.081384 -0.070808 -0.014753 -0.081568 -0.017409 -0.052304 0.080774 0.028080 -0.045573 0.045076 0.032902 -0.063956 -0.049166 -0.014070 -0.048814 0.009975 0.060271 0.052106 -0.043740 -0.066251 0.000454 -0.011956 -0.000100 0.025271 0.064365 -0.030588 0.008705 0.069453 
-0.068066 0.066968 -0.000821 -0.080787 -0.083623 -0.022388 0.064478 -0.022819 0.044717 0.037354 0.048336 -0.076892 0.027166 0.072374 -0.015311 0.024303 0.057505 -0.036938 -0.059349 0.029298 -0.052822 -0.008444 0.004417 -0.017936 0.068369 -0.031506 0.065917 -0.023976 -0.073965 -0.079669 -0.036886 -0.011632 0.021787 -0.013074 -0.021698 0.010528 -0.030715 -0.044444 0.070280 -0.066726 0.037886 -0.049589 0.013732 0.074679 -0.074007 0.011873 0.009630 -0.040816 -0.078468 -0.083366 0.068148 -0.062879 -0.066428 0.001022 0.083387 0.056561 0.038355 -0.035586 0.079264 -0.064734 0.042544 -0.051770 0.021992 -0.066713 
0.024252 0.026031 0.025440 -0.028347 0.030543 0.045502 0.001984 -0.000723 0.041711 -0.008300 -0.059659 -0.037539 0.080555 -0.031578 0.003427 -0.072773 0.034399 -0.071542 -0.038695 0.049652 -0.045717 -0.018240 0.027151 0.024286 0.011712 0.043151 0.051282 -0.078936 0.063209 -0.039145 0.002238 -0.001278 0.035215 -0.056988 0.062925 0.068824 0.017590 0.035166 0.033160 0.031871 0.014945 -0.002900 0.051596 -0.027328 0.034449 -0.011263 0.034727 -0.067533 -0.074383 -0.061536 0.012501 0.079309 0.076586 -0.055075 0.011909 0.074954 -0.021570 -0.037966 0.071665 0.018692 -0.051278 -0.025382 0.056096 -0.072336 
-0.005115 0.040876 0.088175 -0.003991 0.075098 -0.175619 -0.021378 0.062673 -0.109011 -0.085843 -0.040005 0.095750 0.000115 0.059963 -0.080550 0.016078 0.011047 0.071154 0.012742 -0.049914 -0.016230 0.014557 0.187549 0.032962 -0.158112 -0.002326 0.043895 0.071801 -0.074210 -0.049491 0.155202 -0.033335 0.045432 -0.153883 -0.167580 0.053901 0.045215 -0.079195 -0.102392 0.031055 -0.061812 -0.072530 -0.012264 0.104814 -0.063862 -0.084369 0.009326 -0.120639 -0.078311 0.005412 0.050855 0.131232 -0.000078 0.058150 -0.008439 0.085579 0.040165 0.010580 0.094767 0.060660 -0.087935 -0.223523 0.037624 -0.077918 
-0.094257 -0.033482 0.144298 -0.159830 0.155419 -0.215494 0.141528 -0.221275 0.210706 -0.183810 -0.302677 0.176173 0.194387 0.195407 -0.456024 -0.059970 0.029905 -0.080728 -0.225435 -0.045886 -0.028834 0.027460 0.324886 0.022941 -0.410400 -0.163442 0.285791 -0.086595 -0.280132 0.015057 0.188776 0.358588 0.072911 -0.103027 -0.338406 -0.193429 -0.165378 0.062294 -0.162215 -0.035248 -0.042160 0.075898 0.123805 -0.076790 -0.196536 -0.248984 -0.039124 0.123286 -0.103100 -0.007018 -0.202313 0.382145 -0.229629 -0.028316 0.015466 -0.045081 -0.102992 0.032909 0.527808 -0.088317 -0.042080 -0.303089 0.032220 -0.245353 
-0.104580 -0.251083 -0.171179 -0.300907 -0.026174 0.065659 0.694691 -0.365996 0.665490 -0.235034 -0.393427 0.365643 -0.191620 0.196877 -0.412803 0.294350 0.145389 0.110161 0.501497 -0.194858 0.775627 0.301135 0.483697 -0.004110 -0.491871 -0.352236 0.821990 -0.037329 -0.427941 0.256159 0.411716 0.609119 0.756665 -0.371996 -0.713661 -0.294664 -0.507982 0.049816 -0.830608 -0.305800 -0.189476 0.280187 0.457081 -0.099914 -0.524680 -0.071519 -0.057639 -0.074082 -0.397624 0.174368 0.001084 0.251357 -0.191180 -0.107820 -0.130305 -0.257982 -0.265753 -0.248912 -0.022767 -0.022317 -0.185695 -0.535977 0.870271 0.064263 
0.065151 -0.411616 -0.449647 -0.353459 -0.004494 0.171120 0.567273 -0.674888 0.851973 -0.541692 -0.586846 0.552559 -0.353750 0.001415 -0.540184 0.869707 0.284867 0.257719 0.292038 -0.048673 1.040770 0.487289 0.258696 -0.208961 -0.201311 -0.253247 0.790774 -0.014450 0.097799 -0.347313 0.253726 0.892029 0.205364 -0.917701 -0.376663 -0.178641 -0.037919 0.271140 -1.031045 -0.325248 -0.287245 -0.190160 0.595293 -0.434906 0.186991 0.213455 -0.127562 0.395191 -0.973940 -0.146217 -0.272467 0.009049 0.061375 0.045766 -0.612589 -0.619342 -0.304640 -0.802122 0.608163 -0.341516 -0.048411 -0.353067 0.565803 0.538079 
0.078088 -0.282756 -0.249197 0.105184 0.031487 0.501821 0.843772 -1.308663 0.620027 -0.831160 -0.896849 0.613728 -0.322001 -0.311844 0.315019 0.886621 0.248652 0.070030 -0.396750 -0.402215 0.829143 0.680430 0.272206 -0.369104 -0.081997 -0.180032 0.218193 0.403593 0.236382 -0.696989 0.255779 0.942693 0.688086 -1.168065 0.243560 -0.348450 -0.848938 0.086921 -0.289181 -0.124897 0.136450 0.136338 0.064714 -1.004830 0.509700 -0.086597 0.256138 0.397658 -0.077337 -0.627337 -0.607171 0.227736 -0.125160 0.491331 -0.103328 -0.719376 -0.435879 -0.483495 1.073228 -0.646359 -0.517952 -0.558701 0.471198 -0.473719 
0.259665 0.098590 0.249192 0.400544 -0.769458 1.244365 1.055860 -1.542205 -0.400519 -1.006678 -1.246584 1.056397 -0.305913 -0.500284 0.266669 1.018816 -0.441573 -0.196007 -0.909580 -0.274469 1.047978 0.561027 -0.035492 -0.543898 -0.065077 -0.348544 0.176917 0.451992 -0.200647 -0.001225 -0.831677 1.008122 0.633005 -1.266557 -0.285072 -0.499449 -0.758345 -0.154133 -0.465236 0.069724 -0.088864 0.792592 -0.086113 -0.670279 0.189543 -0.665617 0.772348 0.824699 0.680642 -0.520323 -1.138754 0.058323 -0.289993 0.283677 0.327015 -0.285919 -0.256551 -0.156793 -0.199977 -0.705398 -0.957208 -0.423644 -0.021026 -0.428280 
0.326918 0.270007 -0.262515 -0.239793 -0.291281 1.079402 0.630202 -1.485750 -0.395012 -1.120382 -1.831728 1.380060 0.167157 -1.492786 0.175805 1.017231 -0.506177 0.112449 -0.649359 -0.430889 0.179845 -0.083994 -0.121563 -0.550980 0.153995 -0.590247 0.240091 0.059633 0.004814 1.180813 -0.626860 1.996835 0.613790 -0.779261 -0.518498 -0.297105 -0.460010 0.103794 -0.300526 0.276867 -0.139356 -0.407680 -0.554131 -0.796686 0.134094 -0.044632 0.908644 1.071210 0.288090 0.443072 -1.296715 0.220019 -0.257967 0.649706 1.069560 0.219293 -0.144380 0.813352 -0.435658 -0.185812 -0.025956 0.718423 0.451183 -0.422022 
0.449544 0.156093 -1.236089 0.528386 -0.191948 0.369919 -0.105306 -2.263844 0.516039 -0.837346 -0.529786 0.770865 -0.013804 -0.830552 0.038208 1.461237 -0.676656 -0.416636 -0.233014 -0.484775 -0.248963 0.661950 0.827901 -0.244528 0.137679 -0.292002 0.697316 0.319139 0.318390 1.668075 0.067124 1.266507 0.293425 -0.640481 -0.060399 -1.187030 -0.388877 0.344715 -0.459029 0.534862 -0.191373 0.563451 0.486088 0.188354 0.084917 0.385434 0.515284 -0.929688 0.104050 1.257954 -0.421238 -0.170886 -0.468583 1.333170 -0.361862 0.080665 -0.020192 0.347691 -0.017823 -0.336842 -0.184269 0.648039 -0.924138 0.224822 
-0.399912 -1.186825 0.378173 0.715664 -0.402535 0.685537 0.591657 -1.677266 -0.068358 -1.862647 -0.512377 1.582326 -0.851092 -0.658623 0.738697 0.399743 -1.144678 -0.311574 0.429775 0.120900 0.238053 1.276174 1.330826 0.696859 -0.254003 -0.124235 -0.087307 0.150219 -0.155643 1.005969 0.338475 1.319011 1.417158 -1.091218 0.828308 -1.128505 0.556096 0.875333 -0.106126 0.155576 -0.259221 1.016821 0.102232 -0.516068 0.747424 0.108311 0.342319 -1.302695 0.826190 -0.207854 -0.887295 0.827447 -0.571886 -0.091951 -1.015101 -0.432634 -0.017138 0.101233 0.619004 -0.092922 0.430316 0.046671 -1.422770 -0.020677 
0.272935 -0.384759 -0.017614 0.332139 -0.809733 0.345488 0.490600 -0.741832 -0.908962 -1.900152 -0.652816 1.567611 -0.178954 -0.801321 0.570958 0.718566 -1.072852 -0.945443 -0.174267 -0.347574 0.341859 1.095701 0.361369 1.043363 -0.907380 0.027372 -0.355566 0.272315 0.669418 -0.058392 0.511566 0.728579 0.569027 -1.306461 1.069781 -0.860789 -0.156224 0.122907 0.125760 0.123898 -0.878466 0.474951 0.286582 -0.631776 0.254530 0.824659 1.287441 -1.148739 1.332426 0.700518 -0.628276 0.573235 0.327684 0.241822 -0.529555 -0.949435 -0.036374 0.119423 0.284698 0.150181 0.482023 0.492039 -1.794094 0.570208 
-1.113401 0.176626 -0.596261 -0.114257 -0.590624 1.066813 0.496477 1.044146 -0.243191 -1.749149 -0.088951 2.048521 0.577032 -1.038372 0.960698 0.506638 -0.772405 -1.170677 0.074109 -0.297095 0.630673 -0.699337 0.707008 1.166178 -1.000639 -0.504163 -1.031890 0.053156 0.434733 -0.030666 0.380207 1.296280 0.976978 -0.048426 -0.058178 0.030237 -0.739967 0.029263 -0.862083 0.228304 -0.866888 0.104226 1.187189 -1.278784 0.286535 0.977307 0.910582 -0.439741 0.218497 0.724633 0.109959 1.117201 0.019244 1.138282 -1.149971 -0.586332 -0.349904 0.191690 0.336400 0.862710 0.721835 0.217356 -0.814943 2.036906 
-1.147999 -0.221981 -0.762728 0.198036 0.266661 0.605517 0.931596 1.339122 0.630265 -1.243985 -1.123761 1.272672 0.287639 -1.316341 0.135014 -0.389421 -0.897648 -2.030194 0.004357 -0.757307 0.755118 0.037832 -0.442527 -0.180903 -1.826112 -1.516140 -1.308177 -0.278131 0.708928 -1.611911 0.147329 0.943120 0.612829 0.130935 0.038142 0.542361 -0.654952 1.542723 0.202438 0.393407 -0.340340 -0.325937 0.718353 -0.674174 -0.359690 0.614295 0.256216 0.133136 -0.024579 1.198624 0.389911 0.474486 0.604692 0.468211 -1.474682 -0.553801 -0.722440 0.113923 -0.573363 0.940644 0.094264 0.875542 0.103557 0.033168 
-1.294952 0.326410 -0.215230 0.180981 0.064238 -0.334679 0.022435 1.316895 0.630039 -0.665817 -0.915769 0.743972 -0.175367 -2.123607 -0.596774 -1.362115 -0.125879 -2.174623 0.350814 -0.361937 1.080882 0.204629 -0.302946 -0.379020 -0.284344 -1.241569 0.297080 -0.078745 0.505405 -0.629904 0.198977 0.374916 -0.248380 -1.515189 -0.128390 0.790499 -0.582470 1.904595 0.410860 0.596525 -0.208687 0.257522 0.062575 -0.896717 -0.677043 0.246414 0.494208 0.154074 -0.712562 1.125387 -0.234652 0.358883 1.173951 -0.482567 0.173970 -0.240222 -0.139057 0.852219 -0.678878 0.028523 0.370029 0.316603 -0.276248 -2.081195 
-0.687835 0.751213 0.298453 -0.064772 -0.237901 -0.852340 0.494871 -0.517972 0.462342 -1.372820 -0.522680 1.474917 -0.542147 -1.162218 0.065619 -0.467195 -0.123328 -0.961531 0.605039 -0.705294 0.709673 0.893604 1.345015 0.372628 1.112677 -1.061128 0.347358 0.157288 0.809801 0.483419 0.718773 1.041647 0.139052 -2.213030 0.156727 0.449225 -0.117433 0.709616 0.088524 0.995384 -0.140487 0.036284 -0.175094 -0.561089 -0.028426 -0.537896 1.253571 -0.973242 -1.060816 1.132893 0.294404 0.440052 0.618495 -1.303662 0.639894 -0.287248 0.516701 0.009401 0.037865 -0.249004 0.757887 -0.103110 -0.661820 -2.099775 
-0.167482 0.436731 0.324790 -0.324871 0.719695 -1.067071 -0.439723 1.145383 -0.672967 0.107517 -0.749212 1.531644 0.437680 -1.099797 -0.125218 -1.156292 0.292264 -1.191207 0.499667 -1.092934 0.733685 0.348271 1.121484 -0.072354 0.845580 -0.552897 0.409949 0.727187 -0.115246 0.820901 1.042169 1.058322 -0.284638 -0.409538 0.224932 0.176623 0.037274 0.791367 -0.172590 -0.791900 -0.784651 -0.172598 0.052588 -0.491621 0.458303 -0.573268 0.663146 -0.725679 -1.453925 0.551966 -0.286287 0.107830 0.856495 -0.250159 0.159450 0.031310 0.611764 0.742817 0.938695 -0.189557 0.519031 -1.031890 0.657833 -1.493480 
-0.527518 -0.535628 -0.026810 0.057614 -0.358524 -1.693512 -0.061789 0.792784 0.823172 -1.609839 -1.104186 0.112223 -0.116723 -0.288858 -0.795921 -1.028702 -0.490256 -0.928509 0.291616 -0.782713 0.615746 0.299290 -0.707260 0.099532 -0.212673 -0.263548 0.626537 -0.020037 0.365923 -0.366952 0.978138 1.025289 -0.992338 -1.849634 -0.222936 0.677204 -0.382856 -0.233093 -0.837130 0.295849 -0.214563 -0.827574 0.271747 0.558231 0.175068 -0.067848 1.667651 -0.047584 -1.729779 1.369282 -0.515396 -1.125756 0.713536 0.374049 -0.795223 0.511596 -0.301943 1.458312 0.391538 -0.492762 0.221944 -0.620180 0.426792 -1.401685 
-0.234886 1.365387 0.738123 -0.003541 -0.106606 -0.772728 1.004384 -0.528353 1.531781 -1.214038 -0.746535 -0.017545 0.093466 -0.543639 -1.217840 -0.305331 0.292573 -0.640426 0.074131 -0.545765 0.371919 -0.686235 0.445208 0.482163 0.523306 -0.091799 0.724818 -0.080398 0.065053 -0.190559 0.992169 0.170996 -0.649861 -0.374643 0.126612 0.491384 -0.766366 0.029849 -0.949914 0.747138 -1.372395 -1.801559 0.480306 -0.237691 0.627209 -0.103129 0.891285 -0.158497 -1.013313 -0.853019 -0.101407 -0.365820 0.332052 -0.535034 -0.403748 -0.007536 -0.764481 1.061940 -0.566589 -0.319177 0.147249 0.308559 -0.254488 -0.779774 
0.189265 0.223835 -0.148260 -0.503884 -0.414948 -0.759564 0.434115 -0.802086 0.758557 -1.091125 -0.271312 0.632989 -0.069822 -0.289598 -1.108828 0.069047 0.224548 -0.370766 -0.106728 -0.195574 1.444343 -1.215129 0.436141 -0.147965 -0.083241 -0.405670 0.523045 -0.343330 0.412195 -0.538093 0.631701 0.619383 -0.023207 0.183639 -0.669001 0.894979 -0.648686 -0.072494 -0.666955 0.786494 -1.678697 -0.754997 0.681231 -0.059314 -0.188694 0.259741 1.284853 0.125621 0.627418 -1.420524 -0.062202 -0.428687 0.660478 0.612444 0.706574 -0.671690 0.332966 -0.419165 0.034293 -0.906089 0.277718 0.312795 -0.348218 -0.460599 
0.038077 0.087708 -0.262874 0.175858 -0.227520 -0.649407 0.694993 -1.709288 1.012514 -0.781892 -0.355315 0.765447 -0.504145 0.204928 -1.155333 0.244030 -0.145195 -1.221991 -0.212918 0.605778 0.944553 -1.239522 0.059863 0.104468 -1.003746 -0.758411 0.578545 -0.039331 0.524532 -0.176873 -0.431684 0.488016 -0.248130 -0.217876 -0.642668 0.591708 0.122394 0.401636 -0.027657 0.177339 -1.073080 -1.147546 0.897230 0.672808 0.147193 -0.238563 1.186029 0.545723 1.089869 -0.794933 0.092880 -0.261405 1.659779 1.337128 0.059236 -0.108742 0.998726 -0.616110 -0.295426 -0.382469 -0.418069 0.745080 0.126145 -0.210078 
0.535976 0.124698 -0.244163 0.381543 0.426806 -0.164066 0.356865 -1.519773 1.005450 -0.363212 -0.133644 0.619589 -0.295301 -0.038317 -0.392865 0.145468 -0.758939 -0.793555 0.204366 0.241713 0.221304 -0.637078 0.398175 0.248030 -0.622342 -0.559481 0.870222 0.703668 -0.086195 -0.190015 0.169238 0.627352 -0.493871 -0.644440 -0.372148 0.124848 0.176156 0.212979 -0.067942 -0.117930 -0.761195 -0.499655 0.365303 0.673323 0.098956 -0.568841 0.212548 0.194253 0.750086 -0.622032 0.022169 0.385105 1.844565 0.217324 -1.282898 -0.314287 0.155960 -0.517411 -0.279737 -0.690441 -0.067897 -0.157888 0.561969 -0.155346 
0.161431 -0.091080 -0.040164 -0.142047 0.756123 -0.312823 -0.450175 -1.209515 0.155059 -0.443826 -0.162272 -0.018957 0.377261 0.152273 -0.262134 -0.134633 -0.639211 -1.191753 0.051797 -0.008405 0.349647 -0.249588 0.500417 0.291582 -0.237595 -0.132823 0.486626 0.054089 -0.565786 -0.300483 0.645396 0.727489 -0.214001 -0.454286 -0.426471 -0.538099 0.312167 0.575651 -0.081160 0.458564 -0.432234 0.060733 0.537066 0.109480 -0.484651 -0.222232 0.960896 -0.512149 0.118149 -0.001104 -0.209806 -0.006497 1.286592 -0.065293 -0.586977 -0.047826 -0.062582 -0.615081 0.023648 -0.568813 0.238407 -0.455899 0.934299 -0.127548 
-0.051272 -0.289393 0.333386 -0.558304 0.367270 -0.420360 0.037743 -0.500359 -0.223411 -0.367349 0.141000 0.374877 -0.197997 -0.266448 -0.483455 -0.291501 -0.392025 -0.779912 -0.092556 0.122824 0.741564 -0.291878 0.422195 0.042953 -0.086496 -0.209353 0.502012 -0.218124 -0.230307 -0.096195 0.633487 0.636321 0.246183 -0.180388 -0.107485 -0.266362 -0.068023 0.721154 -0.051648 0.210168 -0.196212 -0.127325 0.688946 -0.372385 0.001905 -0.023625 0.761437 -0.331509 0.440813 0.091543 0.084874 -0.335563 1.029115 0.036940 -0.215946 -0.205979 -0.200864 -0.924422 0.006447 -0.436690 0.004288 -0.523377 1.121278 0.014887 
-0.198506 -0.098111 -0.002531 -0.351548 0.166804 -0.158856 0.285009 0.017370 -0.159347 0.059686 0.276826 0.146057 -0.072240 -0.143582 -0.348477 -0.569655 -0.161876 -0.739511 -0.094574 0.104022 0.321819 -0.077162 0.013170 0.073485 0.205440 -0.008021 0.196203 0.157040 -0.106405 0.339693 0.381419 0.002176 -0.146113 0.092108 0.092190 0.005899 -0.223614 0.453332 -0.029986 -0.080841 -0.086607 -0.690440 0.275641 -0.173566 -0.024646 0.021098 0.003198 0.047590 0.726030 -0.335068 0.253192 -0.140118 0.370054 -0.025191 -0.137394 -0.143734 -0.642141 -1.180222 -0.168013 -0.324271 -0.013731 -0.194175 0.563464 0.016381 
-0.267136 0.097812 0.206094 -0.277676 0.062125 -0.177085 0.014883 -0.018878 -0.070932 -0.041537 0.024744 0.005058 0.027872 0.071199 0.069760 -0.177714 -0.015412 -0.305114 -0.024416 0.093052 0.225100 -0.075648 -0.073136 0.101339 0.159256 0.060058 -0.028767 -0.006629 -0.033176 0.197168 0.122254 -0.020644 0.048117 0.087256 0.006592 0.076224 -0.045996 0.274624 0.044149 0.264485 -0.080699 -0.376099 -0.156581 0.083120 -0.020988 -0.052005 0.073975 -0.020159 0.285630 -0.052252 0.164312 -0.029329 0.203836 -0.022888 -0.073578 0.032428 -0.283165 -0.290903 -0.047359 -0.133777 -0.099246 -0.016170 -0.045584 -0.075752 
-0.079210 -0.027654 0.036428 -0.005412 -0.030203 -0.022444 -0.003439 -0.041977 -0.074759 0.042052 -0.145023 -0.056045 0.022989 0.063753 0.071041 -0.070371 -0.069549 0.005210 0.073334 0.058746 0.061601 -0.015283 0.026292 0.021133 0.053424 -0.048099 0.069547 -0.084920 -0.047700 0.072319 0.009936 -0.039473 -0.057869 0.057984 0.079880 -0.071619 -0.061045 -0.078308 -0.033553 -0.055996 0.079904 -0.006646 0.076948 0.049032 -0.076487 0.006483 0.075322 -0.067478 -0.027067 0.053774 -0.016811 -0.069379 -0.023529 0.046497 0.009095 0.069382 0.016715 0.023483 -0.057418 -0.076324 0.059484 -0.058105 -0.034040 -0.123512 
-0.082411 -0.020904 -0.064734 0.057947 0.074735 0.065848 -0.002780 -0.019107 -0.050441 -0.082288 0.061161 0.055489 0.037499 -0.071696 -0.048229 0.062211 -0.047078 -0.071286 0.031265 -0.063307 -0.065643 -0.007591 -0.016571 -0.010096 0.036743 -0.064734 -0.002077 -0.016180 0.065320 -0.044449 0.049147 0.054160 0.025078 0.063666 -0.054384 -0.005605 -0.065601 0.073470 0.050020 0.060796 -0.045568 -0.007853 -0.037672 -0.018881 0.019397 0.056900 -0.055005 -0.000466 -0.080681 -0.081128 0.027316 -0.032543 0.029750 -0.076107 0.053840 -0.023610 -0.061126 -0.047283 -0.011915 0.056674 0.045368 -0.052068 0.035208 0.082837 
0.012679 -0.054297 0.063110 -0.066991 -0.005763 0.038175 0.072867 0.033734 0.029468 -0.064709 0.019841 -0.017798 -0.007859 0.066115 0.064073 -0.080214 0.033236 0.018840 0.055718 -0.006472 0.030491 -0.039156 0.006661 0.055729 0.005732 -0.003227 0.018364 -0.014170 0.021777 0.077739 0.070654 -0.075743 0.006441 -0.037949 -0.007713 -0.038755 0.033981 -0.010101 0.017998 -0.083150 -0.002890 -0.014604 0.065654 -0.068051 0.041687 0.076574 -0.010840 -0.016640 0.023789 0.073894 -0.050251 0.052338 0.034443 0.020162 -0.035002 0.068909 0.083433 0.066487 -0.034586 0.015154 -0.022003 -0.068030 -0.077606 -0.016757 
0.011498 -0.028877 0.031640 0.066642 -0.035230 0.069003 0.011108 0.047957 0.063584 0.070548 0.021119 -0.059856 0.049010 -0.017156 0.078621 -0.001630 0.003889 -0.044408 -0.031451 0.081600 -0.065706 -0.039079 0.057197 0.009408 0.065375 0.018968 -0.036480 -0.047871 0.028775 0.049241 0.035547 -0.024025 0.080302 0.025871 0.064427 -0.031357 -0.002539 0.021515 0.014987 0.076173 -0.022275 -0.023018 0.065197 0.016683 0.026324 -0.041868 0.023130 -0.074534 -0.034473 0.066506 -0.044095 -0.081038 -0.077488 -0.079150 0.080405 0.023176 0.060535 0.074082 0.068077 0.009044 -0.083902 0.069134 0.019297 -0.060706 
-0.029410 0.043997 0.144186 -0.027058 -0.010339 -0.094316 -0.047419 -0.049021 -0.046026 0.013597 -0.053112 0.087748 -0.040217 -0.054701 -0.061178 0.043838 -0.053712 -0.008223 -0.002875 -0.045388 -0.013796 -0.023458 0.083736 0.034375 -0.066415 -0.041558 -0.041956 -0.014885 0.006746 0.075180 0.085845 0.074582 0.031791 -0.099226 -0.137570 0.058221 0.147505 -0.081047 -0.087232 0.021063 -0.089502 -0.016448 0.090702 0.085027 -0.115547 -0.006861 -0.040718 -0.218130 0.037082 0.015645 -0.033860 0.100804 0.054766 -0.022996 -0.017610 -0.047456 -0.078477 0.003985 0.007546 -0.008208 0.003318 -0.209466 0.091279 -0.001749 
0.178462 0.032056 0.043023 0.059178 0.026031 -0.184241 -0.119958 -0.306116 0.112898 -0.050174 -0.120342 0.092423 0.174730 0.078984 -0.239762 0.090792 0.035388 -0.021170 0.013207 0.021334 -0.055998 -0.180637 0.089217 -0.046107 -0.183998 0.043042 0.217990 -0.061255 -0.155326 -0.052783 0.183160 0.327017 0.145335 -0.089499 -0.132654 -0.000590 0.015741 0.230006 -0.026818 -0.022279 0.035593 0.111694 -0.048389 -0.032764 -0.162231 -0.038890 -0.001054 -0.075711 -0.172463 -0.084357 -0.143201 0.272857 -0.141791 0.032311 0.018769 0.012499 -0.115084 0.089840 0.322728 -0.002041 -0.101090 -0.115947 -0.025877 -0.073618 
-0.036886 -0.133208 0.286941 -0.300359 -0.207080 0.151099 0.372350 -0.268559 0.455805 -0.104496 -0.223287 0.222654 0.086420 0.081136 -0.331307 0.153846 0.085066 -0.192270 0.497533 -0.127423 0.402793 0.099423 0.414961 -0.041205 -0.635930 -0.474021 0.158823 -0.084369 -0.003889 0.064179 0.161536 0.420661 0.303895 -0.234555 -0.211536 -0.121322 -0.139937 0.122468 -0.308129 -0.009435 -0.194998 -0.058579 0.349040 0.046226 -0.182867 0.068772 -0.118593 -0.032396 -0.488585 0.101397 -0.075761 0.533178 -0.334229 0.100645 0.049780 -0.112842 -0.274763 -0.092926 0.189816 -0.053659 0.020396 -0.438306 0.403015 0.316414 
-0.035866 -0.341246 0.297253 -0.141442 -0.627771 0.280529 0.793972 -0.445092 0.363875 -0.268674 -0.637558 0.340839 0.353885 0.050684 -0.586909 0.506519 0.056426 -0.371427 0.163306 0.206425 0.636516 0.484146 0.732993 0.020472 -0.608570 -0.176980 0.684357 0.035417 -0.175035 -0.561528 0.462294 0.328530 0.041493 -0.963714 0.038338 -0.241730 -0.388350 0.248181 -0.166492 -0.242240 -0.390419 0.318177 0.889633 0.154968 -0.073529 0.120683 -0.327673 -0.034540 -0.433725 0.047148 -0.312670 0.716635 -0.182658 0.168720 -0.179470 0.226551 -0.063534 -0.430532 0.546467 -0.174957 0.167935 -0.414217 0.348979 0.610265 
0.077395 -0.694305 -0.104972 -0.039153 0.169905 -1.164148 0.543738 -0.856086 0.363638 -0.020171 -0.854145 0.442023 0.360137 -0.249859 -0.539535 1.104457 0.156998 -0.076878 -0.016427 0.289211 0.921181 0.748493 0.311999 0.299192 -0.798331 0.299363 0.135514 0.419122 -0.080066 -0.952996 0.281467 0.076297 0.280581 -0.522546 0.701099 -0.249240 -0.364538 0.138838 0.133393 -0.072671 -0.031004 0.598884 0.021343 -0.677530 -0.053603 -0.182483 -0.610553 0.260585 0.031989 -1.194139 -0.487664 0.051930 0.126521 0.121838 -0.055919 0.441291 -0.162231 -0.740653 1.550394 -0.382392 0.176976 -0.566829 -0.424253 0.215645 
-0.146941 -0.014116 0.531317 0.040846 -0.532178 -0.918650 0.272926 -0.912310 -0.050221 -0.070678 -1.205779 0.753955 0.360405 -0.573317 -0.501187 1.511049 -0.377079 -0.058323 -0.325401 -0.040509 1.437230 0.446755 0.328028 0.171847 -0.586540 0.032862 0.354379 0.794741 -0.048807 -0.564051 -0.631512 -0.182567 0.273271 -0.517218 0.090069 -0.597756 -0.577077 0.173802 -0.282451 -0.156855 0.146982 0.573176 0.225426 -0.764453 0.282766 -0.670951 0.035187 0.088722 0.209776 -0.960279 -0.917622 -0.008632 -0.215336 0.148427 -0.086953 0.180124 -0.261119 -0.292583 0.548626 -0.739390 0.166924 -0.865586 -0.814386 0.391065 
0.128675 0.186104 0.273862 -0.129256 -0.033042 0.106536 -0.127379 -0.980235 0.251620 -0.256444 -1.227517 1.613600 -0.246105 -1.057771 0.299335 0.792231 -0.708712 -0.306202 -0.139398 -0.380894 0.655830 -0.008541 0.199691 0.230329 -1.075616 -0.034934 1.105756 0.290150 0.516118 0.944483 -0.645125 -0.093736 0.474091 0.026571 -0.007006 -1.037334 0.051317 0.192341 0.098659 -0.065075 0.648515 0.594209 0.443641 -0.677214 0.572133 -0.574454 0.109329 -0.265486 -0.445076 -0.394596 -0.485338 -0.139493 -0.385802 0.379711 0.085653 0.230326 0.201646 0.127013 0.769091 -0.267539 0.318717 -0.109625 -1.053251 0.415881 
-0.105990 -0.221282 -0.473394 0.782080 1.049851 -0.048609 -0.067262 -0.670883 -0.206830 -0.685280 -0.243413 2.389082 0.410994 -0.849471 0.956831 1.598113 -0.657637 -0.821493 -1.393130 0.053944 0.068588 -0.113665 0.919410 0.520576 -0.949557 0.302594 0.504418 0.296945 0.266696 1.048486 0.484438 -0.132494 -0.090668 -0.317809 0.679133 -1.102151 -0.088392 -0.083972 -0.046167 -0.263500 0.791965 0.901256 0.263442 -0.080191 0.165520 -0.394407 -0.035174 -0.588545 0.563383 0.124996 -0.582770 0.103672 -0.088751 1.295497 -0.924906 -0.472365 -0.318399 -0.019930 0.787367 -0.093745 0.419407 0.487082 -1.511034 0.145317 
0.203042 -0.717289 0.495866 0.692410 0.548447 0.039989 -0.549336 -0.939841 -0.512872 -0.321516 0.287999 2.192406 0.238068 -0.485221 0.463822 1.126044 -0.983356 -0.245502 -0.684177 -0.672898 0.091997 -0.042121 1.162956 0.443477 -1.125891 -0.200611 -0.679867 0.963056 -0.296735 0.839164 0.286533 0.252457 0.961461 -0.156579 1.010975 -1.403627 0.167389 0.154619 -0.135136 -0.019705 0.449469 0.732289 0.356175 -0.309101 -0.069893 0.157266 -1.111103 -0.565762 0.708737 -0.620993 -1.300796 0.571255 -0.078069 0.464708 -0.868004 -1.137155 -0.029218 0.481393 0.248757 -0.184712 -0.002318 0.311583 -0.892664 0.271811 
0.960391 -0.438975 -0.078812 0.174385 -0.723477 -0.339321 0.342467 -0.168571 0.104865 -1.131610 0.382695 1.460355 0.209558 -0.694417 -0.202704 0.565306 -1.217976 -0.658231 -0.027747 -0.599579 0.884393 -0.236515 0.664429 0.296932 -1.483854 -0.717396 -0.922915 0.914274 -0.242552 -0.798759 0.164936 -0.680441 1.517687 -1.719709 0.614931 -0.721155 -0.100499 0.116924 -0.021116 -0.610224 0.149872 -0.362596 -0.166973 -0.725437 0.127433 0.203347 0.451291 0.069980 -0.258630 0.006203 -1.246245 0.199691 0.002730 -0.062638 -1.047531 -0.908086 0.255615 0.063229 -0.310087 -0.592687 0.778591 -0.516432 -0.607282 0.762305 
0.843707 -0.366131 -0.304077 0.473413 -0.025827 0.209293 0.156656 0.439070 -0.206660 -0.881783 0.211123 1.028714 0.261080 -1.056715 0.534903 0.382640 0.126323 -0.838794 0.228094 -0.269759 1.544585 -0.760845 -0.505675 -0.468173 -1.306183 -0.429716 -1.404462 0.136703 0.956968 -1.433846 0.238015 0.967801 0.858580 -0.863291 0.209746 -0.606992 0.446234 0.201346 -0.043470 0.010998 -0.538749 -0.442936 -0.020976 -0.682236 -1.057800 0.093996 1.608025 -0.257990 -1.053442 0.692401 0.278186 -0.379483 -0.798956 0.546588 -1.388555 -0.558764 0.033063 0.284065 -0.057506 0.132650 0.486987 -0.648456 0.123860 0.869203 
1.441204 -1.120315 0.059790 -0.433582 -0.467728 0.112638 0.060023 -0.136840 0.520650 -1.508111 -0.625861 1.208236 -0.307462 -0.994730 0.519234 -0.934733 -0.111426 -1.981092 -0.028620 0.715539 0.580223 -0.215034 -0.048025 0.213238 -0.900542 -0.586100 -1.044045 -1.428370 -0.246787 -0.580906 0.655341 0.706294 0.395386 -1.484217 0.498258 0.149920 0.019672 0.423742 0.172072 0.245803 -0.020559 -0.035415 0.351252 -0.722406 -1.534909 -0.428198 0.823452 0.250090 0.022444 0.527867 0.331423 0.128426 -0.492007 0.274466 -0.443703 -0.257190 -0.160202 1.237413 -0.397055 0.306248 -0.144779 0.015879 0.052731 -0.940862 
0.902814 -0.667667 0.674865 0.064532 -0.958908 0.369469 0.376405 -0.482550 0.022500 -0.376424 0.400024 0.202172 -0.555405 -1.462062 0.647275 -1.615051 -0.179583 -1.039388 0.555456 -0.064486 2.516683 0.318391 -0.215020 -0.394397 0.646679 -0.266108 0.324116 -0.494643 0.057838 0.558302 0.117350 -0.053991 0.288904 -0.366870 0.935756 -0.098725 0.198162 0.778119 0.421263 1.038513 -0.557265 -0.979223 0.297875 -0.095369 -0.663136 -0.373612 -0.063861 -0.558787 -0.440370 -0.452044 -0.078019 0.416742 -0.929479 -0.066287 -0.027446 0.031995 0.164839 0.471757 -0.227905 -0.799121 0.420527 -0.140254 -0.054043 -1.711673 
1.033057 0.789169 -0.276646 -0.065564 0.244380 -0.267638 0.965102 0.323227 -0.036469 -0.367603 -1.063954 0.277613 0.531908 -0.716170 -0.246628 0.225384 -0.034842 -0.518080 0.350234 -0.703901 0.877687 -0.042810 0.913516 1.619009 0.216875 0.186388 -0.536989 0.103838 0.199105 -0.530506 0.438656 0.040426 0.412422 -0.904281 0.684884 0.100209 -0.123206 1.302627 -0.001632 1.327070 -0.961425 -0.277436 -0.193495 -0.011103 -0.281056 -0.313354 0.555977 -0.943312 -1.736044 0.317819 -0.363026 0.735313 -0.964936 -0.243407 -0.987401 -1.232681 0.103653 0.851050 0.309630 0.068551 0.474447 -0.424820 0.218025 -1.630024 
0.750662 -0.217071 -0.127882 -0.340788 -0.301272 -0.267532 -0.222194 2.490914 -0.074241 -0.392575 -0.747435 0.437695 0.287679 -1.322504 -1.134789 -0.095919 -0.259015 -0.540963 -0.282302 -0.611036 0.993292 -0.755098 0.135389 0.921701 1.154303 0.010439 0.216171 0.725481 0.398435 -0.206544 -0.619965 0.085817 0.044770 -0.765803 0.206110 -0.335817 -0.565381 1.142710 0.499611 0.696259 -0.989120 -0.152122 -0.592131 -0.033334 -0.220155 -0.597967 1.028185 -0.658692 -2.390191 1.525369 -0.520504 0.628846 -0.711018 0.932327 -0.826462 -0.413423 1.162291 0.948532 -0.041394 -1.092251 -0.329300 -0.256017 1.061242 -0.772601 
0.182038 0.015258 0.108756 -0.097400 -0.562363 -1.300234 0.326769 0.337819 1.011911 -1.171085 -1.000522 0.118316 -1.165604 -0.437434 -0.686511 -1.309316 -0.009964 -1.029681 -0.396301 -0.496607 1.501899 -0.907040 0.215283 0.648059 0.124046 0.630637 0.098856 -0.406030 -0.494513 -0.213169 0.732369 -0.168637 -0.447844 -1.544470 0.067043 -0.992882 -0.717911 0.686646 -0.097046 0.772136 -0.875179 0.754288 -0.625499 1.034265 -0.202232 -0.163284 0.821830 -0.623040 -2.128523 0.889874 -0.465566 -0.241490 0.420043 0.252238 -0.400926 -0.882527 -0.350238 0.289992 0.427590 -1.326634 -0.195337 -0.302296 -0.290403 -0.838387 
0.574200 1.049411 -0.859338 -0.511893 -0.042906 -0.962230 0.648386 -0.157968 0.756095 -1.412241 -0.846315 0.650216 -0.602337 -0.431160 -0.201423 -0.485519 -0.044831 -0.744241 0.282743 -0.218407 0.477974 -1.389558 -0.161842 0.786023 0.920994 0.686250 0.821238 -0.611155 -0.201440 -0.136365 1.348454 -0.347420 -0.188895 -0.138398 -0.151465 -0.746419 -0.358590 -0.055490 -0.378566 0.379631 -1.436856 -0.766037 0.488954 0.398305 0.033496 -0.104897 1.295900 -0.502335 -1.220005 -0.403880 -0.033428 -0.382660 0.170832 0.515529 0.350266 -0.533986 -0.247229 -0.282092 -0.241162 -0.239936 0.214830 -0.439281 -0.717316 -0.683570 
0.699771 0.208992 -0.172528 -0.477216 -0.712896 -0.306907 1.219145 0.125760 0.853446 -1.112882 -0.722088 1.304808 -0.175758 -0.354159 -0.427148 -0.183409 -0.526048 0.050398 -0.459440 0.189854 0.664256 -1.040485 -0.452677 0.266833 -0.025275 -0.486279 0.742879 0.166871 -0.031676 -0.738718 0.894135 0.273522 -0.452488 -0.575291 -0.656138 0.698069 -0.758798 0.297204 -0.076414 0.427690 -1.335736 0.039008 0.757212 0.247601 0.021054 -0.382699 0.946950 0.581238 -1.158555 -1.185358 -0.080700 1.115341 1.165936 0.323243 0.247214 -0.669068 0.861020 -0.649187 -0.252422 -0.285048 0.072025 -0.190665 0.045678 -0.481719 
0.035348 -0.476062 -0.277881 0.087828 -0.725998 -0.613835 0.661764 -0.849004 1.080341 -0.235124 -0.178298 0.530935 -0.138319 0.327058 -1.064631 -0.082052 -0.397369 -0.936253 -0.101528 0.578374 0.505145 -1.039151 0.019201 0.243746 -0.886635 -0.519947 0.757517 0.396414 -0.152835 -0.043316 0.035247 0.155944 -0.343961 -0.091520 -0.430207 0.444277 -0.424607 0.090619 0.209503 -0.316012 -0.976555 -0.457864 0.865882 0.646324 -0.069165 -0.301286 1.002371 0.207323 -0.308674 -0.583232 0.160577 -0.034054 1.758776 0.748356 -0.075514 0.881649 0.576364 -0.903512 -0.570677 0.115253 -0.599489 -0.039860 0.649759 -0.300491 
0.107073 -0.620935 -0.300489 -0.097638 -0.282225 -0.321330 0.072036 -0.764724 0.525110 -0.339975 0.198303 -0.276197 -0.164288 0.293132 -0.611946 -0.464691 -0.622080 -0.453462 -0.107809 0.414913 -0.551766 -0.538341 0.729861 0.583057 -0.058695 -0.545161 0.477852 0.160602 -0.286812 0.192950 0.373756 0.572957 -0.756112 0.300575 -0.393644 0.339066 0.483958 0.401149 -0.113783 0.422927 -0.718120 -0.155183 0.658313 0.293670 -0.658375 -0.231338 0.533926 0.494117 -0.337389 -0.145897 0.085281 -0.002827 1.496057 0.051731 -1.044448 0.366074 0.161484 -0.711840 -0.395137 -0.081167 0.094729 -0.369832 0.890956 -0.061257 
0.316815 -0.170711 0.009541 0.077428 -0.075283 -0.323132 -0.532517 -0.628639 0.115668 -0.270468 0.102002 0.036838 0.018362 0.031991 -0.275589 -0.764601 0.098217 -0.922912 -0.207892 0.066713 0.012440 -0.342144 0.843017 0.117377 0.283903 -0.124232 0.688398 0.221146 -0.157162 -0.417454 0.826450 0.349825 -0.115589 0.005438 -0.138572 -0.249568 0.493296 0.246098 -0.021297 0.263620 -0.375683 -0.138204 0.407449 -0.358320 -0.507895 -0.072725 0.647270 -0.134827 -0.374174 0.098907 -0.119002 -0.236846 0.838719 -0.185950 -0.354902 0.061730 -0.074064 -0.514601 0.195543 -0.394374 0.418624 -0.299568 0.998607 -0.256735 
0.277956 -0.141003 0.191036 -0.223387 0.103237 -0.419158 -0.302482 -0.364161 -0.245237 -0.218772 0.254457 0.291128 -0.023530 -0.266933 -0.228256 -0.668177 -0.076492 -0.959811 -0.029545 0.166887 0.578728 -0.170459 0.396578 0.027109 -0.100558 -0.144035 0.300581 0.144035 -0.030695 -0.042972 0.521431 0.241660 0.216160 -0.124410 0.023032 -0.060248 0.252877 0.455539 0.025063 0.038312 -0.228377 -0.195935 0.180242 -0.250017 -0.007564 0.047589 0.557507 -0.343155 -0.237645 0.070227 -0.015008 -0.292360 0.569296 0.121529 -0.456907 -0.491884 -0.172564 -0.896066 -0.040539 -0.307318 -0.127636 -0.168842 0.882022 -0.147130 
0.029981 -0.167536 0.012387 -0.196211 0.135626 -0.460312 0.031099 0.121596 -0.181220 0.043223 0.213878 0.105026 -0.095953 0.215824 -0.423622 -0.618936 -0.296202 -0.686552 0.018525 -0.042319 0.293097 0.069584 -0.004823 0.017402 -0.191516 -0.038756 0.048613 0.082265 0.063374 -0.000719 0.329719 -0.066838 -0.019582 0.114049 0.040275 0.116652 -0.030190 -0.028511 0.051976 -0.127829 -0.027051 -0.349603 -0.207099 0.069765 -0.094385 0.022072 0.012974 -0.082664 0.475060 -0.281803 -0.005257 -0.139586 0.276892 -0.044442 -0.003992 -0.184996 -0.544199 -0.682580 -0.139552 -0.397176 -0.070522 -0.252590 0.511127 -0.027384 
-0.089296 0.043367 0.120305 -0.155098 -0.034701 -0.341403 0.079953 0.018789 -0.070762 0.004645 0.002114 0.027758 -0.013335 -0.000698 -0.027648 -0.310652 -0.086746 -0.439710 0.010141 0.029825 0.018667 0.009221 0.072842 0.028449 0.073584 0.063795 -0.092846 0.009602 0.010783 0.053915 0.050094 -0.010301 -0.126569 0.021182 -0.000856 0.119917 0.076717 0.125154 -0.074803 0.027312 -0.093322 -0.272080 -0.289687 0.101906 0.056881 -0.021298 0.119993 -0.014692 0.239121 -0.036785 -0.031380 -0.124846 0.024502 -0.089311 -0.026071 -0.097769 -0.544143 -0.124302 -0.042366 -0.139672 -0.216893 -0.090261 -0.023122 -0.056673 
-0.051144 0.014396 0.045666 -0.040453 -0.059729 0.013079 0.040303 0.034065 0.006505 -0.054162 -0.005199 0.067201 0.010792 -0.056294 0.072227 -0.131670 0.028025 -0.104629 0.080374 0.051678 -0.024577 0.018846 -0.043258 0.052328 0.026388 0.075979 -0.015080 0.083490 -0.051615 0.045405 -0.024259 -0.052698 0.020790 0.042299 0.033917 -0.064547 -0.068382 -0.045611 -0.033444 0.051442 0.063975 -0.016349 -0.180788 0.117694 0.063304 -0.045704 0.055585 -0.024819 0.063906 -0.046490 -0.020133 0.082488 0.018828 0.068051 -0.048920 0.002673 0.069005 -0.048292 0.001263 -0.094933 -0.128540 0.007298 0.014752 0.032828 
-0.028954 0.008042 0.016473 -0.037918 -0.017871 -0.050898 0.080142 0.008371 -0.057321 0.027137 0.034335 0.051747 0.028007 -0.002092 0.019105 0.020133 -0.001045 0.010168 0.032497 0.016340 0.013136 -0.040475 0.039505 -0.071635 -0.035603 0.061012 -0.042375 0.082268 0.068631 0.038006 -0.075850 0.040978 -0.053696 -0.039038 -0.011950 -0.029829 -0.070827 -0.034669 -0.032220 -0.007709 -0.008977 0.031609 -0.035994 -0.068703 0.029843 -0.083140 0.081369 -0.084061 -0.070444 0.084064 0.016555 0.038406 -0.067784 0.017751 -0.073149 0.040830 -0.082928 -0.012689 0.039878 -0.081698 -0.032091 -0.045363 0.082262 0.055580 
-0.015970 0.005429 0.025715 -0.064585 0.043207 0.038211 0.031490 -0.075870 -0.055087 0.062193 0.082550 -0.043048 -0.021176 0.015759 0.044408 -0.034787 0.000778 -0.048007 -0.029139 0.073832 0.038930 0.007617 0.049835 0.027635 0.017048 -0.007545 0.005491 0.080850 -0.032949 0.034648 0.043653 -0.051704 -0.000013 -0.068477 -0.039875 0.071429 0.061895 -0.012622 0.013208 -0.052818 -0.078802 -0.021412 0.011631 -0.040147 -0.081153 0.036722 0.051021 -0.050199 0.067907 -0.078109 0.023106 -0.050179 0.052530 -0.027794 -0.015200 0.024190 0.068395 0.033452 0.025576 -0.069478 0.007442 -0.008772 0.037877 0.081934 
-0.042745 0.060319 0.047781 -0.012756 0.022567 0.079362 -0.003407 0.020755 0.084044 0.003304 -0.032990 0.007730 0.025247 0.000485 0.081046 -0.027737 0.033570 -0.008515 0.053891 0.066639 -0.008043 0.065006 -0.013731 -0.018095 -0.077544 -0.074664 0.024087 0.073935 -0.006323 -0.015559 -0.036722 -0.037657 0.034453 0.066213 -0.038381 0.033169 -0.074233 0.018147 0.070577 -0.079870 -0.027999 0.048654 -0.082642 0.068426 -0.068138 0.038191 -0.048664 -0.048849 0.015924 0.016581 0.033200 0.051704 0.007586 0.045214 -0.022444 0.004659 -0.017387 0.014157 0.014373 0.008387 -0.038227 -0.051719 0.059939 -0.079223 
-0.033705 -0.012239 0.003494 -0.058870 0.071038 -0.022533 0.001528 0.050160 0.030029 0.073841 -0.093286 0.022571 0.109056 0.053494 -0.018979 -0.050299 0.012527 0.046060 -0.004349 -0.062471 0.046026 -0.048055 0.031265 -0.000818 0.019016 -0.014877 -0.068345 0.004742 0.076377 -0.082126 0.064335 -0.034740 0.007578 0.030118 -0.120285 0.062768 0.002191 -0.010737 0.030681 0.062191 0.008575 0.000594 -0.046245 -0.062714 0.000496 0.034368 0.020599 0.090068 0.066616 -0.017862 -0.038048 0.023041 0.005957 -0.074824 -0.006681 0.109373 0.047547 -0.057155 -0.032968 -0.063213 -0.028703 0.092760 0.065340 -0.042584 
0.107733 0.022560 0.069114 -0.109643 -0.106933 0.291497 -0.043066 -0.152290 0.062632 0.036176 -0.090782 0.104036 0.082789 0.043673 -0.035648 -0.153183 -0.067336 -0.100547 0.060643 0.046242 -0.038129 0.070680 -0.121332 -0.096920 -0.106915 -0.084582 -0.064893 0.032512 -0.025529 -0.092786 -0.007686 0.080750 0.177805 -0.061306 -0.232436 -0.035966 -0.121016 0.184154 -0.020358 -0.022136 -0.012267 -0.030185 -0.297181 0.016599 0.007492 0.062949 0.126916 0.133778 -0.358166 0.011829 -0.091999 0.125944 -0.131824 0.075910 0.025255 -0.093346 0.073859 -0.082988 -0.128476 -0.078436 -0.192300 0.345113 0.014590 -0.307389 
0.220186 -0.042616 0.267923 0.068687 -0.037816 0.812178 0.189660 -0.131191 -0.207825 0.093471 -0.110763 0.228535 -0.024405 0.002532 -0.062230 0.028016 0.091380 -0.271558 0.417265 -0.141663 0.085612 0.168400 0.012920 -0.024642 -0.199518 0.054068 -0.167578 0.298574 0.028319 -0.314373 -0.217855 -0.120115 0.373208 -0.390316 -0.263500 -0.063353 -0.524588 0.268879 0.012253 0.088702 0.258290 -0.168673 -0.417882 0.181844 -0.080877 0.200601 -0.357465 0.161592 -0.420194 -0.001159 -0.062899 0.714214 -0.336636 -0.076524 -0.004617 -0.112490 0.055818 -0.017964 -0.353704 0.073589 -0.230882 0.245430 0.097703 0.070262 
0.090154 -0.040525 0.347400 0.044160 0.130414 0.951798 0.139522 -0.098187 -0.017294 0.269594 -0.402850 0.313880 0.159284 -0.155306 -0.221912 -0.292383 0.155247 -0.580631 0.552388 0.056835 0.210287 0.482997 0.112642 0.042163 -0.191679 -0.079330 -0.213676 0.516766 0.291222 -0.522978 0.023546 0.025253 0.601626 -0.425136 -0.272008 -0.087207 -0.231476 0.325718 0.204374 -0.118886 0.384061 0.176289 -0.431129 0.455896 0.032279 0.307062 -0.758759 -0.066237 -0.443143 0.201804 -0.200351 0.761232 -0.433572 -0.123915 -0.113265 0.150204 -0.022166 -0.100223 -0.124516 -0.108182 -0.201877 0.185666 -0.031458 0.490846 
-0.208228 -0.174210 0.241906 -0.106755 0.754371 -0.079631 0.659023 0.034484 -0.209299 0.733086 -0.844968 0.388455 0.434056 -0.387335 -0.433889 -0.205837 0.100144 -0.364917 0.534704 -0.098949 0.454733 0.128660 -0.356682 0.466669 -0.364192 0.112693 -0.452558 0.439321 0.555365 -0.494146 0.466161 -0.836197 0.939412 0.102074 -0.363232 -0.229504 -0.449054 0.347433 -0.117109 -0.462573 0.080936 0.723138 -0.557617 -0.268103 -0.056757 0.002228 -1.043768 -0.364975 -0.498541 -0.503363 -0.574391 0.689768 -0.441526 -0.259244 0.252353 0.309972 -0.187775 -0.266014 1.013928 -0.152554 0.415178 -0.463102 -0.592199 0.956521 
-0.403288 -0.310131 0.363070 -0.142599 0.670225 -0.969844 0.212096 -0.214276 0.141288 0.639038 -0.665700 0.243902 0.551832 -0.664299 -0.135469 0.340116 0.060563 -0.436621 0.106889 -0.185603 1.106099 0.348468 -0.784985 0.705848 -0.836622 -0.139297 -0.521814 0.412906 0.291259 -0.482981 0.491941 -1.631773 0.871805 0.319491 -0.595253 -0.277696 -0.708121 0.435496 -0.198676 -0.638122 0.578273 1.379185 -0.236623 -0.346635 -0.570101 -0.108167 -0.559269 0.354349 -0.167551 -0.583349 -0.652434 0.706349 -0.104204 -0.437349 0.063606 0.146819 -0.419626 -0.573071 0.937197 -0.489789 0.706245 -0.818791 -1.082305 1.132017 
0.262216 -0.082858 0.113817 -0.133744 0.658438 -0.756661 -0.629531 -0.560723 1.174818 -0.760374 -0.733149 0.343883 -0.018983 -0.586879 0.153494 0.637824 -0.604390 -0.027703 -0.019430 -0.464803 0.274896 0.465155 -0.463473 0.451383 -1.097040 -0.228229 -0.127227 0.565448 -0.060521 0.249287 -0.058490 -0.252734 0.929492 0.349770 -0.237134 -0.795338 -0.060374 0.231297 -0.224414 -0.620190 0.983159 0.594266 -0.658117 0.032231 -0.062014 -0.101853 0.312186 -0.586306 -0.423173 0.452977 -0.235058 0.250543 -0.112544 -0.470493 -0.635524 0.220287 -0.388055 -0.429699 0.442315 -0.706572 0.356549 -0.100502 -1.374261 0.306769 
0.007107 0.080519 -0.231351 -0.693777 0.274706 -0.405629 -0.374133 -0.273263 0.245280 -1.664829 -0.463284 0.962760 0.642477 -1.157828 0.150830 0.733645 -0.795132 -0.239864 -0.212215 -0.021045 -0.038138 0.257476 0.078867 0.946814 -1.160991 0.437395 -0.373374 0.411061 0.357002 -0.046379 0.253981 -0.537394 0.457780 -0.006127 -0.172233 -1.205608 0.437371 -0.001852 0.265889 -0.461283 0.286472 0.342353 -0.479248 -0.276674 0.086881 0.426067 -0.079451 -0.295277 0.137283 0.343749 -0.685393 -0.106681 -0.036442 0.291062 -0.922087 -0.282835 -0.048968 0.008258 0.213588 -0.555089 -0.325866 0.157973 -1.376569 0.639582 
0.310584 -0.322725 -0.834441 -1.373751 1.199318 0.949964 0.137036 -0.002159 -0.096006 -1.212076 0.652138 2.269461 0.808941 -1.143348 -0.004569 0.697322 -0.489592 0.023465 -0.174840 -0.098186 -0.569841 0.096512 -0.111777 0.195797 -0.909913 0.405104 -1.027555 1.506409 -0.413677 0.107236 0.171750 -0.204763 1.147223 0.384585 0.034741 -0.866344 -0.089210 -0.249235 0.244568 -0.068350 0.156754 0.369047 -0.260638 0.423591 -0.076828 0.898448 -0.555665 -0.112304 0.309563 -0.815893 -1.082956 -0.127246 -0.036577 0.460189 -1.084755 -0.276771 0.634537 -0.269487 0.099844 -0.533298 -0.655761 0.992836 -0.374694 0.591192 
0.987252 -0.486648 -0.333490 -0.148141 0.868229 1.065595 0.558941 -0.451757 0.114577 -0.648958 1.004400 3.129724 1.034247 -1.277106 0.775189 0.038163 -0.034871 -0.223348 -0.800985 0.073778 0.261114 -0.553447 0.151863 0.549202 -1.121858 0.414605 -0.778423 1.261186 -0.100852 -1.242039 0.178093 -0.146085 1.127233 -0.661504 -0.618074 -1.168222 0.187486 -0.354647 0.264360 -0.927192 -0.072634 0.195540 -0.229079 -0.190152 -0.457786 0.464797 0.207309 -0.535040 -0.756446 -0.528375 -0.429358 0.404805 -0.472288 0.083988 -0.586632 -0.234976 0.418642 -0.991758 -0.291068 0.086029 0.474971 0.298909 -0.507678 0.992761 
1.173718 -0.675899 -0.706135 -0.280759 0.303846 0.210756 -0.102313 -0.484459 1.178870 -1.752369 0.576697 1.648028 0.813615 -1.172142 0.869266 0.107536 0.315933 -0.055082 -0.436009 0.648569 -0.171108 -0.387844 0.066049 -0.459289 -1.511364 0.736496 -0.751361 -0.872270 0.385788 -0.437664 -0.988563 -0.531128 -0.199870 -0.733855 0.564838 -0.605029 0.773000 0.388592 0.517058 0.035552 -0.220399 -0.316933 0.272475 -0.825783 -0.321711 0.347313 1.090951 -0.427606 -1.410255 0.935036 0.087461 -0.770882 -0.166450 0.487082 -0.998900 -0.100399 0.468823 -0.280472 0.271838 0.024591 0.617164 -0.863902 0.005894 0.912507 
1.250479 -0.581545 0.131158 -0.508805 -0.697035 -0.582219 0.282594 0.046612 0.917201 -0.891160 0.073880 0.810092 0.431930 -0.968656 0.109433 -0.712337 -0.770133 -1.364678 -0.339351 0.402186 -0.295005 0.126409 0.646330 -0.374018 -1.233955 0.604345 -0.532778 -0.131577 -0.810895 -0.032561 -0.895806 -0.465680 0.243807 -0.175096 1.183270 -0.386852 0.456695 1.142767 0.436718 -0.238705 1.049347 -0.449244 0.597265 -0.283305 -0.330218 -0.811417 1.004730 0.053017 -1.366438 0.459134 -0.463553 0.123782 -1.361275 0.137712 0.644757 -0.364101 -0.095434 -0.519518 0.078133 -0.401615 0.483791 -0.730714 0.088931 -0.015941 
0.566649 0.281461 -0.310633 -0.462515 -0.402726 0.424276 -0.157264 -0.149111 0.073070 0.161035 0.179765 0.284631 1.271480 -0.685516 -0.006520 -0.819030 -0.497174 -0.273108 0.341338 -0.176094 0.997492 -0.317132 0.226925 -0.543185 -0.146222 0.725897 -1.007746 0.937457 -0.434737 -0.760000 0.304066 -1.212950 0.570952 -0.225213 0.875256 -0.048212 -0.059403 1.271869 -0.159108 1.378305 -1.461316 -0.786634 -0.334107 0.260493 0.608081 -0.081496 0.574719 -0.485169 -1.111396 0.485104 -1.606638 -0.507692 -1.283964 -0.591603 0.460357 -1.079307 0.336647 -0.652606 -0.038759 -0.228208 0.440908 -0.115004 0.357824 -1.039712 
0.751900 0.762813 -0.165937 -0.108549 -0.056149 -0.351504 -0.515450 0.389385 0.499786 -0.436970 -0.873810 -0.045485 0.336338 -0.682892 -0.757938 -0.345004 0.075034 -0.378724 0.450540 -0.470557 0.897448 -1.107211 0.163499 0.284992 0.725594 0.394579 -0.973187 0.087314 -0.422932 -0.984750 0.316947 -0.133119 -0.477487 -1.321963 0.339980 0.243613 -0.215686 1.021933 0.117532 0.639836 -0.745554 -0.286330 -0.462331 0.124029 -0.157646 -0.311570 1.378388 -0.251605 -1.268535 0.007002 -0.411814 -0.234953 -0.717378 -0.294426 -0.118840 -0.611229 -0.123506 -1.192477 -0.324065 -0.192152 0.052014 0.029751 0.528440 -1.394714 
0.485957 -0.048519 0.103679 0.585448 0.394825 0.626677 -0.179489 0.018828 -0.203560 -1.058081 0.154265 -0.115480 -0.299145 -1.188118 -0.647691 -0.805936 -0.643776 -0.274992 -0.259647 -0.287594 0.805906 -1.260172 1.070893 0.122509 0.979165 0.967515 -0.446445 -0.138662 -0.739535 -0.002848 -0.474767 -0.037478 -0.262658 -1.050611 0.111446 0.110182 0.611744 0.706245 0.594078 1.159658 -1.192450 0.660585 -0.527367 0.253588 -0.202857 -0.380564 1.132932 -0.508370 -1.354712 0.131659 -0.163323 -0.021943 0.450006 0.078660 -1.165346 -0.709405 1.355154 -1.551731 0.045306 -0.387628 -1.075809 -0.217316 -0.216516 -1.349101 
0.045652 0.512565 -0.736883 0.152362 0.225967 -0.160048 0.749644 0.147086 -0.044066 -1.583390 -0.512217 0.318106 -1.081936 -1.183899 0.115110 -1.239079 -0.664526 -0.623683 -0.273578 -0.341050 1.247455 -0.840914 0.299384 0.280212 1.619535 0.829500 -0.502833 0.082387 -0.897049 0.651800 -0.187121 -0.165898 0.173024 -0.952787 -0.656587 -1.094081 0.421915 0.490631 0.107421 0.281453 -1.073609 0.394765 -0.844879 0.027862 -0.313290 0.024410 0.773270 -0.247863 -1.801689 -0.132731 -0.381660 -0.397624 0.686194 -0.892396 0.250129 0.582870 0.290130 -1.262893 0.051805 -0.893780 -0.296549 -0.447185 -1.582303 -1.355300 
0.888645 -0.309858 -0.697458 -0.149844 -0.106377 -0.285829 -0.136702 0.434992 1.193734 -1.327092 -0.820437 1.351652 -0.395694 -0.258430 -0.751176 -0.477597 -1.249083 -0.762205 -0.290036 -0.407083 0.245202 -0.560192 -0.635603 0.355117 1.102365 0.325278 0.378232 -0.108961 -0.017913 -0.068685 0.517719 0.045952 -0.345369 -0.360899 -0.840668 -0.697431 -0.550786 -0.508633 -0.541686 0.268514 -1.475597 0.172338 -0.251389 0.763366 -0.125953 -0.388888 1.334327 0.514501 -2.090509 -0.297595 -0.558578 -0.739318 0.744132 -0.269392 0.271902 0.675376 0.261891 -0.896762 -0.456156 -0.664451 -0.254395 0.370874 -0.571651 -0.682026 
0.293524 -0.042532 -0.199193 -0.590484 -0.514842 -0.788879 0.151179 0.595774 0.990286 -0.773964 -0.283525 0.754150 -0.195973 -0.417820 -0.972850 0.303326 -1.020988 -0.168477 -0.086451 -0.221012 0.777852 -0.762414 -0.326022 0.167244 -0.811556 -0.526818 0.512098 0.110808 -0.041988 -0.456646 0.346243 -0.447972 -0.903385 -0.812461 -1.032401 0.291954 -0.634367 0.537346 -0.315430 -0.234301 -1.063969 -0.150190 0.386377 0.498576 0.266556 -0.470498 0.836233 -0.089521 -2.199447 -0.074877 -0.000739 -0.429920 1.371838 0.321025 0.162465 0.515281 0.035283 -0.439422 -0.280546 -0.025282 -0.166858 -0.031513 -0.251910 -0.450217 
0.249300 -0.766433 -0.224848 0.143805 -0.890281 -0.533269 0.227062 -0.460159 0.986583 -0.285824 0.239440 0.233622 -0.137016 -0.074184 -1.346467 -0.192844 -0.830445 -0.911648 0.202798 0.439923 0.731639 -0.599457 -0.311611 0.129308 -0.348740 -0.531088 0.099603 -0.068631 0.108505 -0.182630 0.141452 -0.772234 -0.557702 -0.315321 -0.633447 0.015373 -0.305621 0.469133 0.088455 0.006983 -0.794727 -0.507215 -0.149424 0.368219 -0.022099 -0.251961 0.856448 0.124738 -1.225433 0.673047 0.251400 -0.242010 1.459402 0.128852 -0.280382 0.498856 -0.533334 -0.437609 -0.488958 0.608717 -0.304730 -0.498091 0.342835 -0.523592 
0.348487 -1.301690 0.074892 -0.064024 -0.322022 -0.460549 -0.264188 -0.319446 0.549591 -0.249529 0.130160 0.291185 0.031089 -0.214545 -0.788711 -0.781412 -0.600522 -0.214755 -0.400211 -0.059816 0.008345 -0.285823 -0.031578 0.381997 1.078797 -0.547134 0.455643 -0.138910 -0.148724 -0.014534 1.014798 -0.406096 -0.228387 0.774912 -0.466330 0.106592 0.292592 -0.374071 -0.280266 0.249308 -0.546197 -0.343849 -0.016436 0.208532 -0.453978 -0.229469 0.696165 0.521242 -0.715242 0.188329 0.136521 -0.828296 0.818562 -0.294757 -0.355975 0.380836 -0.271674 -0.180937 -0.271280 0.283173 0.074457 -0.607138 0.699139 0.022113 
0.034962 -0.536377 0.320931 0.348632 -0.002442 -0.438565 -0.240071 -0.072312 0.307544 -0.147089 0.345247 0.073097 -0.250890 -0.224842 -0.205709 -0.447614 -0.012165 -0.766461 -0.197676 -0.054869 0.406286 -0.192133 0.089667 -0.149786 0.277927 -0.338835 0.658146 -0.002669 -0.176655 -0.123996 0.742815 0.087339 -0.015822 0.168536 -0.130164 -0.521634 0.084215 -0.204584 -0.186659 0.313371 -0.274933 -0.229015 -0.018652 0.200536 -0.280499 -0.120497 0.693598 -0.292401 -0.332370 0.053911 -0.043588 -0.581092 0.509794 -0.263240 -0.303020 0.051000 -0.061781 -0.190921 -0.130780 -0.296826 0.191383 -0.362830 0.756457 -0.065496 
-0.003220 -0.459247 0.173614 0.111173 0.087144 -0.295631 -0.263625 -0.115273 0.174983 -0.283079 0.233800 0.142939 -0.160130 -0.254150 -0.155365 -0.427813 -0.017725 -1.154853 0.031797 0.073622 0.244163 -0.146280 0.000427 -0.244607 -0.208077 -0.039508 0.233057 0.049050 -0.035463 0.002784 0.436448 -0.016519 0.072208 0.059630 -0.002962 -0.315113 0.137288 -0.127706 0.071238 0.112474 -0.263987 -0.343721 -0.252972 0.365135 -0.127716 -0.022518 0.289164 -0.390891 0.121993 -0.066874 0.002041 -0.251880 0.455543 0.076128 -0.153945 -0.378728 -0.222895 -0.518338 -0.101746 -0.390275 -0.252961 -0.141258 0.598014 -0.067663 
0.011342 -0.030589 -0.157769 0.025754 0.154213 -0.187689 -0.103576 -0.061982 0.022697 -0.045801 0.199893 0.044880 -0.133696 -0.104935 -0.374999 -0.452073 0.095609 -0.807374 -0.041938 0.054048 -0.014749 0.053954 -0.130427 0.051126 -0.148980 0.052770 -0.063792 0.052172 -0.028242 -0.159872 0.197587 -0.126303 -0.020664 -0.017946 0.074292 0.218873 0.155856 -0.048984 0.002225 0.050220 0.018409 -0.223898 -0.335398 0.162607 0.051137 0.099625 0.073021 -0.133651 0.329500 -0.411312 0.007442 -0.160403 0.141391 -0.045407 -0.039333 -0.278158 -0.460947 -0.706425 -0.053129 -0.254269 -0.186931 -0.027452 0.323178 -0.005421 
-0.014871 0.093446 0.009937 -0.088318 0.124766 -0.292897 -0.083364 -0.030655 -0.041735 0.042726 -0.022119 -0.037674 -0.057910 0.038842 -0.081632 -0.219830 -0.010045 -0.247469 0.007044 0.088076 -0.115926 0.016409 0.012438 0.064492 0.039639 -0.046887 -0.169821 0.084692 -0.017434 -0.075811 -0.051171 -0.019209 -0.155239 -0.011342 0.063146 0.070433 -0.020474 0.058264 0.016331 0.240482 0.042007 -0.180841 -0.188496 0.236071 0.015176 -0.070198 0.078314 0.010518 0.108543 -0.047729 -0.024753 -0.049699 0.091779 0.002873 -0.118218 -0.175167 -0.118858 -0.084958 0.028471 -0.121529 -0.222933 0.016142 -0.054708 0.050052 
-0.041978 0.072198 -0.007304 0.048599 -0.024060 0.004191 0.023881 -0.102871 -0.046501 -0.068356 -0.051013 0.086542 -0.031973 -0.013168 0.067627 -0.105016 0.040431 0.009534 0.065913 -0.023968 -0.097711 0.012363 0.012793 -0.041150 -0.040765 0.055526 0.042626 -0.066884 0.032516 0.060252 -0.009248 0.048859 0.031284 -0.087348 -0.049064 0.061531 -0.018669 -0.018148 0.021818 0.092041 -0.070147 -0.103915 -0.019706 0.047278 0.055074 0.018310 -0.036187 -0.068874 0.055784 -0.082156 0.007195 -0.019576 -0.061585 -0.069770 -0.094676 -0.095517 0.003686 0.006838 -0.056634 0.084807 -0.014674 0.027050 0.086121 0.000588 
0.078088 0.065515 -0.050985 -0.003227 -0.060514 0.039957 -0.018136 -0.072477 0.029462 0.044829 0.051396 -0.062629 -0.049157 -0.044921 0.024185 0.017587 0.031537 -0.015225 -0.045271 0.017556 -0.072353 -0.064221 0.005080 -0.008880 -0.039253 0.001702 0.072934 0.071404 0.000331 0.019856 0.037898 0.005568 0.039397 0.036620 -0.062978 0.079131 -0.033975 -0.079777 -0.030156 0.028384 -0.012782 0.045065 -0.019343 0.025833 0.048859 -0.059610 0.000403 0.000691 0.044634 -0.044234 -0.018003 0.033549 -0.000999 -0.023830 -0.025150 -0.062213 -0.001871 0.070803 0.050107 -0.074402 0.063302 -0.031490 0.044732 -0.033349 
0.077303 0.056879 -0.049963 0.073622 -0.041872 -0.043304 0.003448 -0.036199 0.022367 0.060550 -0.036922 -0.005435 0.050307 0.068523 -0.011216 -0.028692 0.023209 0.077965 -0.082596 0.080979 0.035536 -0.057392 0.028795 0.044983 -0.002826 -0.065479 -0.077837 0.071809 -0.006826 -0.061731 -0.054795 0.039479 0.065515 0.042560 -0.055097 -0.016422 -0.052120 -0.073036 -0.049219 0.003253 0.041471 0.077195 0.082981 -0.030869 -0.042971 0.039531 -0.078170 0.005727 -0.051262 -0.055698 0.014825 -0.055015 0.050923 0.004361 0.037646 0.069601 0.056340 0.012509 -0.013644 -0.003186 0.025740 -0.063271 -0.073180 0.040090 
-0.074956 -0.063805 -0.032173 0.048906 -0.069453 0.055493 0.021694 0.063974 -0.001604 -0.061038 0.009367 -0.024796 0.070556 0.000321 0.073801 -0.003802 0.018249 0.015164 -0.055431 -0.016232 0.022033 -0.063610 0.045640 -0.079012 -0.015077 0.077749 -0.043638 -0.071296 0.023533 0.081903 0.014091 -0.063025 -0.039305 0.043078 -0.013844 0.073154 0.032846 0.004202 -0.073426 0.047437 0.062573 0.020811 0.005296 -0.061438 -0.017346 0.039982 0.051247 -0.012540 -0.028620 -0.063959 -0.028975 -0.049065 0.057187 -0.039469 -0.065961 -0.002565 -0.023984 -0.070474 -0.028297 -0.004331 -0.019482 -0.070757 0.068559 0.019338 
0.010791 0.022263 0.063665 -0.085539 0.013727 0.054956 0.059472 -0.014522 -0.044185 0.060293 -0.088595 0.027826 -0.066908 0.021180 -0.017273 0.005361 -0.070878 0.050864 -0.069973 0.004935 0.060404 0.075407 -0.073489 -0.000407 -0.069020 0.055634 -0.075989 0.089399 0.021137 -0.016781 -0.051085 0.029394 0.008178 0.057591 -0.025736 0.051274 0.062708 0.072421 -0.043373 -0.018754 0.082857 -0.055085 0.021386 -0.045552 0.073848 -0.094905 -0.048835 0.088506 0.061307 0.056760 -0.057451 0.048147 0.062724 0.041316 0.083525 0.000600 -0.022797 0.003587 -0.034385 0.043435 0.065381 0.035859 0.056190 -0.020729 
0.085225 0.044484 0.103503 -0.054398 -0.066918 0.263677 0.042418 -0.048648 0.021416 0.117639 0.003773 0.101874 -0.019271 -0.019643 -0.023672 -0.062235 -0.062080 -0.017308 0.025233 -0.005739 0.075767 -0.017012 -0.108583 -0.073411 -0.068455 -0.050185 -0.222685 0.058046 -0.048852 -0.122108 0.058194 -0.024389 0.188458 0.005332 -0.153085 0.047790 -0.070736 -0.024613 0.008069 0.041127 0.062499 0.041653 -0.287873 0.025383 -0.072578 0.033508 0.037588 0.046289 -0.342325 -0.004906 0.005366 0.077579 -0.132454 -0.035521 -0.025743 0.038325 0.027564 -0.003581 0.005690 0.009150 -0.081776 0.244164 -0.044084 -0.280069 
-0.004565 -0.037155 0.346668 0.105782 0.063474 0.490172 0.003520 -0.048871 -0.307375 0.447810 -0.110966 0.141706 -0.017767 -0.048485 0.278538 -0.188620 -0.021948 -0.216021 -0.076162 -0.203439 -0.032103 0.116977 -0.035369 0.070105 -0.014832 0.196477 -0.140824 0.271412 -0.017686 -0.216490 0.166371 -0.323802 0.391209 -0.008601 -0.070987 -0.071675 -0.153292 0.050379 0.019729 0.047321 0.272587 0.238148 -0.260833 0.386874 0.049225 -0.125669 -0.519769 0.137145 -0.236985 -0.125677 -0.076380 0.382168 -0.204673 -0.238164 0.067915 0.049403 -0.015046 -0.077617 -0.093640 0.010912 -0.050168 0.028154 -0.109728 -0.300996 
0.015199 0.064947 0.435667 0.167734 0.306185 0.975577 0.102398 0.013985 -0.533574 1.226043 -0.135047 0.236905 0.051238 -0.170798 0.672290 -0.715408 0.080362 -0.290321 -0.231666 -0.395372 -0.118178 0.050825 -0.129571 0.351385 0.050192 0.321543 -0.151905 0.616148 -0.098264 -0.417309 0.030922 -0.648075 0.742251 0.297111 -0.079670 -0.137967 -0.303108 -0.027492 -0.010504 -0.287736 0.592581 0.231461 -0.543241 0.380642 0.190042 -0.222215 -1.241501 0.015590 -0.260169 -0.140312 -0.217159 0.481153 -0.292475 -0.220527 0.297487 0.149875 -0.135244 0.037583 -0.203167 -0.082706 -0.265042 0.192758 -0.347544 0.294487 
0.095275 0.010533 0.123923 0.377300 0.642199 0.747449 0.362222 -0.070363 -0.509706 1.504826 -0.510738 0.081972 0.082239 -0.715803 0.241258 -0.951379 -0.040383 -0.221818 0.088648 -0.477974 -0.005894 0.148978 -0.392291 0.045569 -0.096737 0.065241 -0.963484 0.906631 -0.145063 -0.049286 0.280950 -1.265467 1.083122 0.655257 -0.600647 -0.119312 -0.497833 0.113015 -0.441938 -0.610757 0.377666 0.533827 -0.275058 0.355244 0.124708 -0.836189 -0.559388 0.036148 -0.251058 -0.441229 -0.303292 0.255275 -0.420853 -0.572746 0.392226 0.001001 -0.409913 -0.302627 -0.275974 0.017718 -0.268051 -0.099331 -0.501729 0.311603 
0.157651 0.055202 0.290767 -0.434558 0.606452 0.536574 0.394629 -0.510910 0.001680 1.287168 -0.176192 0.225895 0.603008 -0.523934 -0.430629 -0.220328 -0.185317 -0.149864 0.012503 -0.487348 0.185259 0.241849 -1.167266 0.124937 -0.293475 0.299074 -0.529480 0.903878 -0.578192 0.337956 0.488436 -1.609852 1.342197 0.435538 -0.471350 -0.207251 -0.531360 0.509197 -0.829043 -0.923637 0.546827 0.330037 -0.400793 0.157270 0.238605 -0.001592 -0.582966 0.161963 -0.456772 -0.617088 -0.090367 0.133445 -0.310546 -1.255160 0.393100 0.062825 -0.675454 -0.527641 0.179490 -0.212548 -0.361218 -0.148937 -0.405232 0.970529 
-0.052241 -0.268836 0.570497 -0.452310 0.023633 0.112791 0.455165 -0.730187 0.728787 -0.168660 -0.144375 0.244173 0.463043 -0.360291 -0.406098 0.123783 -0.144684 -0.460944 0.158692 -0.147384 -0.007601 0.203898 -1.033510 0.467723 -0.308927 0.375283 -0.299372 0.715484 -0.438306 0.509100 0.388848 -1.423923 0.938328 -0.104705 -0.230285 -0.501829 -0.149052 0.180975 -0.450866 -0.804923 0.298084 -0.268118 -0.472127 0.217356 0.198395 0.445646 -0.099296 0.390482 -0.394372 -0.276367 -0.290688 0.347740 -0.280837 -1.356537 0.003871 -0.201331 -0.626671 -0.637099 0.155641 -0.347696 -0.449571 -0.133939 -0.366000 0.732750 
0.241450 -0.283703 0.297906 -0.267231 -0.443519 0.104914 0.603074 -1.184736 0.155431 -0.401115 0.175960 0.587136 0.417933 -0.661780 -0.716131 -0.400427 0.357288 -0.555010 0.307727 0.331975 -0.041378 0.855377 -0.533224 0.446469 -0.381636 0.256555 -0.607496 0.522184 0.374999 -0.059750 0.219510 -0.847086 0.631698 -0.394630 -0.555593 -0.490355 0.816995 -0.108355 -0.121516 -0.208944 0.287072 -0.515934 -0.787409 0.010890 0.114046 0.397994 -0.105379 0.667327 -0.395869 -0.021753 -0.838317 0.292629 -0.439453 -0.765219 -0.393302 -1.183046 -0.567155 -0.573930 0.316094 -0.578594 -0.455861 -0.435085 -0.214459 0.912006 
0.444029 0.295574 -0.065511 -0.321421 0.594325 0.495007 1.144666 -0.236421 -0.686177 -0.580456 0.153035 0.052859 -0.413722 -0.975101 -0.038678 0.124109 0.906593 -0.589148 -0.074306 -0.157091 0.433959 0.606822 -0.397979 0.369564 -0.424831 0.926631 -0.687460 1.092636 0.111793 -0.132604 -0.258325 -1.922915 0.597547 -0.965993 -0.748884 -0.635400 -0.041878 -0.254574 0.160664 0.242196 0.801731 -0.070864 -0.575432 0.836353 0.343630 0.495143 0.499053 -0.179091 -0.544252 -0.631127 -0.263222 -0.198892 -0.722680 0.089201 -0.210234 -0.472393 -0.279767 -0.751913 -0.121865 -0.315659 -0.622512 -0.925692 -0.055586 0.752815 
0.729642 0.338736 -0.044900 -0.201945 0.899206 -0.378263 1.094409 -0.347557 -1.178373 -0.016226 0.643067 -0.373657 -0.259489 -0.543652 -0.054040 0.325694 0.378532 0.138726 0.197280 -0.135781 0.405463 0.116525 -0.234734 -0.050641 -0.581059 0.824461 -0.631643 0.813663 0.067017 -1.249065 0.074073 -2.059307 -0.172235 -1.368692 -0.247590 -1.189570 0.244482 -0.359433 -0.116412 0.269400 0.509449 -0.073506 -0.652607 0.599571 -0.595317 -0.028232 1.313328 -0.717093 -1.215377 -0.281350 0.298989 0.013918 -0.522166 0.812332 0.352959 -0.718012 0.049433 -0.992996 -0.080935 -0.466795 -0.203479 -0.659710 0.118605 1.446535 
0.516365 0.127151 0.163150 -0.390888 0.620051 -0.251635 0.402698 -0.599913 -0.112650 -0.988368 0.314613 -0.405329 -0.032976 -0.579652 0.353889 0.441016 -0.158225 -0.230248 0.953939 -0.372190 0.773327 -0.076494 -0.097777 -0.102143 -1.196398 0.661396 -0.298009 -0.348878 0.468996 -0.717797 -0.659499 -1.211226 -0.339544 -0.655558 0.744033 -0.324974 0.569050 0.063927 0.208200 0.765617 1.303344 -0.450867 -0.045637 0.337721 -0.636065 0.689995 0.972632 0.243033 -1.590554 -0.462284 0.191210 -0.830643 -0.099043 1.160854 -0.343462 -1.492868 -0.211892 -0.575734 0.524297 -0.902549 0.299918 -0.454940 -0.401137 1.157946 
0.476134 0.170636 -0.099870 0.042580 -0.108199 -0.824573 0.528761 0.149180 -0.144002 -0.267598 0.342721 0.068321 0.201359 -0.285889 -0.057416 0.251209 -0.719898 -0.159203 1.166745 -0.405480 0.321968 -1.040484 -0.181722 -0.525486 -1.403486 0.102985 -0.516576 0.396161 -0.150278 -1.185211 -0.343600 -0.732135 0.721808 -0.028231 0.741885 0.253181 0.410771 0.733801 -0.533340 0.271943 1.069548 -1.004269 -0.577506 0.049545 -0.750030 0.892368 1.052188 0.189591 -1.149466 -0.713358 -0.587537 -0.792024 0.017590 0.635253 0.376203 -0.325434 -0.001569 -1.359028 -0.019995 -0.724033 -0.185986 0.187940 -0.901017 0.142170 
0.013185 -0.191873 -0.178843 -0.577516 0.246419 -0.391243 -0.162604 -0.638197 -0.480854 -0.264314 -0.214149 0.674311 0.910581 -0.389604 0.132340 -0.009286 -0.537911 0.250771 0.783797 0.117322 0.098611 -0.808193 -0.876061 -0.165830 -0.586838 0.595971 -0.563298 0.453067 -0.390790 -1.206002 1.553761 -0.670254 1.434771 -0.602523 0.299276 0.567634 0.449760 0.675302 -0.811803 0.572655 -1.206164 -0.586340 -0.487137 0.184337 -0.908709 0.681317 0.897343 0.127224 -0.872246 -0.665681 -0.836594 -0.767708 -0.447767 0.115796 0.600273 -0.214780 0.427713 -0.890487 -0.169718 -0.329039 0.282274 0.293529 -0.562906 -0.741777 
-0.432243 -0.512233 0.188099 0.436625 -0.463685 -0.792400 -0.832959 -0.493904 0.328420 -0.717666 0.663981 0.061676 0.455987 -0.345738 0.213865 -0.106147 0.135586 -0.361072 -0.104401 -0.225940 1.651234 -1.438731 -0.712521 0.155058 0.690677 -0.046414 -0.126154 -0.469478 -0.209393 -0.109807 0.336922 -0.249140 0.082400 -1.612605 -0.004214 0.207234 0.926981 1.026657 0.206854 0.057252 -0.193723 -0.147196 -0.487482 0.427564 -0.908879 -0.106683 0.326958 -0.256194 -0.713353 -0.374807 -0.067500 -1.097120 -0.303469 0.132660 -0.444808 -0.804363 -0.505879 -1.714913 0.102605 0.013658 0.030285 -0.163475 -0.369697 -1.498251 
0.215445 -0.793914 -0.680546 0.771677 -0.164070 0.256665 0.304705 -0.659522 -0.483962 -0.810837 -0.025309 -0.127132 0.165015 -1.023455 0.131387 -0.140011 -0.037803 0.076946 -0.738258 -0.152822 0.261117 -0.633712 -0.747669 -0.591717 1.154079 0.609425 -0.128182 -1.194777 -0.191546 -0.423243 -0.285077 -0.171525 -0.349332 -0.216464 -0.669340 0.124248 0.137948 1.103254 -0.226345 -0.299967 -0.356502 0.157616 -0.877092 0.304101 -0.064693 -0.088733 0.531203 0.688572 -0.805748 0.196998 0.176146 0.237184 0.545762 -0.206148 -0.753508 -0.593468 0.689866 -1.021084 -0.032694 0.034033 -0.031307 -0.408728 0.070430 -2.038033 
-0.178981 -0.046078 -0.109778 -0.361574 1.056945 -0.465478 0.814672 0.122206 -0.146979 -1.103226 -0.618256 1.078629 -0.203096 -0.925836 0.387583 -0.193641 0.255338 0.059920 0.171125 -0.214194 -0.493001 -0.335123 0.005504 0.432788 1.758258 0.656927 0.088857 -0.804399 -0.164750 0.425725 1.561203 -0.203483 0.622213 -0.085641 -1.411634 0.171289 -0.503788 1.681853 -0.281600 0.562874 -0.406945 -0.353572 -0.528752 -0.942678 0.282746 -0.281968 0.293804 0.232849 -0.606256 -0.688848 0.071462 0.218844 0.259004 -0.909395 -0.081706 -0.481021 -0.327316 -0.789758 -0.312916 -0.522001 0.178545 0.043302 -0.827103 -1.754188 
-0.015963 0.445969 -0.378412 -0.020389 0.285488 -1.070090 0.265970 0.513401 0.766476 -1.410991 -0.512844 1.070252 -0.282811 -0.643886 -0.463930 -0.103025 -0.818157 -0.381610 0.502574 -0.234697 0.255494 0.098835 -0.620337 0.501009 1.127038 0.174618 0.233026 -0.963691 0.071692 0.650837 0.512221 0.001987 -0.579838 -0.131599 -0.999037 -0.189268 -0.305657 0.918222 -0.373892 0.310093 -0.297695 -0.748801 -0.348978 0.125856 -0.319825 -0.708498 0.962608 0.280322 -1.228511 0.160129 -0.035338 -1.407383 0.459714 -0.156283 -0.109495 0.341620 -0.563866 -0.471122 -0.414437 -0.840716 -0.250386 -0.161011 -0.421004 -0.775319 
0.015575 0.554134 -0.513263 -0.019739 0.001570 -1.594149 -0.613391 0.862609 0.989012 -0.699602 -0.123459 0.883191 -0.324538 -0.049141 -0.734658 -0.042503 -0.067744 -0.192008 -0.007084 -0.092949 0.472125 0.120579 -0.573488 0.292860 0.329879 -0.051892 0.233582 -0.891708 -0.079829 -0.126030 0.158199 -0.758701 -0.846153 -0.205280 -0.796567 -0.119538 0.047410 0.672038 0.192489 -0.065616 -0.489743 -0.732292 -0.391606 0.441058 0.537228 -0.309900 0.408163 -0.489460 -1.523279 0.511614 0.123599 -1.060249 0.833628 -0.303951 0.186311 0.440392 -0.712110 -0.254900 -0.490851 -0.246143 -0.526165 -0.521320 -0.016542 -0.436726 
0.217565 -0.548542 -0.547389 0.456699 -0.301099 -0.647676 -0.207663 0.187481 0.885718 0.071905 0.215851 0.397909 -0.392964 -0.525506 -0.677165 -0.250523 -0.418213 -0.591939 -0.097093 0.037633 0.934713 0.042108 -0.575384 0.033934 0.963378 -0.390332 -0.214190 -0.457297 0.008143 -0.290341 0.175911 -0.852866 0.178179 0.629535 -0.582768 -1.017176 0.058990 -0.144808 -0.115379 -0.486234 -0.172720 -0.379061 -0.672278 0.705396 0.430546 -0.108066 0.368366 -0.162383 -1.243384 0.276595 0.408305 -0.551375 0.593620 -0.272753 -0.297334 0.357785 -0.683714 -0.098750 -0.445878 0.155368 -0.250812 -0.520017 0.376881 -0.597343 
0.157333 -0.547282 -0.204973 0.307875 0.062595 -0.134538 0.062175 0.122793 0.631160 0.015384 0.236790 0.262065 -0.141184 -0.190744 -0.438625 -0.653855 -0.315080 0.059756 -0.452146 -0.032762 0.310966 -0.065074 -0.457594 0.105013 1.291219 -0.439840 0.143928 -0.185038 -0.098556 -0.147880 0.463341 -0.660472 0.236224 0.806649 -0.292157 -0.619151 0.190628 -0.602297 -0.134344 -0.580964 -0.283270 -0.597856 -0.370161 0.293313 -0.183685 0.046610 0.283392 0.024712 -0.529808 -0.198130 0.294982 -0.917034 0.388905 -0.490890 -0.228927 0.262662 -0.548583 -0.211720 -0.314351 0.236778 -0.170235 -0.523689 0.424448 -0.188605 
-0.107158 -0.321639 0.007841 0.212460 -0.028715 0.062659 -0.106778 -0.047874 0.216240 0.070360 0.216802 0.064579 0.017894 -0.030035 -0.252576 -0.472636 -0.367181 -0.115899 -0.212957 0.026369 0.087956 -0.014117 -0.462229 -0.097562 0.613045 -0.184108 0.331453 0.012633 -0.139851 -0.038009 0.225924 -0.204754 0.230334 0.427994 -0.102090 -0.572869 0.214171 -0.344656 -0.182480 -0.122001 -0.225825 -0.584603 -0.220396 0.030120 -0.036347 -0.034114 0.175213 -0.323991 -0.363060 -0.300777 0.180536 -0.351791 0.211654 -0.498752 -0.113880 0.155946 -0.184253 -0.156523 -0.063202 -0.040818 0.079171 -0.276738 0.416704 0.220362 
-0.076780 -0.139935 -0.077997 0.018357 -0.047402 -0.039931 -0.075618 -0.115963 0.097386 0.098193 0.244892 0.061790 -0.071177 0.143622 -0.110694 -0.214448 -0.073824 -0.549549 -0.017609 -0.022702 -0.040565 0.058302 -0.324203 -0.290882 0.012103 0.058787 0.091571 0.024397 0.036579 0.133208 0.014553 -0.138447 0.154698 0.067294 -0.050136 -0.432878 0.096541 -0.281499 -0.035595 -0.133314 -0.095186 -0.322992 -0.037887 0.173462 -0.018861 0.095663 0.130404 -0.261804 -0.058458 -0.209530 0.068331 -0.137956 0.142290 -0.290707 -0.028277 0.005177 -0.104230 -0.200823 -0.115106 -0.171042 0.096902 0.031143 0.206284 -0.097269 
0.039615 0.000019 0.038848 -0.045898 0.014782 -0.157617 -0.025562 -0.067330 -0.016111 0.028544 0.088840 0.036465 -0.040407 0.092987 0.102163 -0.081991 0.147045 -0.251737 0.033650 -0.006593 -0.061410 0.053142 0.055878 0.078050 -0.243719 0.190851 0.064500 0.032705 0.006453 0.048829 0.100403 -0.085675 -0.085322 0.003100 -0.087721 -0.039727 0.024173 -0.057998 -0.015687 -0.049760 -0.091886 -0.121917 0.059518 0.105770 -0.025314 0.168222 0.088567 -0.188006 0.202099 -0.085169 -0.042805 0.052603 0.011581 0.097044 -0.027925 -0.179399 -0.118669 -0.131587 -0.028322 -0.058987 0.048770 -0.016271 0.019992 -0.060843 
0.079547 0.047575 0.042065 0.028929 0.065165 -0.076529 -0.027197 0.051897 -0.055973 -0.078665 -0.003120 0.083922 -0.080875 0.009545 -0.012697 -0.063470 0.029495 -0.053865 0.076177 -0.012590 -0.047369 0.071594 -0.022001 0.046146 -0.076787 0.050824 0.006018 -0.004343 -0.017956 0.019425 -0.029652 -0.021492 -0.015220 0.060838 0.026606 -0.053273 0.032393 -0.051076 0.015119 -0.054739 -0.105683 0.075748 0.087858 -0.052471 -0.088150 -0.043228 0.053994 -0.025771 0.097192 -0.068481 -0.035969 0.080768 0.038342 0.020427 0.035912 -0.075382 -0.061598 -0.012680 -0.054381 -0.061051 0.066750 0.045692 0.051343 0.043819 
0.006708 0.002638 0.088117 -0.081080 -0.028636 -0.037799 0.030146 0.059122 -0.022495 0.022300 0.067063 -0.038724 0.062059 0.034387 0.049162 0.070053 0.042063 0.052418 -0.074496 0.066212 -0.021318 -0.051346 -0.011223 0.048077 -0.046183 0.034556 0.049317 -0.025834 -0.047831 0.029895 -0.052226 0.033599 0.037813 -0.018487 0.061314 -0.044074 -0.014483 0.002423 0.011041 -0.058190 -0.046206 -0.024297 0.080209 -0.084262 -0.033484 0.009198 0.030269 -0.057386 -0.018976 -0.046570 -0.037843 -0.050736 -0.057475 -0.066942 0.071264 0.038115 0.036106 -0.036315 -0.032153 0.013132 0.033455 -0.016532 -0.074941 -0.058602 
-0.034679 -0.037749 -0.035778 -0.027255 0.009901 -0.019081 -0.066280 0.053783 -0.063466 -0.050246 0.007196 0.027804 0.037343 -0.052982 0.030109 0.033549 -0.054476 -0.000270 0.029283 -0.080686 0.077441 0.068385 -0.056766 -0.011072 -0.079351 0.072785 0.070464 -0.069807 -0.076492 0.048300 -0.051242 -0.073124 0.030977 -0.066870 0.023851 -0.036234 -0.060191 -0.082889 -0.048936 -0.020195 0.006107 0.011462 0.075362 0.075449 -0.028713 -0.061772 -0.066577 0.064508 -0.008833 0.017654 -0.013280 -0.068133 -0.043284 -0.053644 -0.075537 -0.017289 0.076907 0.013921 0.081888 0.057531 0.058173 -0.031480 -0.014301 -0.036743 
0.019122 0.079028 0.067425 -0.009860 -0.029663 -0.059159 0.051817 -0.036512 -0.011544 0.077580 0.060986 0.074012 -0.066803 0.035136 -0.039715 -0.082950 -0.004613 0.039253 -0.041564 -0.006076 0.083423 0.081261 0.006621 -0.081482 0.009188 -0.029832 -0.000300 -0.062326 -0.004998 -0.064200 0.006636 0.008536 -0.070361 -0.062347 0.009716 0.013136 -0.076738 -0.044136 0.062034 0.064026 -0.083695 -0.076286 0.006328 -0.061243 0.051098 0.063959 0.001147 -0.038134 0.065843 -0.048130 -0.011996 0.016812 -0.075531 -0.072631 0.018388 0.015888 -0.057885 -0.017371 0.079084 0.024765 -0.072261 0.083921 -0.011221 0.004921 
-0.022038 0.082437 0.023106 0.062373 -0.079967 -0.023645 -0.018742 -0.011647 0.037954 0.024724 0.043032 -0.010230 0.079747 -0.038683 -0.048269 0.049157 0.021022 0.005589 0.040142 -0.019810 -0.080614 0.058758 -0.038067 -0.026136 -0.020606 -0.049522 -0.008335 0.000121 0.013321 -0.015883 0.082827 0.047093 -0.077883 -0.064565 0.032887 0.067568 0.045312 -0.041348 -0.017464 -0.067651 -0.023943 0.040552 0.055637 -0.057459 0.073555 -0.057516 0.049481 0.013357 0.063220 -0.027917 0.000711 -0.067917 -0.033821 -0.017746 0.012941 -0.019548 -0.064411 -0.032605 0.003145 -0.050133 0.035423 -0.009023 -0.059980 0.045712 
0.072876 -0.045600 0.053774 0.026196 0.009167 -0.029066 0.076568 0.073401 0.074256 -0.006451 0.017745 -0.082222 0.050302 -0.003405 0.032292 0.009536 -0.063037 -0.014252 0.013370 -0.011152 -0.073964 -0.011722 0.014809 0.037840 0.010323 -0.015851 -0.036151 0.028783 0.077395 0.064687 0.056020 0.064521 -0.054866 -0.049333 0.021282 0.004575 -0.005542 0.017566 -0.059719 0.079278 0.047835 -0.066205 -0.006543 -0.064356 -0.010271 0.055150 -0.019775 0.009330 -0.059749 0.039106 -0.027450 -0.001260 -0.040071 -0.027992 -0.011310 -0.028093 -0.060081 -0.018317 -0.018111 -0.045921 0.017199 -0.059675 -0.068655 -0.019329 
-0.057913 -0.070851 -0.030955 -0.037327 -0.029475 0.064172 -0.064268 -0.089283 -0.002534 -0.064664 -0.025670 0.085630 0.007469 -0.011336 -0.016279 -0.037396 0.078215 -0.017175 0.038756 0.039803 0.024916 -0.062180 -0.047365 -0.088255 0.024099 -0.026827 -0.092145 0.004080 0.033219 -0.034394 0.060059 -0.010880 0.021806 -0.077762 -0.005710 -0.046683 0.058796 -0.028373 0.094725 0.081292 0.073103 -0.065596 0.010038 0.016994 0.002653 -0.041485 -0.079326 -0.012563 0.074111 0.031136 -0.068701 -0.029179 0.031079 0.010975 -0.058059 0.010541 -0.076267 -0.045106 0.055369 0.074503 -0.046940 -0.068474 -0.041549 0.001695 
0.094711 -0.006099 0.002916 0.135054 0.060056 0.100351 0.084056 -0.135661 -0.301249 0.645217 -0.032429 -0.094714 0.032184 0.016347 0.052193 -0.201344 -0.109349 -0.034780 0.009446 -0.123565 -0.059521 -0.071334 -0.126448 -0.044433 0.031779 0.087088 0.003527 0.094883 -0.102728 0.091746 0.102416 0.080541 0.220809 0.184063 0.023810 -0.038974 0.076584 -0.145445 -0.068540 0.003500 0.052599 0.006700 0.057673 0.002134 0.123535 -0.190821 -0.323164 -0.057256 -0.088877 -0.018606 0.024739 0.115362 0.020257 -0.054770 0.049459 0.055480 -0.076042 0.056936 -0.015432 -0.070841 0.044187 0.011136 -0.065300 0.150590 
0.523529 0.043535 0.070675 0.074007 0.123495 0.425532 -0.063588 -0.106126 -0.276668 1.247839 -0.139002 -0.084671 -0.125134 -0.081759 0.147656 -0.664024 -0.483401 -0.252124 -0.071436 -0.126440 -0.362022 -0.232347 -0.166398 -0.405208 -0.024800 -0.019560 0.051741 0.312945 -0.352004 -0.033219 0.235928 0.055830 0.398430 0.337281 -0.056047 0.004852 0.105250 -0.202626 -0.136744 -0.302413 0.318632 0.020813 -0.151120 -0.091330 0.051537 -0.563226 -0.585478 0.077963 0.009047 -0.212345 0.084937 0.279895 -0.040079 -0.142940 0.375335 0.036381 -0.208681 0.007265 -0.241960 0.061427 0.235952 -0.071324 -0.041874 -0.036567 
0.247153 0.104636 -0.006701 0.341650 0.157672 0.412693 0.099329 0.006577 -0.452343 0.754164 -0.199534 -0.131952 -0.011822 -0.182694 0.298756 -0.460536 -0.131693 -0.058973 0.093252 -0.297913 -0.145409 -0.417609 -0.126825 -0.332109 -0.031310 -0.110922 -0.232877 0.308141 -0.311454 0.077342 0.409367 -0.593816 0.416746 0.446015 -0.457912 -0.035214 -0.339278 -0.125620 -0.334481 -0.228768 0.320149 0.405702 -0.126203 0.326990 0.043669 -0.837336 0.276654 0.162821 -0.055702 -0.048128 0.087958 0.374974 -0.169699 -0.132717 0.288165 -0.064490 -0.357049 -0.264965 -0.250698 0.074134 0.147332 0.003297 0.081945 -0.640547 
0.065201 0.217570 0.028633 0.218939 0.083430 0.604250 0.096332 -0.230499 -0.307607 0.473625 0.163290 -0.208944 -0.049503 -0.236651 0.267932 -0.397750 0.320475 -0.368652 0.160423 -0.484235 0.001138 -0.190047 -0.221573 0.012958 -0.181818 0.009846 -0.154583 0.461417 -0.372469 0.431328 0.968809 -0.780389 0.343838 0.399182 -0.468067 0.095837 -0.696275 -0.138102 -0.257470 -0.314346 0.538352 0.557111 0.135084 0.472183 0.080968 -0.731120 0.340319 0.141043 -0.206078 -0.101135 0.218476 0.544136 -0.329691 -0.326946 0.207144 -0.065945 -0.586885 -0.458351 -0.365865 0.013347 0.073382 0.012446 -0.013002 -0.213961 
-0.127982 0.029985 0.160020 0.137516 -0.323794 0.051973 0.217279 -0.221941 0.257264 0.584980 -0.104752 -0.377358 0.219869 -0.357306 -0.643346 -0.558250 0.665202 -0.860653 0.195379 -0.015859 0.284724 -0.101571 -0.439541 0.722981 -0.361600 0.063650 -0.166537 0.428386 -0.342608 0.979475 1.470041 -0.839549 0.198384 -0.004310 -0.080645 0.279286 -0.939623 -0.133583 0.154809 -0.429144 0.887550 0.860730 0.137891 0.156726 0.035712 -0.172762 0.122634 0.524905 -0.388853 -0.300735 -0.382926 0.799622 -0.629762 -0.448514 0.113797 0.131574 -0.589753 -0.556400 -0.300749 0.008841 -0.305895 -0.181171 -0.041899 0.021977 
-0.235287 -0.233507 0.411845 0.266350 -0.147038 -0.283780 0.370001 -0.393590 0.445047 0.935926 -0.073263 -0.145939 0.135261 -0.697976 -0.843024 -0.304560 0.806553 -1.182725 0.463486 0.213713 0.977554 -0.099553 -0.433965 0.043953 -0.004669 -0.347307 -0.150430 0.505171 -0.145499 0.562612 0.625908 -0.795235 0.261102 -0.728439 -0.506403 -0.084756 -0.797301 -0.155727 -0.161635 -0.614387 0.818819 1.087103 -0.389727 0.169990 -0.056902 0.165695 -0.093372 0.694373 -0.309946 0.048975 -0.835451 0.057632 -1.070237 -0.141343 0.138292 -0.229412 -0.965901 -0.671132 -0.075202 -0.209132 -0.354303 -0.538256 -0.340832 0.240385 
0.840517 0.242544 1.009083 0.587393 0.417342 -0.185512 0.335698 -0.599743 0.464854 1.071567 -0.464132 -0.150900 -0.017353 -0.649788 -0.198296 0.315082 0.696111 0.182378 0.028978 -0.668943 1.058744 -0.583508 -1.029264 -0.649307 -0.260793 -0.123783 -0.087669 0.865223 -0.431829 -0.621817 -0.161566 -0.847462 0.932567 -0.650240 -0.955655 -1.009399 -0.420249 -0.271606 -0.742930 -0.155135 0.864618 0.517294 -0.535097 0.268836 -0.142310 -0.286881 0.253481 0.423477 -0.174380 0.053773 -0.245772 -0.706506 -0.855034 0.151714 0.141207 -0.594921 -0.768930 -0.412392 -0.020720 -0.080170 -0.468221 -0.139596 0.166511 0.283113 
0.650152 0.425252 0.981257 0.084035 0.693215 -0.145408 0.265247 0.315100 0.320582 1.166963 0.011532 -0.537036 0.319509 -0.464857 -0.074444 0.438958 0.294215 0.388540 0.023578 -0.160118 0.882801 -0.417191 -0.844753 0.210281 -0.264712 0.214097 -0.030096 0.458994 -0.402873 -0.545223 0.622524 -1.115277 0.503377 0.256779 -0.088332 -0.528038 -0.462240 0.136065 -0.500180 0.204186 0.487577 -0.048285 -0.106865 0.201718 0.097668 0.133188 -0.658921 0.403529 -0.193011 -0.238262 0.220110 0.326444 -0.787172 0.146528 -0.007891 -0.710125 -0.381997 0.205195 -0.194979 -0.087082 -0.077573 0.150035 0.364152 0.799340 
-0.458501 0.347841 0.110605 0.078670 1.519909 0.005215 0.559842 -0.153332 1.225518 1.032830 -0.281240 0.491145 0.528204 -0.786951 -0.250253 -0.101851 0.756828 -0.196607 0.899587 -0.019289 0.905389 -0.480936 0.131658 1.139919 -1.022441 0.555637 0.048622 0.520022 -0.163712 -0.525795 1.412828 -1.020089 1.064283 -0.442147 0.265133 -0.159928 -0.710990 0.512759 -0.122712 0.214465 0.659807 0.239717 -0.082242 0.233787 0.348798 0.558191 -0.320582 1.142509 0.103192 -0.750905 0.011590 -0.103173 -0.743106 0.039112 -0.182828 -0.734965 -0.132726 -0.011115 -0.530788 0.244169 -0.304441 0.193815 0.149033 -0.168208 
-0.445345 0.261445 -0.996975 -0.656035 0.604816 0.291606 0.904198 -0.894701 0.635479 0.347494 -0.013806 0.034683 0.208920 -0.748953 -0.353308 -0.223367 0.467961 -0.311062 0.676889 -0.042830 0.288691 -0.714095 -0.317064 0.654251 -0.869651 0.585654 -0.018333 1.020190 -0.161462 0.159350 0.550098 -0.719117 1.350061 -0.503678 0.466349 0.163195 -0.563902 0.524218 0.375531 -0.098246 0.594755 0.208900 -0.389489 0.266547 0.415217 0.412727 -0.229419 1.047484 -0.277408 -0.649754 -0.618352 -0.901900 -0.466254 -0.088635 0.421386 0.169580 0.455833 -0.335710 -0.341661 0.216365 -0.655994 0.474741 0.329600 -0.389689 
-0.901239 0.005881 -1.148288 1.179570 0.221568 -0.195814 0.250959 0.582692 0.098244 -0.306412 0.580361 -0.714783 -0.399493 -0.963198 0.263972 -0.247320 0.057960 -0.919967 0.265052 -0.043420 0.453931 -0.520665 -0.607223 -0.126310 -0.509000 1.187208 0.003869 -0.212570 -0.787728 0.128108 0.022471 -0.041887 0.680727 -0.259606 0.211596 0.486635 -0.242795 0.401195 -0.287732 0.249755 -0.147825 0.798384 -0.057714 0.809466 0.213880 -0.532998 -0.047772 0.335519 -0.094535 -0.987312 0.090517 -0.886011 -0.373720 -0.486065 0.533184 0.517126 -0.156788 -0.350463 -0.373279 0.215345 -0.270857 0.337383 0.336073 -0.821454 
-0.349147 -0.165069 -0.305877 0.408563 0.111042 -0.076355 -0.012002 0.562194 0.378581 -0.891946 1.197900 -0.184171 -0.022340 -0.693212 0.111004 0.213044 -0.531646 -0.659237 0.223000 -0.245242 1.139449 -0.644304 -0.116574 0.350522 -0.354627 0.547013 -0.140491 -0.441638 -0.712507 -0.932177 -0.079340 0.117419 0.194334 -0.151478 -0.751687 0.663010 0.457967 1.475070 -0.689791 0.495594 0.401525 0.818423 -0.032369 0.474557 -0.322812 0.169057 0.237781 -0.203508 -0.079188 -0.254750 -0.101513 0.171350 0.202907 -0.933297 -0.295149 -0.360181 0.092882 -0.078217 -0.455066 0.026595 -0.453749 0.069578 -0.035712 -1.117286 
-0.183776 -0.279023 -0.116909 0.168940 -0.327203 -0.125703 0.052706 0.354622 -0.022431 -0.659909 0.382863 0.231810 -0.099395 -0.606626 0.005332 0.064487 0.955505 -0.800495 -0.025243 0.044654 0.505658 -0.064995 0.161241 0.915014 -0.083823 1.051734 -0.025614 -0.064484 -0.603170 -0.500559 0.386155 -0.220381 -0.065851 0.643066 -0.985274 0.322777 -0.186076 1.090615 -0.094246 0.177402 0.395558 0.173927 -0.209018 0.289779 0.324033 0.123961 0.081538 -0.009417 -0.085833 -0.167223 0.938562 0.051981 -0.679849 -0.845947 -0.339382 -0.133239 -0.135971 -0.261355 -0.405252 -0.059910 -0.010626 -0.001621 -0.018294 -0.836169 
-0.181186 -0.396172 -0.080667 0.383978 -0.205552 -0.372829 -0.566334 -0.090285 0.448290 -0.735095 0.013432 -0.056933 -0.298819 -0.857624 -0.183853 -0.119133 0.711193 -0.716667 -0.133438 0.035384 0.225500 0.183104 0.246932 0.038468 0.823401 0.355616 -0.386815 -0.176214 -0.288689 0.345036 0.872101 -0.491985 0.116553 0.029111 -0.965563 0.833920 -0.635747 0.550642 0.064263 0.933375 0.107620 -0.216472 -0.231696 -0.046791 -0.147878 -0.264830 0.161728 0.076616 -0.292439 0.237936 0.857653 -0.734085 -0.349285 -0.263096 -0.385719 0.121532 -0.392620 0.113307 -0.565474 -0.178780 -0.502023 -0.321402 -0.976546 -0.468986 
-0.266543 0.045957 -0.403307 0.285299 -0.021952 -0.766375 -0.455433 0.502079 0.557170 -0.322832 0.184554 0.559089 -0.213486 -0.557960 -0.423787 -0.254673 -0.348119 -0.384133 0.100663 0.002056 0.565958 -0.112033 -0.217625 0.108696 1.079961 0.343441 -0.423459 -0.262590 0.094860 0.554501 0.993231 0.007426 -0.078495 0.206914 -0.563842 0.497835 -0.276889 0.365660 0.100235 0.720688 -0.074750 -0.695177 -0.842265 0.199527 -0.099438 -0.383959 -0.219445 0.111706 -0.474489 0.025802 -0.230184 -0.698878 -0.096422 -0.139189 -0.086190 -0.017672 -0.179218 -0.148630 -0.383710 -0.168169 -0.278092 -0.140889 -0.318023 -0.396190 
-0.300641 0.318065 -0.325856 0.249470 -0.042435 -0.857897 -0.226901 -0.215676 0.502561 0.093407 0.298264 0.654776 -0.092708 -1.124640 -0.427305 -0.333222 0.445049 -0.936945 0.544881 0.112261 1.191749 -0.049921 -0.289630 0.227739 0.840218 0.673380 -0.399507 0.145581 0.002270 -0.163825 0.573354 -0.131655 0.162467 -0.387580 -0.089538 -1.359841 -0.024788 0.764116 0.059812 0.047807 0.176777 -0.519230 -1.039223 1.172458 0.787269 -0.184982 0.063829 -1.192130 -0.656249 -0.241506 0.382099 -0.793153 -0.140861 -0.323486 -0.417361 -0.205558 -0.472275 -0.322507 -0.091062 -0.319621 0.090880 -0.014021 -0.265485 -0.502097 
-0.049981 0.108747 -0.483483 0.315477 -0.166489 -0.064413 -0.140378 -0.581243 0.356569 0.284808 0.488302 0.529327 -0.177123 -0.780748 -0.429681 -0.120909 -0.003528 -0.656249 0.135954 0.073965 0.794585 0.070242 -0.167669 -0.123690 0.307992 -0.012636 -0.243250 0.112429 0.034213 -0.024029 0.092679 -0.313555 0.212640 0.133144 -0.150031 -1.164894 0.210404 0.439059 0.063323 -0.049633 -0.067342 -0.323770 -0.428543 0.931858 0.509142 -0.039109 0.003920 -0.900860 -0.513101 -0.318546 0.595726 -0.824833 0.106289 -0.136170 -0.494201 0.080545 -0.881242 -0.173675 -0.266520 -0.246382 0.247472 -0.028862 -0.142991 -0.462598 
0.016007 0.065497 -0.588019 0.287277 0.198981 -0.038806 -0.048060 -0.351980 0.165206 0.540719 0.462105 0.174647 -0.010469 -0.033104 -0.205044 0.016083 -0.115617 -0.182320 0.060311 0.007043 0.324852 -0.017973 -0.047111 0.113972 0.580084 -0.258985 -0.082602 0.095054 -0.079932 -0.127000 0.059764 -0.478531 0.205379 0.467511 0.016636 -0.334674 -0.038535 0.030127 -0.077263 0.065835 -0.066849 -0.523286 -0.114170 0.648904 -0.020519 -0.017824 -0.163728 -0.191323 0.042681 -0.244767 0.377893 -0.845380 0.008265 -0.116070 -0.438336 -0.216881 -0.815330 -0.239172 -0.239208 -0.123604 0.248410 -0.078788 0.193423 -0.194624 
-0.126652 0.006797 -0.176217 0.089890 0.087525 0.026516 0.060091 -0.361240 -0.054851 0.305711 0.365705 0.002871 0.076663 0.286295 0.007348 -0.013313 -0.488771 0.112185 0.057789 -0.007412 -0.033796 -0.037505 0.002864 0.095336 0.370010 -0.171125 0.136339 0.157013 -0.003759 -0.142556 0.185348 -0.047633 0.304203 0.275378 0.045842 -0.226375 -0.262583 0.307017 0.005353 0.200685 -0.053979 -0.298214 -0.086061 0.114712 -0.126806 0.040822 -0.116715 -0.054361 0.259878 -0.090504 0.041584 -0.219709 -0.002227 -0.136197 -0.363923 -0.209927 -0.180311 0.014997 -0.121139 -0.051141 0.061906 -0.182135 0.107706 0.028270 
-0.065173 0.028869 -0.059729 -0.015175 0.015827 0.081220 0.094522 -0.141691 -0.031663 -0.109808 0.097838 0.077072 -0.064154 0.378630 0.006665 0.023852 -0.189722 -0.048406 0.009914 0.072695 -0.088791 0.013919 -0.054048 -0.160438 -0.191001 0.007368 -0.006823 -0.009551 0.076480 0.079631 -0.049438 0.075842 0.071383 -0.000850 -0.066730 -0.187480 -0.156341 0.045148 -0.096826 0.016444 0.040780 -0.094856 -0.096967 0.099132 -0.016887 0.130849 0.076475 -0.220116 0.230168 0.080437 -0.024606 -0.106479 -0.042343 -0.009338 -0.006231 -0.357598 0.164839 -0.045465 -0.032337 -0.040673 -0.008239 -0.120700 0.062494 -0.030364 
0.086156 -0.015601 0.039280 -0.146830 -0.002205 0.017794 -0.016355 -0.036399 -0.025618 -0.001726 0.051761 -0.076554 0.069445 0.170705 0.019723 -0.086400 0.064649 -0.102857 0.103930 -0.009983 -0.073128 0.007424 -0.021910 0.037490 -0.114303 0.117691 0.029041 0.096480 -0.074294 -0.012178 0.038529 -0.024332 0.112457 -0.007969 -0.037387 -0.104303 -0.032381 0.111751 -0.065053 0.030136 0.026388 -0.132672 0.027639 -0.046518 0.025638 -0.007848 0.012517 0.010049 0.115281 0.038690 0.022478 -0.086986 0.012178 0.065757 -0.036616 -0.194574 0.116148 0.030031 0.014415 -0.029683 -0.101583 -0.008086 0.023464 0.040663 
0.072032 -0.080014 -0.053213 -0.036216 0.035990 -0.054760 -0.076374 0.067534 0.039062 -0.069579 0.023576 0.024359 -0.011464 0.005437 0.066439 -0.072489 0.058004 0.068806 -0.028644 -0.047324 -0.010305 -0.002246 -0.027022 -0.075222 -0.021385 -0.005270 0.023045 -0.049660 0.067003 0.004132 -0.055533 0.000817 -0.081213 -0.002317 -0.015722 -0.081669 -0.024437 -0.004257 0.009393 0.067190 0.046859 -0.012123 -0.028467 -0.079880 -0.020903 -0.005531 0.041791 0.060050 0.000859 -0.039034 0.013799 0.051803 -0.051882 0.073086 0.042384 0.011212 -0.052120 0.078469 0.025571 -0.046909 -0.048345 -0.065207 -0.019050 -0.066407 
0.007341 -0.035957 0.040926 0.025678 -0.009090 0.039972 -0.044681 -0.044789 -0.008514 0.010918 0.070459 0.019066 0.083355 0.038995 0.068010 0.074037 0.082951 -0.076493 0.058436 0.071561 -0.008774 -0.027359 -0.036140 -0.038069 -0.081708 -0.008505 0.016919 0.035385 -0.055405 0.002715 0.071876 0.015083 -0.061617 0.051211 -0.071934 -0.062090 0.008984 0.002726 0.029023 -0.023493 -0.020141 -0.012612 0.002902 -0.079743 0.029480 0.074382 -0.023034 -0.008009 0.061189 0.021769 0.078368 -0.040042 0.074312 0.040182 -0.004810 0.018078 0.062453 -0.035806 -0.041091 0.041280 0.008839 0.026233 -0.046389 0.038225 
0.032317 0.013685 -0.043063 0.037215 -0.080019 -0.080815 -0.001209 0.029652 0.063446 0.057351 -0.035177 -0.034448 0.014111 -0.047304 -0.068267 0.046980 -0.027768 0.034011 -0.017228 0.037061 0.020904 -0.000172 -0.082940 0.068985 0.075419 -0.083253 0.013305 -0.025925 0.069494 -0.065920 0.056299 -0.047879 -0.015867 -0.034052 -0.024837 -0.060478 0.081852 -0.065032 -0.025468 -0.006246 -0.057459 0.078022 -0.025252 0.059123 0.028456 0.057588 -0.056484 -0.081867 0.000480 0.080471 -0.074412 0.048798 0.036686 0.075511 0.007011 -0.013659 0.048264 -0.036116 0.030063 -0.043402 0.015605 -0.066362 -0.031752 0.024364 
0.040809 0.050836 -0.063738 0.000403 -0.025324 -0.030392 0.071460 0.070397 0.074494 -0.075988 -0.065345 0.006025 0.027060 0.062804 0.022008 -0.050359 -0.019595 -0.016935 -0.011190 -0.040121 0.077441 0.066079 0.046405 -0.036322 -0.052053 0.078371 -0.035285 -0.006102 0.035624 0.006220 -0.045440 0.002662 -0.008073 -0.067753 0.049414 -0.029165 0.051129 0.053049 0.073580 -0.059770 -0.054728 0.001830 0.012987 0.015929 -0.072338 -0.079254 0.015590 -0.034576 -0.022403 -0.076445 0.005722 -0.023969 0.072738 0.056669 -0.009891 0.010245 -0.042960 -0.077210 0.030382 -0.006651 -0.055241 0.075300 -0.049619 -0.044603 
0.010851 -0.026695 -0.059759 0.006605 0.054122 -0.010836 -0.061618 -0.058912 -0.070654 0.071316 -0.037138 0.030397 -0.052340 0.030690 -0.053829 -0.058137 -0.063256 -0.058265 0.067224 0.034879 0.083566 0.074597 -0.033524 -0.048731 -0.031039 0.027193 0.024857 -0.069324 0.026136 0.006538 0.064344 -0.064816 -0.018188 0.058727 -0.003324 -0.004618 0.026254 0.028703 -0.034920 0.058542 -0.056222 -0.081390 -0.036779 0.059323 -0.068821 0.061130 0.009126 0.007812 0.018059 -0.064549 0.017115 -0.025874 -0.034119 -0.078889 -0.059123 -0.067312 -0.075567 -0.061505 0.003555 0.018188 0.021350 -0.055785 0.073878 -0.021135 
0.004562 -0.068739 0.023091 0.061402 -0.026680 0.028117 -0.046554 -0.074053 -0.047037 0.029067 -0.054060 0.012720 0.022018 -0.040794 0.068626 -0.060134 -0.075619 -0.002919 -0.043202 0.036322 0.043546 0.012566 0.052181 -0.083582 -0.020257 0.071096 -0.056977 0.031834 -0.028312 -0.025206 -0.070105 -0.060719 0.057952 0.032902 0.081461 0.060796 0.032538 -0.045738 0.044973 0.002036 -0.031388 0.073165 -0.067758 0.037174 -0.009301 -0.049306 -0.005897 0.003571 0.078807 0.077051 0.077067 0.027635 -0.069324 0.034556 -0.060185 0.016858 0.002025 0.024477 0.077416 -0.015862 0.049866 -0.041333 -0.074951 -0.010040 
-0.000092 -0.009262 -0.013387 -0.081957 -0.032204 0.053857 0.049948 0.056842 0.050013 -0.083926 0.032949 0.011149 0.074967 0.035281 -0.003281 -0.056570 -0.057662 -0.016908 -0.014710 -0.009170 0.046000 -0.048693 -0.079264 -0.003869 0.073950 -0.070881 0.057258 -0.043973 0.055303 0.035234 0.020751 -0.047797 0.072285 -0.036968 -0.020550 -0.037621 0.011175 0.006184 -0.047427 0.012850 -0.033681 -0.046802 -0.057467 0.050174 -0.026197 -0.013322 -0.044016 -0.004924 0.032705 0.056845 0.051145 0.036530 -0.070729 0.005580 -0.016707 -0.062483 -0.010949 -0.058207 -0.040811 -0.071694 -0.081080 -0.051868 0.015537 -0.031754 
0.166634 -0.034555 0.039786 -0.059894 -0.073529 -0.013834 0.077463 -0.096443 0.037871 -0.026888 -0.063296 -0.000142 0.004016 0.006022 -0.113774 0.030686 -0.078563 -0.113700 0.060353 0.006802 -0.123487 0.074208 -0.074790 -0.057252 -0.069833 0.010304 -0.057909 -0.042905 0.028452 0.107121 0.035062 0.152344 -0.034874 0.116029 -0.044954 -0.090174 0.044439 -0.061002 0.098268 0.066713 -0.000526 -0.073043 -0.074842 -0.030479 0.002175 -0.110089 -0.069531 -0.069221 0.004874 -0.002592 0.081048 -0.028398 0.005457 0.024506 -0.007576 -0.013785 -0.079228 0.037287 -0.054540 -0.028062 -0.026471 -0.006629 -0.063167 -0.006570 
0.480273 -0.078430 -0.179662 0.056801 -0.262862 0.189474 -0.033379 -0.107064 -0.078986 0.181052 -0.020419 0.078670 -0.033693 -0.156229 -0.167554 -0.141559 -0.568707 -0.036841 -0.028039 -0.057001 -0.291824 0.140579 -0.377139 -0.777563 -0.018152 -0.199098 -0.104848 0.141045 -0.076932 0.032986 -0.086727 0.482039 0.258495 0.204635 0.050726 0.050925 0.409546 -0.086056 0.109519 -0.161042 -0.036524 -0.171100 -0.088162 0.120797 -0.059499 -0.268858 -0.136584 0.006641 0.032143 -0.070971 0.062181 -0.314570 -0.023186 0.047242 -0.056515 -0.049755 -0.095315 0.037568 0.039126 -0.015868 0.161624 -0.084150 0.084039 -0.107810 
0.514572 0.009267 -0.231745 0.105870 -0.299584 0.139171 0.083178 -0.027992 -0.024193 0.137566 -0.011914 -0.057503 -0.040705 -0.052026 -0.107507 -0.188914 -0.437575 -0.100762 0.009631 -0.084412 -0.308548 0.044232 -0.227500 -0.552690 0.054316 -0.218710 -0.059795 0.174258 -0.000267 0.100283 -0.016658 0.488370 0.221974 0.234808 -0.007382 -0.091337 0.279714 0.048879 0.002606 -0.238819 0.103805 -0.139128 0.020456 0.263271 0.077092 -0.229079 -0.164472 -0.098662 -0.092559 0.013216 0.169308 -0.203556 0.014714 -0.058816 -0.077667 -0.062426 -0.143258 -0.026835 -0.026775 -0.083681 0.222906 -0.036751 0.091389 -0.294744 
0.087665 -0.039279 0.002967 0.293601 -0.193877 0.096254 -0.015408 0.097651 -0.025242 0.289368 0.091118 -0.005771 -0.022899 -0.163488 -0.023988 -0.308365 -0.018389 -0.277906 -0.010794 -0.053791 -0.045367 0.058585 0.070256 -0.103562 0.053829 0.010866 0.084185 0.032564 -0.063802 0.212645 0.058486 -0.032224 -0.049480 0.262251 0.098127 -0.012078 0.185786 0.034484 -0.013737 -0.277906 0.243652 -0.014890 -0.065787 0.197726 -0.057288 -0.076399 -0.019374 -0.118030 0.010954 -0.006776 0.206118 0.042467 -0.112653 -0.024483 -0.047839 0.031689 -0.252970 -0.288853 0.035144 -0.023603 0.108754 0.019793 -0.067972 0.096175 
0.023105 -0.065201 -0.030400 0.433313 -0.165861 -0.253940 -0.122229 0.089761 -0.308564 0.570712 0.192349 -0.237254 0.334591 -0.249920 0.192473 -0.191776 0.030794 -0.136712 0.010426 -0.085165 0.262783 -0.177176 -0.003461 0.050541 -0.060323 0.279651 -0.084176 -0.386726 -0.090191 0.156033 0.095758 -0.209243 -0.391449 0.048844 0.011069 0.028403 0.159933 -0.070616 0.153942 -0.311427 0.475910 -0.102676 0.063000 -0.311673 0.000778 -0.034281 -0.193552 -0.194129 -0.039295 -0.154124 0.093383 -0.006910 -0.209458 0.022578 0.113363 0.040019 -0.339282 -0.352280 0.022926 -0.043654 0.048228 -0.039873 -0.199008 -0.179968 
-0.396243 -0.056863 -0.024519 0.676884 -0.050416 0.295692 -0.159424 0.655067 -0.039389 0.873533 0.273543 -0.202422 0.516646 -0.512139 0.213923 -0.066595 0.041438 -0.201395 0.032812 -0.039094 0.393689 -0.328585 0.144975 -0.427801 0.036192 -0.080977 0.046497 -0.314338 -0.210844 0.395963 -0.271116 -0.245381 -0.385961 0.134407 0.061034 -0.100564 0.386179 0.059638 0.030372 -0.425424 0.848539 -0.307092 -0.075082 -0.148147 -0.068192 -0.075273 -0.457070 -0.326630 -0.038526 -0.220103 0.322945 -0.109369 -0.424355 -0.002383 0.090853 0.175684 -0.317142 -0.559417 -0.041020 0.050152 0.030938 0.081037 -0.405918 -0.158392 
0.029252 0.073441 -0.005438 0.766113 0.004400 0.030178 -0.115029 0.456593 0.277134 0.897567 0.059220 -0.477603 0.492646 -0.461346 0.268107 0.046726 0.399171 0.023271 -0.051052 -0.184507 0.313455 -0.478771 -0.694547 -0.993904 -0.140034 -0.537854 -0.096086 0.332537 -0.229492 -0.092544 -0.609964 -0.102850 -0.066105 0.512669 -0.196899 -0.820199 0.631529 0.090112 0.018050 -0.551941 1.028309 -0.187026 -0.043743 0.097882 0.073129 -0.301213 -0.391513 -0.290131 -0.026224 -0.425885 0.540778 -0.333013 -0.473229 -0.060236 0.278739 0.326554 -0.706666 -0.708105 -0.111714 0.021803 -0.015166 -0.000950 -0.648608 -0.394040 
0.407375 0.032764 0.176061 0.581321 -0.447558 0.199838 -0.058135 0.026794 0.642108 0.374047 -0.257021 -0.397981 0.225963 -0.256979 0.347232 -0.061947 0.447821 -0.287599 -0.034210 -0.064601 0.447679 -0.087802 -1.601679 -1.235743 -0.387797 -0.336299 -0.042005 0.610934 -0.070073 -0.441508 -0.260254 -0.149050 0.575972 0.441062 -0.164825 -0.803721 0.496909 0.258872 -0.029940 -0.358637 0.590994 -0.327360 -0.134448 0.507012 0.141115 -0.130140 -0.182115 -0.103387 0.044376 -0.233409 0.341457 0.110750 -0.357720 0.004080 0.166152 0.375997 -0.940620 -0.107241 -0.028274 -0.119548 -0.311456 0.080280 -0.194792 -0.344226 
-0.063363 0.008841 0.055325 0.473796 -0.315848 -0.163774 0.057916 -0.233733 -0.045835 0.514803 0.007220 -0.055065 0.546694 -0.350893 0.209707 -0.117469 0.318490 -0.300661 0.046106 -0.264774 -0.168050 -0.135997 -1.106644 -0.389319 -0.139937 0.337140 -0.036024 0.253578 -0.135104 -0.152005 -0.032440 -0.215977 0.542438 0.085463 0.014391 -0.716063 -0.053150 0.264168 0.023586 -0.089813 0.873359 -0.268881 -0.017883 0.574571 0.187429 0.221699 0.237728 0.126565 -0.075151 -0.386369 0.392761 -0.209872 -0.322442 -0.018078 0.074459 0.281683 -0.414367 0.020616 0.008513 -0.092046 -0.372500 0.009690 0.340258 -0.380637 
-0.473595 0.302129 -0.080004 0.855371 0.100168 -0.236006 -0.081917 0.594927 -0.213978 0.793744 0.468094 -0.003844 0.071315 -0.523560 0.528908 -0.112179 0.774200 -0.241304 -0.047865 -0.192598 0.176597 -0.231205 -0.395385 0.253763 -0.032343 0.663384 -0.072371 0.176498 -0.309472 -0.021316 0.089969 -0.021700 0.133589 0.033786 0.080992 -0.556036 -0.244777 0.077228 -0.078613 -0.584968 1.206941 -0.035612 -0.010173 0.106361 0.170136 0.056880 -0.301224 -0.397894 -0.078880 -0.369820 0.845493 -0.256623 -0.545314 -0.221933 -0.008810 0.224743 -0.505223 -0.248792 -0.139861 -0.058855 -0.417006 0.137480 0.235377 0.063173 
-0.389415 -0.066223 0.051389 1.281173 -0.064884 0.419724 -0.165153 0.114291 0.107167 1.131623 0.606139 -0.218655 -0.536068 -0.924912 0.369878 -0.038729 0.979124 -1.348802 -0.106488 -0.142392 0.449805 0.100384 -0.188739 -0.111511 0.478703 0.212933 -0.062114 0.343040 -0.743079 0.562077 -0.190373 0.108583 0.473831 0.145542 0.082023 -0.618828 0.105663 0.212408 -0.199464 -0.715595 1.185061 -0.324257 -0.123339 0.483422 0.071284 -0.380500 -0.700409 -0.516228 -0.026864 -0.466511 1.564613 0.146647 -0.714109 -0.158350 0.128925 0.261899 -0.780823 -0.921589 0.023964 -0.036375 -0.501277 0.032873 0.496645 -0.040501 
-0.042691 -0.152836 0.095544 0.213833 0.512649 0.471527 0.071195 -0.049277 0.165005 0.426623 0.524085 -0.139631 -0.144820 -0.541391 -0.112055 0.062757 0.181090 -1.021634 0.007296 -0.116456 0.206506 0.281770 0.145518 0.573140 0.151082 -0.122057 0.026614 0.392428 -0.566091 0.180800 -0.679504 0.084409 0.035212 -0.103258 0.011023 -0.622830 0.354820 0.490569 -0.027111 -0.438968 0.588548 -0.216387 -0.046452 0.237988 -0.029053 0.392284 -0.561697 0.077596 -0.047867 -0.298462 0.802742 0.323980 -0.382634 -0.099442 0.162390 -0.323307 -0.339408 -0.991404 -0.044963 0.083623 -0.362497 -0.039581 0.270512 -0.043212 
-0.284157 -0.251162 0.054233 0.147204 0.247334 0.176887 -0.124752 -0.123148 -0.147788 0.414515 0.445643 -0.228248 -0.084353 -0.294422 -0.020171 0.033437 0.361896 -0.813604 0.139949 0.019286 0.551441 0.059147 -0.248768 -0.057446 0.436224 0.525512 -0.183909 0.437159 0.050032 -0.116822 -0.355768 -0.193037 0.432885 0.049419 0.046882 -0.900053 0.151277 0.090751 0.168847 -0.581807 0.587865 -0.274436 -0.083537 -0.102799 0.278716 0.178453 -0.252921 -0.141376 -0.058416 -0.170655 0.747306 0.029674 -0.515582 -0.070942 -0.074549 -0.028526 -0.672336 -0.374806 -0.105392 -0.167785 0.006158 -0.040410 -0.107577 0.042136 
-0.211688 -0.459478 0.011875 0.489523 -0.248074 0.479335 -0.379531 -0.232942 -0.087218 -0.207228 0.332273 -0.327397 -0.048057 0.046709 -0.117254 -0.075189 0.387793 -0.963892 0.184963 0.087160 0.558076 0.030654 -0.255015 -0.574819 0.503359 0.096940 -0.250363 0.458841 -0.064856 0.134952 -0.090174 -0.074192 0.613673 0.098519 0.112356 -0.321109 -0.024921 -0.532852 0.084856 -0.533292 0.395012 -0.240362 -0.146303 0.225911 0.155695 -0.444544 0.228265 -0.186815 0.002208 0.011087 0.419734 -0.021895 -0.486228 -0.095367 0.445166 0.420100 -0.389739 -0.312954 -0.217650 -0.136751 -0.064358 -0.168111 -0.325553 0.081497 
-0.664447 -0.192378 -0.023598 0.354325 0.129074 0.371643 -0.172125 0.122075 -0.214909 0.062081 0.192394 -0.224600 -0.054057 -0.060209 -0.189258 -0.169618 0.334026 -0.733641 -0.085289 0.028841 0.937177 0.057135 -0.050842 0.208817 0.406810 0.602484 -0.066320 0.172129 -0.034773 -0.078152 -0.110205 0.029365 0.089263 0.059389 -0.060463 0.101044 -0.110660 -0.244216 -0.004199 -0.495270 0.102104 -0.357921 -0.113914 0.268077 0.075886 -0.323974 0.050563 -0.548006 -0.079900 0.016018 0.193006 -0.013935 -0.413710 -0.067168 0.493892 0.544247 -0.538983 -0.562016 -0.099082 -0.002523 0.012681 -0.183753 -0.428332 -0.072982 
-0.571492 0.265657 0.036959 -0.127831 0.271798 -0.174486 -0.061609 0.287535 -0.366235 0.323151 0.432412 -0.301236 -0.080543 -0.134699 0.035195 -0.134947 0.350197 -0.360112 -0.037527 -0.024338 0.884700 0.053674 -0.077714 0.418484 0.418211 0.897986 -0.047148 -0.000872 -0.083188 -0.019516 0.185268 -0.135329 -0.053702 0.071079 0.022667 -0.255398 -0.050483 0.496117 -0.021641 -0.265773 0.087151 -0.423208 0.002256 -0.072145 0.469395 -0.082763 -0.197028 -0.511561 -0.119044 -0.031682 0.175263 -0.373283 -0.399434 0.022085 0.014061 0.033985 -0.549397 -0.550328 0.025549 -0.014620 0.122375 -0.001171 -0.462124 -0.072514 
-0.309021 0.077868 0.050691 0.068935 0.214424 -0.024133 0.095291 -0.033463 -0.043575 0.331559 0.273340 -0.046611 -0.089460 -0.337872 -0.111562 -0.016969 0.486637 -0.305154 0.158947 0.046727 0.145789 0.057015 -0.117502 0.065297 0.591431 0.022510 0.023350 0.130794 -0.030942 -0.101290 0.020396 -0.069711 0.127121 0.066351 0.036006 -0.478540 0.015865 0.116714 -0.027644 -0.219798 0.020230 -0.423489 -0.120388 0.059527 0.488715 0.103428 -0.071786 -0.181990 0.031250 -0.121295 0.427991 -0.387237 -0.172913 0.029835 0.011249 0.077515 -0.296177 -0.601652 0.002974 -0.060101 0.176215 0.000107 -0.115183 -0.074164 
0.063763 -0.151186 -0.025072 0.289979 0.172900 0.075944 0.021188 -0.104806 -0.042001 0.297102 0.156504 -0.020523 0.028501 -0.562945 0.017103 0.019011 0.473082 -0.135219 0.199155 0.000346 0.045008 -0.069397 -0.096000 -0.114870 0.780504 -0.012048 -0.101789 0.037030 0.045207 -0.097156 -0.016339 -0.039828 0.100929 0.198940 -0.002105 -0.329839 -0.027338 -0.184611 -0.043314 -0.093136 0.086320 -0.325930 -0.024338 0.228317 0.130415 0.057325 -0.050745 0.124443 0.040917 -0.093256 0.414796 -0.393901 -0.064877 0.004037 -0.134521 0.072824 -0.449386 -0.401818 -0.033231 0.032210 0.168360 0.015346 0.134928 -0.040883 
-0.027451 -0.035763 0.061163 0.132121 0.210497 -0.072633 0.082419 -0.067507 0.057067 0.172137 0.102570 0.058025 0.064440 -0.226755 -0.048243 -0.004750 0.019502 -0.059835 0.089100 -0.062186 -0.074972 -0.030691 -0.137256 0.026004 0.426046 -0.013194 0.035840 -0.001970 0.016360 -0.097430 0.097328 0.072237 -0.038934 0.033232 0.003212 0.012851 0.062283 0.022248 -0.028979 0.052667 -0.019267 -0.166672 0.062457 -0.017377 0.081085 0.095707 -0.096939 0.014120 0.086465 -0.056531 0.152818 -0.181196 0.050218 -0.062563 -0.042291 -0.057277 -0.198391 -0.072432 0.063350 -0.019918 -0.025292 -0.086700 -0.021682 -0.033225 
0.096703 -0.032515 -0.081894 -0.037552 0.052840 -0.017023 0.057573 0.076544 0.053264 -0.017854 0.009585 -0.022241 0.053488 0.054663 -0.001873 0.027275 -0.000821 0.023182 -0.036783 0.012873 -0.016892 -0.073786 0.023626 0.037744 0.096530 -0.122819 0.049548 0.036255 0.078385 0.068064 -0.024791 0.044485 -0.031099 0.067126 0.064032 0.038128 0.017238 -0.062774 -0.001206 -0.056759 -0.041926 0.017790 -0.052592 -0.008475 -0.025029 -0.009090 0.018251 0.018643 -0.032153 -0.068411 0.082749 0.056506 0.065285 0.019038 0.015946 0.059813 -0.002759 0.018599 0.078284 0.026042 -0.033237 -0.056521 0.053319 -0.012237 
-0.012070 0.005495 -0.025509 -0.031198 -0.053877 0.045240 -0.001522 -0.046298 0.043950 -0.055733 0.062494 0.038124 -0.004387 -0.087172 -0.059999 -0.008588 0.023622 0.025988 -0.070890 -0.001369 0.003694 -0.050497 0.021674 -0.058437 -0.075285 0.037878 0.035721 0.059085 0.000033 -0.031634 -0.044822 -0.039061 0.026213 0.060060 -0.058440 -0.069403 0.043474 0.082549 -0.076563 0.028795 0.049816 0.047513 -0.074638 0.076704 -0.025208 0.067988 0.025771 0.039098 0.015111 -0.066773 -0.068324 -0.050692 0.022348 0.055298 0.077154 -0.037009 -0.084686 0.023752 0.049445 -0.068821 -0.062915 -0.026913 -0.072474 -0.045184 
0.000784 -0.002467 0.011606 -0.008741 -0.033414 -0.062301 -0.016196 -0.078521 -0.067096 0.016571 0.049072 -0.035927 0.032728 0.075120 0.049599 0.057115 -0.045131 -0.068646 -0.075660 -0.065864 0.081312 -0.056724 0.059493 0.028121 -0.025011 -0.069073 0.001841 0.052590 -0.035550 0.078517 -0.022634 -0.064495 0.047668 -0.044916 -0.016263 -0.045686 0.010588 -0.054430 0.058209 0.037734 0.029662 0.053243 0.022752 -0.037477 -0.065802 0.031018 -0.047598 0.072451 -0.069607 0.005856 0.005155 0.043176 -0.046300 0.003602 0.018172 0.030330 -0.053254 0.061443 0.032430 0.042262 0.079710 0.008335 -0.036866 0.024247 
0.014245 -0.072210 0.082904 0.028138 -0.071008 0.046718 0.030525 -0.073021 0.052176 0.055390 0.030741 0.066156 0.073760 -0.033092 0.019358 -0.044131 0.061484 -0.002221 0.022516 -0.069853 0.047073 0.063713 0.007961 0.015862 0.075511 0.073570 0.033642 -0.071506 0.070556 -0.066855 -0.079095 -0.010461 -0.036512 -0.062948 -0.049491 -0.015272 -0.056874 -0.044352 -0.041856 -0.036204 -0.071979 -0.054178 0.010117 0.000983 -0.030407 0.024477 0.035747 0.057028 0.014173 -0.058332 0.083120 -0.009953 0.059657 0.061587 -0.079382 0.014928 -0.023933 -0.012689 -0.012710 -0.023835 0.025607 -0.034314 0.059215 -0.079064 
0.005686 0.030556 -0.009747 0.000906 0.069299 0.001974 0.071938 0.002339 -0.031413 0.010127 -0.012633 0.066054 -0.055755 -0.048916 -0.039628 0.036861 0.006518 0.066588 0.046523 0.013285 -0.010641 0.045558 -0.010348 0.042026 -0.016560 0.017279 -0.035459 0.013793 -0.003345 -0.007370 -0.081102 0.060273 -0.038047 -0.054199 0.022280 -0.014630 -0.049470 -0.047237 -0.064909 0.049214 0.027845 0.055467 0.078366 -0.044172 -0.053018 -0.059046 -0.074464 0.045245 -0.032579 -0.045060 0.029914 0.026839 -0.034479 0.006143 -0.050893 -0.072364 -0.024719 0.067892 -0.042272 -0.061756 -0.001317 0.011072 0.055477 -0.039284 
0.037210 -0.048721 -0.043900 0.083392 0.034242 0.021977 -0.042775 -0.072975 0.007108 0.083520 -0.016355 -0.062193 0.058517 -0.037739 0.068795 0.048048 0.041343 0.056607 0.071614 -0.042195 0.080686 0.044259 0.043006 -0.008803 0.044778 0.069868 0.048536 0.051206 0.009891 -0.039746 0.020308 0.000834 -0.021017 0.005311 -0.041158 0.003884 0.058096 0.029252 0.048510 -0.052679 0.023219 -0.045969 -0.002179 0.011385 -0.013716 -0.074659 0.028246 -0.004628 0.083572 0.006574 -0.037159 -0.030140 0.054107 0.034756 0.015908 0.031655 -0.004023 -0.019805 0.071563 0.049763 -0.028338 0.058075 0.042945 0.038725 
-0.081426 -0.075752 -0.049455 0.028821 0.059420 0.072882 -0.043848 0.069391 0.072122 0.057721 0.000182 0.076055 0.073863 0.019168 -0.048038 -0.010230 -0.003268 -0.029190 -0.079331 -0.041441 0.072959 -0.037118 -0.045887 0.000408 0.016704 -0.049604 -0.049214 0.035808 -0.043181 -0.040111 0.021730 -0.083305 0.034622 0.055452 -0.059395 0.003802 0.038760 0.025088 -0.062706 0.068523 0.028826 -0.029570 -0.040614 -0.068585 -0.044911 0.038422 -0.006728 -0.050205 0.067219 -0.026659 0.083315 0.056032 -0.048854 -0.075696 -0.050826 0.001343 0.005630 -0.009958 0.036024 0.011365 0.001384 -0.063836 0.028513 -0.033986 
0.048351 -0.068621 0.027804 0.011015 -0.040157 0.036732 -0.082103 0.040711 -0.016103 -0.032774 -0.066526 -0.049876 0.068164 0.056422 -0.025725 -0.053532 -0.044182 0.064493 0.005419 -0.041954 -0.029539 -0.043145 -0.070341 -0.045681 0.076979 -0.033246 -0.074700 0.046785 -0.063661 0.031301 -0.027866 -0.002549 0.064796 -0.048028 0.063831 0.032759 -0.082165 0.032605 -0.002616 0.066167 0.075218 0.012992 0.069853 0.068477 -0.026675 -0.079593 0.058830 0.035028 0.043561 -0.015616 0.003940 -0.066567 0.039443 0.040522 -0.002364 -0.068328 0.055816 -0.057326 -0.021063 -0.055693 0.060576 0.063625 -0.065037 -0.025750 
0.068056 0.038730 -0.010256 -0.048556 -0.028898 0.047915 -0.056006 0.041097 -0.016719 -0.069345 -0.067630 -0.045353 0.035172 -0.075496 0.079552 -0.081528 -0.082386 0.004151 -0.019487 -0.017115 0.029812 -0.070767 -0.076035 -0.010045 -0.017223 0.006230 -0.026284 0.079213 -0.036763 -0.038119 0.004593 0.012109 -0.078689 -0.028785 0.004213 0.054291 -0.027029 0.060021 0.035906 0.014173 -0.059400 0.074156 0.015426 0.018090 0.076810 -0.031455 0.042565 -0.043027 0.053660 -0.083515 -0.073858 0.007211 -0.055262 -0.007955 -0.010543 0.001717 -0.054214 -0.064329 -0.056001 0.053953 0.037847 -0.066552 -0.062568 0.042724 
0.039591 0.059986 0.058810 0.023933 0.078304 -0.011535 0.051858 0.018411 0.058681 -0.017431 0.064995 0.063666 0.052767 0.062744 -0.040729 -0.009774 -0.034590 0.045297 -0.078797 -0.024454 -0.081184 0.033413 -0.019924 -0.003864 0.080097 0.041639 0.013557 0.043948 -0.031861 -0.038848 0.000193 -0.017979 0.044808 -0.031021 0.026177 -0.052183 0.061253 0.031429 -0.056029 0.070605 -0.008870 0.062288 0.071156 -0.035712 0.049004 -0.008698 0.014432 0.010383 0.054480 0.066923 -0.032667 -0.074431 0.049780 -0.023025 0.005151 -0.029849 0.063585 -0.017479 0.059035 -0.043160 0.074466 -0.036053 -0.041297 0.066683 
-0.059002 0.061199 0.036877 -0.018284 0.011465 -0.007231 0.006554 0.004497 -0.053714 0.073328 -0.026197 -0.001155 -0.053542 -0.014838 0.061998 -0.006174 -0.070065 0.022577 -0.013156 -0.037345 0.062341 0.005214 0.050235 -0.060214 -0.042174 -0.040385 0.046467 -0.063869 -0.034148 -0.015992 -0.076372 0.012653 -0.049385 0.053319 -0.026321 0.013555 -0.044395 -0.044957 0.033457 -0.027087 0.005428 -0.030176 -0.076762 0.007441 -0.074270 0.049479 -0.039730 0.069410 -0.081146 -0.023952 -0.007587 -0.074641 -0.019667 -0.059857 0.041100 0.015958 0.040226 0.012580 0.031262 0.026574 0.058872 -0.015403 0.005679 0.025472 
0.003009 0.023544 -0.021853 0.005463 0.074711 -0.057154 -0.006273 -0.068522 -0.028715 0.071019 0.052830 0.070663 -0.065789 -0.040450 0.090659 -0.004498 0.064401 0.022534 -0.083757 0.055002 -0.040034 0.004810 -0.006038 0.032217 -0.037926 0.074379 -0.010025 0.003437 0.056580 0.066616 -0.008839 -0.042865 0.085554 0.079877 -0.056878 -0.039573 0.018761 -0.076802 0.034198 0.046853 0.027018 0.018160 0.014852 -0.003227 -0.004841 -0.049021 -0.050040 -0.096077 -0.059775 -0.063732 -0.030340 -0.009201 -0.055874 0.077546 0.009379 0.065411 -0.076551 0.002068 -0.011400 0.047893 -0.036339 0.077163 0.002285 -0.026069 
0.034154 0.012436 0.020214 0.040789 -0.030142 -0.027813 -0.054748 -0.034412 0.036452 -0.065914 -0.049247 -0.002735 -0.234712 -0.005554 0.020218 -0.053503 0.038700 0.049157 0.036226 -0.057487 0.036886 -0.065478 -0.065260 0.083746 0.014387 0.132902 0.012736 0.073182 0.089030 -0.003080 0.000738 -0.081913 -0.021365 -0.013214 -0.053997 -0.082068 0.024825 -0.055981 0.104272 0.027607 0.030179 -0.199161 0.032546 0.031148 -0.043206 -0.076406 -0.032096 -0.162004 -0.009050 -0.021436 0.153791 0.022938 -0.114977 -0.002903 0.075223 -0.039585 0.005899 -0.220902 -0.025685 0.057931 0.015088 0.070929 -0.044703 -0.130689 
-0.074319 0.016348 0.048753 0.020869 -0.044018 -0.039391 0.046352 0.013423 -0.040336 0.014520 0.074437 -0.080282 -0.065197 0.053224 0.114808 -0.075503 0.086734 0.023696 -0.083148 0.072234 -0.038711 -0.057966 -0.071817 -0.004501 -0.046377 0.027814 0.031852 0.056171 -0.017327 -0.012713 0.004598 -0.084831 0.015053 -0.032863 0.079167 -0.047159 -0.004669 -0.058640 0.083798 0.077242 0.114060 -0.062062 0.082920 -0.044513 -0.069323 -0.051539 -0.085027 -0.159974 0.027731 -0.058380 0.153294 0.007407 -0.090634 0.066720 -0.015137 -0.034982 0.034518 -0.143353 -0.053005 0.010050 0.013076 0.051552 -0.057117 0.017959 
-0.014277 -0.071893 0.036143 0.048937 0.057274 0.028332 0.067988 0.068650 -0.017317 0.094595 0.058816 -0.091065 -0.107403 -0.016816 -0.005052 -0.098024 0.037271 -0.054211 0.058415 -0.033247 -0.011633 -0.070649 0.120058 0.085042 0.064424 -0.045190 0.053368 -0.057527 -0.074408 -0.006035 -0.037080 0.048341 0.059927 -0.028606 0.023659 0.030772 0.072741 -0.078236 -0.025573 -0.064981 0.083967 0.046986 0.014798 0.059193 -0.043901 -0.083000 -0.049305 -0.074450 -0.075164 0.023077 0.033723 0.010009 -0.037709 0.066813 0.071822 -0.060475 -0.032760 -0.088659 -0.046979 -0.059334 0.017570 0.005193 -0.013206 0.046899 
-0.093079 0.074955 0.037389 0.015851 0.054409 -0.164206 0.016472 0.041689 -0.071649 0.104214 0.016792 -0.072835 -0.153436 0.001173 -0.004981 0.006445 0.014290 0.102237 0.027013 0.062296 -0.015700 0.049564 0.067428 0.184369 -0.003891 0.079705 -0.006558 -0.022001 0.020506 0.066995 0.187690 -0.008908 -0.133049 0.007960 0.043761 0.032083 0.089282 -0.015969 0.019787 -0.104814 0.067204 0.043065 -0.053055 -0.058405 -0.006765 -0.022762 -0.041028 0.025236 -0.027991 -0.019914 0.151085 0.036628 0.007788 0.005265 0.075031 -0.028373 -0.041411 -0.129415 -0.048712 -0.027998 0.005500 0.023019 0.039242 -0.061742 
-0.012931 -0.004597 0.020746 -0.005876 -0.026631 -0.075391 0.011124 0.062852 0.074119 0.017967 -0.013890 0.050151 -0.081304 0.050929 0.047936 -0.053304 -0.059855 0.070329 -0.017861 0.080542 -0.032193 -0.043515 -0.006009 0.014372 0.018157 0.100661 0.021889 0.014199 -0.040694 -0.035864 0.032382 -0.046330 -0.029661 0.013512 -0.030644 -0.024636 0.054462 -0.035450 -0.011579 -0.057323 0.086435 -0.015332 0.066416 0.003851 0.045565 0.001035 -0.026064 0.006715 0.052834 0.072108 0.058429 -0.065664 -0.018773 0.041507 -0.015363 0.020924 -0.050999 -0.125793 -0.014426 -0.027525 0.028243 -0.057423 0.056840 -0.085473 
-0.033340 0.044159 0.036895 0.006129 -0.171093 -0.147949 0.055375 0.000138 0.101459 -0.000665 -0.065418 0.060280 -0.101677 0.006355 -0.037695 -0.020772 -0.048439 0.001645 0.001361 -0.064812 -0.021857 -0.023578 0.011131 0.039982 -0.009127 0.041584 0.050831 -0.052664 -0.016829 0.118885 -0.015820 0.010119 -0.064689 0.022354 0.046527 0.107346 -0.056669 -0.051742 -0.021430 -0.003042 0.034139 -0.070109 -0.032454 -0.005776 0.086948 -0.000874 0.015844 -0.021396 -0.056229 0.046885 0.016442 0.065451 -0.012476 -0.012442 0.073484 0.051047 -0.109712 -0.069272 0.011972 0.037251 0.058350 -0.004538 -0.052049 0.034098 
-0.008295 0.120712 0.061113 0.084892 0.020207 -0.241138 -0.086599 0.072808 0.077440 -0.017835 0.028791 0.026016 -0.089454 0.040683 0.013719 -0.048105 0.084269 0.173826 0.071461 -0.006636 -0.041646 -0.080755 0.042126 0.257559 -0.037942 0.041395 -0.081180 0.079577 -0.052807 0.060588 0.156445 -0.052727 -0.044667 -0.052597 -0.005696 0.223550 0.021049 -0.041393 -0.043143 -0.035081 0.005237 -0.051927 0.019197 -0.053651 -0.009939 0.012227 -0.091491 -0.090834 0.029557 -0.024970 0.087549 -0.003494 0.029167 -0.014751 -0.020215 -0.096383 -0.064817 -0.130811 0.078363 -0.075262 -0.013419 0.032210 -0.062846 0.108907 
-0.157192 0.079308 -0.022400 0.161368 -0.076122 -0.113121 -0.053416 0.091851 0.086956 0.043524 -0.009787 -0.077758 -0.048839 -0.225871 -0.006913 -0.053924 0.114766 -0.012419 -0.063367 0.031262 0.063175 0.053283 0.059763 -0.020175 0.060732 -0.065249 0.047896 0.025144 -0.042070 0.063159 0.101343 -0.021264 0.065740 -0.081774 -0.075286 0.153452 0.102309 0.077872 0.019347 0.017158 0.106037 0.111271 -0.016909 0.024589 0.028301 -0.027422 -0.107350 -0.128306 -0.072920 -0.067056 0.151982 0.032929 -0.060245 0.064432 -0.018521 0.060945 -0.085622 -0.182195 -0.024814 0.116187 -0.045008 -0.048672 -0.045421 -0.015806 
-0.080756 -0.063063 -0.074129 0.027494 -0.011135 0.080957 -0.078626 -0.086042 0.135268 0.089050 0.093810 -0.019416 0.026460 -0.185241 -0.009646 -0.032566 0.042110 -0.164959 -0.073764 -0.082989 0.037340 0.102707 -0.067181 0.044226 -0.012273 -0.044545 -0.064892 -0.081915 0.027853 0.159062 0.013699 0.027245 0.017358 0.138624 -0.013059 -0.264426 0.048650 -0.025418 0.027023 -0.062945 -0.026894 -0.011062 0.052817 -0.019548 0.062428 0.014422 -0.005551 -0.122391 0.009988 -0.052767 0.076035 0.078795 0.002502 -0.013242 0.010932 -0.008654 -0.090739 -0.278347 0.082734 0.046232 0.015960 0.058132 -0.038060 -0.027190 
-0.037339 0.051273 -0.042901 0.038682 0.004332 -0.006896 0.012133 0.045441 -0.044480 -0.022882 -0.030521 -0.013301 -0.007318 -0.104076 -0.020914 -0.080779 0.064685 -0.066595 -0.060974 -0.082415 0.072207 -0.122226 -0.025976 0.135773 0.061457 0.119187 -0.000341 0.051837 0.079268 0.087762 -0.005373 -0.095547 -0.112505 -0.007472 0.084172 0.014848 0.056655 0.081912 -0.019445 0.003881 0.091275 0.009881 0.002698 -0.040565 0.167159 -0.034212 -0.098949 -0.022403 0.074780 0.026560 0.063838 -0.041961 -0.017987 -0.046420 -0.017712 0.064058 -0.166694 -0.030821 0.021470 -0.034074 -0.025592 0.004114 0.026212 0.029958 
-0.071494 -0.047907 0.043321 0.073432 0.048264 -0.041611 -0.016850 -0.002218 0.012485 0.063158 0.006277 0.013645 -0.068215 -0.003569 0.042748 -0.028306 -0.010622 -0.013778 -0.030365 0.071590 0.077788 0.027005 -0.057962 0.232301 0.052935 0.032308 0.076678 0.035164 -0.035309 0.094203 0.005174 0.011654 -0.147863 -0.043030 0.071501 0.269122 -0.075760 0.062615 -0.008133 -0.037736 0.042292 0.013881 0.018631 -0.117453 0.124579 -0.022560 -0.056328 0.068793 -0.010040 0.064417 -0.050454 0.061498 -0.063972 0.075142 0.002773 0.016779 0.027940 -0.011691 0.006774 0.054103 0.045844 0.058034 -0.146317 -0.056896 
-0.237356 0.086484 0.070991 0.164206 -0.048509 -0.013231 -0.078312 0.185221 -0.026983 0.194520 0.029416 0.035925 -0.075181 -0.264643 0.004744 0.038483 0.061766 -0.025617 -0.077543 -0.012171 0.073772 0.071967 -0.122763 0.425309 0.027852 -0.092950 -0.083879 0.017816 -0.059763 0.037318 -0.136545 -0.040205 -0.257696 0.171104 0.074472 0.391609 -0.014631 -0.100962 -0.041897 -0.048985 0.037300 -0.084364 0.036390 -0.016447 0.076495 -0.039317 0.011157 -0.081606 0.047445 -0.010866 0.061817 -0.034570 -0.035727 0.048845 0.086448 0.060645 0.064364 -0.068629 -0.002263 0.032789 -0.107940 -0.030590 -0.118600 -0.057913 
-0.102623 0.013568 0.010428 0.130747 0.032238 -0.018695 -0.137037 0.237855 -0.022675 0.073702 0.110496 -0.052745 -0.046364 -0.063918 0.001141 -0.040599 0.074327 -0.052695 -0.034822 -0.025776 0.087796 0.056480 -0.060132 0.000863 0.114538 -0.046125 0.026515 0.006391 0.052129 0.033004 -0.130317 -0.075438 -0.026363 0.127465 -0.082328 0.110257 0.063745 -0.081851 -0.015908 -0.082723 -0.041706 -0.073809 -0.070450 -0.072895 0.048737 -0.119806 -0.034425 -0.039989 -0.037570 -0.107580 0.129483 -0.049148 0.056919 0.008918 0.004839 0.100736 -0.024369 -0.035951 0.036434 -0.050319 -0.038385 -0.082807 0.014191 0.011074 
-0.012895 0.068066 0.082467 0.003584 0.054994 -0.068758 0.016020 0.030276 0.033418 -0.030190 0.011221 0.051480 -0.067720 -0.071021 0.072212 -0.010338 -0.002680 0.066117 0.005093 0.043547 0.011530 0.056931 0.070232 -0.082821 -0.036969 0.073282 -0.016085 0.051922 0.040661 -0.047482 -0.002501 0.072332 -0.001014 -0.079109 0.040023 0.077373 0.074020 0.005772 0.006681 -0.001361 0.071206 -0.120614 -0.047979 0.043102 0.064072 0.065837 0.035554 -0.010296 0.018378 -0.071094 -0.015322 0.027300 -0.089445 -0.046848 0.058034 0.028463 -0.012086 0.029631 0.082528 0.083323 0.072406 0.052356 0.081656 0.040349 
-0.011107 -0.003515 -0.078640 0.096448 -0.008141 -0.041487 0.062963 0.135749 0.068409 0.008058 0.061935 0.069484 0.024602 -0.227859 -0.018429 -0.060109 0.035101 -0.037055 0.022774 0.028442 0.087770 0.054648 -0.010548 -0.024421 -0.001113 -0.064011 -0.039061 -0.068300 -0.082527 0.078519 0.054102 -0.064683 -0.127231 -0.055209 -0.054170 0.110248 -0.054995 -0.099921 -0.014147 -0.091855 -0.027473 0.005223 -0.034945 -0.013575 0.067885 0.040415 -0.071277 0.085782 -0.097493 -0.084456 0.052483 0.052847 -0.022735 0.010437 0.083732 0.150025 -0.039241 -0.101654 0.008084 0.035680 0.042156 -0.046104 -0.044373 0.015701 
-0.000717 0.066177 -0.082334 0.118110 0.187412 -0.009268 0.078459 0.047334 0.055067 0.025195 -0.010567 -0.024024 -0.032243 -0.229159 0.066927 -0.095325 0.087457 0.031382 -0.069445 0.039818 -0.016075 0.043444 -0.181798 0.007523 0.061675 0.001666 0.037657 0.016952 -0.046723 -0.012171 0.025580 0.061860 -0.052733 -0.040662 0.068007 0.000482 0.079243 0.030832 -0.020252 0.012310 0.021780 -0.016476 0.073466 -0.024720 0.017323 -0.005918 -0.092017 0.095323 -0.047097 -0.004974 0.106421 -0.255719 0.008420 0.032448 -0.010519 0.033008 -0.173309 0.040568 -0.060455 0.097915 0.009909 0.043237 0.082127 -0.015250 
0.054089 0.026363 0.042539 0.022772 -0.031497 0.066069 0.002004 0.003548 0.069692 -0.002266 0.070134 -0.001519 -0.072237 -0.094733 -0.049726 -0.043340 -0.007987 0.021937 0.056740 -0.063225 -0.022829 -0.076633 -0.049778 -0.001461 -0.067470 0.069205 0.065053 0.092977 -0.004760 0.031008 0.014841 0.051612 -0.052879 0.063190 0.082261 0.055924 0.044349 0.024628 -0.037085 0.035331 -0.012323 0.042728 -0.029039 0.008068 -0.079836 -0.018966 0.056594 0.042709 0.023689 0.073650 -0.069309 0.012489 -0.071403 -0.031082 -0.056086 0.083503 0.032595 0.000083 -0.053624 0.051775 0.018342 -0.002738 0.069107 -0.067416 
-0.004875 0.082103 0.012607 0.039017 -0.081903 0.066757 0.018835 -0.046575 -0.074921 -0.040424 0.077626 -0.057321 -0.017418 -0.004510 0.006035 0.083500 0.014953 0.022049 -0.030274 -0.003073 0.047884 0.015128 -0.033770 -0.000973 -0.026233 0.046939 -0.058019 0.013644 -0.025494 -0.036152 -0.061320 0.079742 0.029899 -0.042996 -0.083412 -0.022834 0.051960 -0.071984 -0.003838 -0.047150 0.082668 0.010266 -0.075475 0.071208 0.076717 -0.020036 0.022223 0.002559 0.052597 -0.082581 0.061531 -0.030207 -0.034622 0.020940 0.014111 -0.043489 -0.083726 0.083233 -0.039613 0.083910 0.052366 0.065648 0.070300 -0.067373 
-0.069591 -0.075146 -0.033416 0.053275 0.062747 -0.040968 0.062563 0.077051 0.035798 -0.003561 -0.020236 0.035074 -0.043273 0.039325 0.002020 -0.029334 -0.044742 0.013043 -0.001527 0.078997 -0.046061 0.055729 -0.078520 -0.008530 -0.014517 0.007878 0.013079 -0.056145 0.074094 0.041759 -0.052885 -0.078011 -0.040609 0.080655 -0.080347 0.028821 0.035120 -0.052089 0.054610 0.017197 0.080085 0.082760 -0.040357 0.054476 0.013511 0.052376 0.014630 -0.009511 -0.074787 0.080589 0.002878 0.036075 0.079808 -0.037195 0.032261 -0.044567 -0.004059 0.082801 0.029288 0.016093 -0.008407 0.078530 0.061567 -0.041512 
-0.077791 0.040989 -0.041307 0.070125 0.016925 -0.038606 -0.017638 -0.046606 0.053737 -0.044531 0.006323 0.081477 -0.071778 0.008305 -0.033714 0.048931 0.043838 -0.081975 0.049984 -0.042606 0.035967 0.032353 0.022660 0.020616 -0.022234 -0.076733 0.027624 -0.049614 0.056437 -0.031999 0.070141 -0.062984 0.007996 -0.046575 0.019502 0.075352 0.019210 0.008402 0.029380 0.049984 0.010517 0.000039 0.014856 -0.031747 0.018142 0.006718 -0.063286 -0.051124 -0.064899 0.022536 0.036157 0.027650 -0.016694 -0.007986 0.078869 0.007000 0.008376 0.012011 -0.052166 -0.030438 -0.021309 -0.050893 -0.028913 0.073175 
-0.051488 -0.008161 -0.040978 0.011036 0.016221 0.040008 0.048007 -0.049188 0.051509 -0.044716 -0.030320 -0.028194 0.059061 -0.078848 0.010887 -0.017849 -0.056766 0.076430 -0.052849 -0.004803 0.045902 0.016309 0.055852 0.055257 0.044275 0.016868 -0.012730 0.028307 -0.063677 0.034694 -0.063877 0.062070 0.027527 0.019898 0.060047 0.080281 -0.054594 -0.050533 0.064072 -0.043089 -0.011365 -0.077226 -0.055395 0.080999 -0.041810 0.072015 -0.057428 -0.079896 -0.044911 -0.043484 0.026320 0.013192 -0.025442 0.053691 -0.017921 -0.046185 -0.078956 -0.031557 -0.072040 -0.018557 0.070505 0.011554 -0.026002 -0.080486 

Weights for layer 2:
2.327936 -1.697227 0.650433 1.632763 2.098500 0.194561 -3.998998 -1.598053 0.767665 0.288913 
-1.792493 3.750518 -3.043384 1.050986 -1.000323 0.179620 1.931351 1.574045 -1.011695 -1.689949 
-2.397434 1.410335 3.899779 3.895325 -4.172835 1.426368 -4.070266 4.716282 -0.895336 -4.501565 
-0.907529 -0.923103 1.417428 1.875025 -1.003911 -4.318320 -1.317629 0.351042 2.815901 1.603010 
-1.359530 0.000503 3.485509 0.667096 -2.055485 0.920492 -0.958320 3.551464 -3.319996 -0.940216 
-3.374171 -0.924688 -2.989659 2.998978 2.730260 3.031586 -3.067044 -0.919767 -2.461809 4.107186 
1.838411 5.518725 -2.803974 0.927099 -1.263723 1.411297 -0.105131 -0.483886 -3.036648 -1.723653 
-0.992269 -0.422814 -0.004646 -2.760883 1.268114 -3.629096 -0.102938 4.565067 1.963325 0.273813 
-4.528742 3.094069 -0.193005 1.944136 -0.272623 0.353396 -1.608704 -2.231925 2.667381 0.873504 
-0.312071 -0.333230 -1.490397 2.030126 0.899020 -1.645492 0.896388 2.462522 -3.741519 1.313699 
-1.260285 -0.361194 -0.722815 -1.127711 0.809575 1.663905 -4.478589 2.285957 0.823106 1.744206 
2.247025 -0.294577 1.956567 1.453213 -3.648538 1.971538 -2.794545 -1.563878 -1.151737 1.329859 
1.413036 0.486792 0.279821 2.384475 -0.469474 -0.925188 1.778347 1.713264 -2.497056 -4.338408 
1.265529 1.448297 4.585262 -1.407708 1.177910 2.938093 -0.554004 -4.058231 -1.941197 -2.797851 
3.009387 -2.400492 -2.204657 0.364546 -2.991453 1.655343 1.274651 0.403183 1.142339 -0.394548 
1.388468 -0.230552 2.345200 -2.398188 0.310265 -0.191461 2.343841 -0.781597 2.737452 -4.639422 
1.099610 -1.338645 1.385766 3.398336 -4.684378 0.629741 -3.900743 2.782152 -0.300244 2.187473 
3.204646 -1.632109 2.589760 -1.907264 2.068537 -0.300436 0.347553 0.956704 -1.970786 -2.583205 
-1.517653 -1.303613 -1.454544 -0.997101 -2.999920 4.525348 4.096719 -0.916315 0.750660 -0.088913 
-0.719494 4.603414 -1.975412 -0.475796 1.369546 2.332471 -0.534234 -2.243504 -0.441972 -0.608642 
0.734846 -2.419298 0.377044 0.115810 -5.038345 0.044801 -0.701162 1.919374 3.655590 1.721527 
-2.093993 -0.042113 -3.338266 1.076875 2.846992 1.663294 -2.780086 -0.710944 1.579902 2.244140 
-3.537574 1.915756 3.021664 0.175084 -2.107359 1.047239 -2.179399 3.869644 0.373427 -2.730383 
0.311831 3.137145 0.534138 -0.717782 0.104271 -0.642199 1.082633 2.256929 -1.641726 -3.790274 
1.452476 -0.979476 -4.598631 -0.517410 1.283474 0.638778 1.300507 0.337548 -2.348645 3.408228 
2.551015 -1.199435 -0.255828 0.191364 -4.942981 3.073308 -1.991247 2.982624 0.417982 -0.273504 
1.726820 1.981056 3.824957 -0.170084 -2.961750 0.865713 -1.612700 0.673203 -3.640602 -0.541195 
-2.525604 0.921013 -2.450603 3.811681 1.446942 2.410782 -4.806659 -0.158721 -0.810385 1.872348 
-2.457955 0.104230 -3.438391 -1.405926 -0.637594 4.514716 4.245030 -1.416603 0.822946 0.553900 
-0.772496 2.457942 1.729069 -3.370442 1.926898 -0.802761 -2.587221 0.260533 -1.779290 3.548818 
-4.435330 1.984807 4.494881 2.559102 -0.778841 0.941593 0.150563 1.186332 -2.843101 -3.670977 
1.384776 -1.471198 0.985275 1.651268 -0.990658 1.445705 2.983939 -4.075529 -1.269966 -0.597538 
-3.238386 -2.094196 0.587765 3.413338 2.216136 3.498402 -3.527227 -0.848729 -3.255853 3.198191 
2.416594 -1.861185 0.227737 -1.744149 1.660349 -0.494111 0.595529 -0.075111 -3.692045 2.212546 
0.598376 2.450076 -2.731290 -2.207444 0.214738 0.928662 0.725528 0.443963 0.213781 0.140728 
-2.386414 0.737322 -1.430883 -0.218546 3.663214 -2.519012 0.722719 4.009142 -0.317694 -1.732638 
2.730900 -0.010901 0.346381 -3.448343 1.317185 -0.443037 -2.069420 -1.340029 1.260823 2.157198 
2.233039 -1.891042 -0.070486 -0.320215 -1.003603 3.677648 3.368819 1.282391 -4.067546 -2.413448 
1.912112 3.627398 -3.888817 -1.678695 -1.973229 2.332502 1.827974 -1.768766 0.085633 -0.410049 
-0.158568 -1.571612 0.379571 -2.902315 2.009903 2.556552 1.706489 -1.470473 1.628471 -1.937982 
2.030110 -1.985848 -0.887037 1.463980 -3.600572 0.606849 -1.330972 -0.476618 2.726770 2.099582 
-1.928380 0.146124 1.151347 2.368831 -0.695446 -3.092362 0.861747 0.012137 2.582411 -1.854974 
1.410899 2.739597 1.605506 -3.536988 0.319945 -0.763367 0.085993 2.583182 -1.801664 -1.533678 
-3.466842 -1.028003 -2.943488 1.294619 0.502214 1.024367 0.415261 -1.422069 2.711256 2.926711 
-3.389970 0.194317 -0.858812 -2.756576 -1.995361 3.350518 -1.083058 4.331842 -0.123285 2.522001 
0.321075 0.207897 -1.093118 -0.962545 -2.779281 3.874829 -0.288423 1.034093 -0.039023 -0.533113 
0.303836 -0.068699 0.071909 1.368049 -1.958488 0.375877 1.056883 -2.354839 3.213271 -1.658894 
-2.103562 2.753876 -2.018871 1.467505 4.212440 -1.883042 -1.827058 0.057794 0.936818 -1.759011 
-1.884709 2.845094 3.562175 -2.009008 -3.279080 2.428621 2.156997 -2.513783 -0.396679 -0.896611 
1.076532 -1.989783 -2.053398 -1.712359 0.904468 1.531914 1.902988 -0.156468 1.027461 -1.036822 
-0.496513 -1.140135 1.187591 0.264079 -2.584229 1.741130 -2.430712 1.008319 -0.380179 3.099379 
-0.321038 1.093435 1.865447 3.529663 -0.832032 -2.041129 1.619143 3.173496 -3.082539 -4.890571 
-1.941916 1.739784 2.030420 -1.532184 1.862420 -1.156759 1.364515 -1.319159 0.450194 -0.779413 
-0.206893 -0.205965 1.794476 -3.397023 -0.507932 -1.153488 2.038073 0.896929 0.863072 -0.983633 
-0.976328 2.160119 0.885710 2.329369 1.373935 -4.241987 -3.016585 1.552298 -0.258583 0.489009 
-0.722461 2.061622 0.701713 0.977158 0.917549 -4.399127 -3.503849 1.539479 0.356095 2.008888 
0.670424 1.419989 -0.796435 1.718085 2.669875 -0.669926 1.377112 -1.599365 0.057974 -4.823538 
-0.189124 -1.777281 -0.016215 1.576552 -0.609347 0.864535 4.674097 -0.764804 0.772687 -4.842883 
3.214619 0.169520 3.460888 -2.020063 0.622804 -4.540396 -2.283521 0.842907 -1.069558 1.696080 
0.656943 1.121668 3.519303 -0.975089 -2.199859 -2.428952 2.744475 0.593220 -1.428276 -1.265772 
1.787916 0.366038 0.379858 -2.081207 1.208451 -1.526419 1.041498 0.866465 -3.990244 2.196406 
-2.865005 -2.943056 -1.111874 4.948762 0.142327 4.280573 -3.491604 -0.373347 1.276619 0.187686 
-2.665811 -0.770764 1.759564 -0.463690 3.847316 -0.307949 1.828653 -1.929370 -3.133784 2.252803 
-2.861927 1.034799 -2.690870 -3.410047 4.673910 0.013170 -2.091422 3.685744 -1.651222 3.290410 

